sample_id,audio_path,resolved_audio_path,stress_label,stress_level,speaker_id,split,language,assignment_id,recording_device,environment,transcript,notes,duration_sec,rms_mean,rms_std,rms_p90,zcr_mean,zcr_std,centroid_mean,centroid_std,bandwidth_mean,bandwidth_std,rolloff_mean,rolloff_std,flatness_mean,flatness_std,mfcc_01_mean,mfcc_02_mean,mfcc_03_mean,mfcc_04_mean,mfcc_05_mean,mfcc_06_mean,mfcc_07_mean,mfcc_08_mean,mfcc_09_mean,mfcc_10_mean,mfcc_11_mean,mfcc_12_mean,mfcc_13_mean,mfcc_01_std,mfcc_02_std,mfcc_03_std,mfcc_04_std,mfcc_05_std,mfcc_06_std,mfcc_07_std,mfcc_08_std,mfcc_09_std,mfcc_10_std,mfcc_11_std,mfcc_12_std,mfcc_13_std,mfcc_delta_01_mean,mfcc_delta_02_mean,mfcc_delta_03_mean,mfcc_delta_04_mean,mfcc_delta_05_mean,mfcc_delta_06_mean,mfcc_delta_07_mean,mfcc_delta_08_mean,mfcc_delta_09_mean,mfcc_delta_10_mean,mfcc_delta_11_mean,mfcc_delta_12_mean,mfcc_delta_13_mean,mfcc_delta_01_std,mfcc_delta_02_std,mfcc_delta_03_std,mfcc_delta_04_std,mfcc_delta_05_std,mfcc_delta_06_std,mfcc_delta_07_std,mfcc_delta_08_std,mfcc_delta_09_std,mfcc_delta_10_std,mfcc_delta_11_std,mfcc_delta_12_std,mfcc_delta_13_std,pitch_mean,pitch_std,pitch_range,pitched_frame_ratio,jitter_local,shimmer_local,pause_ratio,voiced_ratio,voiced_rms_mean,voiced_rms_std,speech_turns_per_sec,energy_drift
03a01Fa,C:/Project/AI-STRESS-DETECTOR/data/public/emodb/wav/03a01Fa.wav,C:\Project\AI-STRESS-DETECTOR\data\public\emodb\wav\03a01Fa.wav,moderate,1,speaker_03,train,de,emodb_a01,studio,controlled,Der Lappen liegt auf dem Eisschrank.,emodb_emotion=happiness; variation=a,1.89825,0.05641929805278778,0.060456160455942154,0.11789896339178085,0.12724630725750546,0.1447787819748017,1726.7730414938114,1010.0653636361501,1646.4747868401173,423.3246661891654,3304.68085106383,1711.116160628855,0.32038038969039917,0.16691987216472626,-24.823823928833008,9.248406410217285,1.4221510887145996,2.701625347137451,0.06008507311344147,0.31540974974632263,-1.4603124856948853,0.0014008765574544668,-0.4349978566169739,0.5780702233314514,-0.430174857378006,0.16532495617866516,-0.2443515658378601,16.389976501464844,6.960063457489014,4.143161296844482,2.9012765884399414,1.883277416229248,2.229663133621216,2.0063893795013428,1.340697169303894,1.9462538957595825,1.97523033618927,1.1460013389587402,1.1691924333572388,1.3304495811462402,0.021127214655280113,0.0096488231793046,-0.012594740837812424,-0.012974865734577179,-0.011657004244625568,-0.004028231371194124,0.004184814170002937,0.006780284456908703,0.014771834015846252,0.00597514258697629,-0.009306524880230427,-0.010073879733681679,-0.008195166476070881,5.754764556884766,1.883558988571167,1.497002124786377,1.0564560890197754,0.8661022186279297,0.8722872734069824,0.8019238114356995,0.6848776936531067,0.7956241965293884,0.8009422421455383,0.5728297829627991,0.5409497022628784,0.5611330270767212,191.8752076727043,61.753697332977424,255.55555555555554,0.5478723404255319,0.09897339702386575,0.26107585430145264,0.3351063829787234,0.6648936170212766,0.08166555315256119,0.05984778329730034,3.6876070064533124,-0.023364674299955368
03a01Nc,C:/Project/AI-STRESS-DETECTOR/data/public/emodb/wav/03a01Nc.wav,C:\Project\AI-STRESS-DETECTOR\data\public\emodb\wav\03a01Nc.wav,low,0,speaker_03,train,de,emodb_a01,studio,controlled,Der Lappen liegt auf dem Eisschrank.,emodb_emotion=neutral; variation=c,1.61125,0.08747246861457825,0.088950514793396,0.2142125368118286,0.08858624548793369,0.11755326727905872,1318.9963489873837,946.6832972564625,1358.7773214251315,422.49391674569097,2463.14465408805,1543.0192319424852,0.22997641563415527,0.15609586238861084,-24.82765769958496,12.892777442932129,0.46961259841918945,3.1774699687957764,0.13407382369041443,0.45627057552337646,-0.491543173789978,-0.32495227456092834,0.15060760080814362,1.3667747974395752,0.23955406248569489,0.663399875164032,-0.7050321698188782,18.79303741455078,7.818543910980225,3.594928026199341,2.7586212158203125,1.7153000831604004,1.576207160949707,2.096052408218384,1.7659046649932861,1.6983975172042847,1.6561251878738403,1.264610767364502,1.043994426727295,1.3517868518829346,0.005027602892369032,-0.004463708493858576,0.00642027473077178,0.0002416019851807505,-0.00860060565173626,-0.012085963040590286,-0.0013821454485878348,-0.007220547180622816,0.004204472526907921,0.01270019356161356,-0.00564315402880311,-0.007721920497715473,-0.004005744121968746,6.581506252288818,2.6456329822540283,1.5022341012954712,1.0983198881149292,0.9471617341041565,0.7931262254714966,0.837248682975769,0.7686936259269714,0.7603505253791809,0.6780707836151123,0.6364521980285645,0.5339629054069519,0.5514567494392395,166.2409170797903,79.39198010464625,269.99405822935233,0.39622641509433965,0.310549394747999,0.2721247673034668,0.3584905660377359,0.6415094339622641,0.13272495567798615,0.0812830701470375,3.7238169123351432,-0.044009290635585785
03a01Wa,C:/Project/AI-STRESS-DETECTOR/data/public/emodb/wav/03a01Wa.wav,C:\Project\AI-STRESS-DETECTOR\data\public\emodb\wav\03a01Wa.wav,severe,3,speaker_03,train,de,emodb_a01,studio,controlled,Der Lappen liegt auf dem Eisschrank.,emodb_emotion=anger; variation=a,1.8778125,0.08799545466899872,0.09272263944149017,0.23850151896476746,0.16681488667906327,0.13380047807552523,2085.5916325326657,944.6310073567032,1661.0224431633683,419.4302008868945,3914.1935483870966,1423.1846180881373,0.36212465167045593,0.18797360360622406,-21.111452102661133,7.3745574951171875,-2.0326836109161377,1.8260852098464966,-0.9033936262130737,0.02111612819135189,-1.3541691303253174,-0.9446598887443542,-0.8493323922157288,0.12174364179372787,-0.4348883628845215,-0.14496712386608124,-0.6841815114021301,20.617826461791992,6.602822780609131,5.186223030090332,2.953064203262329,2.252366304397583,2.5126912593841553,2.0746569633483887,1.6938252449035645,2.049429178237915,1.9795324802398682,1.259801983833313,1.2978001832962036,1.38724946975708,0.05781745910644531,0.010248158127069473,-0.033211465924978256,-0.03138994053006172,-0.008065946400165558,0.010711741633713245,-0.009496786631643772,0.010824394412338734,0.010922347195446491,0.0063317809253931046,-0.0032681208103895187,-0.0005834551411680877,0.001610508537851274,6.675578594207764,1.778292179107666,1.8267031908035278,0.9726178646087646,0.9236695766448975,1.0537422895431519,0.8490727543830872,0.746266782283783,0.7739247679710388,0.7698410749435425,0.6355069875717163,0.6568694114685059,0.5792973637580872,219.72391115449722,48.641906386702296,219.82608695652175,0.5376344086021505,0.12627612921117368,0.26778852939605713,0.33870967741935487,0.6612903225806451,0.1298273354768753,0.08838262408971786,3.727741720752205,0.014122888445854187
03a02Fc,C:/Project/AI-STRESS-DETECTOR/data/public/emodb/wav/03a02Fc.wav,C:\Project\AI-STRESS-DETECTOR\data\public\emodb\wav\03a02Fc.wav,moderate,1,speaker_03,train,de,emodb_a02,studio,controlled,Das will sie am Mittwoch abgeben.,emodb_emotion=happiness; variation=c,2.00625,0.08748025447130203,0.08945079892873764,0.21477417647838593,0.13507386556844372,0.14151984103520812,1980.0051683503411,1069.9309775820693,1824.8618205271994,409.37065258504697,3871.356783919598,1769.6848847459255,0.3636907935142517,0.18464185297489166,-21.996841430664062,7.455010414123535,0.6799653768539429,1.2441411018371582,-0.530716061592102,-0.5136122107505798,-1.644416093826294,-1.2260875701904297,-1.4772945642471313,-0.7739402055740356,-0.6077990531921387,-0.14535441994667053,-0.8264135122299194,16.75387954711914,5.271633625030518,3.4240236282348633,3.4905500411987305,2.702517509460449,2.889181613922119,2.661912679672241,1.7380434274673462,1.9236524105072021,1.9478191137313843,1.4072133302688599,1.6601897478103638,1.5091009140014648,-0.09929350018501282,0.0075778840109705925,0.009140858426690102,-0.009837613441050053,-0.0030422292184084654,0.007803740911185741,0.01559265423566103,0.00863407738506794,-0.023910321295261383,-0.0007965900003910065,0.01455155573785305,0.002288667019456625,0.003239104524254799,5.640766620635986,1.7903435230255127,1.384505033493042,1.1594932079315186,0.9527008533477783,1.0256866216659546,0.8656181693077087,0.7630261778831482,0.705111563205719,0.6738973259925842,0.5491454005241394,0.5598844289779663,0.5870835781097412,246.4537180355359,55.527297091913724,210.10101010101008,0.6331658291457286,0.05556156919138594,0.25162816047668457,0.3015075376884422,0.6984924623115578,0.12311677634716034,0.08504828065633774,2.4922118380062304,-0.03872239589691162
03a02Nc,C:/Project/AI-STRESS-DETECTOR/data/public/emodb/wav/03a02Nc.wav,C:\Project\AI-STRESS-DETECTOR\data\public\emodb\wav\03a02Nc.wav,low,0,speaker_03,train,de,emodb_a02,studio,controlled,Das will sie am Mittwoch abgeben.,emodb_emotion=neutral; variation=c,1.4398125,0.11315019428730011,0.1086052879691124,0.2854228615760803,0.08729570404885452,0.1135589941320922,1377.0386772168465,1006.3374389293466,1454.4314269780723,540.34545820512,2724.225352112676,1815.8842660054866,0.2504672706127167,0.18846313655376434,-21.95193099975586,12.595646858215332,1.8295438289642334,4.304983139038086,0.5355064272880554,0.5047412514686584,-0.5475314259529114,-0.516995906829834,-0.22398260235786438,0.9579827785491943,0.1917695552110672,0.6422485709190369,-0.28401169180870056,17.397220611572266,7.407154560089111,3.731609344482422,3.606898546218872,2.1172749996185303,2.0852978229522705,2.119316577911377,1.5457239151000977,1.514041781425476,1.3840348720550537,1.1337032318115234,1.0637538433074951,1.0668625831604004,-0.008188274689018726,0.0051056500524282455,0.013892834074795246,-0.00031610860605724156,-0.015658022835850716,-0.022741300985217094,-0.0020531995687633753,-0.0017129145562648773,-0.005381925962865353,-0.0031889525707811117,-0.0046700299717485905,0.003585004946216941,-0.0033072615042328835,5.896401405334473,2.740375280380249,1.931167483329773,1.141239881515503,0.9936701059341431,0.8480855226516724,0.7217387557029724,0.6994277238845825,0.6493785977363586,0.5625203847885132,0.45048534870147705,0.5850067138671875,0.4832577705383301,134.57919028233343,35.88519125976214,236.64297179545974,0.43661971830985913,0.06887310290211683,0.29341086745262146,0.3098591549295775,0.6901408450704225,0.15953566133975983,0.1006198450922966,4.167209272040631,-0.04919353872537613
03a02Ta,C:/Project/AI-STRESS-DETECTOR/data/public/emodb/wav/03a02Ta.wav,C:\Project\AI-STRESS-DETECTOR\data\public\emodb\wav\03a02Ta.wav,moderate,1,speaker_03,train,de,emodb_a02,studio,controlled,Das will sie am Mittwoch abgeben.,emodb_emotion=sadness; variation=a,1.7356875,0.08998089283704758,0.08671495318412781,0.21822097897529602,0.13918517223290786,0.18177919105667414,1720.17497880534,1304.6678647038993,1594.9988735263107,476.27408101097086,3283.2558139534885,1926.1839861531166,0.32434993982315063,0.20534710586071014,-21.41228485107422,9.94931697845459,2.6832964420318604,3.7347984313964844,0.22508198022842407,1.093986988067627,-0.4030304253101349,0.018913866952061653,-0.11675435304641724,0.3952889144420624,0.8748762607574463,0.2797025740146637,0.21164800226688385,14.867669105529785,8.104068756103516,2.5632739067077637,3.763216972351074,1.9857515096664429,1.3584809303283691,1.9706308841705322,1.1122139692306519,1.3460549116134644,1.2582694292068481,0.9228397011756897,0.8989796042442322,0.8388216495513916,0.00519424257799983,0.0042761703953146935,0.005375897977501154,-0.00689997524023056,-0.008823459036648273,0.003970365971326828,-0.00939607247710228,-0.0025686360895633698,0.0021989219821989536,0.0006776368827559054,0.008419926278293133,0.010417302139103413,0.003923587966710329,5.28495454788208,2.213226079940796,1.318642497062683,1.1353645324707031,0.8859071135520935,0.7187111973762512,0.6803501844406128,0.5853715538978577,0.5547021627426147,0.5813175439834595,0.46833381056785583,0.4844476580619812,0.45454367995262146,131.45948462021389,65.94244278667563,260.3174603174603,0.3081395348837209,0.2068834106785425,0.2542094588279724,0.2965116279069767,0.7034883720930233,0.12464768439531326,0.08137263357639313,4.032984048107738,-0.06579926609992981
03a02Wb,C:/Project/AI-STRESS-DETECTOR/data/public/emodb/wav/03a02Wb.wav,C:\Project\AI-STRESS-DETECTOR\data\public\emodb\wav\03a02Wb.wav,severe,3,speaker_03,train,de,emodb_a02,studio,controlled,Das will sie am Mittwoch abgeben.,emodb_emotion=anger; variation=b,2.123625,0.07554446160793304,0.0723515972495079,0.1868438720703125,0.17664399092970517,0.16744695328563233,2239.8572236034825,1157.397350487369,1796.5728806249924,360.8522743687645,4136.761904761905,1618.6275757644016,0.37674814462661743,0.16057975590229034,-19.960756301879883,6.065415859222412,0.5349210500717163,2.56406307220459,-0.17267261445522308,-0.0942143127322197,-1.034280776977539,-1.0049234628677368,-2.0452990531921387,-0.3530080020427704,0.026627976447343826,-0.08754127472639084,-0.6104382276535034,18.457578659057617,6.453888893127441,4.184215545654297,3.6891863346099854,3.0018506050109863,2.828479051589966,1.8830219507217407,1.525368094444275,1.983627200126648,1.5498243570327759,1.3198155164718628,0.9797825813293457,1.138420820236206,-0.13624857366085052,0.022462148219347,0.045278146862983704,0.010088642127811909,0.012109540402889252,0.009369739331305027,0.008212387561798096,0.003960944712162018,-0.004285643808543682,-0.005734751466661692,0.006717321928590536,-0.0020469289738684893,-0.007536682765930891,5.904886722564697,1.926241159439087,1.388200283050537,1.0808371305465698,0.9474113583564758,0.9805078506469727,0.7894194722175598,0.7261884212493896,0.7347660660743713,0.6082044839859009,0.5665187239646912,0.49820786714553833,0.4971311390399933,214.80116639678965,54.47468941099964,219.96233521657248,0.6333333333333333,0.0639887308277915,0.2318519651889801,0.2523809523809524,0.7476190476190476,0.0988224446773529,0.06958367675542831,3.296250515039143,-0.008860275149345398
03a02Wc,C:/Project/AI-STRESS-DETECTOR/data/public/emodb/wav/03a02Wc.wav,C:\Project\AI-STRESS-DETECTOR\data\public\emodb\wav\03a02Wc.wav,severe,3,speaker_03,train,de,emodb_a02,studio,controlled,Das will sie am Mittwoch abgeben.,emodb_emotion=anger; variation=c,1.4980625,0.06525147706270218,0.07715814560651779,0.1605316400527954,0.16626024520761362,0.13561795911928268,2053.1885417560366,980.655212353222,1659.8219942373091,390.32536773327297,3812.7027027027025,1441.7709617719838,0.33586862683296204,0.16993404924869537,-23.725421905517578,7.246356010437012,-2.4530818462371826,1.6783597469329834,-1.0828791856765747,-0.5152578353881836,-1.9916393756866455,-1.5289424657821655,-1.9687862396240234,-0.7685927152633667,-0.13416700065135956,-0.031163781881332397,-1.4467543363571167,20.226049423217773,5.693256378173828,4.857429027557373,2.8577890396118164,3.34165096282959,3.1181957721710205,2.3141777515411377,1.5115995407104492,1.6119487285614014,1.6824250221252441,1.1666979789733887,1.3395150899887085,1.1914074420928955,-0.005184869281947613,-0.017521539703011513,-0.011785642243921757,0.0008899166714400053,-0.007858279161155224,-0.0023203182499855757,-0.011570579372346401,-0.003308089915663004,-0.005173206329345703,-6.301661051111296e-05,0.007864129729568958,-0.004889665637165308,0.006201700773090124,6.157210826873779,2.386023998260498,1.8884556293487549,0.9472285509109497,1.1197606325149536,0.9480035901069641,0.8786858320236206,0.7336783409118652,0.7280465960502625,0.6628624796867371,0.5870988368988037,0.6172686219215393,0.5646272897720337,257.18691280489725,48.73141434916997,180.95238095238093,0.5945945945945946,0.059194128525636616,0.29301944375038147,0.3445945945945946,0.6554054054054054,0.09580997377634048,0.07968482375144958,4.672702240393842,-0.027191799134016037
03a04Ad,C:/Project/AI-STRESS-DETECTOR/data/public/emodb/wav/03a04Ad.wav,C:\Project\AI-STRESS-DETECTOR\data\public\emodb\wav\03a04Ad.wav,high,2,speaker_03,train,de,emodb_a04,studio,controlled,Heute abend koennte ich es ihm sagen.,emodb_emotion=fear; variation=d,1.504875,0.08742966502904892,0.08067489415407181,0.20053648948669434,0.17916412653254757,0.17756056171227075,2205.1426229708586,1207.1566077380487,1769.6225923025872,320.919586179464,4059.4594594594596,1708.7975002922708,0.405121773481369,0.17269431054592133,-16.6684513092041,6.836973667144775,0.20518504083156586,0.8396018743515015,-0.7058824896812439,-0.11923851817846298,-1.7448368072509766,-0.8195527791976929,-1.7051012516021729,-0.7734746932983398,-0.8036513328552246,-0.9402251243591309,-1.1214351654052734,15.06594181060791,6.450523853302002,3.5695061683654785,3.2271270751953125,1.9154843091964722,2.035400152206421,1.9474464654922485,1.4968581199645996,1.9474292993545532,1.6622788906097412,1.3642139434814453,1.4004220962524414,1.3733302354812622,-0.14523963630199432,0.024448327720165253,0.06296969205141068,0.03661565110087395,0.002576009603217244,-0.004108201712369919,0.0013686015736311674,0.012765674851834774,0.007577615790069103,-0.01712116040289402,-0.007470591459423304,0.008349151350557804,0.0074754380621016026,5.275977611541748,2.348820924758911,1.453320026397705,1.2396281957626343,0.8209536075592041,0.8761089444160461,0.7835196852684021,0.7378875613212585,0.8491055965423584,0.6669395565986633,0.6143031120300293,0.5925441980361938,0.5760376453399658,236.1977804018365,31.66477868415908,183.51254480286738,0.6351351351351351,0.06018672088295922,0.27473676204681396,0.18918918918918914,0.8108108108108109,0.1062944084405899,0.07833892852067947,2.6580280754215466,-0.06184779107570648
03a04Fd,C:/Project/AI-STRESS-DETECTOR/data/public/emodb/wav/03a04Fd.wav,C:\Project\AI-STRESS-DETECTOR\data\public\emodb\wav\03a04Fd.wav,moderate,1,speaker_03,train,de,emodb_a04,studio,controlled,Heute abend koennte ich es ihm sagen.,emodb_emotion=happiness; variation=d,1.6968125,0.06990209966897964,0.09828745573759079,0.25612133741378784,0.1495106814655687,0.1763303568210408,1811.2163618592458,1183.2187654008321,1575.3326590766408,455.9911235558818,3323.5714285714284,1843.8150426668683,0.31950148940086365,0.18931187689304352,-26.797513961791992,9.350977897644043,-0.26114073395729065,1.6163218021392822,-0.608112633228302,0.18735535442829132,-1.2842432260513306,-0.1624259054660797,-0.4605672061443329,0.11092483252286911,-0.32809358835220337,-0.3811289072036743,-0.6195258498191833,19.30173110961914,6.849857807159424,4.492297649383545,3.8356449604034424,2.4516713619232178,2.7745611667633057,2.517076253890991,1.6365282535552979,1.5132180452346802,1.3812202215194702,1.161699891090393,1.2640455961227417,1.7295982837677002,0.004232360981404781,-0.0023696820717304945,0.006096839904785156,-0.0013286755420267582,0.005238185171037912,0.00993158109486103,0.017326440662145615,0.006881291046738625,0.0007484753732569516,-0.0013412563130259514,0.011507942341268063,0.003278074786067009,0.0015033483505249023,6.392268657684326,2.395883321762085,1.8177739381790161,1.2570713758468628,0.8579952120780945,0.9641268849372864,1.072920799255371,0.6929157376289368,0.7170820236206055,0.5837640166282654,0.5399686694145203,0.5816758871078491,0.6026316285133362,202.67292355919935,55.81509762550781,219.8581560283688,0.5119047619047619,0.07374080556585992,0.307427316904068,0.42261904761904767,0.5773809523809523,0.11576657742261887,0.10830499231815338,5.304062764742716,-0.07422910258173943
03a04Lc,C:/Project/AI-STRESS-DETECTOR/data/public/emodb/wav/03a04Lc.wav,C:\Project\AI-STRESS-DETECTOR\data\public\emodb\wav\03a04Lc.wav,low,0,speaker_03,train,de,emodb_a04,studio,controlled,Heute abend koennte ich es ihm sagen.,emodb_emotion=boredom; variation=c,1.931,0.08436515927314758,0.08775161951780319,0.21268218755722046,0.10494823446049678,0.1242084090547122,1367.6726605366798,1001.5797820166662,1341.2925833172962,460.79884492861805,2451.937172774869,1694.126569577691,0.2314511239528656,0.1783452332019806,-21.220746994018555,13.872856140136719,1.3936514854431152,3.0522620677948,-1.0572565793991089,0.6670154929161072,-0.8409040570259094,-0.6302217245101929,0.3702549636363983,0.9278064966201782,0.05246053636074066,0.2759639024734497,-0.4058052897453308,14.21340274810791,7.208194255828857,3.697629690170288,3.0901031494140625,2.18271541595459,1.9921824932098389,1.6657350063323975,1.3673360347747803,1.6337499618530273,1.28816556930542,1.0071824789047241,1.1253362894058228,1.5539807081222534,-0.00936514139175415,0.021037708967924118,-0.006940095219761133,-0.007060902193188667,0.005750599782913923,-0.00860542245209217,0.0018843880388885736,-0.014321362599730492,-0.009318253956735134,-0.008582121692597866,0.000356721633579582,0.009165425784885883,-0.0014747537206858397,4.227010726928711,2.3697350025177,1.2878340482711792,0.9964922666549683,0.7933850288391113,0.8105376958847046,0.6227129697799683,0.6368536949157715,0.6265019774436951,0.4723990559577942,0.4687349498271942,0.46333250403404236,0.4178924560546875,128.4841246121451,47.73977941893019,199.4805194805195,0.44502617801047123,0.05149480637459292,0.19738014042377472,0.26178010471204194,0.7382198952879581,0.11131873726844788,0.08741987496614456,3.625064733298809,-0.06609329953789711
03a04Nc,C:/Project/AI-STRESS-DETECTOR/data/public/emodb/wav/03a04Nc.wav,C:\Project\AI-STRESS-DETECTOR\data\public\emodb\wav\03a04Nc.wav,low,0,speaker_03,train,de,emodb_a04,studio,controlled,Heute abend koennte ich es ihm sagen.,emodb_emotion=neutral; variation=c,1.5613125,0.09751363843679428,0.09181831032037735,0.22906894981861115,0.10796471698727336,0.1333247836083547,1439.0228212242346,1017.8817865806916,1388.8925377069756,469.2127608932694,2650.3896103896104,1636.5551732883102,0.24680927395820618,0.16363759338855743,-20.142290115356445,13.036700248718262,0.8093315958976746,3.0520834922790527,-0.2101287841796875,0.3723796010017395,-0.06540291756391525,-0.06152914837002754,-0.5574488639831543,0.9364702105522156,0.2954070270061493,0.4740067422389984,-0.7648490071296692,15.940857887268066,7.779592990875244,3.8854873180389404,3.171273708343506,1.8830149173736572,1.642608642578125,1.9898139238357544,1.803884506225586,1.6786158084869385,1.8418610095977783,1.0042855739593506,1.0418661832809448,1.3048127889633179,0.01310189999639988,-0.0157365370541811,-0.0011315360898151994,0.01972087472677231,0.010692731477320194,-0.007709362078458071,-0.008508666418492794,0.0033051061909645796,0.00662746699526906,0.0072794086299836636,-0.012531097047030926,-0.01159442588686943,0.01751619577407837,5.305696964263916,2.5622260570526123,1.5433200597763062,1.217699408531189,0.8294837474822998,0.7285269498825073,0.8052726984024048,0.7976086735725403,0.7440310716629028,0.6822052001953125,0.512178361415863,0.49414804577827454,0.47559091448783875,153.73083435876268,66.60300324409212,257.43060673053304,0.474025974025974,0.13232545965896902,0.2579882740974426,0.24675324675324672,0.7532467532467533,0.12649568915367126,0.08814173191785812,3.2024338497257916,-0.0583902969956398
03a04Ta,C:/Project/AI-STRESS-DETECTOR/data/public/emodb/wav/03a04Ta.wav,C:\Project\AI-STRESS-DETECTOR\data\public\emodb\wav\03a04Ta.wav,moderate,1,speaker_03,train,de,emodb_a04,studio,controlled,Heute abend koennte ich es ihm sagen.,emodb_emotion=sadness; variation=a,2.0635625,0.0959288626909256,0.07870597392320633,0.19946935772895813,0.09423067472603076,0.11705569104662492,1322.5500264621962,922.874770375292,1474.8534711278762,436.2078053623453,2547.2549019607845,1658.0458358708058,0.26528114080429077,0.17074596881866455,-19.83749771118164,12.434757232666016,2.389434576034546,2.7715537548065186,0.15848484635353088,1.4788144826889038,-0.3324402868747711,-0.0967479795217514,0.4513695538043976,0.4973466098308563,0.9030473232269287,0.002918248064815998,0.11090564727783203,14.827093124389648,6.792201995849609,2.555346727371216,3.0788705348968506,1.895174503326416,1.5438278913497925,1.6224143505096436,1.512792944908142,1.4495569467544556,1.224058747291565,0.9225482940673828,1.0168969631195068,1.1494474411010742,0.016441691666841507,0.0008118292898871005,-0.007927918806672096,-0.015080530196428299,-0.0025749849155545235,0.004217895679175854,-0.00014296582958195359,0.001342916046269238,0.005850411951541901,0.009736115112900734,0.009608682245016098,0.007987591437995434,-0.005520162638276815,4.890138626098633,2.168710947036743,1.1621168851852417,1.025601863861084,0.8946837782859802,0.6857978105545044,0.6873799562454224,0.7287660241127014,0.5921523571014404,0.5187593102455139,0.4991867244243622,0.45385587215423584,0.43979954719543457,145.14290857482368,91.70557834007255,269.99405822935233,0.23039215686274508,0.40751267979620903,0.20244598388671875,0.24019607843137258,0.7598039215686274,0.12400443851947784,0.06972693651914597,2.422994215101311,-0.013252004981040955
03a04Wc,C:/Project/AI-STRESS-DETECTOR/data/public/emodb/wav/03a04Wc.wav,C:\Project\AI-STRESS-DETECTOR\data\public\emodb\wav\03a04Wc.wav,severe,3,speaker_03,train,de,emodb_a04,studio,controlled,Heute abend koennte ich es ihm sagen.,emodb_emotion=anger; variation=c,2.044125,0.08483880758285522,0.10084306448698044,0.23248352110385895,0.18151815181518155,0.16617346085148177,2113.4716326877365,1229.2766623747411,1597.1789283712237,387.6059289239182,3698.6138613861385,1735.363704682864,0.3200262486934662,0.18764257431030273,-22.114620208740234,7.414778232574463,-1.7356244325637817,0.30694061517715454,-1.8880001306533813,-0.12950803339481354,-2.126145124435425,-0.8137701153755188,-1.8935356140136719,-1.080838680267334,-0.1463301032781601,-0.9499683976173401,-0.9681894779205322,17.93890953063965,7.5970964431762695,5.0803422927856445,3.3490560054779053,3.0129902362823486,2.341325283050537,2.5421881675720215,1.7220585346221924,2.048238754272461,2.0356268882751465,1.535812258720398,1.384935975074768,1.2924683094024658,-0.05112030357122421,0.012740489095449448,0.030505875125527382,-0.004827616270631552,-0.02417680062353611,-0.01293814554810524,0.013751589693129063,-0.00046083552297204733,-0.0013190708123147488,-0.00955135002732277,-0.00901393499225378,-0.013650510460138321,-0.0021276851184666157,6.359141826629639,2.410811185836792,1.6920583248138428,1.0866725444793701,0.8846160769462585,0.8820602297782898,0.8866932988166809,0.6905536651611328,0.7473992109298706,0.8201913833618164,0.6437636613845825,0.6417481303215027,0.516090989112854,242.04488137279992,43.42051962191508,184.40677966101694,0.6089108910891089,0.047755617855326164,0.2704041600227356,0.306930693069307,0.693069306930693,0.1191292479634285,0.10403930395841599,2.935241240139424,-0.05571397393941879
03a05Aa,C:/Project/AI-STRESS-DETECTOR/data/public/emodb/wav/03a05Aa.wav,C:\Project\AI-STRESS-DETECTOR\data\public\emodb\wav\03a05Aa.wav,high,2,speaker_03,train,de,emodb_a05,studio,controlled,Das schwarze Blatt Papier befindet sich da oben neben dem Holzstueck.,emodb_emotion=fear; variation=a,3.087625,0.0857234075665474,0.07234864681959152,0.18318702280521393,0.1653482239801458,0.1760631643232092,2122.384161221487,1174.9739526405256,1764.941876784124,335.2362778026572,4016.6775244299674,1643.615038377552,0.38602015376091003,0.1898774802684784,-18.10236358642578,6.795055389404297,1.008960485458374,1.876435399055481,-1.2322922945022583,-0.6307116746902466,-1.9186135530471802,-0.7480994462966919,-1.8838576078414917,-0.4995808005332947,-0.8405966758728027,-0.6467600464820862,-0.8505163788795471,15.82070541381836,7.214036464691162,2.8191945552825928,3.2475836277008057,2.624906301498413,2.1965761184692383,2.393198251724243,1.4281418323516846,1.999794363975525,1.7322168350219727,1.2730226516723633,1.272721529006958,1.3463103771209717,0.004446445964276791,0.0003188347618561238,0.009267252869904041,0.009235607460141182,0.0075461529195308685,0.009837783873081207,-0.0038379954639822245,0.003871265333145857,0.0012900247238576412,-0.0025079359766095877,0.006983047351241112,0.004133211448788643,0.004191093146800995,6.390683174133301,2.0306038856506348,1.3556660413742065,1.1548293828964233,0.9080377817153931,0.873763918876648,1.0457398891448975,0.7091382145881653,0.7327552437782288,0.7464486956596375,0.5434711575508118,0.5247659683227539,0.576991081237793,230.64388767084026,33.93288709497795,145.3044375644995,0.6156351791530945,0.0531486541385289,0.2810405492782593,0.24429967426710097,0.755700325732899,0.11024683713912964,0.06666114926338196,3.886482328650662,0.013702131807804108
03a05Fc,C:/Project/AI-STRESS-DETECTOR/data/public/emodb/wav/03a05Fc.wav,C:\Project\AI-STRESS-DETECTOR\data\public\emodb\wav\03a05Fc.wav,moderate,1,speaker_03,train,de,emodb_a05,studio,controlled,Das schwarze Blatt Papier befindet sich da oben neben dem Holzstueck.,emodb_emotion=happiness; variation=c,3.1961875,0.08485149592161179,0.08241517841815948,0.2036556899547577,0.14775933544553208,0.1796195576826031,1873.9151636066003,1299.5879120722834,1622.8243891156797,413.1446319792034,3375.0943396226417,1969.5195812779173,0.3348357081413269,0.1991674154996872,-21.98261833190918,8.318258285522461,1.7396976947784424,2.7107224464416504,-0.297997385263443,-0.02110029011964798,-1.165305495262146,-0.12198994308710098,-1.152598261833191,0.2307092845439911,-0.26419633626937866,-0.26499122381210327,-0.4508795440196991,17.167926788330078,7.862547874450684,3.3902781009674072,3.3043859004974365,2.5024025440216064,2.048328399658203,2.1751198768615723,1.4578882455825806,2.1100635528564453,2.016374111175537,1.3084129095077515,1.2954189777374268,1.3932669162750244,-0.057667773216962814,0.03306618705391884,-0.012910353019833565,0.00034660063101910055,-0.006518758367747068,0.01866927370429039,0.01186809130012989,-0.002449971390888095,-0.009014750830829144,-0.0111711286008358,-0.0047966474667191505,-0.004800078924745321,-0.002897941740229726,6.97905969619751,2.4347124099731445,1.575242280960083,1.304546594619751,0.9275649785995483,0.9077975153923035,0.9408481121063232,0.6583726406097412,0.7460768818855286,0.6483328938484192,0.6542276740074158,0.5573548078536987,0.5840228199958801,208.63098734193386,49.99878920452873,237.037037037037,0.5377358490566038,0.07099232488428552,0.30299150943756104,0.2987421383647799,0.7012578616352201,0.11725753545761108,0.07843916118144989,5.00596413696005,0.0009637251496315002
03a05Nd,C:/Project/AI-STRESS-DETECTOR/data/public/emodb/wav/03a05Nd.wav,C:\Project\AI-STRESS-DETECTOR\data\public\emodb\wav\03a05Nd.wav,low,0,speaker_03,train,de,emodb_a05,studio,controlled,Das schwarze Blatt Papier befindet sich da oben neben dem Holzstueck.,emodb_emotion=neutral; variation=d,3.168,0.09665891528129578,0.0916053056716919,0.23267078399658203,0.1257906671440506,0.16882283160715955,1609.5389919067302,1287.5822967405404,1473.0547145857822,446.6316097200192,2877.968253968254,1962.8384853642722,0.2830483615398407,0.20079316198825836,-22.423789978027344,10.826892852783203,2.6257312297821045,3.6754088401794434,0.08886077255010605,0.07084458321332932,-0.38237807154655457,-0.4368385374546051,-0.483904629945755,0.7609948515892029,0.5863931179046631,0.2551833987236023,-0.12232672423124313,17.22016143798828,8.72244644165039,3.687284231185913,3.105513095855713,2.1126670837402344,2.176520347595215,1.926104187965393,1.544761061668396,1.313256025314331,1.5186346769332886,1.1265283823013306,0.9909428358078003,1.2132246494293213,-0.011929448693990707,0.00316587183624506,-0.010314490646123886,-0.013838768005371094,-0.002612547716125846,-0.006760893855243921,0.007783065550029278,0.007942977361381054,0.0021535123232752085,-0.002734618028625846,-0.0035252063535153866,0.004915052093565464,-0.0033678398467600346,7.151615142822266,2.8078458309173584,1.802817463874817,1.1744558811187744,0.88386470079422,0.8634183406829834,0.8853949904441833,0.746167004108429,0.5683481097221375,0.55899977684021,0.5161941647529602,0.57932049036026,0.548725962638855,138.11958478489396,48.09018029838998,255.55555555555554,0.49206349206349204,0.12303173045439093,0.2917499840259552,0.2698412698412699,0.7301587301587301,0.12969769537448883,0.08622896671295166,4.103535353535353,-0.0043285563588142395
03a05Tc,C:/Project/AI-STRESS-DETECTOR/data/public/emodb/wav/03a05Tc.wav,C:\Project\AI-STRESS-DETECTOR\data\public\emodb\wav\03a05Tc.wav,moderate,1,speaker_03,train,de,emodb_a05,studio,controlled,Das schwarze Blatt Papier befindet sich da oben neben dem Holzstueck.,emodb_emotion=sadness; variation=c,3.4978125,0.09429001808166504,0.0816061720252037,0.20908814668655396,0.11722553510212312,0.15411531608444848,1588.827627478386,1165.784524957585,1583.4441403180451,452.13832098632815,3020.0,1901.2458105631445,0.30528706312179565,0.1950676292181015,-21.050113677978516,9.980921745300293,3.1859917640686035,4.158567905426025,0.042815349996089935,0.9470088481903076,-0.11617899686098099,-0.06209130212664604,0.0627257227897644,0.7024317383766174,0.7955251932144165,-0.02474369667470455,0.21137943863868713,15.214482307434082,7.8051581382751465,3.0963432788848877,2.8087735176086426,2.0099446773529053,1.7357733249664307,1.5655168294906616,1.3983373641967773,1.2601622343063354,1.5137864351272583,1.120461106300354,1.0701082944869995,0.9431126713752747,-0.0018311204621568322,-0.003529814537614584,0.003231527516618371,0.004952471703290939,0.002895138692110777,0.004177519120275974,0.0019083626102656126,-0.004160573240369558,-0.006343034561723471,-0.0019848120864480734,0.00330246239900589,0.005403371527791023,-0.003725830465555191,5.776233196258545,2.4431674480438232,1.3801671266555786,1.0595126152038574,0.9038907885551453,0.8634259700775146,0.7477265000343323,0.685097873210907,0.629346489906311,0.6386004090309143,0.5671663880348206,0.5232386589050293,0.4921501576900482,133.68765182667843,68.13833242341018,265.16007532956684,0.3045977011494253,0.22189676469945033,0.2572901248931885,0.28735632183908044,0.7126436781609196,0.12880463898181915,0.07198825478553772,3.716608594657375,0.004328444600105286
03a05Wa,C:/Project/AI-STRESS-DETECTOR/data/public/emodb/wav/03a05Wa.wav,C:\Project\AI-STRESS-DETECTOR\data\public\emodb\wav\03a05Wa.wav,severe,3,speaker_03,train,de,emodb_a05,studio,controlled,Das schwarze Blatt Papier befindet sich da oben neben dem Holzstueck.,emodb_emotion=anger; variation=a,3.44075,0.06492991745471954,0.07108855992555618,0.14877332746982574,0.17930791892010728,0.17660695800517903,2141.1655326251635,1192.4356728457763,1676.0109349234292,383.58277951365415,3874.6198830409357,1700.171044529725,0.3707757890224457,0.19880825281143188,-22.63780975341797,6.918383598327637,0.06365228444337845,2.3419227600097656,-0.9355770349502563,-0.39601099491119385,-0.8128272891044617,-0.6390011310577393,-1.2617764472961426,0.40605640411376953,-0.1423158198595047,-0.06887347251176834,-0.5373460650444031,17.625011444091797,7.847759246826172,4.016488075256348,3.3312947750091553,2.6522724628448486,2.3632490634918213,2.2116477489471436,1.5931867361068726,1.9834650754928589,1.768104076385498,1.2501187324523926,1.1821513175964355,1.0746396780014038,0.023257851600646973,0.01667903922498226,-0.010375825688242912,-0.00909516867250204,-0.00023796474852133542,0.00313962553627789,-0.0030875804368406534,-0.003643569303676486,-0.0060023656114935875,-0.003375526750460267,0.004920078907161951,-0.0038070769514888525,-0.006627035327255726,6.325134754180908,2.425558567047119,1.6648194789886475,1.1610509157180786,1.0017294883728027,0.9590616226196289,0.9264072775840759,0.7155675292015076,0.7321680188179016,0.6346162557601929,0.5733841061592102,0.5766720771789551,0.48413214087486267,204.97361057544052,50.555435060503356,232.47863247863245,0.5058479532163743,0.1292263446592205,0.2852899134159088,0.3538011695906432,0.6461988304093568,0.09564045071601868,0.07161226123571396,5.231417568844002,0.024687696248292923
03a05Wb,C:/Project/AI-STRESS-DETECTOR/data/public/emodb/wav/03a05Wb.wav,C:\Project\AI-STRESS-DETECTOR\data\public\emodb\wav\03a05Wb.wav,severe,3,speaker_03,train,de,emodb_a05,studio,controlled,Das schwarze Blatt Papier befindet sich da oben neben dem Holzstueck.,emodb_emotion=anger; variation=b,2.96225,0.08228753507137299,0.09118284285068512,0.22754229605197906,0.1796157059314954,0.16343908538154941,2088.804338275201,1144.9103695642173,1629.1568636712611,388.7113158413024,3724.8979591836733,1701.0274475571443,0.3458043038845062,0.20156919956207275,-22.083786010742188,6.903168201446533,-1.7606542110443115,0.6043845415115356,-1.951867699623108,-0.6152556538581848,-1.971084475517273,-1.1853446960449219,-1.7347185611724854,-0.33362480998039246,-0.44427594542503357,-0.5756822228431702,-1.0910727977752686,18.578567504882812,7.487746238708496,4.6304144859313965,3.411001443862915,2.975252628326416,2.572538375854492,2.43925404548645,1.563273549079895,2.021695137023926,2.0037074089050293,1.4264583587646484,1.389605164527893,1.375242829322815,-0.06051509827375412,0.01358901895582676,0.02121563069522381,-0.0029467896092683077,0.00268893176689744,0.0041953218169510365,0.005076385568827391,0.007651928346604109,-0.0034849648363888264,-0.0013580865925177932,-0.000644326617475599,-0.004780925344675779,-0.005479792598634958,7.043023586273193,2.523484945297241,2.034534454345703,1.1609251499176025,1.0874950885772705,0.9827083349227905,0.9834031462669373,0.7470625638961792,0.795599102973938,0.8060563206672668,0.6712360978126526,0.6456920504570007,0.6055592894554138,257.23758162909587,39.366243558476455,222.2222222222222,0.5952380952380952,0.06407285881759736,0.33306682109832764,0.30272108843537415,0.6972789115646258,0.1149400845170021,0.09156616032123566,4.7261372267701915,-0.008806034922599792
03a07Fa,C:/Project/AI-STRESS-DETECTOR/data/public/emodb/wav/03a07Fa.wav,C:\Project\AI-STRESS-DETECTOR\data\public\emodb\wav\03a07Fa.wav,moderate,1,speaker_03,train,de,emodb_a07,studio,controlled,In sieben Stunden wird es soweit sein.,emodb_emotion=happiness; variation=a,2.1338125,0.11199551820755005,0.08350800722837448,0.2327100932598114,0.15956953996365322,0.20960451186320106,1995.9506620813102,1382.7166091233123,1724.2418392865734,345.4937030439939,3726.2559241706163,1792.4239487989266,0.3325042426586151,0.1590995192527771,-17.186349868774414,7.540161609649658,1.9617615938186646,2.1433045864105225,-0.39423102140426636,-0.3103647232055664,-1.3876863718032837,-1.122705340385437,-1.792268991470337,-0.6991695761680603,-0.47176849842071533,-0.31993797421455383,-0.8381863832473755,15.112693786621094,7.222536563873291,3.4751088619232178,3.2660651206970215,2.1204497814178467,2.4069736003875732,2.200665235519409,2.022641897201538,1.665500521659851,1.7244913578033447,1.341793417930603,1.59955894947052,1.6196783781051636,-0.004163796082139015,-0.008007124066352844,0.006299730855971575,-0.00865459069609642,0.015644503757357597,0.03640713542699814,0.004620952066034079,-0.01705009862780571,-0.007004746701568365,0.0007536219200119376,0.000215316831599921,-0.009910334832966328,0.011984425596892834,4.6820502281188965,2.2510242462158203,1.1778560876846313,1.136517882347107,0.8113102912902832,0.9657923579216003,0.7936338186264038,0.7623817324638367,0.6859913468360901,0.6500029563903809,0.537933886051178,0.6140545010566711,0.6258102655410767,233.15636184746944,50.245894936261045,221.1017740429505,0.6018957345971564,0.0689965519100856,0.20104259252548218,0.2559241706161137,0.7440758293838863,0.1465514898300171,0.06837371736764908,3.280513165988108,0.02272968739271164
03a07Fb,C:/Project/AI-STRESS-DETECTOR/data/public/emodb/wav/03a07Fb.wav,C:\Project\AI-STRESS-DETECTOR\data\public\emodb\wav\03a07Fb.wav,moderate,1,speaker_03,train,de,emodb_a07,studio,controlled,In sieben Stunden wird es soweit sein.,emodb_emotion=happiness; variation=b,2.449875,0.10515027493238449,0.07287700474262238,0.20801223814487457,0.16093732273069503,0.19829098733525866,2092.809282133593,1315.601989833149,1761.125920307686,371.7682010103158,3848.8888888888887,1818.2504139697685,0.3317968249320984,0.17073969542980194,-15.911011695861816,6.869987487792969,0.9968279004096985,1.5879288911819458,-0.9544535875320435,-1.423078179359436,-2.1105756759643555,-1.26767098903656,-2.3004825115203857,-1.2670601606369019,-0.8816409111022949,-0.6693701148033142,-0.7473093271255493,14.184626579284668,6.9802703857421875,3.524722099304199,3.06256365776062,2.210069179534912,2.494697093963623,1.8763072490692139,1.6469005346298218,1.757501244544983,1.9318453073501587,1.4131147861480713,1.4804296493530273,1.6700751781463623,0.006593563128262758,-0.03710100054740906,-0.012492580339312553,0.0145628796890378,-0.0019994762260466814,0.0011261225445196033,-0.0009580531623214483,-0.0059361704625189304,0.005320115480571985,-0.005933346692472696,-0.01701812632381916,-0.00033091320074163377,0.004874511156231165,4.641485691070557,1.9274604320526123,1.2488564252853394,0.9978349208831787,0.8177723288536072,0.9289682507514954,0.8236362338066101,0.5298201441764832,0.6618322134017944,0.6212755441665649,0.6000696420669556,0.5838874578475952,0.5564746856689453,259.7785129209818,49.3587665620273,212.69841269841268,0.7119341563786008,0.04272873629230897,0.17703129351139069,0.1728395061728395,0.8271604938271605,0.12457844614982605,0.06491581350564957,2.4491045461503136,-0.006553910672664642
03a07La,C:/Project/AI-STRESS-DETECTOR/data/public/emodb/wav/03a07La.wav,C:\Project\AI-STRESS-DETECTOR\data\public\emodb\wav\03a07La.wav,low,0,speaker_03,train,de,emodb_a07,studio,controlled,In sieben Stunden wird es soweit sein.,emodb_emotion=boredom; variation=a,2.4015625,0.12551738321781158,0.08810766786336899,0.26491647958755493,0.11974263389566352,0.1761808724376427,1488.254238521607,1355.1439848517573,1356.709002815966,441.8252727902991,2573.9495798319326,1940.9363669762806,0.22819651663303375,0.1586899310350418,-17.16114616394043,11.928815841674805,2.7404940128326416,4.5262956619262695,0.13293687999248505,0.9385901689529419,-0.7078030109405518,-0.7220483422279358,-0.36371004581451416,0.9260311722755432,0.5987604856491089,-0.3486340641975403,0.06616871803998947,12.281451225280762,9.722626686096191,2.954521656036377,2.68618106842041,1.9541480541229248,1.9113913774490356,1.406427025794983,1.6203807592391968,1.5671820640563965,1.529205083847046,0.9310055375099182,1.1093699932098389,1.0847392082214355,0.04434859752655029,0.004493196494877338,-0.009782997891306877,0.004596829414367676,-0.009665472432971,-0.005590233951807022,-0.0013604133855551481,-0.00878274254500866,-0.00997199211269617,0.0011890130117535591,0.003600300755351782,0.006291382480412722,0.0028019172605127096,4.729729652404785,2.8843085765838623,1.267159104347229,0.8703186511993408,0.8675037622451782,0.7136723399162292,0.6146533489227295,0.6110950708389282,0.5099927186965942,0.6123242378234863,0.4085440933704376,0.40997427701950073,0.3999854624271393,138.6488128570553,51.34619351919093,243.19727891156464,0.4117647058823529,0.1535276183010668,0.19143462181091309,0.18907563025210083,0.8109243697478992,0.15095022320747375,0.07822827249765396,4.163955757970072,-0.06322644650936127
03a07Nc,C:/Project/AI-STRESS-DETECTOR/data/public/emodb/wav/03a07Nc.wav,C:\Project\AI-STRESS-DETECTOR\data\public\emodb\wav\03a07Nc.wav,low,0,speaker_03,train,de,emodb_a07,studio,controlled,In sieben Stunden wird es soweit sein.,emodb_emotion=neutral; variation=c,1.788125,0.1392555832862854,0.10585010796785355,0.2984924018383026,0.11021905045098622,0.1635726033649839,1412.3636115516642,1253.3855688027031,1360.4681395876107,494.3222915152939,2500.7909604519773,1936.796074809765,0.2260679304599762,0.17230242490768433,-17.7712459564209,13.037768363952637,2.764852285385132,3.4891421794891357,0.4720589518547058,0.2809305787086487,-0.5383669137954712,-0.12914811074733734,-1.3714125156402588,0.6559025049209595,0.24126024544239044,0.3758288323879242,-0.3638821542263031,15.649656295776367,8.83061695098877,3.7075014114379883,2.761361598968506,1.6253995895385742,1.739431381225586,1.5381561517715454,1.654911994934082,1.622788667678833,1.8032904863357544,0.9274762272834778,1.0368858575820923,1.0392181873321533,0.028034554794430733,-0.008668613620102406,-0.006303372327238321,0.004592136945575476,-0.016810256987810135,-0.004489165265113115,-0.005695340223610401,0.00030902953585609794,-0.008602501824498177,-0.010715406388044357,0.005185124929994345,-0.005071716848760843,-0.0012703359825536609,5.8355889320373535,3.0362746715545654,1.646091341972351,1.2363272905349731,0.896747887134552,0.7639113068580627,0.6709233522415161,0.6724683046340942,0.6679279208183289,0.6488312482833862,0.4951227605342865,0.5220017433166504,0.45604395866394043,140.36604478459842,42.15010632060427,279.36507936507934,0.4858757062146893,0.11884894418251404,0.25267294049263,0.23163841807909602,0.768361581920904,0.17654280364513397,0.09239219129085541,4.4739601537923805,-0.010438844561576843
03a07Wc,C:/Project/AI-STRESS-DETECTOR/data/public/emodb/wav/03a07Wc.wav,C:\Project\AI-STRESS-DETECTOR\data\public\emodb\wav\03a07Wc.wav,severe,3,speaker_03,train,de,emodb_a07,studio,controlled,In sieben Stunden wird es soweit sein.,emodb_emotion=anger; variation=c,2.0875625,0.0856013149023056,0.08110366016626358,0.22041648626327515,0.19247393846936178,0.19150522047374333,2249.319732204976,1267.4897724967004,1661.8197893545612,360.72739516965885,3929.855072463768,1637.895279063831,0.3372197449207306,0.17877791821956635,-18.117332458496094,6.432263374328613,-1.357395887374878,1.3317229747772217,-2.081156015396118,-1.0261777639389038,-1.7827900648117065,-1.5945820808410645,-2.150923490524292,-0.7791085839271545,-0.6049601435661316,-0.27223217487335205,-1.0765056610107422,16.050588607788086,7.066196441650391,4.238964557647705,2.9351539611816406,2.9612998962402344,2.0783731937408447,2.125953435897827,2.0804836750030518,1.9853277206420898,2.1717209815979004,1.7242884635925293,1.4550304412841797,1.3919332027435303,0.006254186853766441,0.014357424341142178,0.017427584156394005,-0.045545030385255814,-0.014577310532331467,0.028309239074587822,0.012347624637186527,0.006366600748151541,-0.007330777123570442,-0.0071483636274933815,-0.0047916145995259285,0.009806706570088863,0.008289343677461147,5.44415807723999,2.301567554473877,1.5648058652877808,1.2043052911758423,1.048398733139038,0.9326805472373962,0.8101292848587036,0.8109115958213806,0.7479128241539001,0.7601562738418579,0.7063055634498596,0.6405631303787231,0.5795603394508362,250.0247719854085,49.189785264125256,215.20467836257308,0.6328502415458938,0.06685614294785351,0.2506885528564453,0.24637681159420288,0.7536231884057971,0.11077160388231277,0.07837040722370148,3.3531930181731084,0.022979244589805603
03b01Fa,C:/Project/AI-STRESS-DETECTOR/data/public/emodb/wav/03b01Fa.wav,C:\Project\AI-STRESS-DETECTOR\data\public\emodb\wav\03b01Fa.wav,moderate,1,speaker_03,train,de,emodb_b01,studio,controlled,"Was sind denn das fuer Tueten, die da unter dem Tisch stehen.",emodb_emotion=happiness; variation=a,2.3621875,0.12662597000598907,0.10998998582363129,0.3005668818950653,0.14767688451898978,0.17916998926746536,1870.4960931156545,1241.1292495846246,1630.093405241559,371.87803246715174,3430.5982905982905,1822.8147158178765,0.33308207988739014,0.19761940836906433,-16.68805503845215,8.150691986083984,1.3694429397583008,3.4007160663604736,-0.35525819659233093,-0.7998727560043335,-1.9548102617263794,-0.24681052565574646,-1.4028993844985962,-0.22560395300388336,-0.432254821062088,-0.2797214090824127,-0.3149752914905548,15.962906837463379,7.46189022064209,2.69240403175354,3.2262461185455322,2.162320137023926,2.3177077770233154,2.2264492511749268,1.4320734739303589,1.9479082822799683,1.9167732000350952,1.439035177230835,1.250752329826355,1.2362812757492065,-0.029652457684278488,-0.02833779715001583,0.02657037042081356,-0.003289467189460993,0.0014430289156734943,0.015382235869765282,0.011268106289207935,-0.002631282201036811,-0.004762188997119665,0.007339151576161385,0.006350495852530003,-0.006844490300863981,-0.007138124667108059,5.832006931304932,2.376271963119507,1.2412872314453125,1.1625784635543823,0.91988605260849,0.9983319044113159,0.9144508838653564,0.697913646697998,0.6991866827011108,0.7605209946632385,0.6375848054885864,0.5756757259368896,0.5637146234512329,207.49392492834386,37.27619132987121,184.69323213156233,0.5641025641025641,0.06462541149543057,0.29647019505500793,0.2649572649572649,0.7350427350427351,0.16735872626304626,0.10081832855939865,5.080037041936764,0.07223404198884964
03b01Lb,C:/Project/AI-STRESS-DETECTOR/data/public/emodb/wav/03b01Lb.wav,C:\Project\AI-STRESS-DETECTOR\data\public\emodb\wav\03b01Lb.wav,low,0,speaker_03,train,de,emodb_b01,studio,controlled,"Was sind denn das fuer Tueten, die da unter dem Tisch stehen.",emodb_emotion=boredom; variation=b,2.8789375,0.08667337149381638,0.08089333027601242,0.19506289064884186,0.1294845505371821,0.16119619043099898,1621.8175668011825,1179.0296122184589,1484.4274112459364,423.90352478980213,3033.846153846154,1763.923203328436,0.2874172329902649,0.18429437279701233,-19.784818649291992,10.9839506149292,1.8112317323684692,4.728268146514893,0.2476697862148285,-0.22225552797317505,-1.4352096319198608,-0.4141734838485718,0.13114340603351593,1.0347262620925903,-0.34184184670448303,0.18376903235912323,0.027263548225164413,13.19931697845459,8.138009071350098,2.697472095489502,3.1950836181640625,2.095844268798828,1.9330734014511108,1.7395669221878052,1.5035481452941895,1.1241211891174316,1.392889142036438,0.9987524151802063,0.8018244504928589,1.0711792707443237,0.01998608559370041,0.013040999881923199,-0.003742639906704426,-0.004269805736839771,-0.005957307294011116,-0.005553110968321562,-0.0004782968608196825,-0.002183384494856,-0.005705586168915033,-0.0015607880195602775,0.002428864361718297,0.0019842481706291437,0.008937915787100792,4.5634002685546875,2.4532382488250732,1.3360769748687744,0.95977383852005,0.8139318227767944,0.7599108815193176,0.6914815306663513,0.561830461025238,0.516965925693512,0.5069037675857544,0.4051128923892975,0.41213259100914,0.43230557441711426,140.44257261656912,59.13573292524756,283.8066766317887,0.4160839160839161,0.16405827840934653,0.276593953371048,0.2272727272727273,0.7727272727272727,0.10978671163320541,0.07814571261405945,4.1682044156915525,-0.04967213794589043
03b01Nb,C:/Project/AI-STRESS-DETECTOR/data/public/emodb/wav/03b01Nb.wav,C:\Project\AI-STRESS-DETECTOR\data\public\emodb\wav\03b01Nb.wav,low,0,speaker_03,train,de,emodb_b01,studio,controlled,"Was sind denn das fuer Tueten, die da unter dem Tisch stehen.",emodb_emotion=neutral; variation=b,2.3891875,0.09573706984519958,0.07945293933153152,0.18814167380332947,0.12549305753836065,0.17384448918575998,1527.4558863473133,1321.43042304462,1343.4150101721145,457.1053036764146,2711.8987341772154,1970.9832256569773,0.24085235595703125,0.192389577627182,-22.266427993774414,12.087148666381836,1.2316137552261353,5.057409286499023,0.7391945123672485,-0.0735255777835846,-0.9892563819885254,-0.5683266520500183,-0.07253123819828033,0.6889670491218567,-0.11210823804140091,0.2761838436126709,-0.11545880138874054,15.641112327575684,9.537093162536621,3.798574447631836,3.0323095321655273,2.1357262134552,1.9865174293518066,1.6679797172546387,1.9342793226242065,1.4880752563476562,1.863427996635437,1.30486261844635,1.1491155624389648,1.154296875,-0.015344708226621151,-0.005185497459024191,0.0067447479814291,0.003429871518164873,0.0068445224314928055,0.014954022131860256,-0.0007558714132755995,-0.005109179764986038,-0.006867269054055214,-0.002485013799741864,0.002110770670697093,0.00010590864985715598,-0.0015685155522078276,5.718212604522705,3.0078108310699463,1.960573673248291,1.0418140888214111,0.8486297726631165,0.8340951204299927,0.6099585294723511,0.7923170328140259,0.6883695721626282,0.6645123958587646,0.4881962537765503,0.5273531675338745,0.5399789214134216,162.19904056407137,72.85843185914149,261.437908496732,0.3755274261603376,0.26436216685739683,0.2537418007850647,0.30379746835443033,0.6962025316455697,0.13186262547969818,0.06879997998476028,4.185523321212756,-0.027811676263809204
03b01Td,C:/Project/AI-STRESS-DETECTOR/data/public/emodb/wav/03b01Td.wav,C:\Project\AI-STRESS-DETECTOR\data\public\emodb\wav\03b01Td.wav,moderate,1,speaker_03,train,de,emodb_b01,studio,controlled,"Was sind denn das fuer Tueten, die da unter dem Tisch stehen.",emodb_emotion=sadness; variation=d,3.3906875,0.06817959994077682,0.06557533890008926,0.16441982984542847,0.11123506094613389,0.16132665506001587,1508.6219582382216,1203.5060763542212,1544.6786962709268,408.6619167148992,2839.525222551929,1857.895114181245,0.28116485476493835,0.17328137159347534,-25.810333251953125,9.844907760620117,2.7632534503936768,3.799799680709839,0.6891424059867859,0.7721829414367676,-0.4850819706916809,0.07892207056283951,0.39241692423820496,0.5337658524513245,0.050135135650634766,0.5303424000740051,0.28868159651756287,16.30565071105957,7.836618423461914,2.9533073902130127,2.6519663333892822,1.7420936822891235,1.7632017135620117,1.7736841440200806,1.6079514026641846,1.4311386346817017,1.576796531677246,1.1171373128890991,0.8700186014175415,1.0846545696258545,-2.3114575014915317e-05,0.0005748561816290021,0.0021806915756314993,-0.004013590514659882,0.005071424413472414,0.007462732959538698,0.004829710815101862,0.0016768077621236444,-0.010184929706156254,-0.01188612263649702,-0.002203150652348995,0.0004060028004460037,-0.001721965498290956,4.838103294372559,2.2971484661102295,1.444109559059143,1.0385278463363647,0.848906934261322,0.7508061528205872,0.635974645614624,0.7114109396934509,0.6443594694137573,0.5411801934242249,0.5365220904350281,0.46794623136520386,0.5030519962310791,160.38718199089735,71.05178081146046,269.5340501792115,0.34124629080118696,0.21657775571725146,0.25895702838897705,0.35608308605341243,0.6439169139465876,0.1011698991060257,0.06009582430124283,2.949254391624118,-0.009348519146442413
03b01Wa,C:/Project/AI-STRESS-DETECTOR/data/public/emodb/wav/03b01Wa.wav,C:\Project\AI-STRESS-DETECTOR\data\public\emodb\wav\03b01Wa.wav,severe,3,speaker_03,train,de,emodb_b01,studio,controlled,"Was sind denn das fuer Tueten, die da unter dem Tisch stehen.",emodb_emotion=anger; variation=a,2.1798125,0.07636451721191406,0.06892738491296768,0.17296645045280457,0.17131950245985333,0.18468426620342707,2046.5865624984174,1312.0461325123852,1558.400364870657,404.192039059891,3612.222222222222,1857.8478854395207,0.3299022316932678,0.2059401571750641,-20.358482360839844,8.266229629516602,-0.4535048305988312,3.345489978790283,-0.38004031777381897,-0.9027038812637329,-1.8448526859283447,-1.130295753479004,-0.8109650611877441,-0.27876171469688416,-0.04941648989915848,0.19230610132217407,-0.7485077381134033,17.904407501220703,8.726959228515625,3.6451454162597656,3.0409295558929443,2.1301169395446777,2.116884231567383,2.0282604694366455,1.6109367609024048,1.5743499994277954,1.9811115264892578,1.4140805006027222,1.385894536972046,1.2445091009140015,0.00039701108471490443,0.014156423509120941,0.020428366959095,0.005058398935943842,0.008878853172063828,0.014153661206364632,0.0018974409904330969,-0.011617748066782951,-0.00917503610253334,-0.0013277619145810604,-0.005255409982055426,0.012547829188406467,0.0043585654348134995,6.2754716873168945,3.0424375534057617,1.8245503902435303,1.112443447113037,0.9399411082267761,0.9420210123062134,0.9146910309791565,0.7247607707977295,0.7588551044464111,0.706142783164978,0.5981358289718628,0.5769814848899841,0.6416242122650146,203.40736537768214,36.90876341976279,213.05543493993343,0.5740740740740741,0.06203392459108089,0.2809882164001465,0.2407407407407407,0.7592592592592593,0.09776604175567627,0.06587391346693039,3.2112853743154512,0.04031616449356079
03b01Wc,C:/Project/AI-STRESS-DETECTOR/data/public/emodb/wav/03b01Wc.wav,C:\Project\AI-STRESS-DETECTOR\data\public\emodb\wav\03b01Wc.wav,severe,3,speaker_03,train,de,emodb_b01,studio,controlled,"Was sind denn das fuer Tueten, die da unter dem Tisch stehen.",emodb_emotion=anger; variation=c,2.92925,0.07260385900735855,0.06559082865715027,0.16176870465278625,0.17042606516290726,0.20613400586116745,2015.4534616740616,1450.8349728014023,1570.7175179967996,439.03627948935895,3487.6975945017184,2020.2673748638397,0.32294902205467224,0.20917028188705444,-22.796682357788086,7.756171703338623,0.9275444746017456,3.3387224674224854,0.12624135613441467,-0.593216598033905,-1.1047145128250122,-0.435711532831192,-1.2708548307418823,-0.3484328091144562,0.06326413154602051,-0.08137312531471252,-0.4197467863559723,17.763607025146484,8.676344871520996,3.715355396270752,3.3450064659118652,2.3163506984710693,2.4034736156463623,1.9850610494613647,1.6473205089569092,2.0765492916107178,1.8683844804763794,1.3250439167022705,1.379197359085083,1.1671627759933472,-0.02487551048398018,-0.0117798438295722,0.013985398225486279,0.014538117684423923,0.0056895911693573,-0.0018372158519923687,0.0045493002980947495,-0.0031284531578421593,-0.01689678244292736,-0.00731333252042532,0.012004355899989605,0.013592921197414398,0.006374714896082878,6.704822540283203,2.73941969871521,1.5357450246810913,1.1190491914749146,0.9493061304092407,0.9291401505470276,0.855012059211731,0.7326428294181824,0.8196520209312439,0.6674218773841858,0.5515591502189636,0.6139547824859619,0.5222872495651245,210.79599262158868,59.64635144886868,248.88888888888886,0.5910652920962199,0.06905019758647067,0.27466675639152527,0.2542955326460481,0.7457044673539519,0.09448811411857605,0.062209997326135635,4.096611760689596,0.0028789937496185303
03b02Aa,C:/Project/AI-STRESS-DETECTOR/data/public/emodb/wav/03b02Aa.wav,C:\Project\AI-STRESS-DETECTOR\data\public\emodb\wav\03b02Aa.wav,high,2,speaker_03,train,de,emodb_b02,studio,controlled,Sie haben es gerade hochgetragen und jetzt gehen sie wieder runter.,emodb_emotion=fear; variation=a,3.0848125,0.10821910947561264,0.07489535212516785,0.21090102195739746,0.14761577145478075,0.15736027640375233,1961.5628096587313,1113.4366932805576,1760.696410536168,343.16828811582303,3687.581699346405,1733.259435130531,0.3736609220504761,0.178274005651474,-13.683311462402344,8.058982849121094,1.7474602460861206,1.5720505714416504,-0.4533950686454773,0.515633225440979,-0.9707659482955933,-0.39967331290245056,-1.1107823848724365,0.2315511703491211,-0.45189812779426575,-0.4511311948299408,-0.5439860224723816,14.220617294311523,6.355600357055664,3.778104782104492,3.0904903411865234,2.2499589920043945,2.2867345809936523,2.1329739093780518,1.3360202312469482,1.8826662302017212,1.7417019605636597,1.4856473207473755,1.427984595298767,1.3926572799682617,0.015737682580947876,0.010363622568547726,-0.004662286024540663,-0.006954829674214125,0.004254706669598818,-0.0010573817417025566,-0.008904734626412392,-0.0042671142145991325,0.0006750182947143912,0.008226036094129086,0.0004436097224242985,-0.0036209358368068933,0.003746529808267951,6.085214614868164,2.0528604984283447,1.3652621507644653,1.2571600675582886,0.8274213671684265,1.0023555755615234,0.9450238347053528,0.6656661033630371,0.7538497447967529,0.6288242340087891,0.5429168939590454,0.6266731023788452,0.5616291761398315,207.80672717776892,40.98895640747102,229.5713035870516,0.6241830065359477,0.06933965889737331,0.22420091927051544,0.20588235294117652,0.7941176470588235,0.13216054439544678,0.06514997035264969,4.214194541807647,-0.01757335662841797
03b02La,C:/Project/AI-STRESS-DETECTOR/data/public/emodb/wav/03b02La.wav,C:\Project\AI-STRESS-DETECTOR\data\public\emodb\wav\03b02La.wav,low,0,speaker_03,train,de,emodb_b02,studio,controlled,Sie haben es gerade hochgetragen und jetzt gehen sie wieder runter.,emodb_emotion=boredom; variation=a,3.4648125,0.07550809532403946,0.06577778607606888,0.17694592475891113,0.10815556332692194,0.15145645697646387,1383.340565315064,1157.6486083723191,1377.5213613475635,365.6068157492115,2351.279069767442,1701.4667383334145,0.22868606448173523,0.1559453010559082,-21.666894912719727,12.670828819274902,2.6759793758392334,3.167454242706299,-1.1917426586151123,1.074027180671692,-0.612617552280426,-0.21776214241981506,0.02474820427596569,1.117621898651123,0.38197383284568787,-0.1089576780796051,0.12424659729003906,14.144309997558594,7.516204357147217,3.577638626098633,2.9218029975891113,2.2755331993103027,1.7259753942489624,1.98347008228302,1.437296748161316,1.4986751079559326,1.348307490348816,1.0281661748886108,0.9961932897567749,1.3314778804779053,0.011806033551692963,0.008651115000247955,-0.0027438777033239603,-0.004233750980347395,-0.0027332790195941925,-0.0022808259818702936,0.004631110467016697,0.0015383813297376037,-0.003683627350255847,0.0019183155382052064,0.0009208851843141019,0.003565535182133317,-0.00027110203518532217,5.236392021179199,2.435288906097412,1.401021957397461,1.0593019723892212,0.9443451762199402,0.752526581287384,0.7617260217666626,0.634933590888977,0.6105874180793762,0.4935735762119293,0.4821494519710541,0.46757298707962036,0.45376142859458923,129.43043778006043,54.97235884221227,264.64646464646466,0.40406976744186046,0.14266927556211992,0.2260216772556305,0.22965116279069764,0.7703488372093024,0.09535862505435944,0.062403060495853424,4.329238595162076,-0.057803671807050705
03b02Na,C:/Project/AI-STRESS-DETECTOR/data/public/emodb/wav/03b02Na.wav,C:\Project\AI-STRESS-DETECTOR\data\public\emodb\wav\03b02Na.wav,low,0,speaker_03,train,de,emodb_b02,studio,controlled,Sie haben es gerade hochgetragen und jetzt gehen sie wieder runter.,emodb_emotion=neutral; variation=a,2.9453125,0.0896499827504158,0.07883675396442413,0.19737432897090912,0.11446705500953751,0.15593870339827606,1487.2513993539524,1187.109482519438,1401.3695311005965,417.8848218847405,2663.7542662116043,1777.8349665488772,0.24610692262649536,0.16314280033111572,-20.281604766845703,12.343766212463379,1.8839373588562012,3.357131004333496,-0.7160448431968689,0.7103310823440552,-0.5950152277946472,-0.7406420111656189,0.07689588516950607,0.9230629801750183,0.1736704558134079,0.42478424310684204,-0.4871724545955658,14.869335174560547,7.999346733093262,3.562077045440674,3.128282070159912,2.2205097675323486,1.8742170333862305,1.7630056142807007,1.6280932426452637,1.2756203413009644,1.4759125709533691,1.1614211797714233,1.002095341682434,1.3547019958496094,0.023373080417513847,-0.00652032345533371,-0.006899910047650337,0.0012467721244320273,-0.011768527328968048,0.003863857127726078,-0.006528401281684637,-0.0034010857343673706,-0.004096756223589182,-0.002131302608177066,-0.0010148058645427227,-0.0055138892494142056,-0.0029446659609675407,6.31333589553833,2.4634549617767334,1.604341983795166,1.145556926727295,0.8647647500038147,0.846392810344696,0.7338327765464783,0.7499590516090393,0.5761175155639648,0.596933901309967,0.5628224015235901,0.602637529373169,0.494629442691803,133.4269258195794,56.660518050338446,270.44917257683215,0.4197952218430034,0.1386708349157823,0.2721444070339203,0.24573378839590443,0.7542662116040956,0.11559054255485535,0.07408113032579422,4.413793103448276,-0.0473519042134285
03b02Tb,C:/Project/AI-STRESS-DETECTOR/data/public/emodb/wav/03b02Tb.wav,C:\Project\AI-STRESS-DETECTOR\data\public\emodb\wav\03b02Tb.wav,moderate,1,speaker_03,train,de,emodb_b02,studio,controlled,Sie haben es gerade hochgetragen und jetzt gehen sie wieder runter.,emodb_emotion=sadness; variation=b,5.126875,0.0664580687880516,0.07658686488866806,0.18389730155467987,0.0829274752438827,0.1330672958789656,1416.3375930973564,998.5347570920385,1663.9720604188549,373.43738445596426,2895.655577299413,1654.7347446375725,0.28748610615730286,0.14235533773899078,-28.2307186126709,10.32752513885498,3.4839494228363037,2.748242139816284,0.3664114773273468,1.476655125617981,0.14467769861221313,0.049049995839595795,0.5582820773124695,0.9115707874298096,0.5165443420410156,0.46786263585090637,0.09935701638460159,19.041034698486328,6.379921913146973,2.447697401046753,2.589106321334839,1.8787318468093872,1.6621299982070923,1.8511484861373901,1.4156221151351929,1.31024169921875,1.1075278520584106,0.9557947516441345,0.8963645696640015,1.1535228490829468,0.0004884828231297433,0.0012510452652350068,0.000524512492120266,-0.003395065199583769,-0.005183862056583166,-0.006886846851557493,-0.0053215306252241135,-0.0007224444416351616,-0.003555088769644499,-0.004967089276760817,-0.0030196623411029577,-0.0009486769558861852,0.0020924191921949387,4.747773170471191,2.0232930183410645,1.1099933385849,0.9174249768257141,0.8090907335281372,0.6866423487663269,0.6795147061347961,0.6268327236175537,0.5493014454841614,0.4896133542060852,0.4554978013038635,0.4766043722629547,0.47427013516426086,127.78350472785624,53.38289207414497,270.8994708994709,0.31702544031311153,0.1251186125154338,0.2178458571434021,0.42661448140900193,0.5733855185909981,0.11168792843818665,0.07364533096551895,2.535657686212361,-0.03585464134812355
03b02Wb,C:/Project/AI-STRESS-DETECTOR/data/public/emodb/wav/03b02Wb.wav,C:\Project\AI-STRESS-DETECTOR\data\public\emodb\wav\03b02Wb.wav,severe,3,speaker_03,train,de,emodb_b02,studio,controlled,Sie haben es gerade hochgetragen und jetzt gehen sie wieder runter.,emodb_emotion=anger; variation=b,3.1840625,0.08469641953706741,0.0858081579208374,0.2185358852148056,0.13717045779004472,0.14490569481860902,1805.6461638154876,1079.8027783108278,1580.954192847901,396.8157164314571,3368.3544303797466,1586.8769028374106,0.30813705921173096,0.1741122454404831,-22.484800338745117,9.88725757598877,0.2034442275762558,1.9074134826660156,-1.281348466873169,0.0034616822376847267,-0.26341721415519714,-0.8292537927627563,-0.9056586027145386,0.26244768500328064,-0.03894832357764244,-0.017236553132534027,-0.7898545861244202,20.235618591308594,6.712364196777344,4.571105480194092,3.389824390411377,2.916753053665161,2.515643358230591,2.1678004264831543,1.6706470251083374,1.8162639141082764,1.6611413955688477,1.2419275045394897,1.2233821153640747,1.4162137508392334,-0.02674083411693573,-0.004684306215494871,0.008604600094258785,-0.002828644821420312,-0.00014151952927932143,-0.0032394505105912685,0.007474611978977919,-0.002197506371885538,-0.0017868091817945242,0.006316403858363628,0.0025320593267679214,0.0006846136529929936,-0.0010403357446193695,6.527610778808594,2.201064109802246,1.722219705581665,1.1841065883636475,0.9511237144470215,0.951920211315155,0.8347554206848145,0.727794349193573,0.7341942191123962,0.5763848423957825,0.6108710169792175,0.5676228404045105,0.5669994950294495,182.60723511526788,44.25685063259618,230.55555555555554,0.5981012658227848,0.08391568258349046,0.29650557041168213,0.28481012658227844,0.7151898734177216,0.11631622910499573,0.08227627724409103,3.7687702424182943,-0.030048392713069916
03b03Nb,C:/Project/AI-STRESS-DETECTOR/data/public/emodb/wav/03b03Nb.wav,C:\Project\AI-STRESS-DETECTOR\data\public\emodb\wav\03b03Nb.wav,low,0,speaker_03,train,de,emodb_b03,studio,controlled,An den Wochenenden bin ich jetzt immer nach Hause gefahren und habe Agnes besucht.,emodb_emotion=neutral; variation=b,3.6445,0.08928317576646805,0.0796208381652832,0.17953608930110931,0.10777634694470982,0.13632345838354176,1382.0267466910245,1113.1058519725655,1319.3381847231062,493.74444036841714,2439.3370165745855,1829.820388556109,0.2316553145647049,0.19336168467998505,-21.486522674560547,13.901145935058594,1.6217297315597534,2.9889752864837646,-0.42840930819511414,0.6028643250465393,-0.5443931221961975,0.03831486031413078,-0.7769083976745605,0.9372800588607788,0.004146280698478222,0.39839234948158264,-0.6329823732376099,14.876730918884277,8.248875617980957,3.5173463821411133,3.087775945663452,2.1125009059906006,1.8738247156143188,1.925121784210205,1.720136284828186,2.170848846435547,1.7376036643981934,1.093538761138916,1.0728752613067627,1.0991332530975342,-0.006402073428034782,0.010047064162790775,0.010822735726833344,-0.014505403116345406,0.0018162556225433946,0.00014488209853880107,-0.00647402461618185,-0.0026314258575439453,0.002937095705419779,0.014229982160031796,0.007159787695854902,-0.0005028406158089638,0.001986198592931032,6.241819381713867,2.6932132244110107,1.6813923120498657,1.1291694641113281,0.8802653551101685,0.7309431433677673,0.7394059300422668,0.74596107006073,0.8833629488945007,0.7024356722831726,0.5214272737503052,0.5341735482215881,0.5329123735427856,142.50338667064273,51.41926381982372,268.1238615664845,0.5552486187845304,0.09571200297602457,0.2395370751619339,0.2596685082872928,0.7403314917127072,0.11686505377292633,0.07493770122528076,4.115790917821375,-0.06144168972969055
03b03Tc,C:/Project/AI-STRESS-DETECTOR/data/public/emodb/wav/03b03Tc.wav,C:\Project\AI-STRESS-DETECTOR\data\public\emodb\wav\03b03Tc.wav,moderate,1,speaker_03,train,de,emodb_b03,studio,controlled,An den Wochenenden bin ich jetzt immer nach Hause gefahren und habe Agnes besucht.,emodb_emotion=sadness; variation=c,5.2993125,0.05211900174617767,0.056060127913951874,0.1198403388261795,0.07887142097668413,0.11905518932569754,1304.3920350336002,919.9072771645241,1529.7896914087712,462.8686460218459,2638.030303030303,1656.6968959777562,0.2651381492614746,0.16031137108802795,-30.58389663696289,11.956907272338867,2.8595497608184814,3.0385076999664307,-0.11157740652561188,1.2825533151626587,0.6376555562019348,-0.23153676092624664,-0.02064245380461216,0.8806614279747009,0.6167614459991455,0.2906176447868347,-0.04340910166501999,17.36332130432129,7.064079761505127,2.5294172763824463,2.6193289756774902,1.8855410814285278,1.54947829246521,1.456403374671936,1.4023311138153076,1.2137322425842285,1.6465144157409668,1.0038120746612549,0.883044421672821,0.9110798835754395,0.003779494436457753,0.00116813275963068,-0.002319587394595146,-0.002137822564691305,-0.0015069111250340939,-0.0016072193393483758,-0.0021118016447871923,-0.007152687758207321,-0.0017275800928473473,0.000555969774723053,-0.001778525416739285,-0.0012932659592479467,-0.0013580326922237873,4.033753395080566,2.09126615524292,1.1314501762390137,0.9497674107551575,0.7315312623977661,0.6667606234550476,0.6095519661903381,0.6001508235931396,0.5392804145812988,0.6257933378219604,0.4864017367362976,0.46076351404190063,0.46722742915153503,120.56124755402267,43.77270825265879,272.22222222222223,0.3181818181818182,0.12550823917094558,0.1967506855726242,0.4337121212121212,0.5662878787878788,0.08830190449953079,0.0501718632876873,2.45314840368444,-0.05543629266321659
03b03Wc,C:/Project/AI-STRESS-DETECTOR/data/public/emodb/wav/03b03Wc.wav,C:\Project\AI-STRESS-DETECTOR\data\public\emodb\wav\03b03Wc.wav,severe,3,speaker_03,train,de,emodb_b03,studio,controlled,An den Wochenenden bin ich jetzt immer nach Hause gefahren und habe Agnes besucht.,emodb_emotion=anger; variation=c,3.8474375,0.06233500316739082,0.06241058185696602,0.14837054908275604,0.14971501861703865,0.14254933221983523,1946.7358017220447,1047.7340557920995,1631.3981425643603,410.6268639557489,3590.182767624021,1646.6957873889005,0.3223848342895508,0.19314129650592804,-21.737031936645508,8.58050537109375,-0.7349531054496765,1.1074693202972412,-2.132189989089966,-0.6567871570587158,-1.481624960899353,-1.407086968421936,-2.039336681365967,-0.2907388508319855,-0.7859998941421509,-0.7138880491256714,-1.1929363012313843,15.568757057189941,6.203896522521973,4.8986382484436035,3.4021239280700684,3.1338143348693848,2.8750956058502197,2.1861703395843506,1.5274630784988403,1.9580516815185547,1.993507742881775,1.2992210388183594,1.20524001121521,1.3019119501113892,0.022383229807019234,0.006379538215696812,-0.005251274444162846,-0.006876859813928604,-0.007925517857074738,0.0018283866811543703,-0.005349507089704275,-0.0010466105304658413,0.003391048638150096,-0.00639465032145381,0.002916838973760605,-0.0017827210249379277,-0.0022476098965853453,6.035705089569092,2.233614683151245,1.629562497138977,1.2222471237182617,1.141030192375183,0.9101074934005737,0.7333983778953552,0.7700534462928772,0.7373106479644775,0.7575014233589172,0.5712642073631287,0.5828434824943542,0.5707486271858215,224.1512115605723,33.345514870526706,189.18918918918916,0.6422976501305483,0.05429559155773061,0.28485849499702454,0.29503916449086165,0.7049608355091384,0.08442438393831253,0.062089525163173676,5.198265079029874,0.0006998665630817413
03b09La,C:/Project/AI-STRESS-DETECTOR/data/public/emodb/wav/03b09La.wav,C:\Project\AI-STRESS-DETECTOR\data\public\emodb\wav\03b09La.wav,low,0,speaker_03,train,de,emodb_b09,studio,controlled,Ich will das eben wegbringen und dann mit Karl was trinken gehen.,emodb_emotion=boredom; variation=a,3.1126875,0.09189948439598083,0.08309070765972137,0.21579642593860626,0.07072697926044885,0.10144464137607521,1168.268898954896,901.6032567170963,1281.1108095983527,452.5858971461788,2239.6116504854367,1525.6834145874152,0.19571775197982788,0.1491614133119583,-22.226755142211914,14.742765426635742,1.4497507810592651,4.372387886047363,0.49848946928977966,0.19925223290920258,-1.405052661895752,-0.8484048843383789,0.17763087153434753,0.4957582950592041,0.035494301468133926,0.39250409603118896,0.04178709536790848,15.980165481567383,7.154861927032471,3.313532829284668,3.0451180934906006,1.8366327285766602,2.127336025238037,1.7169654369354248,1.696378231048584,1.5172168016433716,1.49516761302948,1.1370422840118408,0.9713903069496155,1.206229329109192,-0.008407407440245152,0.000318474747473374,0.010169919580221176,0.010573213919997215,0.0032084581907838583,0.002722329692915082,0.005787721369415522,-0.0015021597500890493,-0.010377157479524612,-0.013417605310678482,-0.0034325362648814917,-0.0038513296749442816,0.003008861793205142,5.021126747131348,2.270944833755493,1.4608738422393799,0.9126154184341431,0.7909951210021973,0.7489373683929443,0.6939961314201355,0.6386513710021973,0.603078305721283,0.5954217314720154,0.4875985383987427,0.47620394825935364,0.4834502041339874,134.8757845310963,58.17832019566291,271.7859220477021,0.5080906148867314,0.10889874800441554,0.17134521901607513,0.22330097087378642,0.7766990291262136,0.1160864308476448,0.07911767065525055,2.2488605104110198,-0.061621326953172684
03b09Nc,C:/Project/AI-STRESS-DETECTOR/data/public/emodb/wav/03b09Nc.wav,C:\Project\AI-STRESS-DETECTOR\data\public\emodb\wav\03b09Nc.wav,low,0,speaker_03,train,de,emodb_b09,studio,controlled,Ich will das eben wegbringen und dann mit Karl was trinken gehen.,emodb_emotion=neutral; variation=c,2.5885625,0.09190915524959564,0.07999660074710846,0.20368103682994843,0.09865129750446154,0.13914826079931109,1393.968273734036,1145.7954601375013,1344.671977439134,473.54801872510296,2567.4708171206225,1783.240673530081,0.22685828804969788,0.1753884106874466,-22.65555763244629,13.112458229064941,1.768209457397461,4.416153907775879,0.3655956983566284,-0.1504446566104889,-0.8732666373252869,-0.14404509961605072,-0.9381904006004333,0.7677924633026123,0.17594227194786072,0.6739249229431152,-0.41439196467399597,17.1501407623291,8.501446723937988,3.4017624855041504,3.07528018951416,1.720324993133545,2.2549307346343994,1.6579915285110474,1.670690894126892,1.7230160236358643,1.862070083618164,1.0170153379440308,0.9019375443458557,1.044631838798523,-0.03251677751541138,0.008217948488891125,-0.006082495674490929,-0.0250451248139143,0.008736866526305676,-0.00914766639471054,-0.0008247594232670963,-0.0047508287243545055,0.00025115913012996316,0.012898282147943974,0.0018808359745889902,-0.008774534799158573,0.0028994083404541016,6.122714042663574,2.68799090385437,1.7944066524505615,1.1738157272338867,0.7536153197288513,0.8717356324195862,0.7654266357421875,0.7017337083816528,0.6272386908531189,0.7304868698120117,0.49067625403404236,0.48869678378105164,0.4634803235530853,139.03755475640116,41.74234024404378,265.66791510611733,0.5019455252918288,0.06738264106507871,0.22602976858615875,0.24513618677042803,0.754863813229572,0.11900898814201355,0.07389712333679199,3.8631479827124124,-0.036586567759513855
03b09Tc,C:/Project/AI-STRESS-DETECTOR/data/public/emodb/wav/03b09Tc.wav,C:\Project\AI-STRESS-DETECTOR\data\public\emodb\wav\03b09Tc.wav,moderate,1,speaker_03,train,de,emodb_b09,studio,controlled,Ich will das eben wegbringen und dann mit Karl was trinken gehen.,emodb_emotion=sadness; variation=c,3.947125,0.10021421313285828,0.10791074484586716,0.24908070266246796,0.07850414841174182,0.11513797679935232,1216.3713623705212,958.7191691083873,1413.237445887197,480.042640108542,2399.083969465649,1691.631603363672,0.22870129346847534,0.159506157040596,-24.592187881469727,12.553079605102539,3.0110795497894287,4.544936656951904,0.44258004426956177,0.6733784079551697,-0.7218859195709229,-0.6481375694274902,0.1338934451341629,0.485282301902771,0.6120616793632507,0.5608841776847839,0.34569260478019714,15.387686729431152,7.535733222961426,2.5791049003601074,2.700348138809204,1.9078564643859863,1.858154058456421,2.0166587829589844,1.912405252456665,1.3661084175109863,1.5453636646270752,0.9446447491645813,0.9173210859298706,0.990235447883606,0.00591625552624464,-0.0014115860685706139,0.0004784903139807284,0.0006654147291556001,-0.0006603578804060817,-0.0029789400286972523,-0.005141804460436106,-0.005376092158257961,-0.0038517466746270657,-0.0005682558403350413,-0.0015532796969637275,0.0025568038690835238,-0.0033527615014463663,4.254148960113525,2.4292049407958984,1.3442096710205078,0.9716731905937195,0.8691607713699341,0.773696780204773,0.7779256105422974,0.6774398684501648,0.5100902915000916,0.5381976366043091,0.4681926667690277,0.4651954770088196,0.45912736654281616,144.61395359953463,59.49932866492575,257.99457994579944,0.3944020356234097,0.12043320906202558,0.22700631618499756,0.3282442748091603,0.6717557251908397,0.1450612097978592,0.10582275688648224,2.7868385217088387,-0.07304798066616058
03b09Wa,C:/Project/AI-STRESS-DETECTOR/data/public/emodb/wav/03b09Wa.wav,C:\Project\AI-STRESS-DETECTOR\data\public\emodb\wav\03b09Wa.wav,severe,3,speaker_03,train,de,emodb_b09,studio,controlled,Ich will das eben wegbringen und dann mit Karl was trinken gehen.,emodb_emotion=anger; variation=a,2.89375,0.06369128078222275,0.06757801026105881,0.1358586549758911,0.13686655663549116,0.14149674678456883,1851.9549823260659,1039.2547736900358,1572.6597494291238,370.63560705122285,3339.094076655052,1584.9212869802407,0.3070134222507477,0.17548775672912598,-23.0798397064209,9.239592552185059,0.27528634667396545,3.707642078399658,-0.35175350308418274,-1.0304625034332275,-0.6897621154785156,-0.9616247415542603,-1.659722089767456,-0.11056257784366608,-0.17892713844776154,0.06910031288862228,-0.7150678038597107,17.28228187561035,6.791747093200684,4.069121837615967,4.343580722808838,2.4242377281188965,2.6237800121307373,1.6210867166519165,1.5983543395996094,1.9032799005508423,1.5713478326797485,1.0489513874053955,1.3296008110046387,1.1527498960494995,-0.003257432486861944,0.0008295537554658949,-0.0045061721466481686,-0.008602621965110302,-0.003144880523905158,0.002349641639739275,0.00027839772519655526,0.009694698266685009,0.0037685378920286894,0.00015196068852674216,0.0006609955453313887,0.001655368017964065,0.005252034403383732,6.989467620849609,2.0625252723693848,1.7268017530441284,1.2017862796783447,0.9498342275619507,1.1195169687271118,0.7832030057907104,0.7514968514442444,0.7792489528656006,0.616743803024292,0.49500906467437744,0.5740374326705933,0.5273571610450745,194.87308102460278,47.83702719220454,231.8840579710145,0.5749128919860628,0.09330023425706065,0.2683786451816559,0.2857142857142857,0.7142857142857143,0.08600853383541107,0.06806396692991257,4.838012958963283,0.030378960072994232
03b10Ab,C:/Project/AI-STRESS-DETECTOR/data/public/emodb/wav/03b10Ab.wav,C:\Project\AI-STRESS-DETECTOR\data\public\emodb\wav\03b10Ab.wav,high,2,speaker_03,train,de,emodb_b10,studio,controlled,"Die wird auf dem Platz sein, wo wir sie immer hinlegen.",emodb_emotion=fear; variation=b,2.82825,0.06344768404960632,0.06311596930027008,0.14238916337490082,0.15000133786423353,0.15887412510300938,2077.362056696872,1017.1914526937849,1859.0420582731006,317.7020335406222,4152.740213523131,1402.4640111666852,0.3852189779281616,0.16239377856254578,-25.39127540588379,6.594404220581055,0.8447294235229492,1.9195245504379272,-0.7552918195724487,-0.44061294198036194,-2.1284024715423584,-0.801575243473053,-1.5724421739578247,-0.8359317183494568,-0.6726690530776978,-0.4781888425350189,-0.846729040145874,21.126087188720703,5.43184757232666,3.2987537384033203,3.2145509719848633,2.251969337463379,2.392212390899658,2.4809229373931885,1.5692113637924194,2.233489751815796,1.9238256216049194,1.3529103994369507,1.3292262554168701,1.5315698385238647,-0.0032526743598282337,-0.0012749913148581982,0.00119831133633852,-0.0073967184871435165,0.001248451299034059,0.000582132488489151,-0.0015864635352045298,-0.0012412801152095199,-0.0021348916925489902,-0.005136167164891958,0.0029276765417307615,0.002911139978095889,-0.0009760865359567106,5.049242973327637,1.8478388786315918,1.2856762409210205,1.1290408372879028,0.905475378036499,0.8094825744628906,0.8328813910484314,0.6668480038642883,0.7478338479995728,0.6372438669204712,0.5487403869628906,0.5684595704078674,0.5629435777664185,245.63704326207016,32.57367814869244,187.82608695652175,0.5800711743772242,0.0452646756626766,0.2266683131456375,0.33096085409252674,0.6690391459074733,0.09296911209821701,0.057523101568222046,2.1214531954388756,-0.00828685611486435
03b10Ec,C:/Project/AI-STRESS-DETECTOR/data/public/emodb/wav/03b10Ec.wav,C:\Project\AI-STRESS-DETECTOR\data\public\emodb\wav\03b10Ec.wav,high,2,speaker_03,train,de,emodb_b10,studio,controlled,"Die wird auf dem Platz sein, wo wir sie immer hinlegen.",emodb_emotion=disgust; variation=c,3.202,0.11863246560096741,0.09269190579652786,0.24443139135837555,0.12309074573225517,0.15272746721067507,1633.7667973887465,1105.936870402917,1538.0978435085822,453.0750779540254,3087.5471698113206,1807.384822215167,0.29475724697113037,0.20040251314640045,-14.819771766662598,11.206585884094238,1.4769186973571777,3.9574174880981445,0.3650788366794586,-0.7970021367073059,-2.022329807281494,-0.5301264524459839,-0.10679889470338821,0.4111495614051819,-0.8900460004806519,0.3918507993221283,-0.34696123003959656,12.704890251159668,6.9330220222473145,3.5218379497528076,3.601205348968506,1.8676162958145142,2.2158193588256836,1.8636246919631958,1.5845879316329956,1.1006265878677368,1.442959189414978,1.1843880414962769,0.9484468102455139,1.3170349597930908,0.029309140518307686,0.017537543550133705,0.009794256649911404,0.003188022179529071,0.010396617464721203,-0.011729230172932148,-0.012092797085642815,-0.0015431151259690523,-0.0013826845679432154,-0.006660819053649902,-0.0040941303595900536,-0.0019505650270730257,-0.005541959777474403,4.508229732513428,1.8251702785491943,1.1226346492767334,0.8859928250312805,0.7325538396835327,0.7604845762252808,0.7259612679481506,0.5881257057189941,0.5093535780906677,0.5188382863998413,0.4398818016052246,0.43448832631111145,0.48305827379226685,154.60373019519142,37.31737770535073,241.26984126984127,0.7264150943396226,0.05382205528080419,0.1743318736553192,0.17924528301886788,0.8207547169811321,0.14190594851970673,0.08612772077322006,3.4353529044347284,-0.017129361629486084
03b10Na,C:/Project/AI-STRESS-DETECTOR/data/public/emodb/wav/03b10Na.wav,C:\Project\AI-STRESS-DETECTOR\data\public\emodb\wav\03b10Na.wav,low,0,speaker_03,train,de,emodb_b10,studio,controlled,"Die wird auf dem Platz sein, wo wir sie immer hinlegen.",emodb_emotion=neutral; variation=a,2.2564375,0.11728226393461227,0.10152773559093475,0.26950976252555847,0.10079887218045112,0.15046861713012738,1391.670280677192,1190.9774573484333,1355.5493145364762,483.53758276404966,2541.964285714286,1836.8362937815282,0.22348664700984955,0.17031852900981903,-19.20798110961914,13.186628341674805,2.1980812549591064,4.590190887451172,0.43410930037498474,-0.4647233486175537,-1.44610595703125,-0.2658024728298187,-0.8528941869735718,0.8045576214790344,-0.21549160778522491,0.7049174308776855,-0.3671140670776367,14.878052711486816,7.996833801269531,3.804419994354248,3.292632818222046,2.0348453521728516,1.8282095193862915,2.0357730388641357,1.7546583414077759,1.6629825830459595,1.629939079284668,0.9849151968955994,0.8860235214233398,1.1001838445663452,-0.06482172012329102,0.05496203899383545,0.009143331088125706,-0.019001757726073265,0.004914485849440098,-0.0046269530430436134,-0.004342579748481512,0.0003337562084197998,0.0030742560047656298,0.005271049682050943,0.005122150760143995,-0.000889163464307785,-0.004419777076691389,5.683882236480713,2.4629578590393066,1.718318223953247,0.9974507689476013,0.9271838068962097,0.7492619156837463,0.7371670603752136,0.7573317885398865,0.6828274726867676,0.5958049893379211,0.45572006702423096,0.4500731825828552,0.4995392858982086,145.73069957697092,53.202038832364686,261.98830409356725,0.6607142857142857,0.10993934577550458,0.24204012751579285,0.2321428571428571,0.7678571428571429,0.14835111796855927,0.09609311074018478,3.1022352713070935,-0.02765785902738571
03b10Nc,C:/Project/AI-STRESS-DETECTOR/data/public/emodb/wav/03b10Nc.wav,C:\Project\AI-STRESS-DETECTOR\data\public\emodb\wav\03b10Nc.wav,low,0,speaker_03,train,de,emodb_b10,studio,controlled,"Die wird auf dem Platz sein, wo wir sie immer hinlegen.",emodb_emotion=neutral; variation=c,2.2176875,0.09907621890306473,0.08072926849126816,0.2047862410545349,0.1055023923444976,0.16046551478923987,1423.6456642536386,1263.3358100621133,1399.00812375155,466.1523142332759,2592.3636363636365,1894.9924093264751,0.22704429924488068,0.16072534024715424,-21.029417037963867,12.605710983276367,3.042994260787964,3.775101900100708,0.30345359444618225,-0.10238873213529587,-2.0190269947052,-0.06053730472922325,-0.40606263279914856,0.2843382656574249,0.0029916330240666866,0.266358882188797,-0.5773810744285583,14.128864288330078,7.930932521820068,3.5645575523376465,3.3819363117218018,1.670932650566101,1.8481560945510864,1.8851536512374878,1.9211069345474243,1.9411028623580933,1.6974191665649414,0.9993330836296082,0.9674956798553467,1.5042260885238647,-0.06291104853153229,-0.011385207064449787,-0.013507452793419361,-0.014197884127497673,0.00055598997278139,0.019317185506224632,0.001788138528354466,-0.001882724347524345,-0.010739189572632313,-0.003259580349549651,0.0026940973475575447,-0.008994422852993011,-0.007311135530471802,5.527052402496338,2.408632278442383,1.3933656215667725,1.0585163831710815,0.8125407695770264,0.7970067262649536,0.8084878325462341,0.6779851317405701,0.7375362515449524,0.598392903804779,0.4613111913204193,0.5377593636512756,0.5817017555236816,158.39361546597172,50.51554662954979,252.027741859645,0.5363636363636364,0.07040393786387039,0.20823021233081818,0.21363636363636362,0.7863636363636364,0.12309614568948746,0.0746406614780426,3.6073612715948484,-0.012605763971805573
03b10Wb,C:/Project/AI-STRESS-DETECTOR/data/public/emodb/wav/03b10Wb.wav,C:\Project\AI-STRESS-DETECTOR\data\public\emodb\wav\03b10Wb.wav,severe,3,speaker_03,train,de,emodb_b10,studio,controlled,"Die wird auf dem Platz sein, wo wir sie immer hinlegen.",emodb_emotion=anger; variation=b,2.1664375,0.06580545008182526,0.0710495337843895,0.1692442148923874,0.1457830623069301,0.14426307659225818,1967.629547034061,1017.6857471199131,1669.3470709356393,359.49218791069313,3643.5348837209303,1501.4122243367333,0.33137500286102295,0.18039439618587494,-22.179306030273438,8.179681777954102,-0.35267403721809387,2.748657703399658,-1.2475000619888306,-1.614753246307373,-1.8085254430770874,-1.0645898580551147,-2.489588499069214,-0.8155179023742676,-0.6368579864501953,-0.3551989197731018,-1.2911653518676758,16.672582626342773,5.997677803039551,4.3569865226745605,3.6028149127960205,2.306654930114746,2.36244797706604,2.368234634399414,1.6618785858154297,1.8892912864685059,1.8720322847366333,1.3793632984161377,1.2224781513214111,1.4312282800674438,-0.05632597580552101,-0.0032447061967104673,0.00040180073119699955,0.027066709473729134,0.018083516508340836,0.009580212645232677,0.00483957352116704,0.0010525104589760303,0.008326208218932152,0.006675964221358299,0.0007354925037361681,0.0052094729617238045,0.006180445663630962,4.815840721130371,1.976969599723816,1.739430546760559,1.2227965593338013,0.8848114609718323,0.7815223336219788,0.7797355055809021,0.7210797071456909,0.7418344020843506,0.7161684632301331,0.5790014863014221,0.5457426309585571,0.5670870542526245,227.50527198201766,40.10336236890515,188.59957776213932,0.6511627906976745,0.05592036750163112,0.2557099759578705,0.3162790697674419,0.6837209302325581,0.09251777827739716,0.07147195935249329,3.231110982892422,-0.009426802396774292
03b10Wc,C:/Project/AI-STRESS-DETECTOR/data/public/emodb/wav/03b10Wc.wav,C:\Project\AI-STRESS-DETECTOR\data\public\emodb\wav\03b10Wc.wav,severe,3,speaker_03,train,de,emodb_b10,studio,controlled,"Die wird auf dem Platz sein, wo wir sie immer hinlegen.",emodb_emotion=anger; variation=c,2.442,0.08033889532089233,0.08556405454874039,0.21803385019302368,0.1627622775948135,0.1571110585794038,2061.7286691865165,1052.1347161590604,1692.5131492395572,351.10562137499926,3776.3636363636365,1544.8394497875288,0.3340107500553131,0.1798940747976303,-19.792221069335938,7.035728454589844,-1.044291377067566,1.6792751550674438,-1.66162109375,-1.7882351875305176,-2.0867133140563965,-0.9878389835357666,-2.4306604862213135,-1.1226482391357422,-0.6101126670837402,-0.45707181096076965,-1.2215142250061035,16.71711540222168,6.230585098266602,4.791776180267334,3.488849639892578,2.7139458656311035,2.3787105083465576,2.194063186645508,1.785186529159546,1.9853225946426392,1.9202420711517334,1.5196681022644043,1.3157371282577515,1.4220861196517944,-0.02049901708960533,0.014657347463071346,0.0019113840535283089,0.0007510756840929389,-0.00018006414757110178,0.0022713979706168175,0.0018256567418575287,0.001485268003307283,0.001387035590596497,-0.0035341959446668625,-0.007696706335991621,-0.011851863004267216,-0.0041062962263822556,5.649418830871582,2.0202908515930176,1.690256953239441,1.0526272058486938,0.9900994300842285,0.849518895149231,0.8084699511528015,0.7802644371986389,0.8489006757736206,0.7286993861198425,0.6107419729232788,0.5777751207351685,0.542802095413208,244.7273031040718,49.48780928487587,208.19412695621594,0.7024793388429752,0.04652545113973473,0.2507226765155792,0.26859504132231404,0.731404958677686,0.10679911077022552,0.08595968037843704,3.2760032760032756,-0.029122523963451385
08a01Ab,C:/Project/AI-STRESS-DETECTOR/data/public/emodb/wav/08a01Ab.wav,C:\Project\AI-STRESS-DETECTOR\data\public\emodb\wav\08a01Ab.wav,high,2,speaker_08,train,de,emodb_a01,studio,controlled,Der Lappen liegt auf dem Eisschrank.,emodb_emotion=fear; variation=b,1.8540625,0.11217867583036423,0.08909990638494492,0.23581165075302124,0.12860018899708286,0.16595457819892853,1771.3242567249083,1187.427433729766,1595.9951490440537,330.41326004085295,3250.054644808743,1744.3979020652916,0.2874676585197449,0.16823603212833405,-19.867155075073242,8.466533660888672,0.2093668431043625,0.6863124966621399,-0.9085820317268372,0.15842068195343018,-2.916870355606079,-0.5669828653335571,-1.3632736206054688,-0.8861958384513855,-0.28609663248062134,-1.065090537071228,-0.5798121094703674,18.194353103637695,6.888143062591553,4.181178569793701,3.884989023208618,2.4301605224609375,2.616440773010254,2.7661232948303223,1.4730224609375,2.508631706237793,1.7050954103469849,1.3184741735458374,1.4733920097351074,1.5542341470718384,0.07810511440038681,-0.009324788115918636,-0.018501177430152893,0.008356982842087746,-0.00276943645440042,-0.016992077231407166,-0.028763677924871445,-0.0076727308332920074,-0.008667333982884884,-0.006629514042288065,-0.010042380541563034,-0.007870430126786232,-0.00787927396595478,5.73024320602417,1.9775272607803345,1.525435209274292,1.1547558307647705,0.8866186141967773,1.0465348958969116,1.006532907485962,0.7432434558868408,0.7513946890830994,0.6233344078063965,0.5881190299987793,0.6054803729057312,0.5860930681228638,258.23100856970774,39.141314382401184,175.78027465667913,0.6065573770491803,0.036721115241428605,0.17011485993862152,0.3005464480874317,0.6994535519125683,0.1557275950908661,0.07071571797132492,2.6967807180178665,-0.009557940065860748
08a01Fd,C:/Project/AI-STRESS-DETECTOR/data/public/emodb/wav/08a01Fd.wav,C:\Project\AI-STRESS-DETECTOR\data\public\emodb\wav\08a01Fd.wav,moderate,1,speaker_08,train,de,emodb_a01,studio,controlled,Der Lappen liegt auf dem Eisschrank.,emodb_emotion=happiness; variation=d,2.29975,0.14409774541854858,0.14386790990829468,0.3542724847793579,0.10184452358967593,0.16676645971298434,1500.814148202347,1192.5492193037098,1586.1762324321608,373.98696442456605,2825.2631578947367,1851.950233561914,0.2658713161945343,0.15276865661144257,-21.419662475585938,8.672744750976562,2.1249687671661377,2.8770511150360107,0.48250579833984375,0.8657664060592651,-0.22080275416374207,0.4860118329524994,-0.08987633883953094,0.3894939720630646,0.12936711311340332,0.3582967221736908,-0.28636273741722107,20.07978630065918,6.990119457244873,3.788583278656006,2.515812397003174,2.517267942428589,2.5205464363098145,2.430459976196289,1.9338412284851074,2.222792863845825,1.7016637325286865,1.3026624917984009,1.174538493156433,1.377516269683838,0.016861597076058388,-0.00046362585271708667,0.0041521755047142506,0.008716084063053131,0.0050177136436104774,0.00882986094802618,0.015809889882802963,0.00476733548566699,-0.00041573194903321564,0.008796622976660728,0.00741955079138279,-0.00314323790371418,-0.0015489845536649227,4.573378086090088,1.9002556800842285,1.4365360736846924,0.9902843832969666,0.8895065188407898,0.934353232383728,0.867900013923645,0.6970809102058411,0.7114272713661194,0.5577712059020996,0.5109488368034363,0.5165372490882874,0.5049264430999756,248.7101855151626,61.585088721888525,269.5340501792115,0.4956140350877193,0.08685267561983692,0.26980432868003845,0.32894736842105265,0.6710526315789473,0.2093140035867691,0.1338120847940445,1.7393194912490488,0.033548325300216675
08a01Lc,C:/Project/AI-STRESS-DETECTOR/data/public/emodb/wav/08a01Lc.wav,C:\Project\AI-STRESS-DETECTOR\data\public\emodb\wav\08a01Lc.wav,low,0,speaker_08,train,de,emodb_a01,studio,controlled,Der Lappen liegt auf dem Eisschrank.,emodb_emotion=boredom; variation=c,2.0170625,0.08969137072563171,0.09583102911710739,0.23097924888134003,0.09573934837092732,0.12891247326638824,1369.439028575946,1010.9166312702307,1436.436785995984,394.4478102497676,2501.4,1638.6964453491685,0.2348068654537201,0.156927689909935,-24.346445083618164,11.893779754638672,1.5727276802062988,1.2501404285430908,-0.23563815653324127,0.6666882038116455,-1.7316670417785645,-0.6034193634986877,-1.2161071300506592,-0.04141021892428398,-0.3327726125717163,-0.705416738986969,-0.538303554058075,17.441734313964844,7.475414276123047,3.441366672515869,3.1891672611236572,2.4187610149383545,2.417268753051758,2.5123238563537598,1.7423070669174194,2.0325324535369873,1.702592134475708,1.339042067527771,1.2989434003829956,1.2783417701721191,-0.010779952630400658,-0.016452614217996597,0.002892912132665515,0.016291610896587372,0.0009009718778543174,0.0034041451290249825,0.0010229670442640781,-0.010257796384394169,-0.0068780360743403435,0.0021086966153234243,0.014704870991408825,0.0026818858459591866,-0.003857748582959175,3.530802011489868,2.0607049465179443,1.1803793907165527,0.9605173468589783,0.7710748910903931,0.7790614366531372,0.6719692349433899,0.6612387299537659,0.6633411645889282,0.5350143313407898,0.5093263387680054,0.5186090469360352,0.5076320171356201,201.70055107514216,47.11893260259791,210.34423110188547,0.615,0.03951887832108552,0.17182663083076477,0.29500000000000004,0.705,0.12423136830329895,0.09469722956418991,2.4788522913890865,-0.08034496754407883
08a01Na,C:/Project/AI-STRESS-DETECTOR/data/public/emodb/wav/08a01Na.wav,C:\Project\AI-STRESS-DETECTOR\data\public\emodb\wav\08a01Na.wav,low,0,speaker_08,train,de,emodb_a01,studio,controlled,Der Lappen liegt auf dem Eisschrank.,emodb_emotion=neutral; variation=a,1.7645,0.09314838796854019,0.09656958281993866,0.27158042788505554,0.09541094114596835,0.14156572284728633,1368.7028767202976,1096.6981816071807,1495.3065480678704,341.37420545808055,2457.2413793103447,1774.6793070539404,0.241312175989151,0.14841100573539734,-23.694454193115234,10.818718910217285,3.018655776977539,2.521235942840576,0.1218595802783966,0.8799459338188171,-0.9606631994247437,-0.13929501175880432,-0.6809459328651428,0.2587120532989502,-0.1194603219628334,-0.5723226070404053,-0.27056941390037537,17.181549072265625,7.267430782318115,3.2623138427734375,3.038825035095215,2.2724905014038086,2.567049264907837,2.3348381519317627,1.6208274364471436,2.084031105041504,1.5687874555587769,1.2449134588241577,1.3111317157745361,1.5409374237060547,-0.016542259603738785,0.003447899827733636,-0.0032101457472890615,-0.002824535360559821,-0.00459400936961174,0.01109993364661932,-0.01552235521376133,0.00413855304941535,0.006807628553360701,-0.017495794221758842,0.0016243135323747993,-0.010912565514445305,-0.002754699205979705,5.513674736022949,1.9235708713531494,1.3016949892044067,1.105276346206665,0.9139211773872375,1.0048930644989014,0.930604100227356,0.7008437514305115,0.860532283782959,0.600904107093811,0.5667444467544556,0.5467393398284912,0.5548354387283325,193.65284716996712,39.57649572280594,223.03030303030303,0.5517241379310345,0.09231461244791171,0.18385593593120575,0.3160919540229885,0.6839080459770115,0.1314248889684677,0.09480386972427368,3.4003967129498442,-0.1040988340973854
08a01Wa,C:/Project/AI-STRESS-DETECTOR/data/public/emodb/wav/08a01Wa.wav,C:\Project\AI-STRESS-DETECTOR\data\public\emodb\wav\08a01Wa.wav,severe,3,speaker_08,train,de,emodb_a01,studio,controlled,Der Lappen liegt auf dem Eisschrank.,emodb_emotion=anger; variation=a,1.6128125,0.05483052879571915,0.05611385032534599,0.11969699710607529,0.1547737267697546,0.1354853017855787,2176.2259235978686,947.5245966705381,1775.2870644197885,314.5217092982649,4108.176100628931,1300.933798800993,0.3371888995170593,0.13845700025558472,-27.46986198425293,4.861846923828125,-2.1836156845092773,0.20789572596549988,-2.456252098083496,-0.6021811962127686,-2.8680477142333984,-0.7185607552528381,-1.575578212738037,-0.8857044577598572,-0.7133017182350159,-0.4929918944835663,-0.2598547041416168,24.19149398803711,5.745689392089844,5.001528739929199,3.1485116481781006,3.33358097076416,2.834357500076294,3.0162057876586914,1.8816769123077393,2.1957359313964844,1.656882882118225,1.5167499780654907,1.3305470943450928,1.6957710981369019,-0.03598334267735481,-0.008927703835070133,0.004616929218173027,0.0010093472665175796,0.00921829417347908,0.014916690066456795,0.005831838585436344,-0.0014035627245903015,-0.004630574490875006,-0.008203353732824326,-0.011241099797189236,-0.0018014799570664763,0.008449722081422806,5.433328151702881,2.2268717288970947,1.7035291194915771,1.1399109363555908,0.9790580868721008,1.0638865232467651,1.0052765607833862,0.847585141658783,0.8073079586029053,0.6754896640777588,0.6659723520278931,0.5712445378303528,0.7242108583450317,291.6749067848711,46.08297146920188,169.50904392764858,0.5786163522012578,0.06822040322571381,0.19618329405784607,0.39622641509433965,0.6037735849056604,0.08652239292860031,0.05144430324435234,4.340244138732804,-0.027174625545740128
08a01Wc,C:/Project/AI-STRESS-DETECTOR/data/public/emodb/wav/08a01Wc.wav,C:\Project\AI-STRESS-DETECTOR\data\public\emodb\wav\08a01Wc.wav,severe,3,speaker_08,train,de,emodb_a01,studio,controlled,Der Lappen liegt auf dem Eisschrank.,emodb_emotion=anger; variation=c,1.691,0.10722728818655014,0.11099687963724136,0.30322664976119995,0.19544369906802941,0.1487183397419315,2300.4390896066166,954.9236149684025,1714.3355107103575,280.0568870470173,4154.730538922156,1315.2667880692165,0.3484431803226471,0.1641099900007248,-19.233205795288086,2.963440179824829,-4.574938774108887,-0.2708275616168976,-2.676980495452881,-0.8499430418014526,-2.432454824447632,-0.7092223763465881,-1.7252837419509888,-0.14936579763889313,-0.0494835339486599,0.8477572202682495,1.1823136806488037,21.349124908447266,5.352579116821289,5.662395000457764,3.010881185531616,3.093374490737915,2.634213924407959,2.3825416564941406,1.7210593223571777,2.068525552749634,1.4956543445587158,1.638582468032837,1.9220255613327026,1.6491981744766235,-0.029345141723752022,-0.04762112349271774,-0.03235435485839844,-9.978745219996199e-05,0.019457994028925896,0.002666763262823224,-0.023313937708735466,0.009960928000509739,0.02644052915275097,0.01242140494287014,0.016877179965376854,0.016818586736917496,0.0005608572391793132,5.387942314147949,2.1093125343322754,1.9746679067611694,1.1357688903808594,1.2010579109191895,1.0261435508728027,0.9743587374687195,0.7784633636474609,0.8060390949249268,0.7356764674186707,0.7030354142189026,0.7735319137573242,0.787082314491272,256.35572540539715,54.98397762389207,190.6071019473081,0.6467065868263473,0.07757539636271721,0.2710510790348053,0.32335329341317365,0.6766467065868264,0.1550702005624771,0.10542957484722137,2.956830277942046,0.013877473771572113
08a02Ab,C:/Project/AI-STRESS-DETECTOR/data/public/emodb/wav/08a02Ab.wav,C:\Project\AI-STRESS-DETECTOR\data\public\emodb\wav\08a02Ab.wav,high,2,speaker_08,train,de,emodb_a02,studio,controlled,Das will sie am Mittwoch abgeben.,emodb_emotion=fear; variation=b,1.584,0.09955593943595886,0.10216785967350006,0.21074414253234863,0.13235010603431654,0.14443475131430847,1880.3905692963774,1102.3835608511417,1713.82190019914,396.9284359770891,3502.5641025641025,1832.4268872653317,0.33396050333976746,0.182417094707489,-20.062910079956055,8.060239791870117,0.5359724760055542,1.5412492752075195,-0.9338183403015137,-0.7424083352088928,-1.3830139636993408,-0.9979422092437744,-1.4969943761825562,-1.3586981296539307,-0.4597146511077881,-0.7647776007652283,-0.49529290199279785,16.863618850708008,5.76107931137085,4.026851177215576,3.1843652725219727,2.643951654434204,3.1153862476348877,2.6721551418304443,1.4897409677505493,2.1469614505767822,1.7168534994125366,1.3576645851135254,1.310743808746338,1.2438400983810425,0.09130094200372696,0.018643885850906372,-0.03831322863698006,-0.019729308784008026,-0.017534852027893066,-0.02809799276292324,-0.03308439627289772,-0.01985292136669159,0.006957709789276123,-0.02226727083325386,-0.027760542929172516,-0.008113067597150803,-0.007160319946706295,6.045649528503418,2.0408365726470947,1.6328257322311401,1.2344144582748413,1.1610219478607178,1.0423835515975952,0.9598121643066406,0.7314592599868774,0.781519889831543,0.6570066213607788,0.6552874445915222,0.5462218523025513,0.5512683391571045,267.27553162228884,43.294283042213365,179.73137973137972,0.6474358974358975,0.06268819321609227,0.21755868196487427,0.25,0.75,0.13034355640411377,0.10055890679359436,3.7878787878787876,-0.017132654786109924
08a02Ac,C:/Project/AI-STRESS-DETECTOR/data/public/emodb/wav/08a02Ac.wav,C:\Project\AI-STRESS-DETECTOR\data\public\emodb\wav\08a02Ac.wav,high,2,speaker_08,train,de,emodb_a02,studio,controlled,Das will sie am Mittwoch abgeben.,emodb_emotion=fear; variation=c,1.6863125,0.05323229730129242,0.06078770011663437,0.10950544476509094,0.15057103837437907,0.16829356368504117,2149.6602255842126,1135.3480517951853,1909.7789601049903,349.71453734908965,4215.808383233533,1663.206386544105,0.41453078389167786,0.17055237293243408,-25.48790740966797,5.657950401306152,1.724621057510376,2.8303680419921875,0.14288510382175446,0.4021108150482178,-0.21947506070137024,-0.38131317496299744,-1.228570580482483,-0.8662124872207642,-0.34223473072052,-0.6567034125328064,-0.13535329699516296,17.947490692138672,5.284562587738037,3.306948184967041,2.7971932888031006,2.1671879291534424,2.2611591815948486,2.12977933883667,1.7170552015304565,1.81851327419281,1.8985552787780762,1.4165610074996948,1.4803874492645264,1.2761319875717163,0.11134139448404312,0.006357889622449875,-0.016160303726792336,-0.018513834103941917,-0.003230311209335923,-0.0019458546303212643,0.006893680430948734,0.003507120767608285,0.01711737923324108,-0.00041822472121566534,-0.007513343822211027,-0.004754811059683561,-0.007427288219332695,5.908854007720947,2.0401391983032227,1.3705216646194458,1.263319969177246,0.9816383123397827,0.8589518666267395,0.7936230897903442,0.7444718480110168,0.6791360974311829,0.7135174870491028,0.6533864140510559,0.6115657687187195,0.5180277824401855,250.00983724121988,46.494948080886,187.13450292397658,0.49101796407185627,0.06977588121848338,0.22481833398342133,0.32335329341317365,0.6766467065868264,0.07594292610883713,0.062089499086141586,3.558059375115822,-5.193054676055908e-06
08a02Fe,C:/Project/AI-STRESS-DETECTOR/data/public/emodb/wav/08a02Fe.wav,C:\Project\AI-STRESS-DETECTOR\data\public\emodb\wav\08a02Fe.wav,moderate,1,speaker_08,train,de,emodb_a02,studio,controlled,Das will sie am Mittwoch abgeben.,emodb_emotion=happiness; variation=e,1.6195,0.11000879108905792,0.10883479565382004,0.26885730028152466,0.09852756892230577,0.1396161475710142,1451.4392323138936,1191.5740881907343,1520.766849861858,540.8315281387836,2674.0,2078.760207431343,0.24493134021759033,0.17991788685321808,-22.089614868164062,11.305545806884766,2.573458194732666,3.7036900520324707,0.46617192029953003,-0.6043307781219482,-0.6297542452812195,-0.6778103113174438,-0.7303433418273926,-0.39026978611946106,-0.07502653449773788,-0.295929491519928,-0.7625583410263062,19.747177124023438,5.561184883117676,4.338659286499023,3.4068241119384766,2.5095162391662598,3.0793848037719727,2.213061809539795,1.6300336122512817,1.5257058143615723,1.4233318567276,1.2596317529678345,1.1982544660568237,1.3081257343292236,-0.07078225910663605,-0.02750622294843197,-0.008116519078612328,-0.005662286188453436,0.0188533216714859,0.012879331596195698,0.03489922732114792,0.013499727472662926,-0.0013174280757084489,-0.0070494175888597965,0.002136367605999112,0.0008614301914349198,0.009475095197558403,4.8618693351745605,1.9378033876419067,1.6196255683898926,1.1459928750991821,0.9882910847663879,0.9720668792724609,0.8465051054954529,0.6164652705192566,0.6067303419113159,0.5084010362625122,0.48515069484710693,0.5081629753112793,0.4549667239189148,221.03157126089988,36.56377943470987,221.1017740429505,0.6,0.060404919583927276,0.2000037431716919,0.35,0.65,0.1622401773929596,0.10200773924589157,3.0873726458783577,-0.12899266183376312
08a02La,C:/Project/AI-STRESS-DETECTOR/data/public/emodb/wav/08a02La.wav,C:\Project\AI-STRESS-DETECTOR\data\public\emodb\wav\08a02La.wav,low,0,speaker_08,train,de,emodb_a02,studio,controlled,Das will sie am Mittwoch abgeben.,emodb_emotion=boredom; variation=a,1.73375,0.13552112877368927,0.10260140150785446,0.2783222198486328,0.10337246625335268,0.13204892225140946,1433.8712489547597,1051.6113378574223,1511.1582771861026,476.5820993858776,2675.0877192982457,1908.6173828043043,0.24924913048744202,0.18731214106082916,-16.931615829467773,11.84860610961914,2.53140926361084,1.8866674900054932,-0.16917869448661804,-0.6845248937606812,-1.6548640727996826,-0.4895097017288208,-1.6075522899627686,-0.2341080605983734,-0.14324793219566345,-0.7314332723617554,-0.38080382347106934,16.013591766357422,6.495227813720703,4.327345848083496,3.7705795764923096,2.748159885406494,2.792820692062378,2.467696189880371,1.5219881534576416,1.732100486755371,1.2683768272399902,1.2945072650909424,1.4169780015945435,1.3230715990066528,0.16291296482086182,0.02547094225883484,0.003329536411911249,0.029770826920866966,0.031415197998285294,0.014472742564976215,-0.009567908942699432,-0.018491461873054504,-0.03562120348215103,-0.004764812998473644,-0.01816185936331749,-0.007619887124747038,-0.007897966541349888,4.721611499786377,2.01395845413208,1.6050177812576294,1.1315337419509888,0.9302509427070618,0.8415383696556091,0.7323201298713684,0.6575772166252136,0.692302942276001,0.5398781895637512,0.5435158610343933,0.5304648280143738,0.45000195503234863,194.03028447614042,42.10741106747431,155.31587057010788,0.7192982456140351,0.026542849857725287,0.15733425319194794,0.21052631578947367,0.7894736842105263,0.16817626357078552,0.09078676253557205,3.4607065609228553,-0.09774324297904968
08a02Na,C:/Project/AI-STRESS-DETECTOR/data/public/emodb/wav/08a02Na.wav,C:\Project\AI-STRESS-DETECTOR\data\public\emodb\wav\08a02Na.wav,low,0,speaker_08,train,de,emodb_a02,studio,controlled,Das will sie am Mittwoch abgeben.,emodb_emotion=neutral; variation=a,1.790625,0.14423389732837677,0.14021271467208862,0.3598502576351166,0.08242357305693612,0.1262387052113113,1342.3908195386225,1045.5864190301677,1576.3007387851305,453.80250776352943,2592.994350282486,1840.5245398768757,0.24614720046520233,0.16569623351097107,-21.301589965820312,10.884134292602539,3.9138996601104736,2.9782214164733887,0.6637276411056519,-0.27415013313293457,-0.9738672375679016,-0.3189592957496643,-1.2712970972061157,0.15305203199386597,0.2732139527797699,-0.5559979677200317,-0.3506222665309906,16.94257354736328,6.022511959075928,3.5655577182769775,3.3203325271606445,2.5718936920166016,3.2991108894348145,2.5848662853240967,1.448649525642395,1.99857497215271,1.1650086641311646,1.1640890836715698,1.4733295440673828,1.273169994354248,0.04541783779859543,-0.016035422682762146,0.016566812992095947,-0.01350207906216383,-0.0003306609869468957,0.0002643442421685904,-0.01096410397440195,-0.006695638410747051,-0.006568450480699539,-0.009344629943370819,-0.01590871624648571,0.005104058422148228,0.009616537019610405,4.9846954345703125,2.343254327774048,1.4600807428359985,1.1021020412445068,0.9311283826828003,0.9661197662353516,0.8899259567260742,0.7335910797119141,0.7037075757980347,0.5306968092918396,0.5637631416320801,0.5565171837806702,0.49943751096725464,202.00774471296577,42.673809110273886,202.18579234972677,0.5706214689265536,0.05880716445743253,0.2593345046043396,0.3615819209039548,0.6384180790960452,0.21790242195129395,0.12546861171722412,3.9092495636998255,-0.1288413479924202
08a02Tb,C:/Project/AI-STRESS-DETECTOR/data/public/emodb/wav/08a02Tb.wav,C:\Project\AI-STRESS-DETECTOR\data\public\emodb\wav\08a02Tb.wav,moderate,1,speaker_08,train,de,emodb_a02,studio,controlled,Das will sie am Mittwoch abgeben.,emodb_emotion=sadness; variation=b,3.0465625,0.13793140649795532,0.13706530630588531,0.3612420856952667,0.0661224017138556,0.1176799133518584,1277.04431274054,975.4365899624972,1655.1586118940972,408.49704779053934,2598.5478547854786,1807.1666654243074,0.256575345993042,0.15701141953468323,-21.839319229125977,9.438508033752441,4.284677505493164,3.8652029037475586,1.5075079202651978,1.5171173810958862,0.23349976539611816,1.4911317825317383,-0.48189622163772583,0.7594559192657471,0.9415839910507202,0.04241906851530075,0.7598534822463989,14.42501449584961,4.991786479949951,3.8190879821777344,3.145782232284546,2.1150283813476562,1.8792434930801392,2.346796989440918,0.971394956111908,1.8562895059585571,1.298258900642395,0.9897292256355286,1.3019708395004272,0.9494851231575012,-0.0018118679290637374,0.0037681402172893286,0.003389161080121994,0.004851224832236767,-0.001227131811901927,-0.005100087728351355,-0.001476850244216621,-0.0008610234945081174,0.0006852740189060569,0.0009843370644375682,-0.000987747684121132,0.002932121744379401,0.001633587060496211,4.104682445526123,1.4774622917175293,1.3375204801559448,0.9351344704627991,0.8940796256065369,0.7158709168434143,0.6327173709869385,0.5313032865524292,0.6309036612510681,0.4992569088935852,0.5088343024253845,0.5291619300842285,0.4426121711730957,220.33205957113825,92.47385326499537,233.41815097540285,0.6105610561056105,0.09088271006382583,0.2145366072654724,0.2607260726072608,0.7392739273927392,0.18097102642059326,0.13525272905826569,3.610626730946764,0.03459201008081436
08a02Wc,C:/Project/AI-STRESS-DETECTOR/data/public/emodb/wav/08a02Wc.wav,C:\Project\AI-STRESS-DETECTOR\data\public\emodb\wav\08a02Wc.wav,severe,3,speaker_08,train,de,emodb_a02,studio,controlled,Das will sie am Mittwoch abgeben.,emodb_emotion=anger; variation=c,1.8671875,0.046552084386348724,0.06101451814174652,0.12291725724935532,0.13659825238772605,0.1258524266902825,2053.045521550162,956.6884180102221,1741.546789756141,399.72619264005726,3897.2972972972975,1612.8816726569546,0.35380396246910095,0.18126645684242249,-31.701627731323242,5.632660865783691,-1.7026617527008057,1.170759677886963,-1.6194560527801514,-0.6800011992454529,-2.158961772918701,-0.8037086129188538,-2.0042355060577393,-0.9643033146858215,0.16523286700248718,-0.2924722135066986,-0.1298234909772873,23.059995651245117,6.2660231590271,5.127656936645508,3.3302736282348633,3.2930150032043457,3.0630838871002197,2.662172794342041,1.7223354578018188,2.0915231704711914,1.8074474334716797,1.1545768976211548,1.2866543531417847,1.4346486330032349,-0.04789410158991814,-0.04201687127351761,-0.009314299561083317,-0.00980830192565918,-0.011087322607636452,0.012868989259004593,0.007038057316094637,0.02433769963681698,0.010395715944468975,0.010364963673055172,-0.003156947437673807,-0.016701525077223778,-0.005492130294442177,6.277273178100586,1.912501335144043,1.8429731130599976,1.0110780000686646,1.0574100017547607,0.9037099480628967,0.8354458808898926,0.7775924801826477,0.7261766791343689,0.6562899351119995,0.6697445511817932,0.5963219404220581,0.6182961463928223,278.49953708141186,58.85898402145384,171.64750957854406,0.4810810810810811,0.10127416127774591,0.25835365056991577,0.4864864864864865,0.5135135135135135,0.0853319838643074,0.06426782160997391,3.213389121338912,-0.00987032800912857
08a04Ff,C:/Project/AI-STRESS-DETECTOR/data/public/emodb/wav/08a04Ff.wav,C:\Project\AI-STRESS-DETECTOR\data\public\emodb\wav\08a04Ff.wav,moderate,1,speaker_08,train,de,emodb_a04,studio,controlled,Heute abend koennte ich es ihm sagen.,emodb_emotion=happiness; variation=f,1.800625,0.07999349385499954,0.07562439143657684,0.1653003841638565,0.09559009884261216,0.12317191104142211,1426.8684679391174,1057.3882472645444,1505.5674989708612,506.6101924165031,2634.6067415730336,1840.7979804688975,0.23167037963867188,0.14108505845069885,-23.280292510986328,11.774768829345703,1.6601221561431885,2.1623902320861816,0.8184030652046204,-0.4152922034263611,-1.04677414894104,-0.33432435989379883,-1.0125863552093506,-0.20803764462471008,-0.5811483263969421,-0.7248628735542297,-0.7463690042495728,18.940471649169922,5.809565544128418,5.391343116760254,3.0952913761138916,2.3284506797790527,2.7190794944763184,2.314666271209717,1.6650677919387817,1.7591363191604614,1.4151558876037598,1.0750608444213867,1.167455792427063,1.3551210165023804,-0.004339689388871193,-0.025070490315556526,-0.006077263969928026,-0.005262996535748243,-0.006601171568036079,0.002293222350999713,0.009647171013057232,0.0025133604649454355,0.008355981670320034,0.00036071392241865396,0.0019429292296990752,0.002897062338888645,-0.0011137777473777533,4.325194358825684,2.2749996185302734,1.7361699342727661,0.9492506384849548,0.8961447477340698,1.003516674041748,0.855330765247345,0.573050320148468,0.6276803612709045,0.5684313774108887,0.5423240661621094,0.4682714343070984,0.5379354953765869,213.63184270783134,34.21653483735872,143.4709508686718,0.6853932584269663,0.0375724974802099,0.20010453462600708,0.2696629213483146,0.7303370786516854,0.10562704503536224,0.07330134510993958,2.2214508851093373,-0.04501940310001373
08a04La,C:/Project/AI-STRESS-DETECTOR/data/public/emodb/wav/08a04La.wav,C:\Project\AI-STRESS-DETECTOR\data\public\emodb\wav\08a04La.wav,low,0,speaker_08,train,de,emodb_a04,studio,controlled,Heute abend koennte ich es ihm sagen.,emodb_emotion=boredom; variation=a,2.085875,0.1624700427055359,0.11127409338951111,0.3116447329521179,0.08664172508566101,0.08893848664124804,1423.7567197696853,971.7171546651047,1534.798457724553,544.6712879473956,2588.2125603864733,1924.9032081159778,0.25164899230003357,0.17726577818393707,-13.372756958007812,12.88002872467041,2.4105396270751953,0.7727038264274597,0.4787818193435669,-0.6716181039810181,-1.4958490133285522,-0.5986344814300537,-1.9748252630233765,0.051462311297655106,-0.5310934782028198,-1.2314234972000122,-0.43986448645591736,13.519165992736816,6.2737836837768555,4.021997928619385,4.241307735443115,2.2357587814331055,2.0218071937561035,2.2072317600250244,1.4826053380966187,1.8740185499191284,1.4615001678466797,0.9924253821372986,1.2555054426193237,1.1433844566345215,0.15591281652450562,-0.01969262771308422,-0.009040327742695808,0.0034672615583986044,-0.006862957030534744,-0.00024808893795125186,0.006914878264069557,0.002732511842623353,-0.00591652188450098,-0.005585949402302504,0.019691716879606247,0.015883060172200203,0.004964593332260847,2.8414742946624756,1.6786731481552124,1.2136366367340088,0.9630926847457886,0.6658074259757996,0.7260749936103821,0.7326164841651917,0.5951038002967834,0.6688229441642761,0.4609818756580353,0.4019724130630493,0.4588136076927185,0.4088933765888214,195.5237522455376,43.57550996984256,157.16586151368762,0.8019323671497585,0.03154504162518789,0.13462790846824646,0.1594202898550725,0.8405797101449275,0.19000282883644104,0.09967493265867233,2.397075567807275,-0.09752125293016434
08a04Nc,C:/Project/AI-STRESS-DETECTOR/data/public/emodb/wav/08a04Nc.wav,C:\Project\AI-STRESS-DETECTOR\data\public\emodb\wav\08a04Nc.wav,low,0,speaker_08,train,de,emodb_a04,studio,controlled,Heute abend koennte ich es ihm sagen.,emodb_emotion=neutral; variation=c,2.03325,0.11430799961090088,0.10007914155721664,0.242136150598526,0.11164727739747377,0.1538613399002555,1485.7747869339075,1219.3697125788683,1509.0795244553112,443.8145581539631,2603.18407960199,1949.1745442431893,0.24803294241428375,0.16700249910354614,-20.05493927001953,11.742178916931152,3.5735015869140625,1.90326988697052,0.46687549352645874,0.5482422709465027,-1.1171175241470337,-0.2216014564037323,-1.3396177291870117,-0.12712500989437103,0.17980517446994781,-0.925731897354126,-0.3518982231616974,16.286075592041016,7.106379985809326,3.9547131061553955,3.6665492057800293,2.3273918628692627,2.5434153079986572,2.1411783695220947,1.461442470550537,2.2234129905700684,1.1069368124008179,1.0296099185943604,1.2851544618606567,1.298703908920288,0.013117699883878231,0.009763305075466633,0.0005410464946180582,6.106837099650875e-05,-0.009937433525919914,-0.005078946705907583,-0.002359420992434025,-0.010164567269384861,-0.004975468385964632,-0.007380756549537182,0.0017333897994831204,0.006354889366775751,0.008988744579255581,4.801974296569824,2.448005199432373,1.4442598819732666,1.020740270614624,0.7950552701950073,0.9660924673080444,0.8805375099182129,0.6695019006729126,0.7259567975997925,0.5865994095802307,0.49739471077919006,0.5150143504142761,0.4942510724067688,180.20506766230517,37.562155941883276,232.0675105485232,0.6616915422885572,0.06814548373848492,0.1938307285308838,0.2139303482587065,0.7860696517412935,0.1425829529762268,0.09479908645153046,3.9345874830935696,-0.06782416999340057
08a04Tb,C:/Project/AI-STRESS-DETECTOR/data/public/emodb/wav/08a04Tb.wav,C:\Project\AI-STRESS-DETECTOR\data\public\emodb\wav\08a04Tb.wav,moderate,1,speaker_08,train,de,emodb_a04,studio,controlled,Heute abend koennte ich es ihm sagen.,emodb_emotion=sadness; variation=b,3.8371875,0.10652362555265427,0.11112616956233978,0.27647802233695984,0.05955333359576953,0.11412141544016406,1151.0953620193882,898.6266232191409,1600.121860437835,397.1319646184553,2307.5392670157066,1702.2115941578259,0.24218633770942688,0.1371665596961975,-26.367948532104492,10.35191822052002,4.273732662200928,3.1952905654907227,1.6183916330337524,1.680835485458374,0.18568073213100433,1.1330173015594482,-0.10679620504379272,0.8645805716514587,0.45375949144363403,-0.23515132069587708,0.5296984910964966,15.239704132080078,5.585274696350098,2.890861749649048,2.2478435039520264,1.739060401916504,1.461996078491211,1.7308530807495117,1.0281237363815308,1.7904675006866455,1.2663791179656982,1.0466428995132446,1.4181801080703735,1.0124173164367676,-0.023742476478219032,-0.015622885897755623,0.004293906036764383,0.010660013183951378,0.007005548104643822,0.005825495813041925,-0.005831393413245678,-0.0055043199099600315,0.00029480396187864244,-0.0037099048495292664,0.0008110222988761961,0.0004980664234608412,-0.001276215654797852,3.4442689418792725,1.5422990322113037,1.0626158714294434,0.8223498463630676,0.7491112947463989,0.6340280175209045,0.6211855411529541,0.5270578861236572,0.5818843245506287,0.5215866565704346,0.47404947876930237,0.509261429309845,0.454378217458725,232.7792793471655,90.91511210685395,267.15776550030694,0.599476439790576,0.07016586231649925,0.2265607714653015,0.3010471204188482,0.6989528795811518,0.14682446420192719,0.11074753105640411,5.993973450606727,0.02244788408279419
08a04Wc,C:/Project/AI-STRESS-DETECTOR/data/public/emodb/wav/08a04Wc.wav,C:\Project\AI-STRESS-DETECTOR\data\public\emodb\wav\08a04Wc.wav,severe,3,speaker_08,train,de,emodb_a04,studio,controlled,Heute abend koennte ich es ihm sagen.,emodb_emotion=anger; variation=c,1.8049375,0.0893915519118309,0.09711197018623352,0.2532978951931,0.14553237025147137,0.10138143022848053,2095.7606211470134,799.0793687217076,1728.9842899881746,381.62940137721375,4042.4719101123596,1500.6165630952091,0.35763537883758545,0.1877882033586502,-21.336488723754883,5.023435592651367,-3.7272846698760986,-1.0951467752456665,-2.1769204139709473,-0.8606213331222534,-2.4200503826141357,-0.5884895920753479,-2.5189762115478516,-0.6860672831535339,-0.5677570104598999,0.01815914921462536,0.6123514771461487,19.800893783569336,5.539492607116699,6.19087553024292,2.9803097248077393,2.7003414630889893,2.27253794670105,2.6624581813812256,1.5861457586288452,2.201333999633789,1.5358675718307495,1.424517035484314,1.509555459022522,1.7826839685440063,-0.16233807802200317,0.017089709639549255,0.0381556935608387,0.017138836905360222,0.012267292477190495,0.006619973108172417,0.013836639933288097,0.013644842430949211,-0.0026189035270363092,-0.008938496932387352,-0.0018870898056775331,0.001876839087344706,0.005374440923333168,4.9927849769592285,1.7648766040802002,1.748706340789795,1.1311380863189697,0.900032639503479,0.9497412443161011,0.8771251440048218,0.59658282995224,0.7747023105621338,0.6503359079360962,0.7034514546394348,0.700631320476532,0.7651469707489014,272.5305827223864,61.32082160560629,193.93939393939394,0.6123595505617978,0.11005352269033065,0.2498231828212738,0.3089887640449438,0.6910112359550562,0.12588809430599213,0.09653954207897186,2.7701790228193497,-0.023947857320308685
08a05Fe,C:/Project/AI-STRESS-DETECTOR/data/public/emodb/wav/08a05Fe.wav,C:\Project\AI-STRESS-DETECTOR\data\public\emodb\wav\08a05Fe.wav,moderate,1,speaker_08,train,de,emodb_a05,studio,controlled,Das schwarze Blatt Papier befindet sich da oben neben dem Holzstueck.,emodb_emotion=happiness; variation=e,3.0986875,0.11101793497800827,0.09269499033689499,0.23672448098659515,0.1131074439345116,0.15098748407700233,1570.3623344947093,1194.0665097683038,1466.0941335193804,437.0200874518989,2795.844155844156,1903.0838613957103,0.24857890605926514,0.1798195093870163,-21.221588134765625,9.931675910949707,0.4619010388851166,1.8831093311309814,-1.0672591924667358,-1.0420292615890503,-1.3726617097854614,-1.2726644277572632,-0.9323227405548096,-0.11487594246864319,-0.5370967388153076,-0.401995450258255,-0.36741897463798523,17.414915084838867,7.5067009925842285,4.493497371673584,3.6376380920410156,2.6786117553710938,2.5035459995269775,2.339003801345825,2.022568702697754,2.2248404026031494,1.7059115171432495,1.3203201293945312,1.389112949371338,1.6081520318984985,0.023405402898788452,0.016599759459495544,0.013015169650316238,-0.006031629163771868,-0.011223619803786278,-0.006078803911805153,-0.007873844355344772,-0.00014974834630265832,0.0015726468991488218,-0.00039979623397812247,-0.0012934196274727583,-0.006463919300585985,-0.007867979817092419,6.086550712585449,2.262079954147339,1.857134222984314,1.1421281099319458,0.8990179300308228,0.9624848365783691,0.9284499287605286,0.7674764394760132,0.7924399375915527,0.6473799347877502,0.5972920060157776,0.6166054606437683,0.5886974930763245,270.4356800288213,42.76523181365535,192.29024943310657,0.6396103896103896,0.04800003553408656,0.21174311637878418,0.26948051948051943,0.7305194805194806,0.14781425893306732,0.081883005797863,2.904455515440005,-0.0216074138879776
08a05Lc,C:/Project/AI-STRESS-DETECTOR/data/public/emodb/wav/08a05Lc.wav,C:\Project\AI-STRESS-DETECTOR\data\public\emodb\wav\08a05Lc.wav,low,0,speaker_08,train,de,emodb_a05,studio,controlled,Das schwarze Blatt Papier befindet sich da oben neben dem Holzstueck.,emodb_emotion=boredom; variation=c,4.188375,0.09561960399150848,0.07931061834096909,0.1919478327035904,0.13050612141865456,0.18012953780638558,1604.517830746278,1337.403037968993,1487.3648118496367,453.17349648184705,2814.1007194244603,2069.661801036813,0.2667374908924103,0.19736319780349731,-22.12832260131836,10.625208854675293,3.278142213821411,1.6507234573364258,-0.5508325695991516,-0.38058653473854065,-1.4125877618789673,-0.598400354385376,-1.0873565673828125,-0.0979083776473999,-0.2065477967262268,-0.753352701663971,-0.14976245164871216,15.479464530944824,8.898862838745117,4.002691268920898,3.632509469985962,2.282210111618042,2.5247249603271484,2.4705162048339844,1.488388180732727,1.9033371210098267,1.5221107006072998,1.136283278465271,1.5351054668426514,1.3165435791015625,0.011204012669622898,0.010160105302929878,-0.005171709693968296,0.0011022576363757253,-0.006619746796786785,-0.01083754375576973,-0.006277083419263363,-0.006523091346025467,-0.0036364539992064238,7.356327841989696e-05,-0.0012432511430233717,-0.009052353911101818,-0.00411643972620368,5.172454833984375,2.004210948944092,1.3060017824172974,1.104576826095581,0.783067524433136,0.837591290473938,0.7911924123764038,0.6240484118461609,0.6071630120277405,0.5532587766647339,0.5079212784767151,0.5239578485488892,0.49911701679229736,220.9240889216306,50.396643660388726,252.99145299145297,0.6378896882494005,0.05329020462210307,0.16835494339466095,0.23980815347721818,0.7601918465227818,0.12244696915149689,0.07248134911060333,2.626316889008267,-0.04723595082759857
08a05Nb,C:/Project/AI-STRESS-DETECTOR/data/public/emodb/wav/08a05Nb.wav,C:\Project\AI-STRESS-DETECTOR\data\public\emodb\wav\08a05Nb.wav,low,0,speaker_08,train,de,emodb_a05,studio,controlled,Das schwarze Blatt Papier befindet sich da oben neben dem Holzstueck.,emodb_emotion=neutral; variation=b,3.2528125,0.09067636728286743,0.07253257185220718,0.1888560801744461,0.117344444703089,0.16465051167834244,1509.9500471610443,1316.7102402671499,1453.6017363373198,447.70063336816565,2603.219814241486,2063.852428449898,0.2503349184989929,0.19606414437294006,-23.5466365814209,10.933526039123535,3.9419751167297363,2.7326667308807373,-0.04001019895076752,-0.3749809265136719,-1.0836915969848633,-0.5169745087623596,-0.963581919670105,0.19097374379634857,0.4195846617221832,-0.6172072291374207,-0.18740923702716827,14.761858940124512,9.031448364257812,3.604020595550537,3.3079779148101807,2.2259254455566406,2.4732706546783447,2.2036514282226562,1.4936814308166504,1.9734059572219849,1.6619304418563843,1.2615671157836914,1.3913882970809937,1.4817157983779907,-0.024305621162056923,0.008744911290705204,0.0030666717793792486,-0.008832699619233608,0.005989097058773041,0.004228090867400169,0.0006937766447663307,0.009706229902803898,0.005690577439963818,-0.004476429894566536,0.0023080925457179546,0.002659192308783531,0.0015142547199502587,6.032019138336182,2.66353178024292,1.506475567817688,1.1394593715667725,0.8237086534500122,0.8776924014091492,0.8048794865608215,0.666486382484436,0.7422696948051453,0.6514175534248352,0.5937352776527405,0.5467214584350586,0.5162469148635864,205.59027104625565,37.546388198417375,255.55555555555554,0.6037151702786377,0.09488163277718759,0.2205166518688202,0.24767801857585137,0.7523219814241486,0.11705883592367172,0.06457336246967316,3.689115188778941,-0.02486632764339447
08a05Ta,C:/Project/AI-STRESS-DETECTOR/data/public/emodb/wav/08a05Ta.wav,C:\Project\AI-STRESS-DETECTOR\data\public\emodb\wav\08a05Ta.wav,moderate,1,speaker_08,train,de,emodb_a05,studio,controlled,Das schwarze Blatt Papier befindet sich da oben neben dem Holzstueck.,emodb_emotion=sadness; variation=a,5.6214375,0.1271306276321411,0.10891082137823105,0.3027518093585968,0.08404940923737915,0.15363061305674297,1247.5916081548057,1197.6839581818624,1494.8246995745778,392.59735347723785,2146.0714285714284,1991.2875219058546,0.2367706298828125,0.1757809817790985,-21.988479614257812,10.836657524108887,4.764631748199463,3.300201892852783,1.5124540328979492,1.1544793844223022,-0.027475636452436447,0.5866129398345947,-0.23310858011245728,0.7672812938690186,0.5919485092163086,-0.09445260465145111,0.6889728903770447,13.571869850158691,7.328242778778076,3.3366506099700928,2.6897501945495605,1.9119654893875122,1.8402718305587769,1.6640442609786987,1.1737273931503296,1.9986907243728638,1.1413238048553467,1.0348882675170898,1.2254908084869385,0.9977808594703674,0.007889771834015846,-0.006564758718013763,-0.005119588691741228,0.0010975073091685772,0.0008847775170579553,0.005746087990701199,-0.0048764850944280624,-0.0020567490719258785,-0.0010636384831741452,-0.003745670896023512,0.0047673508524894714,-2.649724410730414e-05,0.002467763377353549,4.409591197967529,1.9028375148773193,1.1269062757492065,0.973235547542572,0.7959816455841064,0.7059629559516907,0.6419798731803894,0.5322338938713074,0.6101486682891846,0.4815264046192169,0.4904576539993286,0.5478861331939697,0.4241615831851959,194.1465625430055,83.17147250895113,274.33728144388044,0.5696428571428571,0.10672236422717356,0.21503867208957672,0.25535714285714284,0.7446428571428572,0.16344095766544342,0.10366472601890564,4.980932368277687,0.06466104835271835
08a05Wa,C:/Project/AI-STRESS-DETECTOR/data/public/emodb/wav/08a05Wa.wav,C:\Project\AI-STRESS-DETECTOR\data\public\emodb\wav\08a05Wa.wav,severe,3,speaker_08,train,de,emodb_a05,studio,controlled,Das schwarze Blatt Papier befindet sich da oben neben dem Holzstueck.,emodb_emotion=anger; variation=a,2.9291875,0.10301165282726288,0.09813296049833298,0.2708906829357147,0.18331912254863963,0.17455913383946828,2245.1685024773487,1171.221829139105,1737.2387873622883,344.20385213758743,4117.800687285223,1622.2187856306978,0.3585592210292816,0.19362246990203857,-17.856037139892578,5.121545314788818,-1.7859549522399902,-0.669213056564331,-2.4567811489105225,-0.9075791239738464,-2.6845901012420654,-0.9126859307289124,-1.449802041053772,-1.0300427675247192,-0.3666854798793793,-0.2686123251914978,0.03085455670952797,16.504581451416016,7.108577728271484,4.185027122497559,3.958775043487549,2.9974582195281982,2.3513197898864746,2.7005136013031006,1.6363303661346436,2.2586634159088135,1.6934653520584106,1.396317720413208,1.4988195896148682,1.7747565507888794,0.026759760454297066,0.011174372397363186,-0.015383884310722351,-0.02011321857571602,0.0006610233103856444,-0.0015775903593748808,-0.016090361401438713,-0.007449844852089882,-0.004851621575653553,0.007677156012505293,-0.004064679611474276,-0.0022967541590332985,0.004577707964926958,5.738855361938477,2.2282214164733887,1.6712756156921387,1.3846858739852905,1.0525693893432617,0.9353823065757751,0.8897553086280823,0.7242780327796936,0.8406696319580078,0.6565565466880798,0.6996309757232666,0.6269280910491943,0.6807567477226257,282.7251011311765,50.988367302079546,181.64251207729467,0.6426116838487973,0.07964225520315626,0.24828985333442688,0.21993127147766323,0.7800687285223368,0.12972013652324677,0.09532275050878525,3.072524377493759,-0.028174035251140594
08a07Fd,C:/Project/AI-STRESS-DETECTOR/data/public/emodb/wav/08a07Fd.wav,C:\Project\AI-STRESS-DETECTOR\data\public\emodb\wav\08a07Fd.wav,moderate,1,speaker_08,train,de,emodb_a07,studio,controlled,In sieben Stunden wird es soweit sein.,emodb_emotion=happiness; variation=d,1.9630625,0.113103948533535,0.10101313889026642,0.2702455520629883,0.13250910782109915,0.18558737551883447,1691.529954725934,1486.7510758098138,1496.0610354703788,557.383787935097,2939.175257731959,2269.0538789035404,0.23949605226516724,0.17982277274131775,-22.180931091308594,10.005681037902832,1.0842829942703247,1.5602304935455322,-0.3936442732810974,-1.5228523015975952,-1.4400134086608887,-1.6475685834884644,-0.9750820994377136,0.4336935579776764,-0.5570070743560791,-0.2995114326477051,0.2368975132703781,18.377443313598633,8.023637771606445,5.168488025665283,2.840150833129883,2.746117353439331,2.51511812210083,2.0475010871887207,1.958539605140686,1.7690898180007935,1.4358171224594116,1.4272223711013794,1.7709710597991943,1.6515257358551025,0.0064909630455076694,-0.0029191921930760145,-0.005598879419267178,-0.009268192574381828,-0.00585205527022481,0.004665635526180267,0.010877111926674843,0.010802888311445713,0.007863907143473625,0.006173493806272745,0.01197624672204256,0.0017416808987036347,0.001894944696687162,5.276166915893555,2.4823992252349854,1.7742632627487183,1.0370798110961914,0.8999568819999695,0.9658123850822449,0.7102192640304565,0.7288817763328552,0.6350003480911255,0.6587782502174377,0.5690387487411499,0.5898371934890747,0.5385748744010925,246.5860299977703,55.54438879357323,188.88888888888889,0.6494845360824743,0.05550830291772163,0.2160143107175827,0.23711340206185572,0.7628865979381443,0.14469954371452332,0.09559300541877747,3.0564487885637877,-0.031269170343875885
08a07La,C:/Project/AI-STRESS-DETECTOR/data/public/emodb/wav/08a07La.wav,C:\Project\AI-STRESS-DETECTOR\data\public\emodb\wav\08a07La.wav,low,0,speaker_08,train,de,emodb_a07,studio,controlled,In sieben Stunden wird es soweit sein.,emodb_emotion=boredom; variation=a,2.5238125,0.1788763552904129,0.1609567403793335,0.4640865921974182,0.10356892230576441,0.17829403815166361,1352.9496798581974,1357.8807785288213,1382.811400060533,556.95381936828,2317.92,2174.4204914413403,0.21966008841991425,0.19300082325935364,-18.27851104736328,12.802786827087402,4.260756969451904,2.436455011367798,1.0220983028411865,-0.8574415445327759,-0.8594648241996765,-0.46622803807258606,-1.634079933166504,-0.48891863226890564,-0.17991673946380615,-0.6952635049819946,-0.45244815945625305,14.242874145507812,8.793828010559082,2.7836384773254395,2.475954532623291,2.0030970573425293,2.2962143421173096,1.955423355102539,1.6375627517700195,2.164545774459839,1.7063575983047485,1.3582950830459595,1.3125782012939453,1.2517699003219604,0.012138877995312214,0.01174017321318388,0.007868013344705105,-0.0036491951905190945,0.003076520748436451,0.004486061166971922,0.003216949524357915,-0.00569156976416707,-0.0016128196148201823,-0.0026865052059292793,-0.009484611451625824,0.004906097427010536,0.002506190212443471,4.60156774520874,2.190965175628662,1.2273926734924316,0.9246402382850647,0.7499541640281677,0.7378389239311218,0.5852382183074951,0.5927342772483826,0.5890344381332397,0.4653903841972351,0.41909313201904297,0.5012449026107788,0.4241586923599243,199.53809457289466,55.24236227809648,245.18743667679837,0.692,0.048335253217993486,0.13972751796245575,0.15600000000000003,0.844,0.20960581302642822,0.15692336857318878,2.377355687080558,-0.16930638253688812
08a07Na,C:/Project/AI-STRESS-DETECTOR/data/public/emodb/wav/08a07Na.wav,C:\Project\AI-STRESS-DETECTOR\data\public\emodb\wav\08a07Na.wav,low,0,speaker_08,train,de,emodb_a07,studio,controlled,In sieben Stunden wird es soweit sein.,emodb_emotion=neutral; variation=a,2.0839375,0.1634773463010788,0.12858134508132935,0.32554513216018677,0.11696717521960243,0.1879255978910995,1505.1141353383432,1496.3737753248697,1414.0977134734146,523.0411255872751,2503.883495145631,2249.6870259175957,0.2250225841999054,0.17778030037879944,-18.499258041381836,11.4470853805542,3.6150643825531006,2.9045095443725586,0.3043975234031677,-0.85576331615448,-1.4792759418487549,-0.6200076937675476,-1.928694248199463,-0.15997040271759033,0.11222592741250992,-0.9208673238754272,-0.3346859812736511,14.482254981994629,9.055724143981934,3.296536445617676,2.5871102809906006,1.9412338733673096,2.565779447555542,1.9496122598648071,1.713011384010315,2.3063461780548096,1.5610926151275635,1.1940858364105225,1.3137131929397583,1.4906421899795532,0.06430032104253769,0.003408015239983797,-0.03694796934723854,0.007654324173927307,-0.005065854173153639,0.004982807207852602,0.00733965216204524,-0.012725320644676685,-0.010819354094564915,-0.012630819343030453,-0.0025376116391271353,-0.00947224535048008,-0.006185360252857208,4.7568678855896,2.516399383544922,1.3694041967391968,0.9702900052070618,0.7656809091567993,0.9802127480506897,0.7343525886535645,0.6970374584197998,0.6935932636260986,0.5463831424713135,0.5247054100036621,0.49093738198280334,0.5111964344978333,211.93073340809985,49.45534099377487,201.10192837465564,0.6650485436893204,0.04024389113623645,0.2129318118095398,0.21359223300970875,0.7864077669902912,0.20310595631599426,0.11672571301460266,3.3590258824940764,-0.09409108757972717
08a07Ta,C:/Project/AI-STRESS-DETECTOR/data/public/emodb/wav/08a07Ta.wav,C:\Project\AI-STRESS-DETECTOR\data\public\emodb\wav\08a07Ta.wav,moderate,1,speaker_08,train,de,emodb_a07,studio,controlled,In sieben Stunden wird es soweit sein.,emodb_emotion=sadness; variation=a,3.46275,0.13555078208446503,0.12279612571001053,0.2894289493560791,0.08557731538147695,0.1632766654793746,1261.9475027242165,1260.4911738005837,1530.4576300188628,433.7826270928079,2247.906976744186,2096.4782852796257,0.2414422184228897,0.18044701218605042,-22.87928009033203,9.636937141418457,4.499478816986084,3.796644449234009,2.2120912075042725,1.6693147420883179,-0.02165023609995842,0.9564418196678162,-0.23943564295768738,0.6596607565879822,0.4914245903491974,-0.22742481529712677,0.5327088236808777,14.716748237609863,7.20404052734375,2.7429256439208984,2.36621356010437,1.5914632081985474,1.4541747570037842,1.7417633533477783,1.3310450315475464,1.9288638830184937,1.2217304706573486,1.226870059967041,1.3408167362213135,1.1460716724395752,-0.0006776133086532354,0.004452265799045563,0.003241342958062887,0.0035913020838052034,0.00011222583998460323,-0.0002396307681920007,-0.004854243714362383,-0.002581703709438443,-0.007301419507712126,0.0020587677136063576,-0.001111584366299212,-0.0011005200212821364,-0.0002160006552003324,3.757755756378174,2.137881278991699,1.1667524576187134,0.9155925512313843,0.7379499673843384,0.707528829574585,0.630810558795929,0.5537149310112,0.5376346707344055,0.5304174423217773,0.525810956954956,0.4861523509025574,0.46144944429397583,212.33042178397295,86.84497285855463,263.6015325670498,0.5581395348837209,0.12043267280812812,0.20622201263904572,0.2674418604651163,0.7325581395348837,0.17745493352413177,0.11831263452768326,4.620605010468558,-0.0523785725235939
08a07Tb,C:/Project/AI-STRESS-DETECTOR/data/public/emodb/wav/08a07Tb.wav,C:\Project\AI-STRESS-DETECTOR\data\public\emodb\wav\08a07Tb.wav,moderate,1,speaker_08,train,de,emodb_a07,studio,controlled,In sieben Stunden wird es soweit sein.,emodb_emotion=sadness; variation=b,4.0235625,0.12555664777755737,0.12541049718856812,0.3133845329284668,0.08112781954887219,0.1599844430442953,1269.8491241134273,1247.7923178038354,1553.7642436986625,434.6490763192445,2337.3,2030.8896351106823,0.2439047247171402,0.16824889183044434,-24.839584350585938,9.750961303710938,4.454864978790283,3.2858219146728516,1.8378469944000244,1.5510815382003784,0.0684577152132988,0.9300744533538818,-0.1908547282218933,0.6240223050117493,0.6191908121109009,-0.11260086297988892,0.5915889739990234,14.87113094329834,7.196887016296387,2.608765125274658,2.2121987342834473,1.5395294427871704,1.5102089643478394,1.604806661605835,1.4226876497268677,2.0629262924194336,1.359572410583496,1.233710765838623,1.3390376567840576,1.0724053382873535,0.010576052591204643,0.0019049906404688954,0.018460195511579514,-0.007740492932498455,-0.01046675443649292,0.0049678306095302105,0.0012768229935318232,-0.0018970906967297196,-0.0014276832807809114,-0.0035628643818199635,-0.004816428292542696,-0.0035680434666574,0.0008543687872588634,3.9156992435455322,2.0597305297851562,1.1005266904830933,0.8732290267944336,0.7314251065254211,0.6859968304634094,0.6713310480117798,0.5778481364250183,0.6188884377479553,0.5139455199241638,0.5200924873352051,0.5491160154342651,0.4081730544567108,248.08351239849463,93.63050924267944,247.44744744744742,0.625,0.0968454020149148,0.2411511391401291,0.22499999999999998,0.775,0.1578851044178009,0.12507975101470947,6.213399195364804,-0.045600757002830505
08a07Wc,C:/Project/AI-STRESS-DETECTOR/data/public/emodb/wav/08a07Wc.wav,C:\Project\AI-STRESS-DETECTOR\data\public\emodb\wav\08a07Wc.wav,severe,3,speaker_08,train,de,emodb_a07,studio,controlled,In sieben Stunden wird es soweit sein.,emodb_emotion=anger; variation=c,2.2193125,0.0668184831738472,0.07684129476547241,0.15261918306350708,0.16348826611984507,0.1623080957034176,2175.1199719149454,1223.7390458457044,1781.216964702588,466.97870484314126,3978.5454545454545,2068.5044383733502,0.33203354477882385,0.20806999504566193,-26.122648239135742,4.46207332611084,-0.9270463585853577,0.012652483768761158,-2.2024054527282715,-0.6249390840530396,-2.1426196098327637,-1.1869406700134277,-2.114887237548828,-0.6864425539970398,0.047804877161979675,0.5903126001358032,0.898561954498291,19.173255920410156,6.939162731170654,6.098572254180908,3.887676954269409,3.6629018783569336,2.3883635997772217,2.3547558784484863,1.7647398710250854,2.2054266929626465,1.7358020544052124,1.8759831190109253,2.113405227661133,1.9586806297302246,0.010359937325119972,0.019674934446811676,0.002702201483771205,-0.00447572348639369,0.0029753088019788265,-0.0008639704319648445,0.0009553475538268685,-0.011867212131619453,0.003341557690873742,0.0032088388688862324,0.001147798029705882,0.0043266536667943,-0.00037882381002418697,5.063488960266113,1.9159951210021973,1.615213394165039,1.1374307870864868,1.0282286405563354,0.8940522074699402,0.8488465547561646,0.6854566335678101,0.8089831471443176,0.6555934548377991,0.7488318085670471,0.716177761554718,0.7513015866279602,249.79689731924242,49.39912087341798,228.57142857142856,0.6136363636363636,0.10321437523691784,0.24648438394069672,0.32727272727272727,0.6727272727272727,0.09527720510959625,0.07926179468631744,4.05530992142837,0.041220374405384064
08b01Aa,C:/Project/AI-STRESS-DETECTOR/data/public/emodb/wav/08b01Aa.wav,C:\Project\AI-STRESS-DETECTOR\data\public\emodb\wav\08b01Aa.wav,high,2,speaker_08,train,de,emodb_b01,studio,controlled,"Was sind denn das fuer Tueten, die da unter dem Tisch stehen.",emodb_emotion=fear; variation=a,2.676875,0.093968465924263,0.09238940477371216,0.2079138457775116,0.16144685020822735,0.19440293642808842,2057.6243115465804,1345.783802907217,1756.534244944819,352.40068051601463,3734.436090225564,1996.166782827254,0.3629299998283386,0.20778045058250427,-20.575450897216797,5.993096828460693,1.7898190021514893,2.846282482147217,0.1604537069797516,-1.1219720840454102,-1.5972980260849,-0.29313215613365173,-1.383244514465332,-1.133854627609253,-0.25431475043296814,-0.2585815191268921,0.16398555040359497,15.112924575805664,7.378100872039795,2.935980796813965,2.8283236026763916,1.8298242092132568,2.8956363201141357,2.5028417110443115,1.5995601415634155,2.1838743686676025,2.1312601566314697,1.4559123516082764,1.8301926851272583,1.4470641613006592,0.05810568481683731,-0.003444019006565213,0.009111542254686356,0.013413221575319767,0.0027298354543745518,-0.0016132225282490253,-0.008261961862444878,-0.013002108782529831,-0.0209756288677454,-0.015423297882080078,-0.0015966669889166951,-0.005129295866936445,-0.005099467001855373,6.33893346786499,2.168753147125244,1.3967374563217163,1.14279305934906,0.9326094388961792,1.0840367078781128,0.8804090619087219,0.7813067436218262,0.8355486392974854,0.7852604985237122,0.7336664795875549,0.6707127690315247,0.5708286762237549,268.3533383422126,46.99546286806867,250.29239766081872,0.5714285714285714,0.06951042045809172,0.26099124550819397,0.24812030075187974,0.7518796992481203,0.12139089405536652,0.09115364402532578,4.482839131449919,0.04747423529624939
08b01Fd,C:/Project/AI-STRESS-DETECTOR/data/public/emodb/wav/08b01Fd.wav,C:\Project\AI-STRESS-DETECTOR\data\public\emodb\wav\08b01Fd.wav,moderate,1,speaker_08,train,de,emodb_b01,studio,controlled,"Was sind denn das fuer Tueten, die da unter dem Tisch stehen.",emodb_emotion=happiness; variation=d,2.4819375,0.13041624426841736,0.10421084612607956,0.27828243374824524,0.1400656111824276,0.19619908189046656,1736.9284239913427,1381.1511351659494,1558.739881363589,423.1919795234204,3069.5934959349593,1976.6627860395902,0.27763038873672485,0.18908825516700745,-18.957294464111328,8.82680892944336,2.0554561614990234,3.5914993286132812,0.20329426229000092,-1.4535422325134277,-2.0645382404327393,-0.5583571791648865,-1.0533251762390137,-0.21434518694877625,-0.38398686051368713,-0.5026801824569702,-0.48272040486335754,17.810529708862305,8.022262573242188,3.7146036624908447,3.187653064727783,2.0848608016967773,2.8201653957366943,2.368457794189453,1.6132123470306396,2.295543670654297,1.6058731079101562,1.4633610248565674,1.496651291847229,1.3269110918045044,-0.0019794246181845665,-0.0165169145911932,-0.007753556128591299,0.00858298409730196,0.005532875191420317,-0.0002591522643342614,0.00598149374127388,0.006857649888843298,0.007623957470059395,0.005103531759232283,-0.004210812505334616,-0.0056656296364963055,0.0003011594817508012,5.074069499969482,2.6060564517974854,1.6317930221557617,1.1369292736053467,0.8739379644393921,1.063148856163025,0.8446986079216003,0.6967703700065613,0.7907776832580566,0.6359409689903259,0.6122782826423645,0.6313727498054504,0.5307409167289734,231.05841653238187,44.31332445078883,193.93939393939394,0.6138211382113821,0.05762221256971455,0.2482934147119522,0.24390243902439024,0.7560975609756098,0.1687321662902832,0.0911732017993927,2.8203772254539046,-0.036435797810554504
08b01Fe,C:/Project/AI-STRESS-DETECTOR/data/public/emodb/wav/08b01Fe.wav,C:\Project\AI-STRESS-DETECTOR\data\public\emodb\wav\08b01Fe.wav,moderate,1,speaker_08,train,de,emodb_b01,studio,controlled,"Was sind denn das fuer Tueten, die da unter dem Tisch stehen.",emodb_emotion=happiness; variation=e,2.51575,0.10958579927682877,0.09324104338884354,0.22438853979110718,0.16869172932330825,0.21714753661210257,1887.7140366508575,1525.8841618859087,1465.1237574672243,368.8817245665532,3115.2,2039.134561523589,0.26956042647361755,0.1925254911184311,-20.451601028442383,7.510021209716797,0.37282460927963257,2.8866829872131348,-1.1634119749069214,-1.9987353086471558,-2.163156509399414,-0.9754607081413269,-0.8473702073097229,0.05267355218529701,0.02389836125075817,0.020540207624435425,0.40736687183380127,15.717690467834473,9.0408353805542,4.361181735992432,3.414425849914551,2.5072851181030273,2.690882682800293,2.3362464904785156,1.860487937927246,2.215477466583252,1.5960235595703125,1.6523202657699585,1.5499727725982666,1.4394687414169312,0.06906033307313919,0.05118539556860924,0.016070393845438957,0.0009993267012760043,0.005472984164953232,-0.01293033454567194,-0.007914953865110874,-0.017847096547484398,-0.02954901196062565,-0.00334573513828218,-0.002552047139033675,-0.008867896161973476,-0.003972356673330069,5.3459367752075195,2.517766237258911,1.7098112106323242,1.0915553569793701,0.9368122816085815,1.0818432569503784,0.8884654641151428,0.7069993019104004,0.8298859596252441,0.6816816329956055,0.6354101896286011,0.6355767846107483,0.6289231181144714,270.15699316576854,63.793294210266026,200.21574973031284,0.608,0.06718499046656405,0.2516188323497772,0.20799999999999996,0.792,0.13526664674282074,0.0882241427898407,3.9749577660737354,0.017194077372550964
08b01Lb,C:/Project/AI-STRESS-DETECTOR/data/public/emodb/wav/08b01Lb.wav,C:\Project\AI-STRESS-DETECTOR\data\public\emodb\wav\08b01Lb.wav,low,0,speaker_08,train,de,emodb_b01,studio,controlled,"Was sind denn das fuer Tueten, die da unter dem Tisch stehen.",emodb_emotion=boredom; variation=b,3.487375,0.14884443581104279,0.09845378994941711,0.2925110161304474,0.1504553891934447,0.1937707270652895,1710.3327765563397,1434.037893542247,1508.1594379177989,401.81890426526667,2948.242074927954,2138.2079461405606,0.281026691198349,0.20356635749340057,-15.533093452453613,9.097428321838379,3.832409381866455,3.375983715057373,0.14803965389728546,-1.2315186262130737,-1.1754616498947144,0.014090271666646004,-1.3210816383361816,-0.15703316032886505,-0.24114124476909637,-0.4378831386566162,0.14949126541614532,13.63185977935791,9.78154182434082,3.7612857818603516,3.2060513496398926,2.2479536533355713,2.3367412090301514,1.776089072227478,1.4803106784820557,2.0168371200561523,1.546568512916565,1.325392484664917,1.360833764076233,1.1597784757614136,-0.0040447223000228405,0.011732185259461403,0.0022037585731595755,0.001132545294240117,0.006991835776716471,-0.0072968509048223495,-0.009317267686128616,0.0025906094815582037,-0.006194734945893288,-0.005470141768455505,-0.007801038678735495,-0.0031969582196325064,0.003398476867005229,4.309326648712158,2.205451011657715,1.2978641986846924,0.9152500033378601,0.7448117733001709,0.8735145330429077,0.6407305002212524,0.5849177241325378,0.6431281566619873,0.5402105450630188,0.5244483351707458,0.4772476255893707,0.4517698287963867,190.8870903815784,43.24248014861576,171.80549163982207,0.6426512968299711,0.045499483763463376,0.16773872077465057,0.1585014409221902,0.8414985590778098,0.17361244559288025,0.08731381595134735,1.720491773898706,-0.035934656858444214
08b01Na,C:/Project/AI-STRESS-DETECTOR/data/public/emodb/wav/08b01Na.wav,C:\Project\AI-STRESS-DETECTOR\data\public\emodb\wav\08b01Na.wav,low,0,speaker_08,train,de,emodb_b01,studio,controlled,"Was sind denn das fuer Tueten, die da unter dem Tisch stehen.",emodb_emotion=neutral; variation=a,2.354,0.1898265928030014,0.13769899308681488,0.3909822106361389,0.1282498090720363,0.18092834952166206,1615.1008593072584,1399.808183669119,1483.3250056236657,452.1500488497405,2867.8111587982835,2097.2270509877544,0.2617094814777374,0.18933792412281036,-15.898691177368164,9.634352684020996,3.4321985244750977,3.804051399230957,0.5063743591308594,-0.7262529730796814,-1.972450613975525,-0.3734127879142761,-1.3202266693115234,-0.3058117926120758,0.13467951118946075,-0.7667270302772522,-0.018959252163767815,14.661910057067871,8.747272491455078,3.5371925830841064,3.116422176361084,2.0782546997070312,2.5203378200531006,2.4766390323638916,1.6968010663986206,2.2430059909820557,1.72398841381073,1.4849263429641724,1.5721203088760376,1.121324896812439,0.04348672926425934,-0.030281169340014458,-0.0002521762507967651,0.01866340823471546,-0.0031223860569298267,-0.009055336005985737,0.010501290671527386,-0.003998955246061087,-0.013691836968064308,0.006166236940771341,0.008136476390063763,-0.00040018020081333816,0.0029164988081902266,5.0992817878723145,2.591472864151001,1.5724892616271973,0.9650704264640808,0.9553943276405334,1.0460857152938843,0.9512478113174438,0.7557342052459717,0.8782432675361633,0.6548980474472046,0.6288817524909973,0.6371254920959473,0.533187210559845,226.0573932987949,47.79576301149327,274.7474747474747,0.6051502145922747,0.08303922150863874,0.21872341632843018,0.20600858369098718,0.7939914163090128,0.23394758999347687,0.11991852521896362,2.548853016142736,-0.07531124353408813
08b01Wa,C:/Project/AI-STRESS-DETECTOR/data/public/emodb/wav/08b01Wa.wav,C:\Project\AI-STRESS-DETECTOR\data\public\emodb\wav\08b01Wa.wav,severe,3,speaker_08,train,de,emodb_b01,studio,controlled,"Was sind denn das fuer Tueten, die da unter dem Tisch stehen.",emodb_emotion=anger; variation=a,3.3085,0.07390780001878738,0.08331107348203659,0.17337274551391602,0.16692948175910902,0.19006672469009453,2073.956446039973,1352.4918500916522,1667.8067653850994,488.2199538512202,3730.2127659574467,2056.110830681001,0.3470814824104309,0.21640349924564362,-28.01204490661621,5.432045936584473,0.4927516579627991,1.9163681268692017,-0.8065869212150574,-0.7826371192932129,-1.5397686958312988,0.06945306062698364,-1.5625059604644775,-0.6186911463737488,0.18036387860774994,-0.030726192519068718,0.45469483733177185,26.849319458007812,7.5782318115234375,4.310227394104004,3.104189395904541,3.1782352924346924,2.8361589908599854,2.827719211578369,1.6303374767303467,2.543666124343872,1.9027060270309448,2.0282881259918213,1.8681533336639404,1.60331130027771,0.1266413778066635,0.005656142253428698,0.004754799883812666,-0.0007911568973213434,-0.006363596301525831,-0.0035799136385321617,-0.008994110859930515,-0.006303540896624327,0.0004823820199817419,-0.003978562541306019,-0.007315651513636112,-0.007304218597710133,-0.006337316706776619,6.438037872314453,2.0938894748687744,1.5131391286849976,1.1698412895202637,0.9921262264251709,0.929905354976654,0.9280735850334167,0.7221472859382629,0.7710884213447571,0.6638309359550476,0.6865687966346741,0.6786698698997498,0.6480973958969116,260.4942154829074,56.078815093461344,206.0228452751817,0.541033434650456,0.07151753414412455,0.2823554277420044,0.3221884498480243,0.6778115501519757,0.10611305385828018,0.08366651833057404,3.9292730844793713,-0.007665917277336121
08b02Ff,C:/Project/AI-STRESS-DETECTOR/data/public/emodb/wav/08b02Ff.wav,C:\Project\AI-STRESS-DETECTOR\data\public\emodb\wav\08b02Ff.wav,moderate,1,speaker_08,train,de,emodb_b02,studio,controlled,Sie haben es gerade hochgetragen und jetzt gehen sie wieder runter.,emodb_emotion=happiness; variation=f,2.771125,0.09370110183954239,0.09842069447040558,0.2511533796787262,0.11982683982683981,0.1489802449197502,1628.6734158634129,1141.2787763810327,1517.678667277628,439.7355296956442,2909.672727272727,1803.1353204353945,0.2532963752746582,0.18222300708293915,-22.801729202270508,9.542498588562012,-1.2234418392181396,0.09298578649759293,-1.6685655117034912,-1.0644408464431763,-0.9922561049461365,-1.465924859046936,-1.0075727701187134,0.013583124615252018,0.17419786751270294,0.628326416015625,0.9989933371543884,16.161937713623047,6.405106544494629,5.169872760772705,3.3671936988830566,2.7601542472839355,2.8172738552093506,2.2724995613098145,2.039025068283081,2.090850591659546,1.6675201654434204,1.3782262802124023,1.8604304790496826,2.0283119678497314,0.006885694805532694,-0.0017152474028989673,-0.005731180310249329,-0.007272538263350725,-0.01329109352082014,0.003774559823796153,0.0013858465244993567,0.007513887248933315,0.014739910140633583,0.007838486693799496,-0.000328424182953313,-7.22694385331124e-05,0.0034047611989080906,6.557215213775635,2.4141316413879395,1.8982638120651245,1.1427197456359863,1.0660535097122192,1.1089972257614136,0.8462424278259277,0.8061584830284119,0.8231024742126465,0.664298415184021,0.6221179962158203,0.7318352460861206,0.6721065044403076,240.5284500877984,61.267834321208426,228.57142857142856,0.68,0.09044998763657534,0.2985295057296753,0.2545454545454545,0.7454545454545455,0.12281518429517746,0.098253034055233,4.69123550904416,-0.07215720042586327
08b02La,C:/Project/AI-STRESS-DETECTOR/data/public/emodb/wav/08b02La.wav,C:\Project\AI-STRESS-DETECTOR\data\public\emodb\wav\08b02La.wav,low,0,speaker_08,train,de,emodb_b02,studio,controlled,Sie haben es gerade hochgetragen und jetzt gehen sie wieder runter.,emodb_emotion=boredom; variation=a,3.45775,0.07848455011844635,0.06682262569665909,0.16438890993595123,0.08996328029375765,0.11994293668422507,1241.0091583765884,1003.7462466759745,1379.2613093818386,489.1031577155783,2212.4418604651164,1817.6469813870283,0.22063183784484863,0.18434658646583557,-23.99205207824707,14.184419631958008,3.515329360961914,1.2620534896850586,0.3427678346633911,-0.48021554946899414,-0.40787824988365173,-0.8313007950782776,-1.0616081953048706,-0.1518484652042389,-0.3808134198188782,-0.7859013676643372,-0.4158736765384674,13.455358505249023,7.340404033660889,3.890565872192383,3.546135663986206,2.2361934185028076,2.6433160305023193,2.177915334701538,1.431738018989563,1.6106418371200562,1.5889778137207031,1.4707807302474976,1.258051872253418,1.231089472770691,0.06645376980304718,0.03316335752606392,-0.0011473007034510374,-0.001231894944794476,-0.00010989745351253077,0.0005399570800364017,0.0019087125547230244,-0.011542325839400291,-0.00998620130121708,-0.006117816548794508,-0.010421734303236008,-0.004299622494727373,-0.005591831635683775,4.8693766593933105,1.859210729598999,1.2985717058181763,0.9390879273414612,0.8105410933494568,0.8585327863693237,0.7369412183761597,0.5609548091888428,0.5984903573989868,0.5399588942527771,0.5022294521331787,0.5036545395851135,0.44569262862205505,181.99813184636895,39.24357358838511,214.44127994638967,0.7238372093023255,0.035376237443719996,0.13455069065093994,0.24127906976744184,0.7587209302325582,0.09985236823558807,0.06307453662157059,3.181259489552455,-0.042874377220869064
08b02Nb,C:/Project/AI-STRESS-DETECTOR/data/public/emodb/wav/08b02Nb.wav,C:\Project\AI-STRESS-DETECTOR\data\public\emodb\wav\08b02Nb.wav,low,0,speaker_08,train,de,emodb_b02,studio,controlled,Sie haben es gerade hochgetragen und jetzt gehen sie wieder runter.,emodb_emotion=neutral; variation=b,3.0555,0.09188176691532135,0.07876238226890564,0.18444058299064636,0.10543628808864267,0.16227908149355372,1508.9345155915787,1275.2424797774443,1507.8541430671473,442.5635460230683,2690.3947368421054,1918.722807651975,0.24874694645404816,0.16786262392997742,-23.324691772460938,11.671759605407715,3.4915149211883545,1.5832844972610474,-0.06602691113948822,0.0379980243742466,-0.9457939267158508,-0.6323362588882446,-1.3279316425323486,-0.27265796065330505,-0.14345824718475342,-0.9615717530250549,-0.25754907727241516,15.97327995300293,7.454151630401611,3.893328905105591,3.8973026275634766,2.3579094409942627,2.620654821395874,2.19541335105896,1.5071125030517578,2.034785270690918,1.6461180448532104,1.3139408826828003,1.4150125980377197,1.4810340404510498,-0.00020083000708837062,-0.00143008166924119,-0.009980346076190472,-0.010195308364927769,-0.0048347460106015205,0.004843919072300196,0.005851533729583025,0.007457077503204346,-0.0015941340243443847,-0.00171711016446352,-0.0038636098615825176,-0.0002346313267480582,-0.004439300391823053,6.144102096557617,2.2529101371765137,1.624596357345581,1.2483279705047607,0.8420718312263489,1.0134475231170654,0.8051712512969971,0.6929890513420105,0.8149735927581787,0.6276240348815918,0.5403152704238892,0.55762779712677,0.5310875773429871,205.99128992081373,47.47683843987091,234.34343434343432,0.6414473684210527,0.07073825914593813,0.21516510844230652,0.2598684210526315,0.7401315789473685,0.12095377594232559,0.07149409502744675,3.927344133529701,-0.0567743182182312
08b02Tc,C:/Project/AI-STRESS-DETECTOR/data/public/emodb/wav/08b02Tc.wav,C:\Project\AI-STRESS-DETECTOR\data\public\emodb\wav\08b02Tc.wav,moderate,1,speaker_08,train,de,emodb_b02,studio,controlled,Sie haben es gerade hochgetragen und jetzt gehen sie wieder runter.,emodb_emotion=sadness; variation=c,7.6794375,0.09013308584690094,0.10056006163358688,0.2604566812515259,0.06821557810976527,0.13411056291255355,1254.5741294890008,1046.8812783074216,1670.5588827235517,340.4485709079257,2404.804177545692,1867.3218142565072,0.2547396719455719,0.14620079100131989,-27.386703491210938,9.178921699523926,4.324245929718018,2.6937060356140137,1.4462352991104126,1.807816982269287,0.5509867668151855,1.0912959575653076,0.33405324816703796,0.9933466911315918,0.8336314558982849,0.17863667011260986,0.6842057108879089,15.942020416259766,5.477602958679199,3.028475522994995,2.4180915355682373,1.7676490545272827,1.7281850576400757,1.9047139883041382,1.2965589761734009,1.611356258392334,1.153240442276001,1.0670567750930786,1.2439031600952148,1.0371819734573364,0.003939563874155283,0.0038778437301516533,0.001319466158747673,-0.0027132821269333363,-0.0011708777165040374,-0.0037990084383636713,-0.002789426129311323,-0.0012197624891996384,-0.001812689588405192,-0.000805204501375556,0.0002221470494987443,0.00147120445035398,-0.001633486244827509,3.7103381156921387,1.619126319885254,1.1662195920944214,0.8174793720245361,0.7636939883232117,0.7117264270782471,0.7011789679527283,0.593025267124176,0.6127428412437439,0.5145459175109863,0.5081033706665039,0.4631310999393463,0.4473351836204529,266.42665891499536,93.36221949659912,266.66666666666663,0.6148825065274152,0.06308891757953244,0.23813694715499878,0.2467362924281984,0.7532637075718016,0.11525485664606094,0.10421930253505707,6.641111409527065,-0.026836976408958435
08b02Wd,C:/Project/AI-STRESS-DETECTOR/data/public/emodb/wav/08b02Wd.wav,C:\Project\AI-STRESS-DETECTOR\data\public\emodb\wav\08b02Wd.wav,severe,3,speaker_08,train,de,emodb_b02,studio,controlled,Sie haben es gerade hochgetragen und jetzt gehen sie wieder runter.,emodb_emotion=anger; variation=d,3.584,0.07452534139156342,0.07942511886358261,0.17080339789390564,0.1464757399115767,0.14718807266444933,2021.2215578262237,1111.0824157941681,1757.8012585108302,423.9916192910577,3813.14606741573,1731.0937605680963,0.3297452926635742,0.16830922663211823,-23.837644577026367,6.719109535217285,-0.6664062738418579,0.13304433226585388,-1.5338566303253174,-0.2154468297958374,-1.3554246425628662,-0.28576818108558655,-1.0886257886886597,-0.7098295092582703,0.04785308241844177,-0.06429462134838104,-0.06274353712797165,20.45330238342285,5.291292667388916,4.930756568908691,4.218103408813477,3.436241865158081,2.6869630813598633,2.7395756244659424,1.7710744142532349,2.1237170696258545,1.9431217908859253,1.5074715614318848,1.5927729606628418,1.691616177558899,-0.014662506990134716,0.01931053027510643,-0.011438208632171154,0.001378256594762206,-0.0013279820559546351,-0.0019655402284115553,-0.0009155970183201134,-0.0052516586147248745,0.006334239616990089,0.00376178533770144,0.006031077355146408,0.0035420474596321583,-0.0022808092180639505,5.655218124389648,1.9549107551574707,1.6492305994033813,1.277214765548706,1.038666844367981,0.9362680315971375,0.7881562113761902,0.7719032168388367,0.850365161895752,0.6493365168571472,0.675544261932373,0.5802806615829468,0.6742972731590271,274.3442252854056,50.80101015785026,190.6071019473081,0.648876404494382,0.08857365586320247,0.23761728405952454,0.2696629213483146,0.7303370786516854,0.09979090839624405,0.07909004390239716,3.0691964285714284,0.004019327461719513
08b03Fe,C:/Project/AI-STRESS-DETECTOR/data/public/emodb/wav/08b03Fe.wav,C:\Project\AI-STRESS-DETECTOR\data\public\emodb\wav\08b03Fe.wav,moderate,1,speaker_08,train,de,emodb_b03,studio,controlled,An den Wochenenden bin ich jetzt immer nach Hause gefahren und habe Agnes besucht.,emodb_emotion=happiness; variation=e,3.6160625,0.057610444724559784,0.056229591369628906,0.11445517838001251,0.10598022834864938,0.13398273257437132,1520.775311540413,1085.0271012873532,1507.642548885987,444.17038505942156,2766.222222222222,1784.0743493337427,0.24998106062412262,0.1704992651939392,-26.69917869567871,10.463142395019531,0.3007408082485199,1.3369296789169312,-0.8225627541542053,-0.7441374063491821,-0.9679740071296692,-1.3088693618774414,-1.1816314458847046,-0.26876047253608704,-0.47078758478164673,-0.5132426619529724,-0.43328362703323364,18.088796615600586,5.9093546867370605,5.208632469177246,3.389892101287842,3.035170793533325,2.744602680206299,2.2522857189178467,2.1466786861419678,1.9453548192977905,1.5664212703704834,1.4917351007461548,1.425644040107727,1.5453134775161743,-0.01365620270371437,-0.0007039149641059339,0.009277954697608948,0.009331467561423779,0.00229260534979403,0.0040962910279631615,0.004938858095556498,-0.002264644019305706,-0.00030336910276673734,0.00632089888677001,0.0036207749508321285,-0.0036917554680258036,-0.005625163670629263,4.938735008239746,2.1612167358398438,1.7405781745910645,0.9779151082038879,0.8988768458366394,0.9205847978591919,0.7763609886169434,0.7469328045845032,0.6625364422798157,0.5788756012916565,0.5709754824638367,0.5798140168190002,0.5591033101081848,239.58623815543098,55.150069511988995,208.76656472986747,0.6833333333333333,0.07073792179858643,0.20060081779956818,0.275,0.725,0.07699880003929138,0.054644569754600525,2.212351141607757,-0.03032846748828888
08b03Lc,C:/Project/AI-STRESS-DETECTOR/data/public/emodb/wav/08b03Lc.wav,C:\Project\AI-STRESS-DETECTOR\data\public\emodb\wav\08b03Lc.wav,low,0,speaker_08,train,de,emodb_b03,studio,controlled,An den Wochenenden bin ich jetzt immer nach Hause gefahren und habe Agnes besucht.,emodb_emotion=boredom; variation=c,4.5258125,0.1477307230234146,0.11433960497379303,0.3478752374649048,0.08913636641492867,0.12154529494132366,1231.8774650366079,1014.6712631009726,1368.5289643772387,473.7724189048346,2164.3458980044347,1798.9873241770474,0.21265912055969238,0.17192791402339935,-17.13189697265625,14.238571166992188,3.489171028137207,1.0480326414108276,0.26269593834877014,0.6024101972579956,-0.7263855934143066,-0.7165317535400391,-1.4666327238082886,-0.6671769022941589,-0.2136690467596054,-0.9638158679008484,-0.19983521103858948,12.489069938659668,6.855282783508301,3.33447265625,3.1978600025177,1.9004826545715332,2.3550541400909424,2.1321277618408203,1.6406904458999634,1.825227975845337,1.7752506732940674,1.2728195190429688,1.3669493198394775,1.340615153312683,-0.016312796622514725,-0.008934225887060165,0.009794162586331367,0.0072205220349133015,-0.0007711495854891837,-0.006022516172379255,-0.005435423459857702,-0.0006655166507698596,0.0006396564422175288,0.0009555790456943214,0.002538479631766677,0.0023723875638097525,0.002100854180753231,4.041258811950684,1.860239863395691,1.2298158407211304,0.9752470254898071,0.7559611201286316,0.7184203863143921,0.6889023184776306,0.574118435382843,0.6507257223129272,0.5201034545898438,0.4433286488056183,0.4925331771373749,0.4516116976737976,188.54455974487388,45.169111190844404,285.0709740577582,0.7339246119733924,0.04151234931943752,0.13348771631717682,0.2017738359201774,0.7982261640798226,0.1805713176727295,0.10484092682600021,2.6514576112024084,-0.11653675884008408
08b03Nb,C:/Project/AI-STRESS-DETECTOR/data/public/emodb/wav/08b03Nb.wav,C:\Project\AI-STRESS-DETECTOR\data\public\emodb\wav\08b03Nb.wav,low,0,speaker_08,train,de,emodb_b03,studio,controlled,An den Wochenenden bin ich jetzt immer nach Hause gefahren und habe Agnes besucht.,emodb_emotion=neutral; variation=b,3.7216875,0.12344809621572495,0.1036549061536789,0.2710859775543213,0.10607600081284292,0.1375987586093912,1472.4047263739103,1162.4817508858941,1470.340616843781,473.5553071802141,2652.4324324324325,1921.5930966826477,0.24582646787166595,0.17606064677238464,-19.321516036987305,11.942679405212402,2.5965209007263184,1.0029186010360718,-1.0659137964248657,0.3673892021179199,-1.1982555389404297,-0.8762757778167725,-1.1660586595535278,-0.8601503968238831,-0.08959732204675674,-1.0554327964782715,-0.5463148355484009,14.627872467041016,7.096737384796143,4.173732280731201,3.2144968509674072,2.499246120452881,2.422457456588745,2.2091660499572754,1.7130539417266846,2.1194534301757812,1.747603178024292,1.204311728477478,1.6495295763015747,1.512588381767273,-0.054897915571928024,0.029169505462050438,0.03849842771887779,-0.004941597580909729,0.007978683337569237,0.006506490055471659,0.0010479650227352977,0.003195594996213913,0.00040062828338705003,0.002137898001819849,0.008385900408029556,0.009292214177548885,0.005121149122714996,5.33351469039917,2.3569366931915283,1.5731033086776733,1.1983212232589722,0.9851961731910706,0.8267781138420105,0.7801673412322998,0.7017998695373535,0.7206795811653137,0.5817328095436096,0.6116462349891663,0.595706582069397,0.520710289478302,221.62718502142147,48.90760199627217,266.17008069522035,0.6513513513513514,0.0748209589288536,0.212052583694458,0.2324324324324324,0.7675675675675676,0.15754544734954834,0.0947609692811966,2.6869531630476766,-0.0836389809846878
08b03Tc,C:/Project/AI-STRESS-DETECTOR/data/public/emodb/wav/08b03Tc.wav,C:\Project\AI-STRESS-DETECTOR\data\public\emodb\wav\08b03Tc.wav,moderate,1,speaker_08,train,de,emodb_b03,studio,controlled,An den Wochenenden bin ich jetzt immer nach Hause gefahren und habe Agnes besucht.,emodb_emotion=sadness; variation=c,8.97825,0.08943923562765121,0.09452858567237854,0.23532216250896454,0.061067848191908344,0.11964447987428176,1128.0014227224274,953.5933571275746,1571.416432991322,382.3026749730277,2121.160714285714,1800.0889092802545,0.23509669303894043,0.15154433250427246,-27.11039161682129,10.442184448242188,4.239272594451904,2.7823550701141357,1.822693943977356,1.763566017150879,0.3633294403553009,1.0460751056671143,-0.048794932663440704,0.903773844242096,0.6453482508659363,0.01579357124865055,0.6386815309524536,14.883975982666016,5.686774730682373,2.9672932624816895,2.1398448944091797,1.8504365682601929,1.4630130529403687,1.8732633590698242,1.2622132301330566,1.8971115350723267,1.116084337234497,1.0866296291351318,1.3539263010025024,1.0006086826324463,0.00408910633996129,0.0017029856098815799,-0.002140664029866457,-0.0036354686599224806,-0.0004708607157226652,0.0005802251398563385,0.0004972507013007998,0.0013269289629533887,0.0023491394240409136,-0.0011890729656443,-0.0018513101385906339,-0.0010989931179210544,-0.0017005701083689928,3.546405553817749,1.4748563766479492,1.1075795888900757,0.7955321669578552,0.7749773263931274,0.6180965900421143,0.6905116438865662,0.5836419463157654,0.5980961322784424,0.5029703974723816,0.5002468824386597,0.4947887361049652,0.46174341440200806,241.89872318071266,98.12723211908184,266.17008069522035,0.640625,0.07689425603419453,0.21399256587028503,0.2276785714285714,0.7723214285714286,0.11172423511743546,0.09686512500047684,6.682816807284271,-0.06661388650536537
08b03Wd,C:/Project/AI-STRESS-DETECTOR/data/public/emodb/wav/08b03Wd.wav,C:\Project\AI-STRESS-DETECTOR\data\public\emodb\wav\08b03Wd.wav,severe,3,speaker_08,train,de,emodb_b03,studio,controlled,An den Wochenenden bin ich jetzt immer nach Hause gefahren und habe Agnes besucht.,emodb_emotion=anger; variation=d,4.08125,0.0375291183590889,0.045141857117414474,0.0867660716176033,0.13462844302875412,0.137363869142399,1820.358004720144,1067.9682670733594,1646.3055591980524,438.5982371720367,3375.369458128079,1831.5419858050489,0.31501296162605286,0.19775009155273438,-30.86429214477539,8.531305313110352,-0.3299059271812439,0.24509850144386292,-1.1262598037719727,-0.43241044878959656,-1.6674411296844482,-0.7204311490058899,-1.7499538660049438,-0.953491747379303,-0.27246469259262085,-0.632734477519989,-0.11359871178865433,16.891435623168945,6.047939300537109,5.783395767211914,3.605825185775757,2.818629026412964,2.480825901031494,2.4384212493896484,2.0066871643066406,2.253502130508423,1.6142076253890991,1.4210307598114014,1.4664922952651978,1.5138648748397827,-0.03010336309671402,-0.008523336611688137,-0.0036334015894681215,-0.0019681418780237436,-0.0002642253239173442,0.0037639921065419912,0.0005697616725228727,-0.007014968898147345,-0.0038998310919851065,0.007598051335662603,0.003484307322651148,0.004971707239747047,0.00451579550281167,5.320385456085205,2.09373140335083,1.6645561456680298,1.2521432638168335,0.9956257939338684,0.9061884880065918,0.8774856925010681,0.721695065498352,0.7767516374588013,0.6529744267463684,0.6186611652374268,0.6133044362068176,0.5869066715240479,264.0187394738913,47.51355675287204,210.10101010101008,0.5123152709359606,0.08441919982440763,0.19283901154994965,0.458128078817734,0.541871921182266,0.0629667118191719,0.04817691072821617,4.165390505359878,0.014405407011508942
08b09Ab,C:/Project/AI-STRESS-DETECTOR/data/public/emodb/wav/08b09Ab.wav,C:\Project\AI-STRESS-DETECTOR\data\public\emodb\wav\08b09Ab.wav,high,2,speaker_08,train,de,emodb_b09,studio,controlled,Ich will das eben wegbringen und dann mit Karl was trinken gehen.,emodb_emotion=fear; variation=b,3.18125,0.08916738629341125,0.08569910377264023,0.20618915557861328,0.11463786047396973,0.1245218433780506,1730.6592755615836,945.828621475266,1731.9457789885732,395.86409290608646,3435.1898734177216,1712.3193692112268,0.352008581161499,0.1934117078781128,-23.191165924072266,8.248736381530762,0.8337052464485168,1.7300231456756592,-0.44881150126457214,-0.5120344161987305,-1.6539256572723389,-0.6346445679664612,-1.4053640365600586,-0.4146873354911804,-0.2646726071834564,-0.4956044554710388,0.5877683758735657,18.168169021606445,5.374701499938965,3.620651960372925,3.07560396194458,2.148768186569214,2.3083033561706543,2.3673715591430664,1.5212152004241943,2.2783591747283936,1.757159948348999,1.432363748550415,1.79293692111969,1.3831713199615479,-0.0054569002240896225,0.004775139503180981,0.0065908897668123245,0.0009951757965609431,0.004140426870435476,0.007343251723796129,0.005337709095329046,0.0023075537756085396,-0.0060759116895496845,-0.001960339490324259,-0.006048441864550114,0.0006209227140061557,0.009356703609228134,5.469001770019531,1.945431113243103,1.4348118305206299,1.259690284729004,0.9526341557502747,0.9817886352539062,0.9022563695907593,0.6930608749389648,0.711323082447052,0.650212287902832,0.6643235683441162,0.6755943894386292,0.5965256094932556,284.30640447400435,45.87607914600383,177.77777777777777,0.5379746835443038,0.06012900883972916,0.2383611798286438,0.34493670886075944,0.6550632911392406,0.13237878680229187,0.07600996643304825,3.1434184675834973,0.022664591670036316
08b09Fd,C:/Project/AI-STRESS-DETECTOR/data/public/emodb/wav/08b09Fd.wav,C:\Project\AI-STRESS-DETECTOR\data\public\emodb\wav\08b09Fd.wav,moderate,1,speaker_08,train,de,emodb_b09,studio,controlled,Ich will das eben wegbringen und dann mit Karl was trinken gehen.,emodb_emotion=happiness; variation=d,2.7668125,0.08124609291553497,0.0695791095495224,0.17774353921413422,0.1044976076555024,0.13494794808975005,1530.3836824847692,1083.862249960377,1505.3797587062472,441.37056765879004,2785.309090909091,1809.8428346906235,0.24182701110839844,0.1680826097726822,-23.566184997558594,10.210982322692871,0.3170115053653717,2.0164036750793457,-1.0538033246994019,-1.6488935947418213,-1.9182378053665161,-1.3281631469726562,-1.2367804050445557,-0.6300342679023743,-0.35645395517349243,-0.2023511826992035,-0.6139206886291504,18.650644302368164,6.084918975830078,5.283453941345215,3.3042044639587402,2.6574018001556396,2.566509962081909,2.091198444366455,1.9048216342926025,1.9725126028060913,1.6367725133895874,1.5965219736099243,1.7585313320159912,1.6290725469589233,-0.012065207585692406,0.002516677137464285,0.019879328086972237,0.007710708305239677,-0.004817275796085596,0.003793645417317748,0.005407246761023998,-0.0031505203805863857,-0.002350750844925642,0.0003157349128741771,0.0016202328260987997,0.006141106132417917,-0.00371469184756279,5.733712196350098,2.181856155395508,1.719353437423706,1.021481990814209,1.095339298248291,1.0192420482635498,0.7870184779167175,0.7847830653190613,0.7643848061561584,0.6700586676597595,0.5990123152732849,0.5963161587715149,0.6297913193702698,268.5821875681062,55.67800757798615,195.55555555555554,0.6836363636363636,0.04496095256056624,0.20275208353996277,0.2472727272727273,0.7527272727272727,0.10537438094615936,0.06374954432249069,2.529987124172672,-0.032322533428668976
08b09Lc,C:/Project/AI-STRESS-DETECTOR/data/public/emodb/wav/08b09Lc.wav,C:\Project\AI-STRESS-DETECTOR\data\public\emodb\wav\08b09Lc.wav,low,0,speaker_08,train,de,emodb_b09,studio,controlled,Ich will das eben wegbringen und dann mit Karl was trinken gehen.,emodb_emotion=boredom; variation=c,3.8906875,0.13710086047649384,0.1096988245844841,0.27634158730506897,0.07711785924760221,0.12226085132899588,1226.4486933341195,1008.3439814811114,1471.8718283823437,435.4615519163374,2247.6485788113696,1757.0586769748486,0.2322990596294403,0.17501205205917358,-19.14642333984375,12.892719268798828,4.4184956550598145,2.8187923431396484,1.6941070556640625,-0.5553615093231201,-0.38424068689346313,-0.21841351687908173,-1.9212452173233032,0.009141049347817898,-0.25859400629997253,-0.782069742679596,0.07544570416212082,14.767049789428711,6.3680009841918945,3.524043560028076,3.084552764892578,1.9899942874908447,2.6480822563171387,2.0671751499176025,1.4548977613449097,1.8930299282073975,1.5078155994415283,1.1915758848190308,1.2974258661270142,0.920708179473877,0.006300292909145355,0.004771925043314695,-0.0011476497165858746,0.00011505390284582973,-0.0013256812235340476,-0.004664259497076273,-0.0055104889906942844,-0.00834543164819479,-0.007646357174962759,-0.007908649742603302,-0.0077060796320438385,-0.004882970359176397,-0.001176130841486156,4.317709922790527,1.7241970300674438,1.2654755115509033,0.9201436042785645,0.7113825678825378,0.8326830863952637,0.6505212783813477,0.5632750391960144,0.6503477692604065,0.555401086807251,0.497928649187088,0.5075750350952148,0.42588183283805847,175.31345153183233,40.73796149680009,222.77847309136422,0.7157622739018088,0.03615119681528986,0.1524544209241867,0.2041343669250646,0.7958656330749354,0.16880513727664948,0.1008392721414566,2.3132158519541854,-0.09680642187595367
08b09Nb,C:/Project/AI-STRESS-DETECTOR/data/public/emodb/wav/08b09Nb.wav,C:\Project\AI-STRESS-DETECTOR\data\public\emodb\wav\08b09Nb.wav,low,0,speaker_08,train,de,emodb_b09,studio,controlled,Ich will das eben wegbringen und dann mit Karl was trinken gehen.,emodb_emotion=neutral; variation=b,2.85375,0.10193862020969391,0.08671599626541138,0.2024204134941101,0.087551033059681,0.1300342366863324,1278.3830585855803,1075.2902690746396,1425.9928868093964,459.4997744366088,2316.0424028268553,1818.2167782250172,0.22223134338855743,0.1755092442035675,-23.181306838989258,12.756021499633789,3.749100685119629,3.0944371223449707,0.702248752117157,-0.6551699042320251,-1.4584593772888184,-0.09939374029636383,-1.9528998136520386,-0.14475974440574646,0.316042423248291,-0.967930257320404,-0.23632225394248962,16.449974060058594,6.722996234893799,3.804910898208618,3.192730188369751,2.042184352874756,2.5571272373199463,2.187333583831787,1.415184497833252,2.1844236850738525,1.5029067993164062,1.238391399383545,1.3696622848510742,1.2918764352798462,-0.0022497547324746847,-0.0010340458247810602,0.009048720821738243,0.00718701584264636,0.001192795461975038,-0.002691134111955762,0.003848138963803649,-0.0006784390425309539,-0.0015361595433205366,-0.0004352276446297765,0.0019793107639998198,-0.0022932144347578287,0.003907099366188049,5.305794715881348,2.1977922916412354,1.4358670711517334,1.1157631874084473,0.8553923964500427,0.9733299016952515,0.8086549043655396,0.6481196284294128,0.8014499545097351,0.6688674092292786,0.5883817076683044,0.5470632314682007,0.5113410353660583,188.47455510574807,32.549914997786104,188.4116151478657,0.6784452296819788,0.06329059569354173,0.22224371135234833,0.22261484098939932,0.7773851590106007,0.1284865438938141,0.08055386692285538,2.803328953131844,-0.05541408061981201
08b09Tb,C:/Project/AI-STRESS-DETECTOR/data/public/emodb/wav/08b09Tb.wav,C:\Project\AI-STRESS-DETECTOR\data\public\emodb\wav\08b09Tb.wav,moderate,1,speaker_08,train,de,emodb_b09,studio,controlled,Ich will das eben wegbringen und dann mit Karl was trinken gehen.,emodb_emotion=sadness; variation=b,6.7514375,0.08112291991710663,0.08874398469924927,0.19450396299362183,0.06828736030268837,0.13620516506773317,1195.3678428738813,1045.599816489476,1564.2805237753585,417.68105663654325,2275.8395245170877,1847.2527896175575,0.24442023038864136,0.16031979024410248,-29.250591278076172,10.324902534484863,4.255250453948975,3.4658069610595703,1.8776403665542603,1.3788665533065796,-0.08879097551107407,1.096516489982605,-0.2768469750881195,0.7176387906074524,0.6756641864776611,-0.2555188834667206,0.7087693214416504,16.018112182617188,6.256755352020264,2.739600896835327,2.283236026763916,1.5613139867782593,1.9124480485916138,2.058159351348877,1.1047648191452026,1.8383148908615112,1.3412984609603882,1.1254383325576782,1.4361156225204468,0.991779088973999,0.00264748209156096,0.005305662751197815,0.0012972928816452622,0.0021497549023479223,0.002488501137122512,-0.0006925046327523887,-0.0004653144278563559,0.00010983125685015693,0.001630229875445366,0.0008865561103448272,0.0024238035548478365,0.0011695249704644084,-0.0008822063100524247,4.021027565002441,1.5513784885406494,1.1270592212677002,0.8436160087585449,0.7027959227561951,0.75557941198349,0.7353075742721558,0.5100112557411194,0.576408326625824,0.5096939206123352,0.5815988183021545,0.5193855166435242,0.44152510166168213,203.9312563733117,72.9029067430011,274.7474747474747,0.4947994056463596,0.09417030349642201,0.23339083790779114,0.38632986627043087,0.6136701337295691,0.12505517899990082,0.08845793455839157,4.5916147487109225,-0.014980986714363098
08b09Wa,C:/Project/AI-STRESS-DETECTOR/data/public/emodb/wav/08b09Wa.wav,C:\Project\AI-STRESS-DETECTOR\data\public\emodb\wav\08b09Wa.wav,severe,3,speaker_08,train,de,emodb_b09,studio,controlled,Ich will das eben wegbringen und dann mit Karl was trinken gehen.,emodb_emotion=anger; variation=a,3.1655625,0.08510132879018784,0.09140098839998245,0.20675629377365112,0.13801965230536659,0.14385279200532208,1839.3840667671398,1063.2954111020338,1646.1180172837269,375.646452495302,3428.190476190476,1729.4895738168077,0.30472612380981445,0.1861298531293869,-24.297077178955078,7.498992443084717,-0.3392786979675293,1.3339407444000244,-1.874987244606018,-1.2740817070007324,-2.2213134765625,-0.38018134236335754,-1.8861006498336792,-0.7822617292404175,-0.06009560823440552,-0.18328016996383667,0.29809653759002686,20.061031341552734,6.492825031280518,4.836954116821289,3.8388304710388184,3.2776780128479004,2.4901692867279053,2.4328255653381348,1.6649800539016724,2.298405408859253,1.621179223060608,1.802832007408142,1.8228758573532104,1.6498719453811646,-0.03402363508939743,-0.026570510119199753,0.005632658023387194,0.00156014459207654,0.007536724675446749,0.007250363472849131,0.006296148058027029,0.004579104483127594,0.0063493684865534306,0.0017545579466968775,-0.005349177401512861,-0.003075103973969817,0.003367325523868203,5.622196674346924,2.0898141860961914,1.4621013402938843,1.0362775325775146,0.9723442792892456,0.9657522439956665,0.9115545749664307,0.7252938747406006,0.7193052172660828,0.659492552280426,0.7065466642379761,0.6644234657287598,0.7029169797897339,265.63855409710203,54.915857028201266,200.21574973031284,0.6190476190476191,0.08472655978978971,0.22573283314704895,0.3047619047619048,0.6952380952380952,0.11954808235168457,0.09004069119691849,2.8430966060534266,0.0331021249294281
08b09Wc,C:/Project/AI-STRESS-DETECTOR/data/public/emodb/wav/08b09Wc.wav,C:\Project\AI-STRESS-DETECTOR\data\public\emodb\wav\08b09Wc.wav,severe,3,speaker_08,train,de,emodb_b09,studio,controlled,Ich will das eben wegbringen und dann mit Karl was trinken gehen.,emodb_emotion=anger; variation=c,3.3114375,0.06990057975053787,0.07972589880228043,0.20591841638088226,0.15064256385644964,0.16671162449916302,1890.2820468603013,1203.586837746647,1601.0125413060462,396.0597057539811,3366.6869300911853,1860.0752417648987,0.3071874976158142,0.19028335809707642,-26.843097686767578,7.552247524261475,0.10151705145835876,2.1177937984466553,-1.242006778717041,-0.8741896748542786,-1.9067305326461792,-0.10514875501394272,-1.8159737586975098,-0.7684878706932068,-0.23215565085411072,-0.5629952549934387,0.13789622485637665,21.070974349975586,7.379128456115723,5.078987121582031,3.5060672760009766,2.8057010173797607,2.574483633041382,2.5438475608825684,1.7056972980499268,2.2804651260375977,1.6126924753189087,1.6906336545944214,1.7424678802490234,1.5471677780151367,-0.004827655851840973,4.916205398330931e-06,0.0007028333493508399,0.005792195908725262,-5.0701270083663985e-05,0.007358795031905174,0.010838164947926998,6.828626646893099e-05,0.0035559514071792364,0.003961607348173857,-0.0015392354689538479,0.0013473714934661984,-0.0012142570922151208,5.946643352508545,2.129831075668335,1.5753326416015625,1.1359515190124512,0.926089882850647,1.0086084604263306,0.9023357629776001,0.7351961731910706,0.7406746745109558,0.6104266047477722,0.6883466839790344,0.6058993935585022,0.5890410542488098,254.3100241470505,46.83020209175446,212.69841269841268,0.5805471124620061,0.06776058377486453,0.20893333852291107,0.35258358662613987,0.6474164133738601,0.10417657345533371,0.08040796965360641,3.62380386161599,0.081236207857728
08b10Aa,C:/Project/AI-STRESS-DETECTOR/data/public/emodb/wav/08b10Aa.wav,C:\Project\AI-STRESS-DETECTOR\data\public\emodb\wav\08b10Aa.wav,high,2,speaker_08,train,de,emodb_b10,studio,controlled,"Die wird auf dem Platz sein, wo wir sie immer hinlegen.",emodb_emotion=fear; variation=a,2.6551875,0.09850191324949265,0.09722413122653961,0.23288823664188385,0.11943684970000759,0.14572400890432774,1805.311595047065,1056.2880606094252,1789.0413719640183,376.0878647183013,3566.212121212121,1750.0175454977718,0.34364405274391174,0.18291057646274567,-21.4836483001709,7.768623352050781,1.5911606550216675,2.326974630355835,-0.339964359998703,-0.9929414391517639,-1.5642948150634766,-0.7127103805541992,-1.8762699365615845,-1.1190263032913208,-0.26543182134628296,-0.7438923120498657,0.21089711785316467,16.832368850708008,4.980118274688721,3.5888500213623047,3.5614259243011475,2.1796481609344482,2.657780647277832,2.0570390224456787,1.6561352014541626,2.256870746612549,2.0006155967712402,1.5754683017730713,1.7475093603134155,1.2678685188293457,0.11002703756093979,0.008563638664782047,-0.026870818808674812,-0.005422100890427828,-0.004145217593759298,-0.003871055319905281,-0.021351497620344162,-0.009352368302643299,0.0026947855949401855,-0.011838287115097046,-0.0060413433238863945,-0.003892195876687765,-0.004899221006780863,5.968637943267822,1.8731337785720825,1.345805287361145,1.2794208526611328,0.9092022180557251,0.9152855277061462,0.8319823145866394,0.6264855861663818,0.717184841632843,0.6661970019340515,0.6598228216171265,0.6476484537124634,0.5331065654754639,265.27107087639115,50.79071187505814,185.34278959810874,0.6401515151515151,0.056898253225488526,0.2044084072113037,0.2689393939393939,0.7310606060606061,0.13190940022468567,0.09363041818141937,3.7662123672998615,0.08660624921321869
08b10Fd,C:/Project/AI-STRESS-DETECTOR/data/public/emodb/wav/08b10Fd.wav,C:\Project\AI-STRESS-DETECTOR\data\public\emodb\wav\08b10Fd.wav,moderate,1,speaker_08,train,de,emodb_b10,studio,controlled,"Die wird auf dem Platz sein, wo wir sie immer hinlegen.",emodb_emotion=happiness; variation=d,2.4635625,0.11971313506364822,0.10074323415756226,0.2696104943752289,0.09958297382801266,0.13229626534135674,1557.630868958323,1071.2782922787073,1569.1634759890358,437.86061286104655,2947.7049180327867,1794.183583861686,0.24607136845588684,0.15994073450565338,-19.290178298950195,9.689799308776855,0.5719224214553833,2.501617670059204,-1.1968961954116821,-1.6028923988342285,-1.6490466594696045,-0.668819785118103,-1.0114524364471436,-0.38769418001174927,0.14008545875549316,-0.10391299426555634,-0.4496404230594635,16.806907653808594,5.7541046142578125,5.401766777038574,3.432648181915283,2.6686923503875732,3.087462902069092,2.4468631744384766,1.5848462581634521,2.2460570335388184,2.211172342300415,1.940029501914978,1.5877599716186523,1.7637948989868164,0.017338143661618233,-0.006566766649484634,0.03338922560214996,0.003218187717720866,0.003419287968426943,0.012749123387038708,-0.00689337495714426,-0.003936490975320339,0.006300564855337143,-0.012237847782671452,-0.0016933962469920516,-0.0007332700188271701,-0.003289612475782633,5.310971736907959,1.8783005475997925,1.6041768789291382,1.0902053117752075,1.0166046619415283,0.9685570597648621,0.8297798037528992,0.6540898680686951,0.6981512904167175,0.6453120708465576,0.6240601539611816,0.6362709403038025,0.6889237761497498,239.74408115898095,58.36825230611842,203.17460317460316,0.7295081967213115,0.04948765115001083,0.22718694806098938,0.24180327868852458,0.7581967213114754,0.15375997126102448,0.09253164380788803,2.8414136032676254,-0.0042729452252388
08b10La,C:/Project/AI-STRESS-DETECTOR/data/public/emodb/wav/08b10La.wav,C:\Project\AI-STRESS-DETECTOR\data\public\emodb\wav\08b10La.wav,low,0,speaker_08,train,de,emodb_b10,studio,controlled,"Die wird auf dem Platz sein, wo wir sie immer hinlegen.",emodb_emotion=boredom; variation=a,2.79675,0.13429628312587738,0.08678621798753738,0.21646003425121307,0.09309244333856223,0.1521081961100067,1306.2768889898027,1206.9402216540784,1404.318117906387,462.20744428554315,2321.438848920863,1832.6905806071456,0.2139883190393448,0.1592482179403305,-17.766939163208008,13.063752174377441,4.401848793029785,3.3036458492279053,0.7716302275657654,-1.1484436988830566,-0.9598837494850159,-0.2745755910873413,-2.07578444480896,-0.3201983869075775,-0.332918256521225,-0.6797155737876892,0.1341511309146881,12.900222778320312,7.2259087562561035,3.6406679153442383,3.7742223739624023,1.936586856842041,2.433845043182373,1.8707166910171509,1.619922399520874,1.6675987243652344,1.2257674932479858,1.2226784229278564,1.3889862298965454,0.9379732012748718,0.0523466058075428,0.05165083333849907,0.016071124002337456,-0.004981969017535448,0.019381433725357056,0.002594318240880966,0.011065460741519928,-0.005052241496741772,-0.019929511472582817,0.0010941632790490985,0.0032649622298777103,8.86230991454795e-05,-0.005608479958027601,4.251254081726074,1.919171929359436,1.1572428941726685,1.1077581644058228,0.7737276554107666,0.9194039106369019,0.6718899011611938,0.5756283402442932,0.6653677225112915,0.4844755530357361,0.45282769203186035,0.4691014289855957,0.37917688488960266,176.42474297714003,40.08499555159924,225.4742547425474,0.7877697841726619,0.0412916637952057,0.12682655453681946,0.14748201438848918,0.8525179856115108,0.1541176736354828,0.07826152443885803,2.5029051577724144,-0.03801681846380234
08b10Nc,C:/Project/AI-STRESS-DETECTOR/data/public/emodb/wav/08b10Nc.wav,C:\Project\AI-STRESS-DETECTOR\data\public\emodb\wav\08b10Nc.wav,low,0,speaker_08,train,de,emodb_b10,studio,controlled,"Die wird auf dem Platz sein, wo wir sie immer hinlegen.",emodb_emotion=neutral; variation=c,2.3780625,0.09749745577573776,0.07103537023067474,0.18510852754116058,0.0960239582005862,0.15146361210574494,1344.1548149458079,1181.215966130701,1473.3772367152474,449.595298752917,2485.593220338983,1874.1676310049158,0.22546832263469696,0.16360971331596375,-22.256853103637695,11.933098793029785,4.1430439949035645,3.4342925548553467,0.4857983887195587,-0.8151427507400513,-1.2106091976165771,-0.0924316942691803,-2.0726447105407715,-0.7309399843215942,0.17983956634998322,-1.0991743803024292,-0.04051520302891731,15.139982223510742,6.702491283416748,3.8244969844818115,3.4544317722320557,2.2547521591186523,2.3322229385375977,2.240142583847046,1.459873080253601,1.9260696172714233,1.5524516105651855,1.2496942281723022,1.5023366212844849,1.1562474966049194,-0.04731644690036774,0.026781102642416954,0.009292002767324448,-0.0054758950136601925,0.0065354895778000355,0.013201399706304073,0.0036085087340325117,-0.004152440465986729,-0.0020906419958919287,0.014262001030147076,0.009166402742266655,0.00037119651096872985,-0.00133572390768677,5.19595193862915,2.25773286819458,1.4894061088562012,1.2504500150680542,0.9055155515670776,0.9872532486915588,0.8433542251586914,0.6497911214828491,0.7011741399765015,0.6160352826118469,0.5582313537597656,0.6170210838317871,0.48929277062416077,190.0071109495488,44.565028077145755,176.9733534439417,0.711864406779661,0.03526304677036173,0.20070955157279968,0.211864406779661,0.788135593220339,0.12050213664770126,0.062293075025081635,2.9435727614391967,-0.039607442915439606
08b10Tc,C:/Project/AI-STRESS-DETECTOR/data/public/emodb/wav/08b10Tc.wav,C:\Project\AI-STRESS-DETECTOR\data\public\emodb\wav\08b10Tc.wav,moderate,1,speaker_08,train,de,emodb_b10,studio,controlled,"Die wird auf dem Platz sein, wo wir sie immer hinlegen.",emodb_emotion=sadness; variation=c,4.6628125,0.102853924036026,0.09943192452192307,0.25623881816864014,0.05654221761299801,0.11485931855396841,1151.8856260573496,919.5645489111552,1602.384659855626,387.01532601756554,2297.4137931034484,1735.1339611851374,0.24169720709323883,0.14357809722423553,-25.81883430480957,10.139842987060547,4.370649814605713,4.106251239776611,2.026319742202759,1.3516873121261597,0.20216523110866547,0.9936414361000061,-0.45942115783691406,0.246409073472023,0.5602277517318726,-0.14139293134212494,0.8417324423789978,15.609047889709473,5.440262317657471,2.493543863296509,2.529143810272217,1.7754014730453491,1.799699068069458,1.7789051532745361,1.281542181968689,1.8049187660217285,1.4632315635681152,1.19796884059906,1.3134626150131226,0.7965012192726135,-0.010925212875008583,-0.00651872344315052,-0.0007738188141956925,0.00014511830522678792,0.0016608487349003553,-0.0036389806773513556,-0.0030291369184851646,-0.002029664581641555,-0.002151808235794306,0.004246960859745741,0.005142553243786097,0.0054743411019444466,-9.858171688392758e-05,4.1562957763671875,1.7117273807525635,1.0140023231506348,0.8512716293334961,0.7921627163887024,0.7407638430595398,0.6497889757156372,0.5617585182189941,0.6033153533935547,0.5221049189567566,0.5270271897315979,0.48205405473709106,0.42143183946609497,217.29028794871203,90.2466621213236,254.28973277074542,0.6099137931034483,0.08503704920210063,0.23745103180408478,0.27155172413793105,0.728448275862069,0.13634206354618073,0.09714005887508392,5.361570940285503,-0.005600273609161377
08b10Wa,C:/Project/AI-STRESS-DETECTOR/data/public/emodb/wav/08b10Wa.wav,C:\Project\AI-STRESS-DETECTOR\data\public\emodb\wav\08b10Wa.wav,severe,3,speaker_08,train,de,emodb_b10,studio,controlled,"Die wird auf dem Platz sein, wo wir sie immer hinlegen.",emodb_emotion=anger; variation=a,3.135375,0.07048461586236954,0.08154988288879395,0.20894427597522736,0.11135209819420346,0.1061249315836161,1822.9431892611876,916.5416874308072,1746.2479142972054,395.6226358140067,3592.4358974358975,1611.3409656026631,0.3041001558303833,0.16889801621437073,-26.763896942138672,7.217239856719971,0.46509844064712524,2.125270366668701,-1.8035852909088135,-1.2983968257904053,-1.790814757347107,-0.8611462116241455,-2.1546287536621094,-0.89483642578125,-0.03428909555077553,-0.4513617157936096,0.25694146752357483,21.027788162231445,5.843425750732422,4.96757173538208,4.010262966156006,2.9872548580169678,2.8513565063476562,2.588310956954956,1.9359327554702759,2.366224765777588,1.7835948467254639,1.753085970878601,1.6300055980682373,1.399244785308838,-0.008882375434041023,-0.009181465953588486,-0.009979122318327427,-0.002924445318058133,0.003197374986484647,0.004931218922138214,0.003915335983037949,-0.0004270611680112779,0.002400511410087347,-0.00304526393301785,-0.007900562137365341,-0.0025294162333011627,0.004202680662274361,5.358009338378906,1.7043812274932861,1.5095018148422241,1.1501408815383911,0.9167383909225464,1.0204319953918457,0.8085346221923828,0.7010307312011719,0.7569854855537415,0.5995001792907715,0.5917760729789734,0.5780154466629028,0.5602463483810425,256.88025782881533,61.01279467353652,208.76656472986747,0.6442307692307693,0.06627795360259503,0.1938980519771576,0.33333333333333337,0.6666666666666666,0.10243235528469086,0.08302290737628937,3.189411154965515,0.024891942739486694
09a01Ea,C:/Project/AI-STRESS-DETECTOR/data/public/emodb/wav/09a01Ea.wav,C:\Project\AI-STRESS-DETECTOR\data\public\emodb\wav\09a01Ea.wav,high,2,speaker_09,train,de,emodb_a01,studio,controlled,Der Lappen liegt auf dem Eisschrank.,emodb_emotion=disgust; variation=a,2.62125,0.07476559281349182,0.07935145497322083,0.20204778015613556,0.10906111432427221,0.11743552878212986,1782.4231709391424,828.265909865271,1709.8897894027436,520.0010386690763,3601.3846153846152,1537.7559843667075,0.3297589421272278,0.1616697460412979,-26.17694664001465,8.034012794494629,-0.7156723141670227,1.7298063039779663,-0.09604911506175995,-0.46843186020851135,-1.1917879581451416,0.05588569492101669,0.02644973248243332,-0.36556777358055115,0.16282886266708374,-0.5291874408721924,-0.29487916827201843,20.637895584106445,6.494466781616211,5.608662128448486,2.6764605045318604,2.362287998199463,2.744990825653076,2.396435260772705,1.725848913192749,1.5428595542907715,1.6406818628311157,1.260006070137024,1.6080796718597412,1.2333661317825317,-0.009192627854645252,0.005595159716904163,-0.0020185341127216816,-0.003366110846400261,-0.0003234790056012571,-0.0002244555071229115,0.0023258503060787916,0.0025101222563534975,0.0028247612062841654,0.002710998058319092,0.0010806918144226074,0.0007152869366109371,-0.0004308141069486737,5.14427375793457,1.9578795433044434,1.6978052854537964,0.9348106384277344,0.8131253719329834,0.9189870357513428,0.883293867111206,0.6855413317680359,0.622313916683197,0.5724895596504211,0.5646026134490967,0.6005908250808716,0.552413821220398,242.1208694870749,37.923648962270285,225.4742547425474,0.5038461538461538,0.07116903451686961,0.19604358077049255,0.4076923076923077,0.5923076923076923,0.12266267836093903,0.07062742114067078,1.9074868860276586,0.007246360182762146
09a01Fa,C:/Project/AI-STRESS-DETECTOR/data/public/emodb/wav/09a01Fa.wav,C:\Project\AI-STRESS-DETECTOR\data\public\emodb\wav\09a01Fa.wav,moderate,1,speaker_09,train,de,emodb_a01,studio,controlled,Der Lappen liegt auf dem Eisschrank.,emodb_emotion=happiness; variation=a,1.831125,0.07534298300743103,0.08125244081020355,0.2162609100341797,0.18297124025533446,0.10859864884477444,2223.942194891859,798.0112153100802,1570.0220635887683,355.3603469811679,3927.292817679558,1247.0871552627518,0.29667142033576965,0.18346787989139557,-22.323692321777344,3.5091612339019775,-6.346432685852051,0.5338220000267029,-3.454871654510498,-0.8250179290771484,-2.739610195159912,-0.5733794569969177,-0.9636232256889343,-0.39059653878211975,-0.09252540022134781,0.5897552967071533,0.8958047032356262,16.717376708984375,6.264166831970215,6.758608341217041,2.8421812057495117,3.052720546722412,2.384413957595825,2.2778005599975586,1.7863689661026,1.7614936828613281,1.7367624044418335,1.1942533254623413,2.1687986850738525,1.7447484731674194,0.18091732263565063,0.020787600427865982,0.0103180892765522,0.004384837578982115,-0.010897031985223293,-0.016857720911502838,-0.005861295387148857,-0.017572814598679543,-0.008317138999700546,-0.0077798450365662575,-0.006688324734568596,-0.002551497658714652,-0.012390305288136005,5.613691329956055,2.050995349884033,1.959528923034668,1.0242596864700317,1.2353265285491943,0.910900890827179,0.8838688135147095,0.6972625255584717,0.6338236331939697,0.6431761384010315,0.5544934868812561,0.6874748468399048,0.6821887493133545,256.69870575066886,57.751163536801464,171.64750957854406,0.6850828729281768,0.06744155438350487,0.21855446696281433,0.2596685082872928,0.7403314917127072,0.09997513145208359,0.08106809109449387,2.7305618130930442,0.015843413770198822
09a01Nb,C:/Project/AI-STRESS-DETECTOR/data/public/emodb/wav/09a01Nb.wav,C:\Project\AI-STRESS-DETECTOR\data\public\emodb\wav\09a01Nb.wav,low,0,speaker_09,train,de,emodb_a01,studio,controlled,Der Lappen liegt auf dem Eisschrank.,emodb_emotion=neutral; variation=b,1.6825625,0.08721955865621567,0.07167806476354599,0.19080549478530884,0.09588730863302834,0.10736097961737516,1535.6846166204568,954.3461838360541,1517.2305615005714,513.372754707189,3121.4457831325303,1684.3368667803572,0.25996100902557373,0.1828116476535797,-21.682910919189453,11.679967880249023,0.20202314853668213,4.209280490875244,-0.9378261566162109,1.6831529140472412,-0.5873445272445679,-0.8358761072158813,-0.2804078161716461,0.4687545895576477,-0.36390018463134766,-0.36621057987213135,0.42248186469078064,16.67386817932129,7.892457962036133,4.529844284057617,2.7263131141662598,2.7277398109436035,1.6076605319976807,2.235440969467163,1.3899019956588745,1.3959565162658691,1.5680382251739502,1.5655168294906616,1.216402292251587,1.0080760717391968,0.030154263600707054,-0.002861287211999297,-0.020210174843668938,-0.012654689140617847,0.0034074094146490097,0.003965941723436117,-0.012812956236302853,-0.0017390609718859196,0.011253518052399158,0.014954016543924809,0.003151747165247798,0.004946446046233177,0.0009364068973809481,5.959190368652344,2.5726592540740967,1.5855958461761475,1.0559191703796387,1.0152591466903687,0.6694071888923645,0.8169781565666199,0.6583780646324158,0.6233744621276855,0.6008328795433044,0.687027633190155,0.5530521273612976,0.5213545560836792,169.68050436158595,38.66325823022272,203.45368916797486,0.5240963855421686,0.07485806157764412,0.22080644965171814,0.3493975903614458,0.6506024096385542,0.12880021333694458,0.05396786332130432,2.971657813602764,-0.021965794265270233
09a01Wb,C:/Project/AI-STRESS-DETECTOR/data/public/emodb/wav/09a01Wb.wav,C:\Project\AI-STRESS-DETECTOR\data\public\emodb\wav\09a01Wb.wav,severe,3,speaker_09,train,de,emodb_a01,studio,controlled,Der Lappen liegt auf dem Eisschrank.,emodb_emotion=anger; variation=b,1.7015,0.05594462528824806,0.06688747555017471,0.17973890900611877,0.16146019811433343,0.1269829974195593,2083.3062362100395,958.592356919238,1558.6457864125598,397.8599420512144,3807.6190476190477,1430.544034913873,0.3202368915081024,0.20114219188690186,-28.03853988647461,6.93787145614624,-4.414570331573486,1.856803297996521,-2.3896548748016357,0.16697783768177032,-2.9803526401519775,-1.2246928215026855,-1.0433473587036133,-0.7476061582565308,-0.42118212580680847,-0.9570156931877136,-0.038749899715185165,21.510358810424805,6.994251728057861,6.056202411651611,2.422330379486084,3.43097186088562,1.9268696308135986,2.424168109893799,1.9587568044662476,2.0716068744659424,1.900917649269104,1.3913816213607788,1.6577725410461426,1.178292989730835,-0.10333108901977539,0.03139292448759079,0.016540206968784332,-0.012893283739686012,0.007841621525585651,-0.0002837635111063719,0.0008583721937611699,0.015224050730466843,-0.0005344443488866091,0.006218108348548412,0.006220089737325907,-0.0027985090855509043,-0.003281298093497753,6.29181432723999,2.198878288269043,2.0120527744293213,0.9082808494567871,1.2944689989089966,0.8989125490188599,0.9882859587669373,0.812000572681427,0.7898513078689575,0.703494131565094,0.6806661486625671,0.6490656733512878,0.6359823346138,273.9777589883117,42.10206064291371,225.4742547425474,0.5595238095238095,0.05675412633029343,0.2235575020313263,0.36309523809523814,0.6369047619047619,0.08503475040197372,0.06835904717445374,2.938583602703497,0.0224895142018795
09a02Ea,C:/Project/AI-STRESS-DETECTOR/data/public/emodb/wav/09a02Ea.wav,C:\Project\AI-STRESS-DETECTOR\data\public\emodb\wav\09a02Ea.wav,high,2,speaker_09,train,de,emodb_a02,studio,controlled,Das will sie am Mittwoch abgeben.,emodb_emotion=disgust; variation=a,2.4346875,0.07163192331790924,0.0717805027961731,0.14958830177783966,0.17024927463887937,0.1622489171685834,2136.546110019226,1055.9709340140344,1722.8887453232878,494.1942150167828,3985.8921161825724,1739.5740800731444,0.38212087750434875,0.19542908668518066,-20.637531280517578,7.208704948425293,-1.6624687910079956,1.0371233224868774,-1.6534823179244995,-0.7001122236251831,-1.9080429077148438,-1.5207271575927734,-1.139019250869751,-0.195036381483078,-0.5286564826965332,-0.22854018211364746,-0.3201453983783722,16.6885986328125,5.9039506912231445,4.718100070953369,2.459155797958374,2.6016299724578857,2.6134650707244873,2.404118537902832,1.9498541355133057,1.5593303442001343,1.688478708267212,1.6229979991912842,1.2028287649154663,1.2363225221633911,-0.0034953707363456488,0.009150811471045017,0.007526841014623642,0.008060245774686337,0.008331995457410812,0.008525547571480274,-0.0058658430352807045,-0.004295092076063156,-0.0025437490548938513,0.0049329474568367004,0.00512329488992691,-0.0006940290913917124,-0.0007874298025853932,4.405623435974121,1.4296795129776,1.5910173654556274,0.8617336750030518,0.8472949266433716,0.6552146077156067,0.8245302438735962,0.7258186340332031,0.61393141746521,0.6366735100746155,0.5878666043281555,0.5187837481498718,0.5118853449821472,266.8023032877638,54.748943116357744,250.29239766081872,0.5767634854771784,0.07933019822561671,0.1769283264875412,0.2821576763485477,0.7178423236514523,0.09696080535650253,0.06991307437419891,3.2858426389423694,-0.038814108818769455
09a02Eb,C:/Project/AI-STRESS-DETECTOR/data/public/emodb/wav/09a02Eb.wav,C:\Project\AI-STRESS-DETECTOR\data\public\emodb\wav\09a02Eb.wav,high,2,speaker_09,train,de,emodb_a02,studio,controlled,Das will sie am Mittwoch abgeben.,emodb_emotion=disgust; variation=b,1.5238125,0.0862627774477005,0.085617795586586,0.20499473810195923,0.10823725981620719,0.10394060618521303,1755.8101160467902,997.8497692522623,1582.0552094467841,506.6918125245784,3280.0,1725.2941778143227,0.2872444689273834,0.19063761830329895,-22.384639739990234,9.347799301147461,-1.1756227016448975,2.059784173965454,-1.052545189857483,-1.6558390855789185,-2.9429681301116943,-1.1899995803833008,-1.0794070959091187,-1.0353374481201172,0.03599749132990837,-1.2254533767700195,-1.2215991020202637,18.695493698120117,5.795507907867432,5.3267645835876465,3.191671848297119,3.1402885913848877,2.8990776538848877,2.8654022216796875,1.7201011180877686,1.395323634147644,1.4515541791915894,1.5424834489822388,1.1925292015075684,1.5640078783035278,-0.02316291816532612,-0.01855110563337803,-0.004983317106962204,-0.002226026961579919,0.004036225378513336,-0.0014691774267703295,0.015020567923784256,0.016521606594324112,0.009145939722657204,0.0045796227641403675,0.005922102835029364,0.0026443982496857643,0.0041330065578222275,4.658087253570557,1.9597070217132568,1.6832165718078613,0.9558337926864624,1.0820821523666382,0.8484249114990234,0.8070265650749207,0.7930225133895874,0.6159461736679077,0.567035436630249,0.6384797096252441,0.5211776494979858,0.5990673899650574,235.15327244839358,33.36282559357176,221.1017740429505,0.6866666666666666,0.05043172515470231,0.23748090863227844,0.2533333333333333,0.7466666666666667,0.11342412978410721,0.08302284777164459,2.6249948730568886,-0.05147732049226761
09a02La,C:/Project/AI-STRESS-DETECTOR/data/public/emodb/wav/09a02La.wav,C:\Project\AI-STRESS-DETECTOR\data\public\emodb\wav\09a02La.wav,low,0,speaker_09,train,de,emodb_a02,studio,controlled,Das will sie am Mittwoch abgeben.,emodb_emotion=boredom; variation=a,1.5200625,0.10938793420791626,0.09128857403993607,0.20529742538928986,0.08793650793650794,0.11649649666882081,1373.3568931530122,1003.955234468069,1427.7435342226586,471.06147752403456,2685.866666666667,1731.689805427699,0.22155733406543732,0.17839911580085754,-19.893898010253906,12.701186180114746,1.107814908027649,4.839667320251465,-1.5847753286361694,1.8408335447311401,-1.700535535812378,-0.6793522238731384,-0.3090469241142273,-0.054662369191646576,-0.1483732908964157,-0.4958117604255676,0.6736680865287781,14.262467384338379,7.2044291496276855,3.777010679244995,3.137728452682495,3.6067230701446533,1.9828187227249146,2.553377389907837,1.4754163026809692,1.3068889379501343,1.299949288368225,1.2488757371902466,1.2032530307769775,1.0188764333724976,-0.07844354957342148,0.03867608308792114,0.028897380456328392,-0.02542462758719921,-0.010814380832016468,-0.0206963662058115,0.007299116346985102,-0.0028632020112127066,-0.008487631566822529,-0.005242213606834412,0.000589147035498172,0.0036660400219261646,0.0004941272782161832,4.140982151031494,2.1969215869903564,1.7051528692245483,0.8491160273551941,1.0030514001846313,0.6884020566940308,0.8036545515060425,0.6031579971313477,0.5955986380577087,0.5497990250587463,0.6018690466880798,0.5095593333244324,0.492167204618454,177.49650298160873,40.6841879219057,187.76859504132233,0.62,0.030155657695396458,0.1693427711725235,0.29333333333333333,0.7066666666666667,0.1491336077451706,0.07986579835414886,3.2893384318079026,-0.0671573132276535
09a02Wb,C:/Project/AI-STRESS-DETECTOR/data/public/emodb/wav/09a02Wb.wav,C:\Project\AI-STRESS-DETECTOR\data\public\emodb\wav\09a02Wb.wav,severe,3,speaker_09,train,de,emodb_a02,studio,controlled,Das will sie am Mittwoch abgeben.,emodb_emotion=anger; variation=b,1.6553125,0.0459737665951252,0.056019607931375504,0.1206357330083847,0.1427807323186014,0.13239146224070872,1915.8191688329212,929.0321236453902,1626.638639667597,486.42888242764184,3659.268292682927,1667.2072313930503,0.31798672676086426,0.1977456510066986,-28.54994773864746,8.367499351501465,-1.8567510843276978,3.232264518737793,-1.993744969367981,-1.1440846920013428,-2.4497740268707275,-2.061432361602783,-0.9584272503852844,-0.8114331960678101,-0.08053316920995712,-1.4854987859725952,-0.5762622356414795,20.042577743530273,5.768843173980713,5.471317291259766,2.988987445831299,3.680873394012451,2.6228835582733154,2.380858898162842,1.729108214378357,1.2415467500686646,1.5144850015640259,1.3797564506530762,1.7170151472091675,1.2222939729690552,-0.020378943532705307,-0.017524199560284615,0.005650270264595747,0.006047203671187162,-0.0004566202696878463,0.0017292252741754055,0.003911971114575863,0.0148883406072855,0.0037025013007223606,0.0018586283549666405,-0.00027121350285597146,0.0027734003961086273,0.001331267529167235,5.800890922546387,2.02716326713562,1.7736623287200928,1.0004379749298096,1.1108285188674927,0.8161299228668213,0.7457144856452942,0.6682872772216797,0.6262445449829102,0.6400178074836731,0.5920973420143127,0.6281334161758423,0.5717841982841492,261.4302147176359,34.97867392863113,156.51748593788213,0.5060975609756098,0.038820813389947355,0.20009030401706696,0.4512195121951219,0.5487804878048781,0.07719310373067856,0.05938467010855675,3.624693222578818,0.020794622600078583
09a04Fd,C:/Project/AI-STRESS-DETECTOR/data/public/emodb/wav/09a04Fd.wav,C:\Project\AI-STRESS-DETECTOR\data\public\emodb\wav\09a04Fd.wav,moderate,1,speaker_09,train,de,emodb_a04,studio,controlled,Heute abend koennte ich es ihm sagen.,emodb_emotion=happiness; variation=d,1.481375,0.061206575483083725,0.06548705697059631,0.18186253309249878,0.1274075599958801,0.12051907503141177,1862.3631688924052,900.4959794361578,1603.3779642410325,474.6948753686823,3518.082191780822,1624.1218133124707,0.2733451724052429,0.17850084602832794,-27.49698829650879,6.676034927368164,-4.211555004119873,0.309304416179657,-2.991425037384033,-0.4211924076080322,-2.9951720237731934,-1.6852085590362549,-2.0436158180236816,-1.0709670782089233,-0.898867130279541,-0.15529823303222656,0.5703245997428894,17.585617065429688,5.565066337585449,7.7330546379089355,2.9605789184570312,2.9227406978607178,2.535407781600952,2.4530978202819824,1.867932915687561,1.8311936855316162,1.7085281610488892,1.2000906467437744,1.78656005859375,1.5102475881576538,-0.09282216429710388,-0.009823894128203392,0.053321123123168945,0.01264587789773941,0.004839172121137381,-0.009580167941749096,0.0037646163254976273,0.026391884312033653,-0.0077677457593381405,-0.008440937846899033,0.006165994331240654,0.007130024954676628,-0.0009278010111302137,5.175716400146484,1.9237842559814453,2.1804778575897217,1.0941481590270996,1.1752514839172363,0.9169355034828186,0.8824765682220459,0.7906979322433472,0.8092782497406006,0.8070010542869568,0.5164686441421509,0.682790219783783,0.6883473992347717,281.5935300414969,60.37695922459819,171.64750957854406,0.6643835616438356,0.09734919973727761,0.2098119854927063,0.3287671232876712,0.6712328767123288,0.08774460852146149,0.06500789523124695,4.0502911146738665,-0.03529971092939377
09a04La,C:/Project/AI-STRESS-DETECTOR/data/public/emodb/wav/09a04La.wav,C:\Project\AI-STRESS-DETECTOR\data\public\emodb\wav\09a04La.wav,low,0,speaker_09,train,de,emodb_a04,studio,controlled,Heute abend koennte ich es ihm sagen.,emodb_emotion=boredom; variation=a,1.5279375,0.11863011121749878,0.08143655955791473,0.24193696677684784,0.09002639047951004,0.12358903493758829,1271.2722595006667,972.9554075548928,1304.9967080863714,426.81321587666474,2360.264900662252,1575.6524758110925,0.18835368752479553,0.13431616127490997,-17.828529357910156,14.241569519042969,0.8781663775444031,4.627871513366699,-1.1935075521469116,2.0970306396484375,-1.2662608623504639,-1.0034633874893188,-0.15607543289661407,-0.45283952355384827,-0.3165439963340759,-0.9081065058708191,0.29857900738716125,12.630189895629883,6.962218761444092,4.986877918243408,2.6082756519317627,2.5900259017944336,1.6732358932495117,1.9995771646499634,1.3666867017745972,1.335256576538086,1.181168556213379,1.4650510549545288,1.1158536672592163,0.9013208150863647,0.022035889327526093,0.005470858421176672,-0.0071948254480957985,0.0006212556618265808,0.004902678541839123,-0.0067513673566281796,-0.02023116685450077,-0.009514150209724903,-0.021708957850933075,-0.014024781994521618,-0.0055040414445102215,-0.0036034805234521627,0.0025082866195589304,3.6741578578948975,1.984383225440979,1.4761995077133179,0.9332534074783325,0.8208811283111572,0.6939299702644348,0.7828020453453064,0.6300976872444153,0.6403250098228455,0.5190868973731995,0.5081140398979187,0.47017449140548706,0.41634348034858704,175.77817562961897,55.388357721506225,224.408014571949,0.7086092715231788,0.030542616475237355,0.14411789178848267,0.1854304635761589,0.8145695364238411,0.14296789467334747,0.07023753225803375,1.9634310958399803,-0.0443975105881691
09a04Nb,C:/Project/AI-STRESS-DETECTOR/data/public/emodb/wav/09a04Nb.wav,C:\Project\AI-STRESS-DETECTOR\data\public\emodb\wav\09a04Nb.wav,low,0,speaker_09,train,de,emodb_a04,studio,controlled,Heute abend koennte ich es ihm sagen.,emodb_emotion=neutral; variation=b,1.7675625,0.1067437008023262,0.07610772550106049,0.20687423646450043,0.12184747583243823,0.15924184505446476,1519.0681297039578,1194.8594891558653,1417.8720984728438,476.7102074956521,2728.9142857142856,1804.634816583258,0.22852009534835815,0.15520602464675903,-17.25815200805664,12.268049240112305,0.7251850366592407,3.642820119857788,-0.7534136772155762,1.6582725048065186,-1.1236659288406372,-0.7273048758506775,-0.08199624717235565,0.47474658489227295,-0.27793994545936584,-0.6656240820884705,0.6714304685592651,14.029962539672852,7.285345554351807,4.670727252960205,2.581745147705078,2.722388744354248,1.9620935916900635,2.2111117839813232,1.2428168058395386,1.3467800617218018,1.4637821912765503,1.2765812873840332,1.4104562997817993,0.8452016115188599,0.033869028091430664,-0.01359181571751833,-0.012115519493818283,0.0033331182785332203,-0.015599869191646576,0.0051346165128052235,0.0013535077450796962,0.0007848726236261427,0.016420233994722366,0.0003829302149824798,0.009265433996915817,0.012770872563123703,0.004924126900732517,4.509501934051514,2.6293344497680664,1.798986554145813,1.044493317604065,1.0759168863296509,0.7535008192062378,0.8487701416015625,0.5818416476249695,0.6206196546554565,0.571377694606781,0.6195370554924011,0.5337544679641724,0.443047434091568,177.15497867911938,37.59595539595382,220.84195997239476,0.6057142857142858,0.08035272331752157,0.21842847764492035,0.25142857142857145,0.7485714285714286,0.13714492321014404,0.0635005459189415,3.3945051447968604,-0.016908936202526093
09a04Wa,C:/Project/AI-STRESS-DETECTOR/data/public/emodb/wav/09a04Wa.wav,C:\Project\AI-STRESS-DETECTOR\data\public\emodb\wav\09a04Wa.wav,severe,3,speaker_09,train,de,emodb_a04,studio,controlled,Heute abend koennte ich es ihm sagen.,emodb_emotion=anger; variation=a,1.8368125,0.04551588371396065,0.06252121180295944,0.1012035608291626,0.15048610537332344,0.1125573682218019,1960.3981460487444,806.2138873991851,1616.130013760157,512.6674244556151,3692.747252747253,1508.9637416059616,0.3185085356235504,0.18751835823059082,-27.82154083251953,7.702051639556885,-3.4409327507019043,2.2911484241485596,-1.3101739883422852,-0.3112647235393524,-2.442967653274536,-1.3391798734664917,-1.3441325426101685,-0.7444106936454773,-0.4955255687236786,-1.1152794361114502,-0.15179073810577393,16.49216651916504,5.228702068328857,6.993432998657227,2.752230405807495,2.784341335296631,2.4334685802459717,2.6652345657348633,1.6874887943267822,1.873117208480835,1.3831400871276855,1.4937115907669067,1.6214826107025146,1.096007227897644,-0.08712990581989288,-0.0003659816866274923,0.04965480789542198,-0.0017405610997229815,-0.000756106514018029,0.0028512319549918175,0.0238138809800148,0.02630379982292652,0.014518650248646736,0.0063247838988900185,0.01047611702233553,0.004325294401496649,-0.0016442564083263278,4.654650688171387,1.8369100093841553,1.7716991901397705,1.0707052946090698,1.1348774433135986,1.0139151811599731,0.8012604713439941,0.8322674632072449,0.7332083582878113,0.5968728065490723,0.6447839140892029,0.6700040102005005,0.5117924213409424,262.8109859829181,45.49469756308098,232.47863247863245,0.5384615384615384,0.10262088153414954,0.18824943900108337,0.43956043956043955,0.5604395604395604,0.07542446255683899,0.07011430710554123,4.355371057198272,-0.022987164556980133
09a05Ed,C:/Project/AI-STRESS-DETECTOR/data/public/emodb/wav/09a05Ed.wav,C:\Project\AI-STRESS-DETECTOR\data\public\emodb\wav\09a05Ed.wav,high,2,speaker_09,train,de,emodb_a05,studio,controlled,Das schwarze Blatt Papier befindet sich da oben neben dem Holzstueck.,emodb_emotion=disgust; variation=d,5.1574375,0.08603717386722565,0.08232036978006363,0.2111099511384964,0.13870766410188895,0.1616620557632099,1901.8057931771134,1115.6920675204315,1719.4228612119346,521.8101898235767,3671.36186770428,1886.7426311533054,0.35381650924682617,0.20429804921150208,-23.134721755981445,7.926069259643555,1.4891328811645508,1.8415608406066895,-1.236936092376709,-0.566665530204773,-1.2783175706863403,-0.647026777267456,-0.21733121573925018,-0.2611258625984192,-0.5518845319747925,-0.08114086836576462,-0.5459501147270203,17.68279266357422,7.573574542999268,4.094203948974609,3.0376741886138916,3.0173838138580322,2.7830252647399902,2.2602031230926514,2.21490478515625,1.7980648279190063,1.502699851989746,1.5260392427444458,1.3280746936798096,1.2484818696975708,0.008058087900280952,0.0044494313187897205,-0.0076523725874722,-0.003366539953276515,-0.006226343102753162,-0.002453985856845975,0.0018601167248561978,0.003445632755756378,0.0028349661733955145,0.002634519711136818,0.002333797747269273,-0.004189973697066307,-0.004841067362576723,4.902527809143066,1.9228590726852417,1.493881106376648,0.9900391101837158,0.8933998942375183,0.8145370483398438,0.7777671813964844,0.6727684736251831,0.6803713440895081,0.5791980624198914,0.5720816254615784,0.5401536822319031,0.4981866776943207,241.54191663397822,41.558947003302414,211.4114114114114,0.5252918287937743,0.05724922452078595,0.18843545019626617,0.29182879377431903,0.708171206225681,0.11952260136604309,0.07561452686786652,2.13284213332687,0.03307773172855377
09a05Lc,C:/Project/AI-STRESS-DETECTOR/data/public/emodb/wav/09a05Lc.wav,C:\Project\AI-STRESS-DETECTOR\data\public\emodb\wav\09a05Lc.wav,low,0,speaker_09,train,de,emodb_a05,studio,controlled,Das schwarze Blatt Papier befindet sich da oben neben dem Holzstueck.,emodb_emotion=boredom; variation=c,3.367375,0.08663661032915115,0.06736905872821808,0.17185454070568085,0.11792915123629968,0.15213444747683993,1555.375123733441,1258.4132320157482,1451.2419140521727,489.0425313873303,2864.597014925373,1994.3889354042083,0.248593270778656,0.1879592090845108,-21.313671112060547,10.981849670410156,2.3368780612945557,4.723548412322998,-1.1525098085403442,1.301393985748291,-0.565383791923523,-0.2614515721797943,-0.010480613447725773,0.4253470003604889,-0.30073973536491394,-0.12355006486177444,0.5830654501914978,12.829239845275879,9.047821044921875,3.813261032104492,2.866652011871338,2.856736660003662,1.663556456565857,2.0691428184509277,1.6104594469070435,1.3747748136520386,1.7831752300262451,1.3711717128753662,1.2596642971038818,0.9245853424072266,0.030722137540578842,0.017480723559856415,-0.005347344558686018,-0.007685767952352762,-0.00874576810747385,0.003492151852697134,-0.0029109278693795204,-0.01023529376834631,-0.0069521511904895306,-0.008367536589503288,-0.0005358447087928653,0.0006004885071888566,-0.005624108482152224,5.1515679359436035,2.4646852016448975,1.462833046913147,0.9415232539176941,1.0391682386398315,0.6291584372520447,0.7446156740188599,0.6951903104782104,0.5513274073600769,0.5830665826797485,0.5739743709564209,0.5135926008224487,0.4616880416870117,177.83686058172995,49.421154187598226,245.21072796934865,0.5880597014925373,0.06956016990232382,0.18961423635482788,0.23880597014925375,0.7611940298507462,0.10949284583330154,0.06133805587887764,3.5636066669141395,-0.02734580636024475
09a05Nb,C:/Project/AI-STRESS-DETECTOR/data/public/emodb/wav/09a05Nb.wav,C:\Project\AI-STRESS-DETECTOR\data\public\emodb\wav\09a05Nb.wav,low,0,speaker_09,train,de,emodb_a05,studio,controlled,Das schwarze Blatt Papier befindet sich da oben neben dem Holzstueck.,emodb_emotion=neutral; variation=b,3.0775,0.07698047161102295,0.05953597277402878,0.138053297996521,0.10379707438530968,0.13821063088685992,1426.7768068601113,1196.400207129511,1407.978054536343,563.8905701210173,2645.62091503268,2054.7040974773017,0.23984219133853912,0.20708619058132172,-25.252546310424805,12.325510025024414,2.7089359760284424,4.476299285888672,-1.2520174980163574,0.8853979110717773,-0.9914199709892273,-0.657541036605835,-0.23106710612773895,0.06835684180259705,0.31747421622276306,-0.5391568541526794,0.5677636861801147,14.331576347351074,9.242125511169434,4.315732955932617,2.5729217529296875,3.105062961578369,1.7604047060012817,2.2086424827575684,1.461683750152588,1.468195915222168,1.6474322080612183,1.242566466331482,1.3561809062957764,1.0767687559127808,0.015205695293843746,-0.002882701810449362,0.00529451621696353,0.006814461201429367,-4.116772106499411e-05,0.00014244497288018465,0.008829462341964245,-0.0018661957001313567,-0.0032558063976466656,0.002375379903241992,0.006270032376050949,0.002950466936454177,0.0009499083389528096,6.082737922668457,2.9560563564300537,1.7292325496673584,1.1106491088867188,1.1527296304702759,0.8029223680496216,0.8107206225395203,0.6866624355316162,0.6188231706619263,0.579058825969696,0.597626268863678,0.5323162078857422,0.5670082569122314,190.31093529674186,46.59955164097093,235.2548036758563,0.6274509803921569,0.08991898034621873,0.205895334482193,0.27450980392156865,0.7254901960784313,0.10203048586845398,0.05078452080488205,4.54914703493095,-0.003680020570755005
09a05Tb,C:/Project/AI-STRESS-DETECTOR/data/public/emodb/wav/09a05Tb.wav,C:\Project\AI-STRESS-DETECTOR\data\public\emodb\wav\09a05Tb.wav,moderate,1,speaker_09,train,de,emodb_a05,studio,controlled,Das schwarze Blatt Papier befindet sich da oben neben dem Holzstueck.,emodb_emotion=sadness; variation=b,3.908625,0.10438660532236099,0.07715431600809097,0.2032376527786255,0.09754463279020174,0.1409768833419477,1379.6582153828701,1126.1624374268097,1510.7239296948546,436.3337099663288,2579.4344473007714,1905.892011319997,0.25581276416778564,0.1747460514307022,-19.354324340820312,9.830901145935059,2.8601150512695312,4.574592590332031,0.6767711639404297,1.1644212007522583,0.2059859037399292,-0.11332577466964722,0.6344258785247803,0.8028504252433777,-0.03924889117479324,0.4750339090824127,0.6817167401313782,12.95337963104248,7.198639392852783,3.698068857192993,2.8207509517669678,2.107745409011841,1.6627744436264038,1.488032341003418,1.6383285522460938,1.4928700923919678,1.6849994659423828,1.2581232786178589,1.2109051942825317,0.9533151388168335,0.00024140953610185534,-0.0015639695338904858,-0.005972546059638262,-0.004262442234903574,-0.004031325224786997,-0.0004996107309125364,-0.0013719211565330625,-0.002316499361768365,-0.0030728646088391542,-0.00607434893026948,-0.004867542535066605,-0.004571940284222364,-0.0006268288125284016,5.049897193908691,2.1617064476013184,1.4280868768692017,1.0855357646942139,0.8865188956260681,0.74289470911026,0.6666684150695801,0.685775876045227,0.5490357279777527,0.5721130967140198,0.5572018623352051,0.5093595385551453,0.45899075269699097,220.38881526037787,92.30734695910488,250.98039215686273,0.6683804627249358,0.11911727940311358,0.20858080685138702,0.10796915167095111,0.8920308483290489,0.11459729820489883,0.07552637904882431,4.0935111452237045,-0.048607975244522095
09a05Wb,C:/Project/AI-STRESS-DETECTOR/data/public/emodb/wav/09a05Wb.wav,C:\Project\AI-STRESS-DETECTOR\data\public\emodb\wav\09a05Wb.wav,severe,3,speaker_09,train,de,emodb_a05,studio,controlled,Das schwarze Blatt Papier befindet sich da oben neben dem Holzstueck.,emodb_emotion=anger; variation=b,3.4001875,0.06876880675554276,0.06836418807506561,0.16074897348880768,0.18737672583826429,0.1552370518384372,2197.5650742982066,1080.7072032300002,1634.6645472207524,425.79424317856746,4029.8224852071007,1616.7087881763384,0.33701181411743164,0.21365660429000854,-23.384878158569336,5.7260847091674805,-3.013394832611084,0.9863084554672241,-3.544527530670166,-0.46876996755599976,-2.203730344772339,-1.5460948944091797,-0.7006068229675293,-0.5770803689956665,-0.46201640367507935,-0.5095415115356445,0.5411593914031982,18.241317749023438,7.536052703857422,4.958805561065674,2.9523661136627197,4.058168411254883,2.231168270111084,2.592499017715454,1.9311919212341309,1.9558682441711426,1.7897493839263916,1.5231688022613525,1.6291152238845825,1.44385826587677,-0.03723575547337532,-0.007577700074762106,0.01052839495241642,0.009187152609229088,0.0037087518721818924,-0.0027542931493371725,-0.003151913406327367,-0.0007433947757817805,-0.0032738144509494305,-0.006528414320200682,-0.008414584212005138,-0.003307520877569914,0.004497603513300419,6.411909103393555,2.340444326400757,1.8261981010437012,1.08988618850708,1.2031673192977905,0.9182453751564026,0.9171479344367981,0.8041201829910278,0.7575130462646484,0.675014078617096,0.7225620746612549,0.6312868595123291,0.6174886226654053,280.21369828938526,50.44133194572956,173.73737373737373,0.6124260355029586,0.06694020636031522,0.22869999706745148,0.2692307692307693,0.7307692307692307,0.09191317856311798,0.06627722084522247,3.52921713876073,0.041613202542066574
09a05Wc,C:/Project/AI-STRESS-DETECTOR/data/public/emodb/wav/09a05Wc.wav,C:\Project\AI-STRESS-DETECTOR\data\public\emodb\wav\09a05Wc.wav,severe,3,speaker_09,train,de,emodb_a05,studio,controlled,Das schwarze Blatt Papier befindet sich da oben neben dem Holzstueck.,emodb_emotion=anger; variation=c,3.184625,0.05356547236442566,0.05888912454247475,0.12760011851787567,0.19487801782938358,0.15571205025967635,2282.68857502337,1072.447472621605,1647.0909415855429,412.4231706582529,4153.797468354431,1567.1039190679562,0.3295612037181854,0.21160997450351715,-27.215253829956055,4.53804349899292,-3.9402458667755127,0.6781215667724609,-3.765796422958374,-0.6934717297554016,-2.69875168800354,-1.6175457239151,-0.5670467615127563,-1.0632200241088867,-0.16574758291244507,-0.5689581632614136,0.7279420495033264,19.3035945892334,7.427484035491943,5.638705253601074,3.018641471862793,3.9469594955444336,2.3513357639312744,2.758631706237793,2.00881028175354,2.0172698497772217,1.948715329170227,1.535022258758545,1.811855673789978,1.799193024635315,-0.002247134456411004,-0.015421302989125252,-0.02003590390086174,-0.008645625784993172,-0.0039113531820476055,-0.0007295035175047815,0.00896402820944786,0.003410445060580969,-0.006089489907026291,-0.0013249787734821439,0.005997159983962774,0.001849756925366819,0.00661009456962347,6.53746223449707,2.5866081714630127,2.064373731613159,1.031815767288208,1.2870328426361084,0.9680957794189453,0.9560537934303284,0.8504060506820679,0.8921790719032288,0.7276251912117004,0.7371973991394043,0.6871399283409119,0.8187097907066345,281.9074404714883,52.393088617777344,171.64750957854406,0.569620253164557,0.091753455096993,0.24620287120342255,0.3481012658227848,0.6518987341772152,0.0786827877163887,0.05904661491513252,4.396121992385289,0.009207114577293396
09a07Eb,C:/Project/AI-STRESS-DETECTOR/data/public/emodb/wav/09a07Eb.wav,C:\Project\AI-STRESS-DETECTOR\data\public\emodb\wav\09a07Eb.wav,high,2,speaker_09,train,de,emodb_a07,studio,controlled,In sieben Stunden wird es soweit sein.,emodb_emotion=disgust; variation=b,3.3458125,0.08853975683450699,0.10842596739530563,0.2250715047121048,0.14244319507477401,0.16304817618778983,1912.1113751500814,1242.782378383637,1689.3699560216614,570.2583954878766,3468.108108108108,2114.386093616112,0.3358921706676483,0.21239197254180908,-22.495576858520508,8.827557563781738,1.4148893356323242,1.750182867050171,-0.4373941421508789,-1.5631506443023682,-1.300328254699707,-0.3697117567062378,-0.36432918906211853,0.08135296404361725,-0.2638670802116394,-0.3406836986541748,-0.42385539412498474,15.251738548278809,8.085357666015625,4.025261402130127,3.50468373298645,2.9181106090545654,2.5389416217803955,2.3413357734680176,1.7879259586334229,1.7839983701705933,1.3704187870025635,1.4844536781311035,1.3343579769134521,1.2203673124313354,0.01715082675218582,0.019382687285542488,0.0022936146706342697,-0.0006246165721677244,0.005257542245090008,4.193159838905558e-05,-0.006274976301938295,0.0003787805326282978,0.002664047060534358,-0.005412475671619177,-0.0024059147108346224,0.00037514197174459696,-0.002593782963231206,3.9996886253356934,1.8923206329345703,1.2343281507492065,0.9319778084754944,0.8629405498504639,0.8676028847694397,0.7930155992507935,0.6685718894004822,0.650037407875061,0.5333722829818726,0.6128620505332947,0.4839887022972107,0.48109692335128784,225.83091431924757,45.36921008526918,237.037037037037,0.5675675675675675,0.07709408205559191,0.18152301013469696,0.30330330330330335,0.6966966966966966,0.12389256805181503,0.11289038509130478,2.092167448116115,0.03666457533836365
09a07Na,C:/Project/AI-STRESS-DETECTOR/data/public/emodb/wav/09a07Na.wav,C:\Project\AI-STRESS-DETECTOR\data\public\emodb\wav\09a07Na.wav,low,0,speaker_09,train,de,emodb_a07,studio,controlled,In sieben Stunden wird es soweit sein.,emodb_emotion=neutral; variation=a,1.8359375,0.17273131012916565,0.1292361170053482,0.33024486899375916,0.11647249993114654,0.17461429033433595,1582.21737657166,1385.9186002476094,1512.1829413152254,543.2415570043058,2928.131868131868,2150.834191395174,0.24372239410877228,0.1786065250635147,-16.642562866210938,11.411922454833984,3.1304569244384766,4.392525672912598,-0.5401532649993896,1.0091153383255005,-1.7874208688735962,-0.7567970156669617,-0.160869300365448,0.3171371817588806,-0.10906709730625153,-0.5979141592979431,0.10978572815656662,15.441514015197754,8.422104835510254,3.8413901329040527,2.8733906745910645,3.215106964111328,1.7394225597381592,2.6112325191497803,2.0542731285095215,1.3206526041030884,1.4234068393707275,1.4837861061096191,1.4719771146774292,1.0623676776885986,-0.035186223685741425,0.006730168592184782,0.009249361231923103,-0.017664285376667976,0.022425226867198944,0.007567108143121004,-0.008715100586414337,0.009782909415662289,0.00178003020118922,0.0061358134262263775,0.00304975314065814,0.0012171058915555477,-0.0004594064084812999,5.345188617706299,2.874180793762207,1.7131996154785156,0.9069890379905701,1.3378344774246216,0.8119136691093445,0.8459802865982056,0.8041539788246155,0.5566326975822449,0.5042095184326172,0.5587042570114136,0.532594621181488,0.4943638741970062,177.24047519846056,36.11415806919166,202.18579234972677,0.6648351648351648,0.050467611864637635,0.19679491221904755,0.22527472527472525,0.7747252747252747,0.21903051435947418,0.10950643569231033,2.723404255319149,-0.09486943483352661
09a07Ta,C:/Project/AI-STRESS-DETECTOR/data/public/emodb/wav/09a07Ta.wav,C:\Project\AI-STRESS-DETECTOR\data\public\emodb\wav\09a07Ta.wav,moderate,1,speaker_09,train,de,emodb_a07,studio,controlled,In sieben Stunden wird es soweit sein.,emodb_emotion=sadness; variation=a,1.99425,0.2049562931060791,0.13909460604190826,0.4135861396789551,0.11593705074869914,0.18334707800876907,1455.9198556260067,1411.523341665143,1424.172421202485,512.4433344141502,2519.5939086294416,2161.383237666198,0.2288685142993927,0.1781795471906662,-14.27294921875,10.912191390991211,2.7940497398376465,4.6900458335876465,1.4701844453811646,1.7293109893798828,-0.5958086252212524,-0.4355219602584839,-0.11004386842250824,0.37299859523773193,-0.41689109802246094,-0.18407057225704193,0.3365156352519989,10.877643585205078,8.430859565734863,3.069021224975586,2.845395088195801,1.8511853218078613,1.7849326133728027,2.11326265335083,1.8535866737365723,1.5641766786575317,1.7890172004699707,1.5395029783248901,1.2621742486953735,1.1515111923217773,0.012190339155495167,0.022792477160692215,0.0036949263885617256,-0.004337073769420385,0.0011775529710575938,0.0008639487787149847,-0.01067996583878994,-0.004957819823175669,-0.008538400754332542,-0.010630525648593903,-0.0005547322798520327,-0.00518911425024271,0.004665762186050415,4.389847755432129,2.3425257205963135,1.1486314535140991,0.9726291298866272,0.8195794224739075,0.7601731419563293,0.7537927031517029,0.6160284280776978,0.5649346709251404,0.553078293800354,0.5651183128356934,0.4576946794986725,0.41483160853385925,188.905978056568,52.47399796860649,232.47863247863245,0.6598984771573604,0.06188025821981711,0.17375370860099792,0.19796954314720816,0.8020304568527918,0.2449997067451477,0.12647685408592224,4.512974802557352,-0.14015819132328033
09a07Wb,C:/Project/AI-STRESS-DETECTOR/data/public/emodb/wav/09a07Wb.wav,C:\Project\AI-STRESS-DETECTOR\data\public\emodb\wav\09a07Wb.wav,severe,3,speaker_09,train,de,emodb_a07,studio,controlled,In sieben Stunden wird es soweit sein.,emodb_emotion=anger; variation=b,1.987625,0.08155466616153717,0.08430983871221542,0.21366550028324127,0.19796954314720813,0.14410084214115254,2326.3779078215816,991.5122080756106,1681.57011842404,347.4900237935949,4181.319796954314,1392.4029859903644,0.3196239471435547,0.19348980486392975,-23.3916072845459,2.8812618255615234,-4.729041576385498,1.169869065284729,-4.000907897949219,-1.141268014907837,-2.564286708831787,-2.273024559020996,-0.6812960505485535,-0.7945321202278137,0.37110042572021484,-0.13710221648216248,1.4322278499603271,20.173282623291016,6.246906280517578,6.414231300354004,3.066938877105713,3.9378321170806885,2.572838544845581,2.3969905376434326,1.9915663003921509,1.9461240768432617,2.0345571041107178,1.829174280166626,1.9812328815460205,2.0773606300354004,-0.018583927303552628,-0.016467148438096046,-0.015528053976595402,-0.004341735504567623,0.006664561573415995,0.0013933932641521096,-0.0008065258734859526,0.005193567369133234,0.005934236571192741,0.0013686702586710453,-0.007158324588090181,-0.015856793150305748,-0.002802633447572589,5.551755905151367,1.9778673648834229,1.908667802810669,0.9864861369132996,1.325011134147644,0.901226282119751,0.838931143283844,0.8672602772712708,0.8067742586135864,0.7877218127250671,0.7602612972259521,0.7252618670463562,0.7794679403305054,264.64200827839056,58.913653858956,190.6071019473081,0.6446700507614214,0.09176214761161307,0.26233699917793274,0.29441624365482233,0.7055837563451777,0.11314253509044647,0.08168642222881317,3.0186780705616,0.01316121220588684
09a07Wd,C:/Project/AI-STRESS-DETECTOR/data/public/emodb/wav/09a07Wd.wav,C:\Project\AI-STRESS-DETECTOR\data\public\emodb\wav\09a07Wd.wav,severe,3,speaker_09,train,de,emodb_a07,studio,controlled,In sieben Stunden wird es soweit sein.,emodb_emotion=anger; variation=d,2.3193125,0.08671707659959793,0.07447097450494766,0.18076254427433014,0.12930151465620573,0.15154296188700506,1851.0315296442152,1080.1528628599337,1652.2664774553152,490.18260061445784,3610.782608695652,1807.5961206391532,0.3008626401424408,0.20651453733444214,-22.360754013061523,8.549559593200684,-1.123103141784668,2.366507053375244,-1.566990852355957,-0.7738713622093201,-2.3175432682037354,-2.066884994506836,-1.0897531509399414,-1.325123906135559,-0.15954357385635376,-1.5841151475906372,-0.06465594470500946,19.34423065185547,7.155470848083496,5.191734313964844,2.845673084259033,3.3809609413146973,1.998254656791687,2.3732383251190186,2.251055955886841,1.8734030723571777,1.784785270690918,1.2667124271392822,1.8218244314193726,1.3175534009933472,-0.01757606863975525,-0.018056541681289673,-0.0015390001935884356,-0.009246045723557472,0.0033114890102297068,0.007198234088718891,-0.004868961405009031,-0.002533817198127508,0.0048176744021475315,0.006521814968436956,-0.00016016648442018777,0.0029039070941507816,0.006017298437654972,4.78712797164917,1.8785353899002075,1.4895919561386108,0.9754564762115479,1.1082664728164673,0.707973837852478,0.8195130825042725,0.713754415512085,0.6254422068595886,0.6125214695930481,0.5822061896324158,0.5793039202690125,0.5838046669960022,242.54471132705828,40.99100415280045,195.55555555555554,0.7,0.03226823441761888,0.18085452914237976,0.24782608695652175,0.7521739130434782,0.11343521624803543,0.06692059338092804,2.5869735104691585,0.008155658841133118
09b01Ea,C:/Project/AI-STRESS-DETECTOR/data/public/emodb/wav/09b01Ea.wav,C:\Project\AI-STRESS-DETECTOR\data\public\emodb\wav\09b01Ea.wav,high,2,speaker_09,train,de,emodb_b01,studio,controlled,"Was sind denn das fuer Tueten, die da unter dem Tisch stehen.",emodb_emotion=disgust; variation=a,3.731625,0.06922462582588196,0.06449174135923386,0.1469961702823639,0.1866323490667369,0.20334198452261387,2261.0749982869156,1377.0917728771408,1700.5293938625905,459.0536055989295,3917.088948787062,1955.2260856475064,0.3568631708621979,0.19121751189231873,-22.867902755737305,5.603066921234131,0.29289039969444275,1.8311676979064941,-1.4322134256362915,-2.413959264755249,-2.231771469116211,-0.5300111174583435,-0.8843511939048767,-0.5551437735557556,-0.29374584555625916,-0.1357450634241104,-0.2633109986782074,19.012592315673828,7.812418460845947,5.093657493591309,2.3170833587646484,2.737510919570923,2.6658105850219727,2.4486031532287598,1.6909664869308472,1.5796222686767578,1.590858817100525,1.4264103174209595,1.4832721948623657,1.442572832107544,-0.0053956834599375725,-0.0012038120767101645,-0.002409937558695674,0.000980205019004643,0.005848713684827089,0.0011744203511625528,-0.0029719474259763956,-0.0061425743624567986,-0.0014114479999989271,-0.0031367929186671972,-0.0006607282557524741,0.0006440325523726642,-0.0009023844613693655,5.397899627685547,2.2784931659698486,1.5415829420089722,0.9250485897064209,0.9038140177726746,0.8851478695869446,0.828826904296875,0.6510631442070007,0.6329969167709351,0.5721035599708557,0.6074056029319763,0.5802967548370361,0.5162715911865234,266.8530216204672,41.64743435221853,238.76723438767232,0.5444743935309974,0.07651394933594768,0.16644373536109924,0.23450134770889486,0.7654986522911051,0.0888863056898117,0.06146431341767311,2.411817907747965,0.053314488381147385
09b01Na,C:/Project/AI-STRESS-DETECTOR/data/public/emodb/wav/09b01Na.wav,C:\Project\AI-STRESS-DETECTOR\data\public\emodb\wav\09b01Na.wav,low,0,speaker_09,train,de,emodb_b01,studio,controlled,"Was sind denn das fuer Tueten, die da unter dem Tisch stehen.",emodb_emotion=neutral; variation=a,2.4655625,0.11937074363231659,0.0904259905219078,0.2596103549003601,0.13239220500230167,0.18544039580147134,1684.4874073959716,1414.8609698172204,1481.9324046142128,486.9914757595404,3051.4285714285716,2027.6037933622886,0.25001147389411926,0.18886178731918335,-19.72419548034668,10.564480781555176,3.150162935256958,4.871681213378906,-1.3161077499389648,0.30655914545059204,-1.6581941843032837,-0.3500676155090332,-0.4101059138774872,-0.045361585915088654,-0.050324697047472,-0.306017130613327,0.45776647329330444,15.803979873657227,9.065476417541504,3.7968428134918213,2.991349458694458,3.2476441860198975,1.9949172735214233,2.385727643966675,1.300009846687317,1.5198047161102295,1.4266643524169922,1.4015527963638306,1.5461082458496094,1.1168709993362427,-0.0007718066917732358,-0.0017310862895101309,0.011571518145501614,0.010434669442474842,0.0014641702873632312,-0.0018433940131217241,-0.004362541250884533,-0.0030543790198862553,0.00714791938662529,0.008826280944049358,-0.005224738735705614,-0.006762640550732613,-0.0014019061345607042,5.6810622215271,2.9730842113494873,1.7953364849090576,1.1141443252563477,1.2240514755249023,0.7905209064483643,0.8856515884399414,0.7006695866584778,0.6281468272209167,0.6197476387023926,0.6658217906951904,0.6624603867530823,0.5262149572372437,197.2090683140251,43.1508871717961,192.0768307322929,0.6530612244897959,0.10173425251971771,0.24358846247196198,0.24081632653061225,0.7591836734693878,0.1524139791727066,0.07870747894048691,3.6502826434130147,-0.026093631982803345
09b01Wb,C:/Project/AI-STRESS-DETECTOR/data/public/emodb/wav/09b01Wb.wav,C:\Project\AI-STRESS-DETECTOR\data\public\emodb\wav\09b01Wb.wav,severe,3,speaker_09,train,de,emodb_b01,studio,controlled,"Was sind denn das fuer Tueten, die da unter dem Tisch stehen.",emodb_emotion=anger; variation=b,2.1574375,0.0837593525648117,0.07088606059551239,0.1906556338071823,0.16707656992949668,0.1666820120780402,2090.125609741556,1132.38567699881,1641.1570884058356,389.78961754770387,3858.504672897196,1646.3637665617289,0.3061228096485138,0.1955939084291458,-21.030427932739258,6.60014533996582,-2.150287628173828,2.581228017807007,-3.325352668762207,-2.060058355331421,-3.0684282779693604,-1.924232840538025,-0.8372783064842224,-1.8926159143447876,-0.4178712069988251,-0.9255618453025818,0.2721382975578308,18.471712112426758,6.981307506561279,5.1833062171936035,2.9665415287017822,3.7565689086914062,2.42439603805542,2.267838954925537,1.9411612749099731,1.8296674489974976,1.5986671447753906,1.4608036279678345,1.6828240156173706,1.3376896381378174,-0.014747601933777332,-0.014026859775185585,-0.0023513175547122955,-0.004179114475846291,0.0021836645901203156,0.010763360187411308,0.011192669160664082,0.01616028882563114,0.005621473304927349,0.0011944659054279327,-0.0014578315895050764,-0.010781753808259964,0.0038502439856529236,5.437350273132324,2.413151502609253,2.236722946166992,1.0807031393051147,1.4221584796905518,0.9902430772781372,0.93206387758255,0.8304232358932495,0.8074718117713928,0.6455588340759277,0.7415826916694641,0.7043097019195557,0.697605311870575,278.5766333776152,45.81161108059011,179.73137973137972,0.6635514018691588,0.06206202334925364,0.25944390892982483,0.2757009345794392,0.7242990654205608,0.11201496422290802,0.0633959025144577,4.171615631970799,0.01609986275434494
09b02Na,C:/Project/AI-STRESS-DETECTOR/data/public/emodb/wav/09b02Na.wav,C:\Project\AI-STRESS-DETECTOR\data\public\emodb\wav\09b02Na.wav,low,0,speaker_09,train,de,emodb_b02,studio,controlled,Sie haben es gerade hochgetragen und jetzt gehen sie wieder runter.,emodb_emotion=neutral; variation=a,2.70025,0.140588641166687,0.10097629576921463,0.26832452416419983,0.11081809000112221,0.1561389794652167,1506.9308684126963,1275.3858374122956,1413.0014352723838,532.4983646449621,2760.7462686567164,1977.525827469005,0.22784404456615448,0.17815858125686646,-16.575815200805664,13.350327491760254,2.1595699787139893,3.813875436782837,-1.132541298866272,2.0029823780059814,-1.691456913948059,-0.6771430969238281,-0.20816227793693542,0.26082271337509155,-0.3271043598651886,-0.4486229419708252,0.4151163101196289,13.738973617553711,8.343210220336914,4.81216287612915,3.3455514907836914,2.919890880584717,1.9778881072998047,1.921484351158142,1.3898653984069824,1.4333972930908203,1.409987211227417,1.3919403553009033,1.285889983177185,0.8930995464324951,0.0017115038353949785,-0.002602669643238187,0.002152628032490611,0.0026308137457817793,0.0027286044787615538,0.0038317744620144367,0.0017643517348915339,0.0005038033705204725,0.006793149281293154,0.006117829587310553,0.002485461998730898,0.0038319346494972706,-0.005106424447149038,5.291754245758057,2.902059316635132,1.7230273485183716,1.1791929006576538,1.1622886657714844,0.7947828769683838,0.776082456111908,0.6262979507446289,0.680458128452301,0.6381670832633972,0.6173723936080933,0.5364893078804016,0.4756627678871155,176.72908638760208,46.908661063594664,252.32974910394265,0.6828358208955224,0.07853853877554479,0.20625077188014984,0.21641791044776115,0.7835820895522388,0.17413394153118134,0.08800793439149857,4.073696879918526,-0.022796839475631714
09b02Tb,C:/Project/AI-STRESS-DETECTOR/data/public/emodb/wav/09b02Tb.wav,C:\Project\AI-STRESS-DETECTOR\data\public\emodb\wav\09b02Tb.wav,moderate,1,speaker_09,train,de,emodb_b02,studio,controlled,Sie haben es gerade hochgetragen und jetzt gehen sie wieder runter.,emodb_emotion=sadness; variation=b,3.6546875,0.20499646663665771,0.12031304091215134,0.3646491765975952,0.08272747985666645,0.13694726681069605,1261.0356840569082,1156.5041198908793,1392.4153748006922,521.1149384925967,2362.754820936639,1951.6664103664825,0.21778500080108643,0.1667863130569458,-13.3941011428833,12.800976753234863,3.146414041519165,4.505816459655762,0.7682910561561584,1.7671233415603638,-0.25767356157302856,-0.5831483006477356,-0.0996963232755661,0.5312499403953552,-0.3722127377986908,-0.057748936116695404,0.5493502020835876,11.60308837890625,7.818008899688721,3.2256181240081787,3.271260976791382,2.1781444549560547,2.108977794647217,1.881221055984497,1.4680867195129395,1.4159716367721558,1.44986093044281,1.2983746528625488,1.1565358638763428,0.9552652835845947,-0.003932437859475613,-5.772225631517358e-05,0.004828323144465685,-0.003351005958393216,-0.006734608206897974,0.0016098521882668138,0.0016629912424832582,-0.005735799204558134,-0.008875750936567783,-0.0044671534560620785,0.0004349523223936558,-0.0011499591637402773,-0.0038988019805401564,4.2116780281066895,2.265536308288574,1.10248601436615,0.9678205251693726,0.8253804445266724,0.6933218240737915,0.7214505672454834,0.5794935822486877,0.5475568175315857,0.5578881502151489,0.5021898746490479,0.4506304860115051,0.48592647910118103,166.3590235166001,22.10350169335141,215.20467836257308,0.7024793388429752,0.03447969551324265,0.1378546953201294,0.209366391184573,0.790633608815427,0.24879726767539978,0.09520500153303146,3.009833262077811,-0.01422417163848877
09b02Wc,C:/Project/AI-STRESS-DETECTOR/data/public/emodb/wav/09b02Wc.wav,C:\Project\AI-STRESS-DETECTOR\data\public\emodb\wav\09b02Wc.wav,severe,3,speaker_09,train,de,emodb_b02,studio,controlled,Sie haben es gerade hochgetragen und jetzt gehen sie wieder runter.,emodb_emotion=anger; variation=c,2.7245,0.10804376751184464,0.08533558994531631,0.23999781906604767,0.14793465144342338,0.1563741385701336,1879.449530409521,1076.0185384274505,1654.7050155662992,489.70765367659703,3521.4814814814813,1817.3022409170824,0.33386528491973877,0.1924731284379959,-15.167549133300781,9.834224700927734,0.08747602254152298,2.2844550609588623,-0.8920480012893677,0.09749976545572281,-0.898223340511322,-1.9323052167892456,-0.3949098289012909,-0.4179080128669739,-0.5452295541763306,-0.794891357421875,-0.21137753129005432,14.473618507385254,6.039188385009766,4.7931437492370605,3.1870832443237305,2.3581786155700684,2.484316349029541,2.1539502143859863,1.8863261938095093,1.6183247566223145,1.4677019119262695,1.3010749816894531,1.5712305307388306,1.091001272201538,-0.043581657111644745,0.01697584055364132,0.007172948215156794,-0.010423185303807259,0.02084771916270256,0.0012406101450324059,-0.01113063283264637,-0.006961093284189701,0.014389059506356716,0.013132722117006779,-0.004724636673927307,-0.0008083935244940221,-0.0016337359556928277,5.767738342285156,1.894025206565857,1.69700288772583,1.1194041967391968,1.0643908977508545,1.0050818920135498,0.8632685542106628,0.7498385906219482,0.668759286403656,0.6431165337562561,0.6269755363464355,0.63051438331604,0.5010951161384583,200.41706613095295,32.432887090109695,191.74041297935102,0.6851851851851852,0.0646740404386537,0.1974341869354248,0.20370370370370372,0.7962962962962963,0.13290685415267944,0.07801486551761627,1.8351991191044228,0.04882730543613434
09b02Wd,C:/Project/AI-STRESS-DETECTOR/data/public/emodb/wav/09b02Wd.wav,C:\Project\AI-STRESS-DETECTOR\data\public\emodb\wav\09b02Wd.wav,severe,3,speaker_09,train,de,emodb_b02,studio,controlled,Sie haben es gerade hochgetragen und jetzt gehen sie wieder runter.,emodb_emotion=anger; variation=d,2.6213125,0.059481341391801834,0.05960574001073837,0.1421896517276764,0.1444862155388471,0.11226077013835725,1856.5001143111779,819.7997484920157,1612.282308868254,506.1886550201876,3608.0,1508.0697800627336,0.28449746966362,0.18000397086143494,-23.49190902709961,9.061930656433105,-2.7175164222717285,1.7165881395339966,-2.757580518722534,0.015933623537421227,-1.7674938440322876,-2.0757381916046143,-0.8859363198280334,-0.6751083135604858,-0.486108660697937,-1.0470983982086182,-0.03974762558937073,15.935050010681152,4.856287956237793,6.918103218078613,3.314471483230591,4.161457061767578,2.4888322353363037,2.3583624362945557,1.8326658010482788,1.7153886556625366,1.5530434846878052,1.3673686981201172,1.701216220855713,1.0858838558197021,-0.0871434435248375,0.011501211673021317,0.016675809398293495,-0.02940686047077179,0.019492343068122864,-0.004438825882971287,0.0007152942707762122,-0.005097614601254463,0.004488932900130749,-9.089524974115193e-05,-0.004118169192224741,0.008905746042728424,0.001148227951489389,5.0111236572265625,1.7832574844360352,1.917079210281372,1.054345726966858,1.068367838859558,0.9550517201423645,0.7894736528396606,0.7391735315322876,0.6840012073516846,0.5991387367248535,0.6999250054359436,0.6284411549568176,0.5347506403923035,246.769600898966,50.067679361170256,213.96263520157325,0.6730769230769231,0.057391785300051644,0.17837762832641602,0.2692307692307693,0.7307692307692307,0.07879901677370071,0.058836936950683594,2.670417968098042,-0.02592042088508606
09b03Ed,C:/Project/AI-STRESS-DETECTOR/data/public/emodb/wav/09b03Ed.wav,C:\Project\AI-STRESS-DETECTOR\data\public\emodb\wav\09b03Ed.wav,high,2,speaker_09,train,de,emodb_b03,studio,controlled,An den Wochenenden bin ich jetzt immer nach Hause gefahren und habe Agnes besucht.,emodb_emotion=disgust; variation=d,5.065125,0.07685977965593338,0.066778264939785,0.16650433838367462,0.12168540162286907,0.13454623057874432,1799.8517185878034,1043.3047912833179,1670.849915228008,590.0437141977541,3510.1782178217823,1886.6707457560985,0.3167628049850464,0.1890791952610016,-23.61798095703125,9.632433891296387,-0.059807125478982925,1.3410179615020752,-0.7727349400520325,-0.16842013597488403,-1.6670726537704468,-1.1764752864837646,-1.0776277780532837,-0.5201554298400879,-0.5843983292579651,-0.8047019243240356,-0.6725634932518005,18.680828094482422,6.120110511779785,5.164995193481445,3.2316250801086426,2.958914041519165,2.415762424468994,2.589064836502075,1.9264936447143555,1.7467056512832642,1.5459697246551514,1.5119386911392212,1.3374087810516357,1.2624832391738892,0.001623225398361683,0.0011172568192705512,0.00024362129624933004,0.0018782955594360828,-0.00035322867915965617,0.0014837628696113825,0.005137674044817686,0.007105185184627771,0.0015181928174570203,-0.0009934869594871998,-0.00026632961817085743,0.003497085068374872,0.0007693403749726713,4.673398494720459,1.8243870735168457,1.635622262954712,1.1068625450134277,1.0675568580627441,0.8544207811355591,0.8261681199073792,0.714631199836731,0.6486212015151978,0.5673246383666992,0.5971409678459167,0.5297904014587402,0.5231508016586304,236.66248368706323,34.415318222978804,223.32415059687787,0.6198019801980198,0.056116009096956375,0.17880301177501678,0.29900990099009905,0.700990099009901,0.10738299787044525,0.05683546140789986,1.974284938673774,-0.028745852410793304
09b03Fa,C:/Project/AI-STRESS-DETECTOR/data/public/emodb/wav/09b03Fa.wav,C:\Project\AI-STRESS-DETECTOR\data\public\emodb\wav\09b03Fa.wav,moderate,1,speaker_09,train,de,emodb_b03,studio,controlled,An den Wochenenden bin ich jetzt immer nach Hause gefahren und habe Agnes besucht.,emodb_emotion=happiness; variation=a,3.1416875,0.0629122406244278,0.07268746197223663,0.16659381985664368,0.16224857014330699,0.13377152149797925,2087.5704095926976,1025.7226536236592,1630.9338298765117,480.4371844915634,3860.641025641026,1606.6399399922918,0.29525017738342285,0.19317106902599335,-23.65143585205078,5.778005123138428,-4.201800346374512,0.3052786588668823,-2.989780902862549,-0.1515638679265976,-2.501512289047241,-1.8619115352630615,-0.8689834475517273,-0.3502492308616638,-0.17436496913433075,0.5336476564407349,1.0500575304031372,14.270310401916504,5.395696640014648,6.540315628051758,3.1033248901367188,3.12449049949646,2.2344908714294434,2.497899293899536,2.1584489345550537,2.156097173690796,1.9848536252975464,1.8040173053741455,1.834445834159851,2.0667011737823486,-0.013512770645320415,0.04275111109018326,0.004468636587262154,0.010570530779659748,0.0034702711272984743,-0.010842450894415379,-0.0038633663207292557,-0.003582966746762395,0.00446655647829175,-0.003349429229274392,-0.0016860312316566706,-0.0036852420307695866,-0.0014917192747816443,4.3493123054504395,1.9941703081130981,2.171637773513794,1.1885188817977905,1.275766134262085,0.8588941693305969,0.9779981374740601,0.7463691830635071,0.6947007179260254,0.6716522574424744,0.7256413102149963,0.616938591003418,0.7786186337471008,269.6656753291542,61.85595462501973,219.96233521657248,0.6858974358974359,0.08840248719251421,0.24665597081184387,0.25,0.75,0.08125581592321396,0.07540622353553772,3.5013030417570175,-0.001640036702156067
09b03Fd,C:/Project/AI-STRESS-DETECTOR/data/public/emodb/wav/09b03Fd.wav,C:\Project\AI-STRESS-DETECTOR\data\public\emodb\wav\09b03Fd.wav,moderate,1,speaker_09,train,de,emodb_b03,studio,controlled,An den Wochenenden bin ich jetzt immer nach Hause gefahren und habe Agnes besucht.,emodb_emotion=happiness; variation=d,3.3125,0.09080783277750015,0.07729717344045639,0.1906813681125641,0.13305299723472816,0.1219409291173961,1893.7927191592548,1020.751331409901,1605.6680757459671,464.8971831787926,3507.4772036474164,1652.386692452835,0.29581907391548157,0.17806720733642578,-17.353601455688477,7.903165817260742,-2.7370693683624268,0.6143370270729065,-2.138115406036377,-0.6300546526908875,-3.3337655067443848,-2.0432400703430176,-1.5806899070739746,-1.464198112487793,-0.9925918579101562,-0.5327394008636475,-0.3920525908470154,13.633780479431152,5.189292907714844,5.784759044647217,3.293088674545288,3.2830286026000977,2.1420340538024902,2.2447948455810547,1.6303346157073975,1.8498895168304443,1.7198173999786377,1.3958125114440918,1.5762035846710205,1.4525643587112427,0.009274143725633621,0.016650335863232613,0.010167176835238934,-0.002092022215947509,-0.008965651504695415,-0.014691147021949291,-0.009699869900941849,-0.0012049066135659814,0.0007532490999437869,-0.0018276512855663896,0.007263585925102234,0.010750443674623966,0.0009857604745775461,4.556331157684326,1.8993470668792725,1.900171160697937,1.1614431142807007,1.312611699104309,0.7745230197906494,0.9201813340187073,0.6771594882011414,0.7092570662498474,0.5964547395706177,0.6225526928901672,0.5615160465240479,0.6097409129142761,276.20913993561265,44.16512026332231,171.64750957854406,0.7993920972644377,0.05791113286825714,0.20136892795562744,0.16109422492401215,0.8389057750759878,0.10614396631717682,0.07515174150466919,2.1132075471698113,-0.02652178704738617
09b03Lb,C:/Project/AI-STRESS-DETECTOR/data/public/emodb/wav/09b03Lb.wav,C:\Project\AI-STRESS-DETECTOR\data\public\emodb\wav\09b03Lb.wav,low,0,speaker_09,train,de,emodb_b03,studio,controlled,An den Wochenenden bin ich jetzt immer nach Hause gefahren und habe Agnes besucht.,emodb_emotion=boredom; variation=b,3.918,0.10969314724206924,0.0737638995051384,0.18762660026550293,0.10507679455047875,0.13038245542346905,1461.8021941635357,1054.1899344719998,1423.8175233054678,437.3936164065909,2798.25641025641,1708.3232252551295,0.22824926674365997,0.17165163159370422,-16.09394073486328,12.806697845458984,1.3453220129013062,4.620179176330566,-1.2629338502883911,2.6041407585144043,-1.008703351020813,-1.5595858097076416,-0.468387246131897,-0.13421930372714996,-0.7293795347213745,-0.490012526512146,0.14806021749973297,10.954907417297363,7.1482343673706055,4.269813537597656,2.613386631011963,2.392845392227173,1.9085479974746704,1.9598736763000488,1.6447316408157349,1.3908616304397583,1.8482928276062012,1.6817554235458374,1.1451138257980347,0.9218087792396545,0.011157246306538582,0.003146567614749074,-0.0012191626010462642,-0.0035359212197363377,-0.008255627006292343,-0.006905339192599058,-0.004268525168299675,0.0007270305650308728,0.0018099494045600295,-0.0002631994429975748,0.005447040311992168,0.006654516328126192,0.0036305245012044907,3.0631279945373535,2.0979325771331787,1.287589430809021,0.8297373056411743,0.8970025181770325,0.644191324710846,0.7322138547897339,0.5818806290626526,0.5894739627838135,0.5903307795524597,0.591201663017273,0.4570888578891754,0.40957385301589966,166.52565903363563,28.60055116397684,240.4255319148936,0.7512820512820513,0.0467125114633452,0.14314790070056915,0.16923076923076918,0.8307692307692308,0.12891891598701477,0.06593009829521179,2.2970903522205206,-0.05327995866537094
09b03Nb,C:/Project/AI-STRESS-DETECTOR/data/public/emodb/wav/09b03Nb.wav,C:\Project\AI-STRESS-DETECTOR\data\public\emodb\wav\09b03Nb.wav,low,0,speaker_09,train,de,emodb_b03,studio,controlled,An den Wochenenden bin ich jetzt immer nach Hause gefahren und habe Agnes besucht.,emodb_emotion=neutral; variation=b,3.8190625,0.12651373445987701,0.09265611320734024,0.22216127812862396,0.10087059754649783,0.13254173464263558,1418.5725936666602,1105.9570420369942,1400.6714286904617,539.1689937131027,2631.7894736842104,1892.8052025039553,0.2207372933626175,0.1811000555753708,-16.852893829345703,13.61220932006836,1.809091329574585,3.8396637439727783,-1.1725610494613647,2.101031541824341,-1.7431597709655762,-1.0122407674789429,-0.29453015327453613,-0.0019956990145146847,-0.28373998403549194,-0.3083714246749878,0.21771490573883057,12.733760833740234,7.65962028503418,5.129361152648926,3.3079638481140137,2.785581111907959,1.9439393281936646,2.0874009132385254,1.6876496076583862,1.6161587238311768,1.4084502458572388,1.4860790967941284,1.239546298980713,1.060007929801941,-0.007025718688964844,-0.0056644766591489315,-0.00244291708804667,-0.001651083119213581,0.00030647829407826066,0.005930228624492884,0.006046726834028959,-0.0025699727702885866,-0.0016426745569333434,-0.006231649313122034,-0.00010954706522170454,-6.203337397892028e-05,-0.000750917533878237,4.527130603790283,2.521650791168213,1.6778911352157593,1.1402628421783447,1.0985770225524902,0.7795922160148621,0.8123857975006104,0.6273560523986816,0.6387901306152344,0.5620441436767578,0.6513386964797974,0.5139800906181335,0.4312029480934143,174.54341785323334,24.496405725992467,198.95506792058518,0.6631578947368421,0.05666248008694784,0.17435187101364136,0.22368421052631582,0.7763157894736842,0.1571469008922577,0.08259503543376923,2.8802880288028803,-0.05320165306329727
09b03Ta,C:/Project/AI-STRESS-DETECTOR/data/public/emodb/wav/09b03Ta.wav,C:\Project\AI-STRESS-DETECTOR\data\public\emodb\wav\09b03Ta.wav,moderate,1,speaker_09,train,de,emodb_b03,studio,controlled,An den Wochenenden bin ich jetzt immer nach Hause gefahren und habe Agnes besucht.,emodb_emotion=sadness; variation=a,4.09325,0.19260993599891663,0.1346941739320755,0.38346749544143677,0.11023874181768917,0.1502040316137993,1410.1687514160478,1142.6093945151792,1394.8403354807338,414.8030395817077,2596.4619164619166,1773.0417132302084,0.22483085095882416,0.16090868413448334,-13.341959953308105,11.871760368347168,1.5663793087005615,4.5370097160339355,-0.20125330984592438,2.761293411254883,-0.21604368090629578,-1.083889126777649,0.3688688278198242,0.2598240077495575,-0.48092684149742126,0.17921432852745056,0.23108968138694763,12.053132057189941,7.869391441345215,4.192099571228027,3.271080493927002,2.342095375061035,1.8621491193771362,1.9458986520767212,1.6539812088012695,1.4775424003601074,1.8714652061462402,1.5359383821487427,1.1202892065048218,1.0993897914886475,-0.02623003162443638,-0.008319426327943802,0.008015469647943974,0.0010126651031896472,-0.0011749109253287315,-0.0025701916310936213,0.006164048332720995,0.013227270916104317,-0.000748537655454129,0.006332844030112028,0.007131344638764858,0.000574667879845947,0.002946512307971716,3.474794864654541,2.3197662830352783,1.4369783401489258,0.9920763969421387,0.9492213129997253,0.6740024089813232,0.7527708411216736,0.6685152053833008,0.5930973887443542,0.5780029892921448,0.6447334289550781,0.5136843919754028,0.48559457063674927,167.86974470876396,46.95878954434323,269.5340501792115,0.6216216216216216,0.12084360832639028,0.1668928861618042,0.22604422604422603,0.773955773955774,0.24089837074279785,0.1143183708190918,2.9316557747511145,-0.10477414727210999
09b03Wb,C:/Project/AI-STRESS-DETECTOR/data/public/emodb/wav/09b03Wb.wav,C:\Project\AI-STRESS-DETECTOR\data\public\emodb\wav\09b03Wb.wav,severe,3,speaker_09,train,de,emodb_b03,studio,controlled,An den Wochenenden bin ich jetzt immer nach Hause gefahren und habe Agnes besucht.,emodb_emotion=anger; variation=b,3.6950625,0.08160489797592163,0.07840088754892349,0.21809811890125275,0.15272556390977443,0.11151608511046275,2035.592353979706,791.8206882246045,1656.577338191369,454.26241648613274,3919.6739130434785,1467.3415410241487,0.30402520298957825,0.1946539729833603,-20.917362213134766,6.705939292907715,-3.9562580585479736,0.4022959768772125,-3.4543755054473877,-0.3126939535140991,-3.221482753753662,-2.224923610687256,-1.4730221033096313,-1.5624325275421143,-0.5303669571876526,-1.5654734373092651,-0.13380277156829834,17.3437442779541,5.295255184173584,6.274400234222412,3.2198092937469482,3.3691086769104004,2.049935817718506,2.333048105239868,1.9435287714004517,1.8465017080307007,1.84805166721344,1.4760775566101074,1.7520891427993774,1.217354416847229,-0.061572786420583725,0.006606542505323887,0.0178194772452116,-0.0066638486459851265,0.012850022874772549,-0.0026468434371054173,0.0010345234768465161,-0.004263837821781635,0.0006743021658621728,-0.0010192841291427612,-0.00015812528727110475,0.0024700139183551073,-0.0008319266489706933,4.40769100189209,2.0120511054992676,1.8581866025924683,1.0187066793441772,1.279213547706604,0.7631334662437439,0.8208062052726746,0.6598871946334839,0.7398361563682556,0.661438524723053,0.6917702555656433,0.5953385829925537,0.5451939702033997,284.57796808634095,36.38345037484015,192.29024943310657,0.7336956521739131,0.044760577451575266,0.21956411004066467,0.23641304347826086,0.7635869565217391,0.10475756973028183,0.07594186812639236,2.9769455861707343,0.0017547905445098877
09b09Ea,C:/Project/AI-STRESS-DETECTOR/data/public/emodb/wav/09b09Ea.wav,C:\Project\AI-STRESS-DETECTOR\data\public\emodb\wav\09b09Ea.wav,high,2,speaker_09,train,de,emodb_b09,studio,controlled,Ich will das eben wegbringen und dann mit Karl was trinken gehen.,emodb_emotion=disgust; variation=a,3.794375,0.09053705632686615,0.09593223035335541,0.2377205491065979,0.10092871435884139,0.1360144006002251,1772.2347646040757,1049.9331957929462,1752.1899352935404,557.6605008243032,3645.729442970822,1866.9054271034986,0.33996477723121643,0.1954813003540039,-24.63645362854004,9.087530136108398,1.8070995807647705,3.2949626445770264,-0.5341833233833313,-1.1043994426727295,-1.8809891939163208,-0.503045380115509,-0.4857501983642578,-0.3008975386619568,-0.23803648352622986,-0.4962014853954315,-0.4137533903121948,18.846317291259766,6.4677205085754395,3.5642733573913574,2.472515344619751,2.7702555656433105,2.7977771759033203,2.591771364212036,1.702130913734436,1.4431688785552979,1.4313876628875732,1.5241917371749878,1.3505176305770874,1.259320616722107,-0.0005470296018756926,-0.0012815662194043398,-0.0038119375240057707,-0.0021401799749583006,0.0038570149336010218,0.006279544439166784,0.00607878714799881,0.004296337720006704,0.0016216612420976162,0.003010290674865246,0.0030811431352049112,0.001391132245771587,-0.0007689963676966727,4.724582672119141,1.731395959854126,1.2675671577453613,0.839106559753418,0.9329636096954346,0.9276767373085022,0.7502700090408325,0.6516198515892029,0.5320580005645752,0.5338307619094849,0.5431299805641174,0.49876055121421814,0.45477354526519775,220.90288882805112,39.692535471658694,227.55555555555554,0.5676392572944297,0.06891071421709369,0.18338964879512787,0.3448275862068966,0.6551724137931034,0.13569629192352295,0.09010912477970123,1.844836106078076,0.01663614809513092
09b09Nd,C:/Project/AI-STRESS-DETECTOR/data/public/emodb/wav/09b09Nd.wav,C:\Project\AI-STRESS-DETECTOR\data\public\emodb\wav\09b09Nd.wav,low,0,speaker_09,train,de,emodb_b09,studio,controlled,Ich will das eben wegbringen und dann mit Karl was trinken gehen.,emodb_emotion=neutral; variation=d,2.7140625,0.10099205374717712,0.08121122419834137,0.2032116949558258,0.09720397648396084,0.14027128555043,1422.02692552337,1138.7921903861616,1454.8310043052031,450.4082458997629,2713.6059479553905,1776.0272719598906,0.2369038462638855,0.15930375456809998,-19.460302352905273,12.081831932067871,2.456540107727051,4.903902053833008,-0.07364676147699356,0.9250665307044983,-1.1302862167358398,-0.4871809184551239,-0.010877935215830803,-0.16265366971492767,-0.011730874888598919,-0.42667868733406067,0.3911263942718506,13.99927043914795,7.2734808921813965,3.6776821613311768,2.7524547576904297,2.152905225753784,1.791490077972412,2.059826374053955,1.4307304620742798,1.515602707862854,1.688982367515564,1.3085130453109741,1.2423291206359863,0.7392831444740295,-0.028826944530010223,-0.00808259192854166,0.009741855785250664,-0.0012968810042366385,0.010317235253751278,0.002956415992230177,0.0001389546087011695,0.003669267287477851,0.0032331678085029125,-0.004239130299538374,-0.005895030684769154,0.0030655772425234318,0.00042890195618383586,4.680901527404785,2.3659894466400146,1.60145103931427,1.011888027191162,0.8531467914581299,0.7813819646835327,0.7374433875083923,0.626424252986908,0.617116391658783,0.5808053612709045,0.5681331753730774,0.4637058675289154,0.39831846952438354,167.41187922720613,43.509620942617346,261.98830409356725,0.5613382899628253,0.11171770181762326,0.17101112008094788,0.20446096654275092,0.7955390334572491,0.12413369119167328,0.07519408315420151,2.5791594703511804,-0.04764782637357712
09b09Wa,C:/Project/AI-STRESS-DETECTOR/data/public/emodb/wav/09b09Wa.wav,C:\Project\AI-STRESS-DETECTOR\data\public\emodb\wav\09b09Wa.wav,severe,3,speaker_09,train,de,emodb_b09,studio,controlled,Ich will das eben wegbringen und dann mit Karl was trinken gehen.,emodb_emotion=anger; variation=a,2.6223125,0.09595667570829391,0.08413013070821762,0.21934069693088531,0.1349334875650665,0.11193232391215734,1932.8346333925779,833.7324420403513,1674.079218648661,437.8765150827115,3764.6153846153848,1531.1183212310755,0.3043116331100464,0.1943204402923584,-19.925907135009766,8.30647087097168,-1.7237212657928467,3.2029640674591064,-2.842876434326172,-1.3385040760040283,-3.037296772003174,-1.7897919416427612,-0.6545639038085938,-1.4072941541671753,-0.024066396057605743,-1.5681344270706177,-0.36704114079475403,19.39389991760254,5.269280910491943,4.674929618835449,2.8548245429992676,3.598926067352295,2.3176608085632324,2.38223934173584,2.1135201454162598,1.7931932210922241,1.8267426490783691,1.4011746644973755,1.726275086402893,1.1382616758346558,-0.037573739886283875,-0.010547011159360409,0.008367362432181835,-0.003245007013902068,0.004729259759187698,-0.0025650877505540848,-0.003720723558217287,0.005682367365807295,0.0062398421578109264,0.010350912809371948,0.014139449223876,0.004041018895804882,-0.0029150366317480803,5.443168640136719,1.7968631982803345,1.7105939388275146,1.012327790260315,1.3033329248428345,0.9716928601264954,0.8118615746498108,0.8056116700172424,0.6730504631996155,0.6372514963150024,0.6113082766532898,0.5645339488983154,0.5332435369491577,247.85038429383218,30.426512831541682,177.16022579244463,0.6615384615384615,0.04416939121888578,0.24354276061058044,0.3038461538461539,0.6961538461538461,0.13413085043430328,0.07308851927518845,3.432085230116548,-0.006636396050453186
09b10Aa,C:/Project/AI-STRESS-DETECTOR/data/public/emodb/wav/09b10Aa.wav,C:\Project\AI-STRESS-DETECTOR\data\public\emodb\wav\09b10Aa.wav,high,2,speaker_09,train,de,emodb_b10,studio,controlled,"Die wird auf dem Platz sein, wo wir sie immer hinlegen.",emodb_emotion=fear; variation=a,1.6560625,0.17484965920448303,0.11312612891197205,0.3206641674041748,0.09719420502475701,0.12240091763527398,1621.8230241781853,1002.7165529898609,1619.2920438860006,505.33971544037377,3277.317073170732,1794.0450607363264,0.2728380560874939,0.18952395021915436,-14.229429244995117,10.07375717163086,0.7521591782569885,2.7188832759857178,-3.029005765914917,-0.8560857176780701,-3.4114162921905518,-2.7364025115966797,-2.113068103790283,-1.5733271837234497,-1.0499446392059326,-1.0264045000076294,0.008503390476107597,12.791913986206055,5.153040409088135,3.865703821182251,2.52054500579834,3.185450792312622,1.8091262578964233,2.321165084838867,1.7434242963790894,1.6880955696105957,1.6633315086364746,1.2331082820892334,1.5081872940063477,1.1579217910766602,0.0013758031418547034,0.013952063396573067,0.023531246930360794,-0.01255110278725624,-0.01081434078514576,0.008171973749995232,0.0010952716693282127,-0.011334987357258797,0.0061856843531131744,0.01993134804069996,0.005498742684721947,0.014686498790979385,0.014397761784493923,4.02515172958374,2.316274404525757,1.6804770231246948,0.9308114647865295,1.23423433303833,0.7832571864128113,0.799011766910553,0.7133795619010925,0.5872655510902405,0.63448566198349,0.6196178793907166,0.6083167791366577,0.5684852600097656,279.2839402959325,39.56212484279233,139.33933933933932,0.7621951219512195,0.03084360872687819,0.15838178992271423,0.2195121951219512,0.7804878048780488,0.21745261549949646,0.08952251821756363,3.0192097218553045,0.07615306973457336
09b10Nd,C:/Project/AI-STRESS-DETECTOR/data/public/emodb/wav/09b10Nd.wav,C:\Project\AI-STRESS-DETECTOR\data\public\emodb\wav\09b10Nd.wav,low,0,speaker_09,train,de,emodb_b10,studio,controlled,"Die wird auf dem Platz sein, wo wir sie immer hinlegen.",emodb_emotion=neutral; variation=d,2.2355,0.11351265758275986,0.07732504606246948,0.21071045100688934,0.08023436970805392,0.12157267495162745,1291.5741916067745,1084.9624959803941,1410.098364583536,509.9968822630993,2496.036036036036,1860.5691656917852,0.20211990177631378,0.16302166879177094,-19.20761489868164,13.9039945602417,2.996398687362671,5.377255439758301,-1.439054250717163,1.2484936714172363,-1.9604192972183228,-0.5998286604881287,-0.8343480825424194,-0.2289980947971344,0.0686212107539177,-0.45965176820755005,0.7714046239852905,12.78142261505127,6.664646148681641,4.262372970581055,2.944760322570801,3.136228561401367,1.5994672775268555,1.7322618961334229,1.422731637954712,1.3935049772262573,1.5848277807235718,1.5802580118179321,1.0212929248809814,1.021698236465454,-0.06043979898095131,-0.03724856674671173,-0.004731364082545042,-0.009519028477370739,0.016851326450705528,0.021923033520579338,0.01744573749601841,0.015839405357837677,0.004108446184545755,0.006153721362352371,-7.725702016614377e-05,0.004132121801376343,0.0013686066959053278,4.309673309326172,2.5770411491394043,1.5863784551620483,1.0982375144958496,1.184591293334961,0.7016306519508362,0.6672406792640686,0.6308795213699341,0.5630453824996948,0.5678478479385376,0.6195319294929504,0.45246922969818115,0.5142617225646973,170.57750523461166,19.309948773012916,152.38095238095238,0.7387387387387387,0.03680937256341431,0.169197216629982,0.21621621621621623,0.7837837837837838,0.14005903899669647,0.06580182909965515,3.5786177588906285,0.006776601076126099
09b10Wa,C:/Project/AI-STRESS-DETECTOR/data/public/emodb/wav/09b10Wa.wav,C:\Project\AI-STRESS-DETECTOR\data\public\emodb\wav\09b10Wa.wav,severe,3,speaker_09,train,de,emodb_b10,studio,controlled,"Die wird auf dem Platz sein, wo wir sie immer hinlegen.",emodb_emotion=anger; variation=a,2.206625,0.08469299972057343,0.07676567137241364,0.2050589621067047,0.13751273160069122,0.10977506314048853,1987.750042056449,817.9918831092228,1696.4972942285583,396.32364818684766,3875.6164383561645,1427.8722423773418,0.29920822381973267,0.17637784779071808,-20.076356887817383,6.729643821716309,-1.9762117862701416,2.4621782302856445,-3.3549387454986572,-1.3527437448501587,-2.5358505249023438,-2.294299840927124,-1.0285552740097046,-1.1560683250427246,-0.3121834695339203,-0.900545597076416,0.2990070581436157,16.236339569091797,5.603757381439209,5.9868316650390625,2.6721127033233643,3.87870717048645,2.730560541152954,2.2538254261016846,1.9609299898147583,1.709828495979309,1.5829105377197266,1.5331562757492065,1.7031943798065186,1.6381347179412842,-0.020974721759557724,-0.009811229072511196,-0.005260667763650417,-0.0008078013197518885,-0.00332825374789536,-0.0031428076326847076,0.001685591065324843,0.011866752058267593,0.006280460394918919,0.008163400925695896,0.0034153189044445753,0.007428182289004326,0.0004612071206793189,4.902860164642334,1.861000418663025,2.039153814315796,0.9053981900215149,1.2633243799209595,0.903011679649353,0.8765257596969604,0.809999406337738,0.7678201198577881,0.6208193302154541,0.743808925151825,0.65189129114151,0.6647441983222961,269.0899566291616,52.48264135762037,224.408014571949,0.7488584474885844,0.07517800037213083,0.2321065068244934,0.2465753424657534,0.7534246575342466,0.10929417610168457,0.07313426584005356,3.6254460998130633,5.6020915508270264e-05
10a01Ac,C:/Project/AI-STRESS-DETECTOR/data/public/emodb/wav/10a01Ac.wav,C:\Project\AI-STRESS-DETECTOR\data\public\emodb\wav\10a01Ac.wav,high,2,speaker_10,train,de,emodb_a01,studio,controlled,Der Lappen liegt auf dem Eisschrank.,emodb_emotion=fear; variation=c,1.6795,0.07784906774759293,0.07924377173185349,0.2006482630968094,0.15771356101096115,0.15720364578484683,1943.4028030914603,1160.6441228907677,1691.6788014766105,467.2001098423642,3665.3012048192772,1846.5326264653322,0.38773682713508606,0.19793523848056793,-22.313867568969727,5.998409271240234,0.7693900465965271,3.7672266960144043,1.5812300443649292,1.8016917705535889,-0.1669657677412033,-0.668472409248352,0.3138938546180725,2.358417510986328,0.9935581088066101,0.35233306884765625,0.2531413435935974,19.810583114624023,6.182814598083496,3.6110880374908447,2.2531330585479736,1.9505808353424072,1.6028926372528076,1.776778221130371,1.7235324382781982,1.1771492958068848,1.4265707731246948,1.2116516828536987,1.0815318822860718,1.1975175142288208,0.023303618654608727,0.0093459477648139,-0.010575853288173676,-0.003277495736256242,0.007384901866316795,0.007268319837749004,-0.002290562028065324,0.011816265992820263,0.006658729165792465,-0.00387650728225708,-0.006316197104752064,0.005567917134612799,-0.006439318880438805,5.324990749359131,1.8182412385940552,1.5199025869369507,1.0314818620681763,0.8685263991355896,0.8542138934135437,0.8325703144073486,0.7426781058311462,0.529433012008667,0.6230727434158325,0.5253677368164062,0.5119624137878418,0.4901618957519531,215.51673179192156,97.92314348441647,242.87949921752738,0.45180722891566266,0.1366782198196018,0.20803312957286835,0.24698795180722888,0.7530120481927711,0.1006954088807106,0.07883337885141373,3.572491813039595,0.08504131436347961
10a01Nb,C:/Project/AI-STRESS-DETECTOR/data/public/emodb/wav/10a01Nb.wav,C:\Project\AI-STRESS-DETECTOR\data\public\emodb\wav\10a01Nb.wav,low,0,speaker_10,train,de,emodb_a01,studio,controlled,Der Lappen liegt auf dem Eisschrank.,emodb_emotion=neutral; variation=b,1.8071875,0.10094127804040909,0.09176167845726013,0.23723681271076202,0.09445401212528527,0.10015440427204444,1431.2345765682821,891.1132915308519,1537.8087753109874,433.72271181896974,2835.3072625698323,1653.6549296210815,0.28693535923957825,0.17671069502830505,-19.64313507080078,10.7715425491333,1.3031361103057861,3.743562936782837,0.3684937357902527,1.830086350440979,0.5337150692939758,-1.00590181350708,0.08920066803693771,1.5725748538970947,1.243222951889038,0.6421838402748108,-0.07942607253789902,13.54908561706543,7.158473968505859,3.739483118057251,2.5589041709899902,1.8274668455123901,1.3280161619186401,1.2679516077041626,1.8162568807601929,1.3211967945098877,1.5153136253356934,0.9318313598632812,1.0588496923446655,1.1841826438903809,-0.006113627925515175,0.005411734338849783,0.00839731004089117,0.007480132393538952,0.010324335657060146,0.01149628683924675,-0.010920741595327854,-0.009064015932381153,-0.00803000945597887,0.002948038512840867,-0.00487271323800087,-0.006659563630819321,-0.0007870377157814801,4.706621170043945,2.1510257720947266,1.2691960334777832,1.0529673099517822,0.8419144153594971,0.8106703162193298,0.7142580151557922,0.7962919473648071,0.6129432916641235,0.6436138153076172,0.5070973038673401,0.5028817653656006,0.4976657032966614,180.12800728735476,101.787155746289,269.99405822935233,0.26256983240223464,0.26390365303780017,0.2358902096748352,0.2960893854748603,0.7039106145251397,0.13917095959186554,0.08376625180244446,3.8734220992564414,-0.05396771430969238
10a01Wa,C:/Project/AI-STRESS-DETECTOR/data/public/emodb/wav/10a01Wa.wav,C:\Project\AI-STRESS-DETECTOR\data\public\emodb\wav\10a01Wa.wav,severe,3,speaker_10,train,de,emodb_a01,studio,controlled,Der Lappen liegt auf dem Eisschrank.,emodb_emotion=anger; variation=a,2.1703125,0.06590521335601807,0.060836903750896454,0.16368426382541656,0.20853296030774607,0.1644366671115966,2274.38977274593,1056.7730296295078,1671.0999230273935,432.21842318044355,4026.7906976744184,1592.9275163897466,0.4078829288482666,0.19135354459285736,-18.948566436767578,6.159195423126221,-2.741497039794922,1.5183658599853516,0.06724049896001816,1.2422224283218384,-0.17303577065467834,-0.6042401194572449,-0.25396838784217834,-0.5872727632522583,0.18064863979816437,0.2506190240383148,-0.2329353392124176,17.81808090209961,7.1974101066589355,4.330954551696777,2.7533509731292725,2.0762009620666504,1.870265007019043,1.5855282545089722,1.5371829271316528,1.4684789180755615,1.5571142435073853,1.3283189535140991,1.3986135721206665,1.3787115812301636,-0.08924794942140579,0.009976118803024292,0.001185001921840012,-0.0037377956323325634,0.012799856252968311,0.006258160341531038,0.0011664723278954625,0.009056530892848969,0.0037200606893748045,-0.004914360120892525,-0.006082940846681595,-0.011890493333339691,0.005121937487274408,5.287520408630371,2.1526267528533936,1.7296875715255737,1.0125963687896729,0.9233380556106567,0.7799322605133057,0.689835786819458,0.706108033657074,0.6162495017051697,0.637770414352417,0.5531529188156128,0.5644067525863647,0.5365775227546692,189.68485046255637,32.38835417131136,198.83261156091132,0.4744186046511628,0.06559169091838066,0.21647709608078003,0.2837209302325582,0.7162790697674418,0.089152030646801,0.0569770447909832,3.2253419726421884,0.02232321724295616
10a02Ab,C:/Project/AI-STRESS-DETECTOR/data/public/emodb/wav/10a02Ab.wav,C:\Project\AI-STRESS-DETECTOR\data\public\emodb\wav\10a02Ab.wav,high,2,speaker_10,train,de,emodb_a02,studio,controlled,Das will sie am Mittwoch abgeben.,emodb_emotion=fear; variation=b,1.6079375,0.10595621913671494,0.09753336012363434,0.23957881331443787,0.18339874844343565,0.19786605758956508,2214.9126440140876,1288.6067015618626,1882.515679847575,339.9540496694977,4227.672955974843,1686.7904079830396,0.4191281199455261,0.18999221920967102,-18.639400482177734,5.766662120819092,2.2606470584869385,3.4852848052978516,0.7822028994560242,0.46810269355773926,-0.5837011933326721,-0.8431371450424194,-0.3036993145942688,0.47298818826675415,0.25344839692115784,0.9837045669555664,-0.4026442766189575,21.207048416137695,6.560573101043701,3.384065866470337,2.7005414962768555,2.4688735008239746,2.022679567337036,1.7542104721069336,1.8162214756011963,1.2982057332992554,1.2396960258483887,1.3375577926635742,0.924412190914154,1.2894153594970703,-0.01439772266894579,-0.017865102738142014,-0.00674812588840723,-0.004614472389221191,-0.008236457593739033,0.002491716993972659,-0.0007855922449380159,0.009349416941404343,0.0008726554806344211,-0.0032939063385128975,-0.0038605991285294294,0.00932636670768261,-0.004731327295303345,4.21394681930542,1.9512313604354858,1.4778960943222046,1.059390664100647,0.9657185673713684,0.9238638877868652,0.7057706713676453,0.6197848320007324,0.5959425568580627,0.6609996557235718,0.5384803414344788,0.5256693959236145,0.5319597721099854,185.79970519738663,35.52278744693169,225.4742547425474,0.41509433962264153,0.10883400274576133,0.2481543868780136,0.339622641509434,0.660377358490566,0.15585528314113617,0.08389735966920853,1.865744159832083,-0.020337790250778198
10a02Fa,C:/Project/AI-STRESS-DETECTOR/data/public/emodb/wav/10a02Fa.wav,C:\Project\AI-STRESS-DETECTOR\data\public\emodb\wav\10a02Fa.wav,moderate,1,speaker_10,train,de,emodb_a02,studio,controlled,Das will sie am Mittwoch abgeben.,emodb_emotion=happiness; variation=a,1.524,0.07735732942819595,0.0814751386642456,0.17197659611701965,0.1394653299916458,0.1662559588454589,1905.9303075316425,1206.0149388607579,1726.8142846625,438.1920675851736,3632.8,1814.9839742175873,0.3377748131752014,0.20288586616516113,-22.02543067932129,8.276564598083496,0.464791476726532,2.2378528118133545,0.6172605156898499,-0.7645421028137207,-1.0035563707351685,-1.807437539100647,-0.7666139006614685,0.5681689977645874,-0.46174290776252747,0.23335151374340057,-0.3420986533164978,19.183622360229492,5.736171722412109,4.19404411315918,3.1796817779541016,2.7427117824554443,2.9514095783233643,2.3869524002075195,2.434095621109009,1.9548389911651611,1.2005821466445923,1.532526969909668,1.15778386592865,1.151036262512207,0.02406393736600876,-0.005923798773437738,-0.0018862454453483224,-0.014377254992723465,-0.009030105546116829,-0.0028735764790326357,0.010398142971098423,0.004341769963502884,-0.009204411879181862,-0.0009018147247843444,0.014440084807574749,-0.002916657831519842,0.011374399997293949,5.475665092468262,1.9075818061828613,1.5196319818496704,1.2157490253448486,1.0739200115203857,1.147600769996643,0.7821182608604431,0.7765442132949829,0.8132016658782959,0.6086651682853699,0.6341957449913025,0.5894856452941895,0.5456568598747253,240.34332693098875,42.35975895998228,213.8545559068698,0.5466666666666666,0.054882486802268385,0.2587631344795227,0.29333333333333333,0.7066666666666667,0.10628161579370499,0.08078985661268234,2.6246719160104988,-0.018583737313747406
10a02Lb,C:/Project/AI-STRESS-DETECTOR/data/public/emodb/wav/10a02Lb.wav,C:\Project\AI-STRESS-DETECTOR\data\public\emodb\wav\10a02Lb.wav,low,0,speaker_10,train,de,emodb_a02,studio,controlled,Das will sie am Mittwoch abgeben.,emodb_emotion=boredom; variation=b,1.5925,0.14181704819202423,0.11076386272907257,0.291015625,0.06340692495570135,0.07379988477407123,1194.789347864155,713.091624763854,1454.240997124833,519.2930150217468,2547.770700636943,1658.2803611992151,0.23671329021453857,0.17408324778079987,-17.090957641601562,14.035980224609375,2.138336420059204,4.485142230987549,0.3932536542415619,-0.18847844004631042,-0.13099345564842224,-1.0973039865493774,0.3227435052394867,0.7065083980560303,0.5517093539237976,1.3160474300384521,-0.6555004715919495,14.760011672973633,6.135649681091309,2.7702038288116455,2.7134904861450195,2.6773526668548584,2.115537643432617,1.6515051126480103,1.6553375720977783,1.267076849937439,1.3001700639724731,1.0273932218551636,0.9447640776634216,0.9968222975730896,0.12916430830955505,-0.010677441023290157,-0.02083495631814003,-0.01115773431956768,0.017995202913880348,-0.01564348302781582,-0.02860918454825878,-0.012631673365831375,-0.005449789576232433,0.0032465935219079256,-0.00020168237097095698,-0.01225269678980112,-0.004630694631487131,4.685354709625244,1.9729337692260742,1.2864717245101929,0.8557299971580505,0.7923467755317688,0.8376322388648987,0.5588304996490479,0.5555811524391174,0.5355667471885681,0.5501723289489746,0.46466711163520813,0.42915016412734985,0.42354124784469604,133.80058819646547,44.10994053216918,265.16007532956684,0.4140127388535032,0.10305406154082608,0.16901835799217224,0.2547770700636943,0.7452229299363057,0.18609686195850372,0.09339798986911774,1.8838304552590266,-0.04249884933233261
10a02Na,C:/Project/AI-STRESS-DETECTOR/data/public/emodb/wav/10a02Na.wav,C:\Project\AI-STRESS-DETECTOR\data\public\emodb\wav\10a02Na.wav,low,0,speaker_10,train,de,emodb_a02,studio,controlled,Das will sie am Mittwoch abgeben.,emodb_emotion=neutral; variation=a,1.658625,0.09857232123613358,0.10006363689899445,0.24010904133319855,0.07521853414022861,0.09725252385089335,1294.2521690810368,984.7820995497243,1395.0806831494926,623.8539019990894,2631.7073170731705,1769.516817663862,0.24881985783576965,0.19016706943511963,-27.96649932861328,11.37076473236084,2.0269429683685303,4.260878562927246,0.7345077991485596,1.7761521339416504,0.01938212849199772,-0.968988299369812,0.40659746527671814,1.0160635709762573,1.1543357372283936,1.1255574226379395,0.08051100373268127,31.904216766357422,6.361040115356445,2.6955456733703613,2.707061767578125,2.7918288707733154,1.957140564918518,2.2081639766693115,2.205554246902466,1.5210020542144775,1.4132769107818604,1.3335179090499878,1.1867223978042603,1.4079328775405884,-0.4267628788948059,-0.038138046860694885,0.020397059619426727,0.008845336735248566,0.008566807024180889,0.013682562857866287,0.03132154420018196,0.022569866850972176,0.004604028537869453,0.009760166518390179,0.013776450417935848,0.0042728339321911335,0.018712954595685005,6.767741680145264,2.2141330242156982,1.3403993844985962,1.0702900886535645,0.8960955739021301,0.8379933834075928,0.6713698506355286,0.6653245091438293,0.5854189395904541,0.5510694980621338,0.4724352955818176,0.47902870178222656,0.5279317498207092,146.1399662733003,59.812984532997426,272.22222222222223,0.3719512195121951,0.1832325817754907,0.2487977296113968,0.30487804878048785,0.6951219512195121,0.13944688439369202,0.0943857729434967,1.8087271082975356,-0.09867218136787415
10a02Wa,C:/Project/AI-STRESS-DETECTOR/data/public/emodb/wav/10a02Wa.wav,C:\Project\AI-STRESS-DETECTOR\data\public\emodb\wav\10a02Wa.wav,severe,3,speaker_10,train,de,emodb_a02,studio,controlled,Das will sie am Mittwoch abgeben.,emodb_emotion=anger; variation=a,2.1026875,0.07480265200138092,0.07040809839963913,0.18339015543460846,0.19110275689223055,0.18815691810666807,2195.8343404305106,1264.408429136844,1654.9018655022255,426.9317944693668,3897.5,1741.1560869809373,0.3659990429878235,0.18981021642684937,-20.346101760864258,7.12324857711792,-0.978417158126831,2.518932580947876,0.3074578046798706,0.6789833903312683,0.7093023061752319,-0.7655328512191772,-0.7321913838386536,-0.6105477809906006,0.7503817677497864,0.49765536189079285,-0.5327191948890686,17.690975189208984,7.870604991912842,4.439391136169434,3.2100818157196045,2.55484676361084,2.3138227462768555,1.9287564754486084,1.9711657762527466,1.581467628479004,1.7689282894134521,1.329801321029663,1.0295751094818115,1.2049450874328613,0.05706588923931122,0.011060490272939205,-0.030383137986063957,0.009099630638957024,0.030713452026247978,0.013775133527815342,-0.012145956978201866,-0.003168417839333415,-0.021085500717163086,-0.016631506383419037,-0.0006029960932210088,-0.0027545278426259756,-0.0045539927668869495,5.321763515472412,2.143779993057251,1.769659161567688,1.0079056024551392,0.9479689598083496,0.920894980430603,0.6324594616889954,0.8346105217933655,0.6216714382171631,0.6409790515899658,0.5776086449623108,0.5613013505935669,0.5225021243095398,194.36137097450637,63.928261119234186,252.99145299145297,0.5144230769230769,0.13808891655276564,0.2535984516143799,0.26442307692307687,0.7355769230769231,0.0996788963675499,0.06626416742801666,2.3779092233154,0.010497473180294037
10a04Fd,C:/Project/AI-STRESS-DETECTOR/data/public/emodb/wav/10a04Fd.wav,C:\Project\AI-STRESS-DETECTOR\data\public\emodb\wav\10a04Fd.wav,moderate,1,speaker_10,train,de,emodb_a04,studio,controlled,Heute abend koennte ich es ihm sagen.,emodb_emotion=happiness; variation=d,1.5371875,0.09800415486097336,0.0918337032198906,0.24282562732696533,0.12277404036406807,0.1324139143571341,1680.2799593636007,1097.6327991557398,1593.2964320277868,505.16200857622846,3151.0526315789475,1862.5686698378388,0.2745696008205414,0.16631609201431274,-19.099273681640625,10.608304977416992,-0.01224066037684679,1.723172664642334,0.6017234921455383,-0.9781180024147034,-1.1909774541854858,-2.2571423053741455,-1.131109595298767,0.674757719039917,-0.7033082842826843,-0.18066926300525665,-0.682500958442688,16.996564865112305,5.759367942810059,4.943615436553955,3.378410577774048,2.797192335128784,2.6819686889648438,2.1029810905456543,2.0418694019317627,1.9162940979003906,1.3405805826187134,1.538838267326355,1.1152925491333008,1.1201012134552002,-0.2517734467983246,0.007908199913799763,0.03065761737525463,0.033924080431461334,0.008605343289673328,0.010676207952201366,-0.0010098814964294434,0.008743944577872753,-0.02200588397681713,0.004931159783154726,0.016706425696611404,0.024180062115192413,0.014728577807545662,4.085811614990234,2.537773370742798,1.7433875799179077,1.007020354270935,0.8405024409294128,1.206432819366455,0.8619487881660461,0.936167299747467,0.7613670229911804,0.62196284532547,0.6311655640602112,0.5912726521492004,0.58323734998703,217.0022505255365,31.534666159157677,188.72549019607845,0.631578947368421,0.06892019863592244,0.2893988788127899,0.26315789473684215,0.7368421052631579,0.12924613058567047,0.08784918487071991,4.553771091685302,-0.05317867547273636
10a04Nb,C:/Project/AI-STRESS-DETECTOR/data/public/emodb/wav/10a04Nb.wav,C:\Project\AI-STRESS-DETECTOR\data\public\emodb\wav\10a04Nb.wav,low,0,speaker_10,train,de,emodb_a04,studio,controlled,Heute abend koennte ich es ihm sagen.,emodb_emotion=neutral; variation=b,2.0499375,0.08464198559522629,0.07288799434900284,0.18479667603969574,0.08521303258145364,0.11656461622711117,1387.9130603875242,1002.5481662297265,1488.26711778481,452.27558537312245,2714.285714285714,1700.672384311992,0.26475778222084045,0.18331781029701233,-20.890254974365234,12.0997896194458,1.6388797760009766,4.116264820098877,-0.49300915002822876,2.062547445297241,0.6703038215637207,-0.707038164138794,0.16128094494342804,0.5823896527290344,1.4866265058517456,0.6389690041542053,-0.17702478170394897,13.548439025878906,7.231106281280518,2.699338912963867,2.7638673782348633,2.5405759811401367,1.6823679208755493,1.4115333557128906,1.7062151432037354,1.151910424232483,1.5854668617248535,0.8632837533950806,1.0946354866027832,0.9795218706130981,-0.009617950767278671,0.017152119427919388,-0.005752941593527794,0.0026732818223536015,0.011140170507133007,-0.002872743643820286,0.005123700015246868,-0.0024082581512629986,-0.006361458916217089,0.012477335520088673,0.0059858025051653385,0.0051093087531626225,-0.00315554509870708,4.567497253417969,2.621272325515747,1.3820842504501343,1.0478256940841675,0.8865232467651367,0.7489988207817078,0.6500616073608398,0.7571725845336914,0.4967783987522125,0.6144435405731201,0.48496827483177185,0.5176838636398315,0.490871399641037,130.43497923795044,59.409967727061385,267.6434676434676,0.30049261083743845,0.1791679167875818,0.2503858804702759,0.2561576354679803,0.7438423645320197,0.11029378324747086,0.06757001578807831,3.90255800481722,-0.018496237695217133
10a04Wa,C:/Project/AI-STRESS-DETECTOR/data/public/emodb/wav/10a04Wa.wav,C:\Project\AI-STRESS-DETECTOR\data\public\emodb\wav\10a04Wa.wav,severe,3,speaker_10,train,de,emodb_a04,studio,controlled,Heute abend koennte ich es ihm sagen.,emodb_emotion=anger; variation=a,2.853375,0.08062969148159027,0.06733196973800659,0.17479993402957916,0.22234030305445593,0.19473506098307877,2322.7237956446397,1271.4550840571235,1737.8545971735546,371.3460593708802,4057.9505300353358,1701.7172902890256,0.40214046835899353,0.18609583377838135,-16.492713928222656,5.922695636749268,-0.5925695300102234,2.0363619327545166,-0.17017628252506256,0.3168279826641083,0.6797196269035339,0.19681072235107422,-0.17898710072040558,0.18116332590579987,0.5986325740814209,0.6651148796081543,-0.3802710771560669,17.679750442504883,6.933223247528076,4.074482440948486,2.947654962539673,2.048441171646118,2.302217721939087,1.7772785425186157,1.462113380432129,1.4440499544143677,1.507901668548584,1.4254413843154907,1.176608681678772,1.2843824625015259,-0.08725698292255402,0.01667601615190506,0.01846134290099144,0.010651184245944023,-0.0013166371500119567,0.0025447143707424402,0.0007594381459057331,-0.004756799433380365,0.006612026132643223,-0.004021389409899712,0.011121131479740143,0.0032110423780977726,-0.004616348072886467,6.163674831390381,1.9546486139297485,1.6396034955978394,1.1561044454574585,0.9714081287384033,0.8937269449234009,0.8378005623817444,0.7598205804824829,0.6688485145568848,0.6292085647583008,0.6267638802528381,0.5770198106765747,0.5785914063453674,189.58673084298616,55.472890182400725,254.92662473794547,0.3992932862190813,0.11359985819555048,0.20446288585662842,0.2508833922261484,0.7491166077738516,0.10483269393444061,0.060851339250802994,3.154159547903798,0.004341639578342438
10a04Wb,C:/Project/AI-STRESS-DETECTOR/data/public/emodb/wav/10a04Wb.wav,C:\Project\AI-STRESS-DETECTOR\data\public\emodb\wav\10a04Wb.wav,severe,3,speaker_10,train,de,emodb_a04,studio,controlled,Heute abend koennte ich es ihm sagen.,emodb_emotion=anger; variation=b,1.811375,0.09368470311164856,0.11236710101366043,0.268211305141449,0.1890480390921438,0.1559722613674526,2113.49391720766,1129.5239144766742,1583.3002093000598,510.2013610470896,3616.08938547486,1812.2735845017612,0.35670939087867737,0.21375064551830292,-20.814977645874023,7.548337936401367,-2.6282460689544678,0.7838982343673706,-0.5283669829368591,0.3663710653781891,0.1759800761938095,-0.8327093720436096,-0.6601575016975403,-0.5032480955123901,-0.05565871298313141,0.0014448645524680614,-0.6455156207084656,19.87459373474121,6.763171195983887,6.2537713050842285,3.045806646347046,2.32132625579834,2.355825662612915,1.9173777103424072,1.6822422742843628,1.5627344846725464,1.5935879945755005,1.1822917461395264,1.4421422481536865,1.2279754877090454,0.003909936640411615,0.009894445538520813,0.005087648518383503,0.002843425376340747,0.004601525142788887,-0.00016131480515468866,-0.001979020657017827,-0.004747047089040279,0.004405794199556112,0.006954670418053865,0.0009889802895486355,0.012366987764835358,-6.167182436911389e-05,5.904566764831543,2.2935287952423096,2.0526299476623535,1.1314802169799805,1.0422437191009521,1.0746170282363892,0.8351393938064575,0.809944748878479,0.7088848948478699,0.7191879153251648,0.5656816363334656,0.5929778218269348,0.5551963448524475,250.65684378958798,55.23603146973433,213.96263520157325,0.5251396648044693,0.09179821995331773,0.3074912428855896,0.3016759776536313,0.6983240223463687,0.13130374252796173,0.11565166711807251,3.31240080049686,-0.014488689601421356
10a05Aa,C:/Project/AI-STRESS-DETECTOR/data/public/emodb/wav/10a05Aa.wav,C:\Project\AI-STRESS-DETECTOR\data\public\emodb\wav\10a05Aa.wav,high,2,speaker_10,train,de,emodb_a05,studio,controlled,Das schwarze Blatt Papier befindet sich da oben neben dem Holzstueck.,emodb_emotion=fear; variation=a,2.604125,0.10272663831710815,0.090128093957901,0.22135497629642487,0.1608769986982961,0.17925146228574068,2025.2409318678638,1236.9607552750883,1701.9890115610397,384.6522689562787,3741.705426356589,1774.674606720341,0.36689263582229614,0.1984831839799881,-17.773666381835938,7.61913537979126,1.6821726560592651,2.985072374343872,-0.5413693785667419,-0.8864476680755615,-0.800075352191925,-1.363445520401001,-1.410732626914978,0.4469206631183624,-0.685409665107727,0.699550986289978,-0.6703228950500488,16.97321891784668,7.881072998046875,2.7750000953674316,2.4335713386535645,2.688793659210205,2.6601014137268066,1.9122796058654785,1.9212158918380737,1.7010160684585571,1.4417006969451904,1.5418702363967896,1.103633165359497,1.316738247871399,-0.07968543469905853,-0.006786213256418705,0.02503214031457901,-0.002089716261252761,0.01269652508199215,0.025239307433366776,0.004091670271009207,0.008912753313779831,0.004268102813512087,0.006525435950607061,0.0037918007001280785,-0.002302903914824128,0.004609960131347179,5.772043704986572,2.572016954421997,1.4172711372375488,1.093148946762085,0.9582638144493103,1.0829839706420898,0.8106286525726318,0.7811663150787354,0.6266271471977234,0.6028395891189575,0.714413046836853,0.5489137172698975,0.5668889284133911,201.02305101956532,32.98753345351222,211.4114114114114,0.5891472868217055,0.06998415613360791,0.2582594156265259,0.22480620155038755,0.7751937984496124,0.13002356886863708,0.08451375365257263,3.0720491527864446,0.05587686598300934
10a05Ld,C:/Project/AI-STRESS-DETECTOR/data/public/emodb/wav/10a05Ld.wav,C:\Project\AI-STRESS-DETECTOR\data\public\emodb\wav\10a05Ld.wav,low,0,speaker_10,train,de,emodb_a05,studio,controlled,Das schwarze Blatt Papier befindet sich da oben neben dem Holzstueck.,emodb_emotion=boredom; variation=d,3.29575,0.10157071053981781,0.08636868000030518,0.2110518366098404,0.12522923161562444,0.15391145010208804,1480.8427291552412,1265.0414866193041,1331.438873842592,570.5938563372587,2657.8048780487807,2175.767890457743,0.25506922602653503,0.2344450056552887,-18.708850860595703,13.32781982421875,1.9442261457443237,4.416257381439209,-0.11183270812034607,0.045128148049116135,-0.19911621510982513,-1.2884584665298462,-0.14067450165748596,1.2095601558685303,0.3917081952095032,0.881255567073822,-0.39069664478302,10.519454002380371,9.440876960754395,3.312631845474243,2.7612903118133545,2.572763681411743,1.9949015378952026,1.5836995840072632,1.6575545072555542,1.2733418941497803,1.3899749517440796,1.1472477912902832,0.7441514730453491,1.1312165260314941,-0.07420801371335983,0.011073912493884563,0.012055535800755024,0.0013629780150949955,0.013827306218445301,-0.005027248058468103,0.010388974100351334,0.007680086884647608,0.002063735853880644,0.00021822613780386746,0.003923066426068544,-0.006506358738988638,0.0016213655471801758,3.8264870643615723,2.4779720306396484,1.3349497318267822,0.9087587594985962,0.8641319870948792,0.8334621787071228,0.654761791229248,0.7163852453231812,0.5160872340202332,0.528286874294281,0.512521505355835,0.42543238401412964,0.46248871088027954,122.87955622366786,45.60940286235217,270.8994708994709,0.4603658536585366,0.12668359207836322,0.18491749465465546,0.20731707317073167,0.7926829268292683,0.12469692528247833,0.0825628787279129,2.7307896533414246,-0.06323493272066116
10a05Tb,C:/Project/AI-STRESS-DETECTOR/data/public/emodb/wav/10a05Tb.wav,C:\Project\AI-STRESS-DETECTOR\data\public\emodb\wav\10a05Tb.wav,moderate,1,speaker_10,train,de,emodb_a05,studio,controlled,Das schwarze Blatt Papier befindet sich da oben neben dem Holzstueck.,emodb_emotion=sadness; variation=b,3.3339375,0.15688924491405487,0.0976671501994133,0.2881092131137848,0.09835767666901393,0.12776179552640862,1438.6533044322011,1114.0209567833463,1523.124613519708,532.3367613081907,2788.2779456193352,2044.071021189005,0.29434332251548767,0.21526913344860077,-14.914599418640137,10.787229537963867,2.631805658340454,3.851062536239624,1.2865663766860962,2.1434004306793213,0.9529407620429993,-0.517953634262085,-0.5830981135368347,0.30576035380363464,1.2502939701080322,0.6413599252700806,0.2311500906944275,12.940690994262695,7.698459625244141,3.513500213623047,2.593780994415283,2.131781578063965,1.9152730703353882,1.6218339204788208,1.3956618309020996,1.2667845487594604,1.2637954950332642,0.8880893588066101,0.9951196908950806,1.1101731061935425,-0.02295585721731186,7.660511619178578e-05,0.00237759156152606,0.002795381471514702,-0.0021553877741098404,0.0006271273014135659,0.009439616464078426,0.0042373910546302795,0.010708793066442013,0.006329610478132963,-0.007175161968916655,-0.0028218813240528107,0.005242262035608292,4.955713272094727,1.993375301361084,1.3221880197525024,0.9719029664993286,0.8238548636436462,0.832303524017334,0.6809099912643433,0.6287230849266052,0.6050504446029663,0.5645117163658142,0.48653778433799744,0.5338478088378906,0.4896385967731476,165.54618704460233,107.30243220896743,272.65400115141045,0.25075528700906347,0.37642568223823847,0.18029901385307312,0.20543806646525675,0.7945619335347432,0.19144266843795776,0.07816542685031891,2.9994563485368273,0.02951095998287201
10a05Wb,C:/Project/AI-STRESS-DETECTOR/data/public/emodb/wav/10a05Wb.wav,C:\Project\AI-STRESS-DETECTOR\data\public\emodb\wav\10a05Wb.wav,severe,3,speaker_10,train,de,emodb_a05,studio,controlled,Das schwarze Blatt Papier befindet sich da oben neben dem Holzstueck.,emodb_emotion=anger; variation=b,3.7520625,0.034414831548929214,0.04895831272006035,0.09340028464794159,0.1672747552527431,0.1641941496287702,2049.3801040765984,1090.6344333078803,1727.9963712234883,412.3891386154238,3857.9088471849864,1638.3765332222677,0.3846210539340973,0.19187495112419128,-29.992727279663086,7.302692413330078,-0.2452494204044342,2.275684356689453,-0.4623338580131531,-0.002040709601715207,0.2902919352054596,-1.0507359504699707,-1.1915584802627563,0.5861559510231018,0.3749774992465973,0.2846880257129669,-0.2766304612159729,17.85439109802246,7.20504093170166,4.166483402252197,2.6495659351348877,2.6236753463745117,2.474189281463623,1.97052001953125,1.7919490337371826,1.7065385580062866,1.715336561203003,1.4322999715805054,1.1470930576324463,1.1212427616119385,-0.013807342387735844,0.0023646035697311163,0.005306693725287914,-0.0061500053852796555,-6.350627518258989e-05,0.0043637435883283615,-0.00452378299087286,0.0016677974490448833,0.004022607114166021,0.006576211657375097,0.01051134243607521,0.0016962792724370956,-0.0014240898890420794,5.780060768127441,2.3350744247436523,1.614340901374817,1.0893090963363647,1.0076345205307007,0.9822628498077393,0.7955958247184753,0.7767745852470398,0.6901082992553711,0.7009822726249695,0.5935184359550476,0.5565302968025208,0.4953538477420807,226.9886510940602,55.428158798578,228.57142857142856,0.35924932975871315,0.12163984064014599,0.23189057409763336,0.5067024128686327,0.4932975871313673,0.06238062307238579,0.05724044144153595,4.2643212899571905,0.035623764619231224
10a07Aa,C:/Project/AI-STRESS-DETECTOR/data/public/emodb/wav/10a07Aa.wav,C:\Project\AI-STRESS-DETECTOR\data\public\emodb\wav\10a07Aa.wav,high,2,speaker_10,train,de,emodb_a07,studio,controlled,In sieben Stunden wird es soweit sein.,emodb_emotion=fear; variation=a,1.5960625,0.12856774032115936,0.07594098150730133,0.2241491675376892,0.2288950223660417,0.23155875844876406,2610.3268404155574,1362.7842173691986,1894.6245597730733,261.5489142231705,4679.493670886076,1390.674090926818,0.453575998544693,0.13554887473583221,-10.12637996673584,3.92672061920166,2.40830135345459,3.4124200344085693,1.2102574110031128,0.384186714887619,-1.555833101272583,-0.953033447265625,-0.7148474454879761,0.8330780267715454,-0.9543483257293701,-0.05377372354269028,-0.19911454617977142,12.098784446716309,7.656393051147461,2.812053680419922,2.2018518447875977,1.6552938222885132,1.5565004348754883,1.6272145509719849,1.5932482481002808,1.5335038900375366,1.298012614250183,1.0804213285446167,1.0528098344802856,1.2037010192871094,-0.042063433676958084,-0.004891205579042435,0.01817530393600464,-0.003111404599621892,0.01105490978807211,0.021215353161096573,0.01281123235821724,0.006192777771502733,-0.0025344558525830507,0.014189309440553188,0.007780882529914379,0.002351416740566492,-0.011145051568746567,2.4582033157348633,2.162280321121216,0.9142091274261475,0.9488921165466309,0.7698907256126404,0.7996774911880493,0.7595039010047913,0.6489022970199585,0.6231491565704346,0.5401045680046082,0.5417476296424866,0.5335143804550171,0.5169583559036255,179.77922320151262,16.11503507548733,69.42722539052815,0.5822784810126582,0.041856747682564865,0.15740761160850525,0.14556962025316456,0.8544303797468354,0.14841297268867493,0.06339152157306671,1.2530837608176373,0.00729457288980484
10a07Ad,C:/Project/AI-STRESS-DETECTOR/data/public/emodb/wav/10a07Ad.wav,C:\Project\AI-STRESS-DETECTOR\data\public\emodb\wav\10a07Ad.wav,high,2,speaker_10,train,de,emodb_a07,studio,controlled,In sieben Stunden wird es soweit sein.,emodb_emotion=fear; variation=d,1.603375,0.10210862755775452,0.06810376048088074,0.1916174739599228,0.1863519558389645,0.21947915255440772,2183.945281709948,1439.7500389521274,1770.7761462280653,360.9997808435893,3983.2911392405063,1818.6834308276568,0.3773053288459778,0.16532738506793976,-15.722127914428711,6.659315586090088,2.92301344871521,3.644810199737549,1.3569600582122803,0.7748094797134399,-0.4686205983161926,-0.8083733916282654,-1.1968598365783691,1.4364229440689087,0.7218582034111023,0.15003864467144012,-0.017224397510290146,14.169671058654785,8.200972557067871,3.0391311645507812,2.961229085922241,1.7548054456710815,1.8225632905960083,1.5592063665390015,1.5527172088623047,1.4821146726608276,1.417130708694458,0.9174178242683411,1.068764090538025,1.0044699907302856,-0.028445860370993614,-0.017077602446079254,-0.007087710313498974,0.005163959227502346,0.013919911347329617,0.010393736883997917,0.010335054248571396,0.006640544626861811,0.0026005085092037916,-0.006571955978870392,-0.0026285890489816666,-0.01416790671646595,-0.00881813745945692,2.995802402496338,2.531499147415161,1.0792173147201538,1.1912015676498413,0.8083316683769226,0.9077779054641724,0.7435365319252014,0.6930553913116455,0.7361924648284912,0.6437472105026245,0.4772568345069885,0.6252339482307434,0.5189356207847595,147.54935374898602,11.76256398964376,62.09150326797385,0.4936708860759494,0.044605319604283385,0.20290106534957886,0.22784810126582278,0.7721518987341772,0.1283261626958847,0.05429065227508545,2.494737662742652,0.02057701349258423
10a07La,C:/Project/AI-STRESS-DETECTOR/data/public/emodb/wav/10a07La.wav,C:\Project\AI-STRESS-DETECTOR\data\public\emodb\wav\10a07La.wav,low,0,speaker_10,train,de,emodb_a07,studio,controlled,In sieben Stunden wird es soweit sein.,emodb_emotion=boredom; variation=a,1.9901875,0.1335929036140442,0.0914473682641983,0.266996830701828,0.11477933412210728,0.16169364102273667,1432.5785027395536,1280.2782549984051,1337.9902676510403,522.5364114480307,2571.776649746193,2075.115161837106,0.2393271028995514,0.20341536402702332,-16.211639404296875,13.375996589660645,2.0797576904296875,3.8759870529174805,0.4159201979637146,0.21363365650177002,0.09939277172088623,-1.2383846044540405,-0.7755592465400696,1.2039132118225098,0.3795057535171509,1.2683669328689575,-0.06179145351052284,11.358940124511719,9.402956008911133,2.8509762287139893,2.3253653049468994,2.044248104095459,2.631739377975464,1.4868392944335938,1.6401278972625732,1.4512168169021606,1.4632607698440552,1.3998137712478638,0.9341353178024292,0.8426281809806824,0.05894038453698158,-0.03960986062884331,0.01563488133251667,-0.0036070612259209156,0.004844123963266611,-0.011378990486264229,-0.009566743858158588,0.001552231376990676,-0.016584761440753937,-0.01373231504112482,-0.002826377283781767,-0.0013837494188919663,-0.0011549649061635137,2.694984197616577,2.433990478515625,1.0495184659957886,0.8714844584465027,0.6966499090194702,0.8298671841621399,0.6498422026634216,0.6106361150741577,0.511025607585907,0.5057414174079895,0.482197105884552,0.4464229345321655,0.3891264796257019,146.74453151091024,63.41537963664795,275.9535655058043,0.38578680203045684,0.22138047887552523,0.15249159932136536,0.17766497461928932,0.8223350253807107,0.1594051867723465,0.0799252912402153,2.0098608799422166,-0.032869040966033936
10a07Ta,C:/Project/AI-STRESS-DETECTOR/data/public/emodb/wav/10a07Ta.wav,C:\Project\AI-STRESS-DETECTOR\data\public\emodb\wav\10a07Ta.wav,moderate,1,speaker_10,train,de,emodb_a07,studio,controlled,In sieben Stunden wird es soweit sein.,emodb_emotion=sadness; variation=a,1.9558125,0.13386006653308868,0.09053409099578857,0.25807660818099976,0.10649045293646488,0.17299190469910508,1343.0277356349368,1299.1137597535635,1365.2768931522853,510.2794481503251,2365.773195876289,2027.9326912169154,0.24865247309207916,0.2040649801492691,-19.514528274536133,12.037681579589844,3.4626288414001465,3.5873451232910156,2.110548496246338,2.28786563873291,0.34869644045829773,-0.5440447926521301,-1.129427433013916,0.9313738346099854,1.135439395904541,0.43063849210739136,0.1532488614320755,13.769375801086426,8.946789741516113,3.1955814361572266,2.2116611003875732,2.149310350418091,1.6720906496047974,1.48311448097229,1.4145618677139282,1.8558412790298462,1.2156707048416138,1.0259208679199219,0.9664279222488403,1.0690886974334717,-0.029787162318825722,-0.015883367508649826,0.005424829665571451,-0.006186315789818764,0.011700994335114956,0.012623344548046589,0.011127517558634281,0.009174519218504429,0.010434416122734547,-0.0028630925808101892,0.005351893603801727,0.009513495489954948,0.0007066026446409523,3.7423431873321533,2.569016218185425,1.3792835474014282,0.9354450106620789,0.7917447686195374,0.8467447757720947,0.709786593914032,0.6398999691009521,0.6685519218444824,0.4982534348964691,0.4711586534976959,0.4880100190639496,0.4968140423297882,128.9621237710555,61.97409094407589,259.9139990444338,0.36082474226804123,0.18748759098692488,0.21865101158618927,0.19587628865979378,0.8041237113402062,0.16273488104343414,0.07682961225509644,3.579075192535072,-0.010706603527069092
10a07Wb,C:/Project/AI-STRESS-DETECTOR/data/public/emodb/wav/10a07Wb.wav,C:\Project\AI-STRESS-DETECTOR\data\public\emodb\wav\10a07Wb.wav,severe,3,speaker_10,train,de,emodb_a07,studio,controlled,In sieben Stunden wird es soweit sein.,emodb_emotion=anger; variation=b,1.9734375,0.04580182954668999,0.07138442248106003,0.09913453459739685,0.22322472848788635,0.21313123163985356,2321.847629555753,1386.8478822499503,1663.9197689033758,412.81765713166493,3944.8205128205127,1932.1536658084865,0.40206581354141235,0.20375174283981323,-24.43507957458496,6.098726749420166,-0.5927478671073914,2.394352436065674,0.33400779962539673,0.5227717757225037,0.4305075705051422,-0.08530770242214203,-0.6605281829833984,-0.5523071885108948,0.0605633407831192,0.37585878372192383,-0.1412438601255417,14.464020729064941,8.735587120056152,5.114272594451904,2.9544084072113037,1.7060972452163696,2.1218760013580322,1.7008062601089478,1.490896224975586,1.718582034111023,1.6950839757919312,1.2056386470794678,1.0094609260559082,1.0279361009597778,-0.03812417387962341,0.0008961946587078273,-0.003524183528497815,-0.028919139876961708,-0.00539535004645586,0.0223867017775774,0.018423574045300484,-0.0029995664954185486,-0.011733927763998508,0.009459654800593853,-0.00486146192997694,-0.021182280033826828,-0.008837222121655941,4.1971869468688965,2.4285714626312256,1.7866697311401367,0.9610350728034973,0.8228132724761963,0.8542211651802063,0.6657502055168152,0.6168784499168396,0.6246097087860107,0.6386077404022217,0.5442870855331421,0.4891042411327362,0.49440625309944153,198.13417936821008,41.901024925044325,169.5813460519343,0.3230769230769231,0.07731592508808473,0.1798589676618576,0.45641025641025645,0.5435897435897435,0.07454715669155121,0.08679081499576569,6.080760095011876,0.05486513674259186
10b01Aa,C:/Project/AI-STRESS-DETECTOR/data/public/emodb/wav/10b01Aa.wav,C:\Project\AI-STRESS-DETECTOR\data\public\emodb\wav\10b01Aa.wav,high,2,speaker_10,train,de,emodb_b01,studio,controlled,"Was sind denn das fuer Tueten, die da unter dem Tisch stehen.",emodb_emotion=fear; variation=a,2.0875625,0.11941027641296387,0.09289856255054474,0.2702631652355194,0.18680759870691221,0.19371385122289078,2118.6183572961404,1285.4017965336757,1780.059536281151,351.1758096131119,3908.4057971014495,1860.1222934097166,0.40737539529800415,0.2069484144449234,-13.109938621520996,7.204946041107178,1.140082597732544,0.8227766752243042,0.16935479640960693,0.3168312907218933,-0.2510819435119629,-1.3856449127197266,-2.1047887802124023,-0.13179616630077362,-0.4690784811973572,-0.33535146713256836,-0.21527521312236786,14.014466285705566,7.902523994445801,3.0390233993530273,2.140735626220703,1.6514681577682495,2.1381778717041016,1.1977248191833496,1.4908560514450073,2.087418794631958,1.687790036201477,1.505599021911621,1.2632309198379517,1.111127495765686,-0.14961354434490204,0.0050133815966546535,0.03901642560958862,0.019041720777750015,0.00653472077101469,-0.00462184427306056,0.020179951563477516,0.0029313426930457354,0.011553795076906681,-0.014655906707048416,-0.002809746889397502,0.015268796123564243,0.006686831824481487,4.221524715423584,2.225951910018921,1.2220510244369507,0.8850826621055603,0.7687762975692749,0.8961338400840759,0.6406082510948181,0.651459813117981,0.7961446642875671,0.6252796649932861,0.5987550020217896,0.5794327259063721,0.5136768817901611,214.51037152711964,27.53463552778059,154.703375942314,0.5314009661835749,0.058519009548776986,0.19838714599609375,0.2125603864734299,0.7874396135265701,0.14740149676799774,0.08510151505470276,2.3951378701236488,0.06084701418876648
10b01Ea,C:/Project/AI-STRESS-DETECTOR/data/public/emodb/wav/10b01Ea.wav,C:\Project\AI-STRESS-DETECTOR\data\public\emodb\wav\10b01Ea.wav,high,2,speaker_10,train,de,emodb_b01,studio,controlled,"Was sind denn das fuer Tueten, die da unter dem Tisch stehen.",emodb_emotion=disgust; variation=a,2.390125,0.08916953206062317,0.07473233342170715,0.1821533590555191,0.18071550183475563,0.20306543539580965,2110.185668639686,1402.4810747038377,1702.2580706567546,405.84393776442016,3851.8143459915614,1936.5972592244218,0.35436761379241943,0.19737820327281952,-17.33394432067871,7.846897125244141,2.0331101417541504,4.227369785308838,1.1985437870025635,0.14955757558345795,-1.3830523490905762,-1.798048973083496,0.8048881888389587,0.7312102913856506,-0.17774248123168945,0.20346254110336304,-0.5341593027114868,14.5000638961792,8.392452239990234,3.436176300048828,2.8587567806243896,2.1211905479431152,2.0731253623962402,1.6454951763153076,1.896382451057434,1.508138656616211,1.1735901832580566,1.1009730100631714,0.9306102395057678,1.060662865638733,-0.11613380908966064,0.014701664447784424,0.005424364935606718,0.015451542101800442,-0.004368837457150221,-0.003272106871008873,0.0018149579409509897,0.011389474384486675,0.010253561660647392,0.006570406723767519,0.003964163362979889,0.0051877256482839584,0.004867585375905037,4.860845565795898,2.358241319656372,1.4568129777908325,1.0031641721725464,0.8228721022605896,0.9288276433944702,0.754559338092804,0.8573525547981262,0.581759512424469,0.5297111868858337,0.4698954224586487,0.44196203351020813,0.4705941081047058,162.566346312297,54.10423562918834,244.0399897462189,0.5232067510548524,0.11202934163221157,0.24385562539100647,0.24894514767932485,0.7510548523206751,0.11464652419090271,0.06933470815420151,3.7654934365357464,0.03770029544830322
10b01Fa,C:/Project/AI-STRESS-DETECTOR/data/public/emodb/wav/10b01Fa.wav,C:\Project\AI-STRESS-DETECTOR\data\public\emodb\wav\10b01Fa.wav,moderate,1,speaker_10,train,de,emodb_b01,studio,controlled,"Was sind denn das fuer Tueten, die da unter dem Tisch stehen.",emodb_emotion=happiness; variation=a,2.4330625,0.10843459516763687,0.09846201539039612,0.24658629298210144,0.1484416435279069,0.18400781652994871,1776.6338085873485,1260.2543971143587,1573.8095749193933,461.459340642536,3266.390041493776,1888.7254032011929,0.31352537870407104,0.2111971378326416,-17.761005401611328,10.118821144104004,0.6338694095611572,3.3619227409362793,1.3810838460922241,-1.133933663368225,-1.194706678390503,-1.932188630104065,-1.314640760421753,0.7103486657142639,-0.46453770995140076,0.22873970866203308,-0.16676071286201477,14.796823501586914,7.6495585441589355,3.1407580375671387,3.135240316390991,1.9020074605941772,2.8315446376800537,1.634523630142212,1.8038095235824585,1.8402316570281982,1.6254676580429077,1.5558891296386719,1.2639334201812744,1.1286118030548096,-0.06480181217193604,0.009504170157015324,0.006304108537733555,0.002694019116461277,0.003924827091395855,0.007174258586019278,0.009455039165914059,0.01042671874165535,0.00973744411021471,-0.0020229045767337084,-0.004923876374959946,0.0008650642121210694,0.003808490466326475,4.478438854217529,2.504469871520996,1.4726494550704956,1.0833556652069092,0.8813869953155518,1.1086143255233765,0.6695731282234192,0.6958433985710144,0.6561192870140076,0.6795293092727661,0.6824314594268799,0.5744578838348389,0.5187103152275085,195.88528743605767,68.34350446568673,252.99145299145297,0.5767634854771784,0.106786851887369,0.2728472650051117,0.20746887966804983,0.7925311203319502,0.13410915434360504,0.0950518324971199,2.8770325464306814,-0.014415815472602844
10b01Lb,C:/Project/AI-STRESS-DETECTOR/data/public/emodb/wav/10b01Lb.wav,C:\Project\AI-STRESS-DETECTOR\data\public\emodb\wav\10b01Lb.wav,low,0,speaker_10,train,de,emodb_b01,studio,controlled,"Was sind denn das fuer Tueten, die da unter dem Tisch stehen.",emodb_emotion=boredom; variation=b,2.0569375,0.11558172851800919,0.08157186955213547,0.22170895338058472,0.0973266499582289,0.12984938799083234,1329.3748060409334,1053.5639343429723,1356.0334794303112,485.9390233008318,2565.8823529411766,1836.4107965295102,0.23486468195915222,0.1962955892086029,-17.817651748657227,13.182278633117676,1.8626857995986938,6.033712863922119,0.7760862708091736,0.27165308594703674,-0.5183579921722412,-1.6878761053085327,-0.21917051076889038,0.8423200249671936,0.7507911920547485,0.6611926555633545,-0.1959734857082367,12.009764671325684,8.174538612365723,3.200016736984253,2.5486326217651367,1.8337314128875732,1.8457627296447754,1.329951524734497,2.176191568374634,1.1517622470855713,1.7211852073669434,1.017617106437683,0.8235787749290466,0.9856686592102051,-0.14585350453853607,-0.04973777011036873,0.017343400046229362,-0.0008972719660960138,0.012925006449222565,0.006240223068743944,-8.254074600699823e-06,0.02462773397564888,0.0034939232282340527,-0.01122646126896143,-0.0030531056690961123,-0.005848656874150038,0.003309640334919095,4.15641975402832,2.7129502296447754,1.529207706451416,1.109015941619873,0.7770951390266418,0.8646208643913269,0.6232261061668396,0.7673014402389526,0.5233978629112244,0.6193392276763916,0.47174111008644104,0.4618087708950043,0.4578132927417755,125.64332978483468,42.69196011835404,273.9229024943311,0.3872549019607843,0.10579064559818019,0.19349747896194458,0.17647058823529416,0.8235294117647058,0.13698574900627136,0.07388065755367279,2.916957856035976,-0.05445893108844757
10b02Aa,C:/Project/AI-STRESS-DETECTOR/data/public/emodb/wav/10b02Aa.wav,C:\Project\AI-STRESS-DETECTOR\data\public\emodb\wav\10b02Aa.wav,high,2,speaker_10,train,de,emodb_b02,studio,controlled,Sie haben es gerade hochgetragen und jetzt gehen sie wieder runter.,emodb_emotion=fear; variation=a,2.4623125,0.13890095055103302,0.08908205479383469,0.25369784235954285,0.1399502855499404,0.17283530165701189,1871.104358681576,1214.4101186863643,1744.8854324320773,337.14335171698605,3584.754098360656,1715.5404506723353,0.3482442796230316,0.1672670543193817,-11.655379295349121,8.737768173217773,2.535329818725586,3.061221122741699,0.29684191942214966,0.5703154802322388,-0.05459889397025108,-1.0536280870437622,-0.6650502681732178,0.20501554012298584,-0.18521541357040405,0.39671093225479126,-0.5076790452003479,14.62373161315918,6.428107261657715,3.3659963607788086,2.3946681022644043,2.3800554275512695,2.2555651664733887,1.9506126642227173,1.7679039239883423,1.4989875555038452,1.8129087686538696,1.308502197265625,1.0608580112457275,1.2331433296203613,-0.027169369161128998,0.0199185311794281,0.0026891992893069983,0.00011664726480375975,-1.2174981520729489e-06,-0.005501612089574337,0.0027231848798692226,-0.005062623880803585,-0.006078463979065418,-0.004128928761929274,0.0035837171599268913,-0.0006846272735856473,-0.006649738643318415,4.686157703399658,2.099754571914673,1.4035028219223022,1.008205533027649,0.9800365567207336,1.035547137260437,0.749968409538269,0.7286823987960815,0.6888774037361145,0.6833155751228333,0.627434492111206,0.5057135820388794,0.5296264290809631,174.91161038849654,32.514611272883165,263.07000642260755,0.6721311475409836,0.08715539051556863,0.18987442553043365,0.16393442622950816,0.8360655737704918,0.16285772621631622,0.07715418934822083,2.842856055029571,0.02781768888235092
10b02La,C:/Project/AI-STRESS-DETECTOR/data/public/emodb/wav/10b02La.wav,C:\Project\AI-STRESS-DETECTOR\data\public\emodb\wav\10b02La.wav,low,0,speaker_10,train,de,emodb_b02,studio,controlled,Sie haben es gerade hochgetragen und jetzt gehen sie wieder runter.,emodb_emotion=boredom; variation=a,2.6905625,0.15627779066562653,0.1061336025595665,0.3088769018650055,0.07269109102343874,0.09536386845364601,1182.990071353895,897.452235901877,1349.0242035005715,494.62839592517486,2282.9962546816478,1727.463125561075,0.2129770964384079,0.17421284317970276,-15.290164947509766,14.40174388885498,2.551513910293579,3.9422967433929443,-0.6459839940071106,0.5601992011070251,1.1284712553024292,-1.559401035308838,-0.7914479374885559,0.8052377700805664,1.150057315826416,1.2370580434799194,-0.31657829880714417,13.223637580871582,6.971413612365723,3.5520124435424805,2.6636970043182373,2.485383987426758,2.0754759311676025,1.5805708169937134,1.7410730123519897,1.213624358177185,1.5713484287261963,1.1288220882415771,0.8136690855026245,1.1522117853164673,0.03279102221131325,-0.014064235612750053,-0.022119568660855293,-0.007391131483018398,-0.01117501500993967,-0.0023252430837601423,-0.007439501583576202,-0.00296456809155643,-0.00782617088407278,-0.002428901381790638,-0.0016842384357005358,-0.001873300294391811,-0.0029692838434129953,3.761831045150757,2.054095983505249,1.3059186935424805,1.0703916549682617,0.8581199049949646,0.8925440311431885,0.6387622952461243,0.6199565529823303,0.5942414999008179,0.5716992616653442,0.4872986972332001,0.43762508034706116,0.45378491282463074,117.64138449456686,41.746656225061905,275.1535455053043,0.3707865168539326,0.1303933217530116,0.13063877820968628,0.22846441947565543,0.7715355805243446,0.19634994864463806,0.08655879646539688,2.6016864503240495,-0.03202615678310394
10b02Na,C:/Project/AI-STRESS-DETECTOR/data/public/emodb/wav/10b02Na.wav,C:\Project\AI-STRESS-DETECTOR\data\public\emodb\wav\10b02Na.wav,low,0,speaker_10,train,de,emodb_b02,studio,controlled,Sie haben es gerade hochgetragen und jetzt gehen sie wieder runter.,emodb_emotion=neutral; variation=a,2.722,0.15081188082695007,0.0991595983505249,0.2829630970954895,0.10880905968625267,0.1449686510620084,1379.9756609933813,1132.562453335535,1355.6089312066936,411.85405959779746,2467.703703703704,1747.3442030866033,0.23099415004253387,0.176139235496521,-13.235098838806152,13.277551651000977,1.4285427331924438,3.8592543601989746,-0.37982144951820374,1.709332823753357,0.39180704951286316,-1.0620734691619873,-0.40379852056503296,-0.3647151589393616,1.2213134765625,1.2793471813201904,-0.2801322638988495,11.059088706970215,8.09663200378418,3.5275111198425293,2.9363863468170166,2.403329610824585,2.1792702674865723,1.7860227823257446,1.8430649042129517,1.2353507280349731,1.561065912246704,0.9429271221160889,0.8428964614868164,1.2807902097702026,0.04729059711098671,-0.008950554765760899,-0.026665987446904182,0.003940225578844547,0.013571552000939846,-0.002667047316208482,0.0003351026098243892,0.004943162202835083,-0.0036885684821754694,-0.006377146579325199,-0.0062555959448218346,0.0025738230906426907,-0.0031883311457931995,4.5486016273498535,2.393141269683838,1.559831142425537,1.0499900579452515,0.8463233113288879,0.894008457660675,0.6357659697532654,0.7221896052360535,0.5867286920547485,0.5858201384544373,0.42339637875556946,0.44427454471588135,0.46556565165519714,117.94929006800214,33.63736691759465,269.99405822935233,0.4703703703703704,0.08076423141082772,0.18800315260887146,0.21851851851851856,0.7814814814814814,0.18603453040122986,0.0827823132276535,3.3063923585598824,-0.05166952311992645
10b02Wb,C:/Project/AI-STRESS-DETECTOR/data/public/emodb/wav/10b02Wb.wav,C:\Project\AI-STRESS-DETECTOR\data\public\emodb\wav\10b02Wb.wav,severe,3,speaker_10,train,de,emodb_b02,studio,controlled,Sie haben es gerade hochgetragen und jetzt gehen sie wieder runter.,emodb_emotion=anger; variation=b,2.8680625,0.05327930673956871,0.0694071352481842,0.12209884822368622,0.1855076287209251,0.16398091119995206,2129.3601450520455,1116.2945491569478,1634.6482313615159,438.7210864442797,3790.7368421052633,1660.4319299223973,0.36057814955711365,0.20444080233573914,-22.881406784057617,7.85483980178833,-1.2970740795135498,1.8692768812179565,-0.9676067233085632,-0.3407427966594696,0.14543890953063965,-1.1788866519927979,-1.307106614112854,0.036841876804828644,-0.13653716444969177,0.09952787309885025,-0.7122249603271484,15.705862998962402,6.976938724517822,5.717579364776611,3.2138164043426514,2.549860715866089,2.5572397708892822,1.8518645763397217,1.764294981956482,1.7055842876434326,1.762706995010376,1.194759488105774,1.1929662227630615,1.345096468925476,0.016938352957367897,0.01673910953104496,0.0028175103943794966,-0.006985974498093128,0.0027773957699537277,-0.001790280919522047,-0.004322182387113571,0.00015239296772051603,-0.002001403598114848,0.0014554475201293826,0.0013400445459410548,-0.0032898918725550175,-0.00011570746573852375,4.850343227386475,1.943339467048645,1.779692530632019,1.1294282674789429,0.9885704517364502,0.9656892418861389,0.736160159111023,0.7025852203369141,0.6836157441139221,0.7074911594390869,0.5396979451179504,0.5855873823165894,0.5464896559715271,208.4717271446509,54.21814446010891,228.57142857142856,0.5859649122807018,0.06835274080156399,0.2314850389957428,0.28421052631578947,0.7157894736842105,0.07087383419275284,0.07498861104249954,4.53267667632766,0.055398304015398026
10b03La,C:/Project/AI-STRESS-DETECTOR/data/public/emodb/wav/10b03La.wav,C:\Project\AI-STRESS-DETECTOR\data\public\emodb\wav\10b03La.wav,low,0,speaker_10,train,de,emodb_b03,studio,controlled,An den Wochenenden bin ich jetzt immer nach Hause gefahren und habe Agnes besucht.,emodb_emotion=boredom; variation=a,3.829125,0.12923599779605865,0.08721036463975906,0.2316301465034485,0.08027943875436622,0.07861257037727633,1252.1847265033857,796.0228272504346,1377.8788208255307,505.44764395799587,2423.8320209973754,1661.75286548761,0.23332983255386353,0.18157958984375,-13.871033668518066,15.05041217803955,1.3523051738739014,3.456617832183838,-0.8545072674751282,0.5777645111083984,0.5003306269645691,-1.649781346321106,0.1782403439283371,0.6975169777870178,0.6782305240631104,1.0260390043258667,-0.5034773945808411,10.851348876953125,6.3972487449646,2.987028121948242,2.433398485183716,2.35103178024292,1.8611321449279785,1.6126254796981812,1.5447462797164917,1.4670454263687134,1.2831534147262573,0.9778271913528442,0.9680525660514832,1.132642149925232,0.027370011433959007,-0.012753035873174667,-0.0007269726484082639,0.011501740664243698,0.006969804875552654,-0.011505239643156528,-0.00369042600505054,0.003355837194249034,9.227393456967548e-05,-0.008870684541761875,0.004127977881580591,-0.0005226704524829984,0.001801819889806211,2.423647165298462,1.6410928964614868,1.155347228050232,0.7890428304672241,0.6919887065887451,0.615534782409668,0.50091153383255,0.5221588611602783,0.5777462124824524,0.4971306025981903,0.42021915316581726,0.42379894852638245,0.36909472942352295,117.93202285623208,16.670361389905224,103.09996516893068,0.5931758530183727,0.02730414893050583,0.1335158348083496,0.19947506561679795,0.800524934383202,0.15782861411571503,0.07327013462781906,1.3057813469134594,-0.08567579835653305
10b03Tb,C:/Project/AI-STRESS-DETECTOR/data/public/emodb/wav/10b03Tb.wav,C:\Project\AI-STRESS-DETECTOR\data\public\emodb\wav\10b03Tb.wav,moderate,1,speaker_10,train,de,emodb_b03,studio,controlled,An den Wochenenden bin ich jetzt immer nach Hause gefahren und habe Agnes besucht.,emodb_emotion=sadness; variation=b,3.756375,0.13052843511104584,0.08548431098461151,0.24099896848201752,0.060210687145671654,0.094400351120655,1104.870926668197,887.4562296908281,1434.2987043216083,472.164335001698,2163.422459893048,1766.934881370441,0.22660617530345917,0.1709318608045578,-19.114604949951172,12.550960540771484,3.132382392883301,3.3009045124053955,1.4446192979812622,2.9734344482421875,1.557531714439392,-0.5234361290931702,-0.6120954751968384,0.8070719242095947,1.1019991636276245,0.6674062609672546,0.12931938469409943,13.515960693359375,6.000098705291748,2.805741786956787,2.5203299522399902,2.185476779937744,1.5579216480255127,1.640803575515747,1.6453195810317993,1.4291176795959473,1.374295711517334,0.9268767833709717,1.0116723775863647,1.1119457483291626,-0.004564010072499514,0.0006870126817375422,0.0005994028178974986,-0.0021027307957410812,-0.006450563669204712,-0.0022629022132605314,-0.001994819613173604,-0.00018616857414599508,0.003480274463072419,-0.002770141465589404,-0.00843307375907898,-0.006439178250730038,0.00026010064175352454,3.446887493133545,2.0225374698638916,1.1460458040237427,0.9211315512657166,0.7984299659729004,0.7114301919937134,0.6302217841148376,0.7022350430488586,0.5837012529373169,0.5315319895744324,0.45524317026138306,0.5089603066444397,0.44715720415115356,149.29227183156044,100.42527855256908,272.22222222222223,0.23529411764705882,0.3036440580270144,0.17510615289211273,0.20855614973262027,0.7914438502673797,0.16045841574668884,0.07001805305480957,1.8634987188446308,-0.049423664808273315
10b03Wb,C:/Project/AI-STRESS-DETECTOR/data/public/emodb/wav/10b03Wb.wav,C:\Project\AI-STRESS-DETECTOR\data\public\emodb\wav\10b03Wb.wav,severe,3,speaker_10,train,de,emodb_b03,studio,controlled,An den Wochenenden bin ich jetzt immer nach Hause gefahren und habe Agnes besucht.,emodb_emotion=anger; variation=b,4.4855,0.06546597927808762,0.10339194536209106,0.17063520848751068,0.16868793908709132,0.14686902846575856,1923.4792022595377,1027.8228437878918,1589.0662037155162,445.23566578763734,3446.8903803131993,1681.7757058824093,0.3259475529193878,0.19637557864189148,-21.495128631591797,9.340518951416016,-1.6451733112335205,1.3486576080322266,-0.23890525102615356,-0.12922091782093048,0.0575128011405468,-1.2093489170074463,-1.4808402061462402,0.2837856411933899,0.07595927268266678,-0.20918874442577362,-0.5874239206314087,13.644804000854492,6.021604537963867,6.152647972106934,3.232593059539795,2.4314234256744385,2.594698190689087,2.2102253437042236,1.7989221811294556,1.8971879482269287,1.5569581985473633,1.335494875907898,1.1940330266952515,1.2608251571655273,0.0032481634989380836,0.0012849044287577271,0.006617025472223759,-0.004652364645153284,-0.0028888853266835213,0.004111872520297766,0.00038142706034705043,-0.007899376563727856,-0.00274485326372087,-0.004817647859454155,0.007509133312851191,0.004930626135319471,0.004022068809717894,3.602182149887085,1.8669174909591675,1.5609866380691528,1.0102635622024536,0.8379533886909485,0.8926454782485962,0.7445824146270752,0.6310816407203674,0.6706110835075378,0.6443917751312256,0.5371310114860535,0.5281948447227478,0.4970274269580841,212.98020619304432,58.5708792465481,238.76723438767232,0.5391498881431768,0.10185480847907127,0.19233785569667816,0.3422818791946308,0.6577181208053692,0.09364721924066544,0.1179579645395279,4.012930554007357,0.08363351225852966
10b09Ad,C:/Project/AI-STRESS-DETECTOR/data/public/emodb/wav/10b09Ad.wav,C:\Project\AI-STRESS-DETECTOR\data\public\emodb\wav\10b09Ad.wav,high,2,speaker_10,train,de,emodb_b09,studio,controlled,Ich will das eben wegbringen und dann mit Karl was trinken gehen.,emodb_emotion=fear; variation=d,1.9768125,0.11146894842386246,0.06939064711332321,0.19061574339866638,0.12155388471177943,0.13563106631951602,1771.9780584817522,1076.987463787234,1763.666002451119,324.3642931065582,3493.469387755102,1731.0602519847962,0.3599098026752472,0.17858409881591797,-12.232434272766113,8.653687477111816,2.7852673530578613,4.160862922668457,1.4531503915786743,1.4988117218017578,0.1600252240896225,-1.2278039455413818,-0.7291913628578186,0.739008367061615,0.8149175643920898,0.7171509265899658,0.05330493673682213,12.08928394317627,6.0399041175842285,3.2427968978881836,2.5744216442108154,1.757250428199768,1.6728813648223877,1.460797667503357,1.438012957572937,1.2967756986618042,1.3838300704956055,1.0007222890853882,0.9993905425071716,0.8994852304458618,-0.11931365728378296,-0.007879558950662613,0.03325432538986206,0.010656495578587055,-0.004814533516764641,0.01553014200180769,0.01855478249490261,0.005796792451292276,-0.006379323545843363,-0.006281015928834677,-0.003147338517010212,0.007751061115413904,0.0008859792724251747,4.63326358795166,2.3730647563934326,1.5124202966690063,1.1553441286087036,0.9171971678733826,0.8274180889129639,0.7240065336227417,0.6975748538970947,0.6604707837104797,0.536036491394043,0.5492275357246399,0.5640677809715271,0.4731300473213196,125.33218807989748,28.90012426485516,210.49968374446556,0.5357142857142857,0.08047696345401863,0.20869314670562744,0.16326530612244894,0.8367346938775511,0.12916061282157898,0.061790864914655685,3.035189225078251,0.01755848526954651
10b09Lb,C:/Project/AI-STRESS-DETECTOR/data/public/emodb/wav/10b09Lb.wav,C:\Project\AI-STRESS-DETECTOR\data\public\emodb\wav\10b09Lb.wav,low,0,speaker_10,train,de,emodb_b09,studio,controlled,Ich will das eben wegbringen und dann mit Karl was trinken gehen.,emodb_emotion=boredom; variation=b,2.9490625,0.14239656925201416,0.10932718962430954,0.28760895133018494,0.07508532423208192,0.10666414468375632,1164.822583421762,890.8715585950681,1317.2289621556433,503.3844448916755,2292.6962457337886,1662.2620900015174,0.2097080945968628,0.1814359426498413,-16.727203369140625,15.192523002624512,1.4974188804626465,5.1146559715271,0.13416500389575958,0.4030301868915558,-0.9418726563453674,-1.1665072441101074,0.4930350184440613,0.35279273986816406,1.0453907251358032,1.0030007362365723,-0.6137926578521729,13.405895233154297,6.761171817779541,2.7854764461517334,2.664968729019165,2.160048484802246,1.8826580047607422,1.4095754623413086,1.7156434059143066,1.231156587600708,1.8240833282470703,1.4423153400421143,0.9090659618377686,0.9676012992858887,0.03571409359574318,-0.0019226594595238566,-0.001778126577846706,-0.002644381020218134,0.01035501528531313,-0.01045574713498354,0.004305231850594282,-0.003776251571252942,-0.0034691758919507265,-0.003142286092042923,0.00533331697806716,-0.002909180009737611,-0.0024908394552767277,3.7937374114990234,1.904499888420105,1.2430620193481445,0.7944735288619995,0.7338222861289978,0.700002908706665,0.6059474945068359,0.5753865242004395,0.49966076016426086,0.5317786335945129,0.45985448360443115,0.44503405690193176,0.38337036967277527,124.92122673631211,58.0452688287124,274.33728144388044,0.5392491467576792,0.06263394552992968,0.13580681383609772,0.23890784982935154,0.7610921501706485,0.1821226179599762,0.0950699970126152,2.373635689308043,-0.07362093776464462
10b09Wb,C:/Project/AI-STRESS-DETECTOR/data/public/emodb/wav/10b09Wb.wav,C:\Project\AI-STRESS-DETECTOR\data\public\emodb\wav\10b09Wb.wav,severe,3,speaker_10,train,de,emodb_b09,studio,controlled,Ich will das eben wegbringen und dann mit Karl was trinken gehen.,emodb_emotion=anger; variation=b,3.2135,0.05395036190748215,0.07500138133764267,0.12439315021038055,0.1668120143619236,0.15023895450053734,1960.0596997904954,1073.2385391861285,1570.3820826983738,369.725637401422,3469.8432601880877,1554.2139020017735,0.33275964856147766,0.18287785351276398,-23.386701583862305,8.318035125732422,-1.6241623163223267,2.8452627658843994,-0.23040993511676788,-1.0246378183364868,-0.6821910738945007,-1.0835201740264893,-1.5609171390533447,-0.02076321840286255,0.20776699483394623,0.0866413563489914,-0.4092784523963928,15.19900131225586,6.899424076080322,4.9388227462768555,3.5957226753234863,2.164652109146118,2.348720073699951,1.9546678066253662,1.7126553058624268,1.7872917652130127,1.826483964920044,1.2644679546356201,1.0845714807510376,1.2045652866363525,-0.03673760965466499,0.019075585529208183,0.026850635185837746,-0.0030898763798177242,0.004458798095583916,0.006529271602630615,0.0047613149508833885,-3.3886828987306217e-06,-0.007823524065315723,-0.002546895295381546,0.00034336946555413306,0.0029491817113012075,-0.0025733194779604673,4.765875339508057,2.0331223011016846,1.5817668437957764,1.0145803689956665,0.9008223414421082,0.983025848865509,0.7509550452232361,0.7222239375114441,0.6613876223564148,0.6278564929962158,0.5792129039764404,0.49572786688804626,0.5057839155197144,214.23380979644725,53.419598140069624,223.32415059687787,0.5203761755485894,0.08641478179763973,0.21169905364513397,0.3699059561128527,0.6300940438871473,0.07970747351646423,0.0843329131603241,5.290182044499767,0.0626286081969738
10b10Fc,C:/Project/AI-STRESS-DETECTOR/data/public/emodb/wav/10b10Fc.wav,C:\Project\AI-STRESS-DETECTOR\data\public\emodb\wav\10b10Fc.wav,moderate,1,speaker_10,train,de,emodb_b10,studio,controlled,"Die wird auf dem Platz sein, wo wir sie immer hinlegen.",emodb_emotion=happiness; variation=c,2.21175,0.09749259799718857,0.0806586965918541,0.21464307606220245,0.11956832721072087,0.15004439030060238,1581.94131805183,1132.7751576191488,1497.953669480478,475.61727966378356,2945.205479452055,1809.093299165118,0.26560652256011963,0.18977384269237518,-18.290712356567383,11.532699584960938,-0.07903754711151123,2.2281343936920166,0.5678516626358032,-1.1543618440628052,-0.5453786849975586,-1.6546770334243774,-2.502051591873169,0.6173371076583862,-0.28230661153793335,-0.006940858904272318,-0.4604644477367401,14.806535720825195,6.488752841949463,4.115086078643799,3.5137877464294434,2.414825916290283,2.6764323711395264,1.9487133026123047,1.5714229345321655,1.998641014099121,1.9694762229919434,1.2882534265518188,1.5027236938476562,1.0173921585083008,0.014632116071879864,0.000397307681851089,0.007362740114331245,0.0054463730193674564,-0.006141898687928915,-0.0005673033883795142,0.009398027323186398,0.0016612528124824166,-0.0069902739487588406,-0.007816151715815067,-0.005554029252380133,-0.009959595277905464,0.004801015369594097,4.45793342590332,2.2100741863250732,1.6034992933273315,1.088882327079773,0.90895015001297,1.0275369882583618,0.758150041103363,0.6608744263648987,0.7249649167060852,0.864739179611206,0.570281982421875,0.5950379371643066,0.4767361879348755,216.13090120602513,61.9113299921451,255.55555555555554,0.7214611872146118,0.08913343228396656,0.25119972229003906,0.21461187214611877,0.7853881278538812,0.12094037234783173,0.07552651315927505,2.712783994574432,-0.009394705295562744
10b10Lc,C:/Project/AI-STRESS-DETECTOR/data/public/emodb/wav/10b10Lc.wav,C:\Project\AI-STRESS-DETECTOR\data\public\emodb\wav\10b10Lc.wav,low,0,speaker_10,train,de,emodb_b10,studio,controlled,"Die wird auf dem Platz sein, wo wir sie immer hinlegen.",emodb_emotion=boredom; variation=c,2.2699375,0.13225218653678894,0.09426552057266235,0.27630534768104553,0.06450570871623504,0.11601691529447648,1113.166803471511,956.135627028496,1296.0454650324552,477.7413656370825,2180.088888888889,1664.5132731652247,0.1924990564584732,0.15955893695354462,-17.56964111328125,15.277307510375977,1.9602580070495605,4.975419998168945,0.27313414216041565,0.49393418431282043,-0.34477633237838745,-1.2931981086730957,-0.31135210394859314,1.1620385646820068,0.7885475754737854,1.0486559867858887,-0.08013197779655457,12.844860076904297,6.5528564453125,2.897193670272827,3.253732204437256,1.6495327949523926,1.5110076665878296,1.6276534795761108,1.7621005773544312,1.5107661485671997,1.8178962469100952,1.216346025466919,0.8441575765609741,1.2228893041610718,0.022780727595090866,0.015689963474869728,-0.006764330435544252,-0.002660376252606511,-0.0002985329192597419,-0.010272650048136711,-0.01585356891155243,0.00015371957852039486,0.0037419255822896957,-0.0008862288668751717,-0.001764747779816389,-0.006342604290693998,-0.00491633964702487,3.6255764961242676,2.1155481338500977,1.1118162870407104,1.0110937356948853,0.7699834108352661,0.7024775743484497,0.5743070244789124,0.5820984244346619,0.5252228379249573,0.6178989410400391,0.4748131334781647,0.4043647050857544,0.43745237588882446,132.22863118725465,58.3131410044889,269.99405822935233,0.3288888888888889,0.16795707142176278,0.1732100546360016,0.19999999999999996,0.8,0.16183686256408691,0.08186323195695877,1.7621630551501968,-0.03926660120487213
10b10Wa,C:/Project/AI-STRESS-DETECTOR/data/public/emodb/wav/10b10Wa.wav,C:\Project\AI-STRESS-DETECTOR\data\public\emodb\wav\10b10Wa.wav,severe,3,speaker_10,train,de,emodb_b10,studio,controlled,"Die wird auf dem Platz sein, wo wir sie immer hinlegen.",emodb_emotion=anger; variation=a,2.6461875,0.03501344472169876,0.0524623803794384,0.06867826730012894,0.16853921876935685,0.16395245179008291,2058.532774215238,1108.0608283911588,1680.9873917102893,455.1806059474218,3721.6730038022815,1705.8959086791879,0.34525322914123535,0.19635125994682312,-30.213869094848633,8.159468650817871,-0.6509657502174377,2.880894184112549,-0.15862198173999786,-0.6394779682159424,0.1679636389017105,-1.4540493488311768,-1.1173032522201538,-0.219872385263443,-0.09899670630693436,0.45876798033714294,-0.6001229882240295,17.405643463134766,6.213539123535156,5.0197954177856445,3.9106321334838867,2.2816219329833984,2.5899674892425537,1.6779545545578003,2.0555269718170166,1.8203357458114624,1.5872241258621216,1.781923532485962,1.2565929889678955,1.2336419820785522,0.009394352324306965,0.002232170896604657,-0.008656034246087074,0.004679736215621233,-0.0013020428596064448,0.006866093259304762,-0.0014633560786023736,-0.0050389086827635765,-0.006237699184566736,-0.013342711143195629,-0.0016723998123779893,0.0025652183685451746,0.00041396173764951527,5.166841983795166,1.9209668636322021,1.528130292892456,1.1580489873886108,0.9861124753952026,0.9293885827064514,0.6851053237915039,0.789981484413147,0.70453280210495,0.6799547076225281,0.5856806635856628,0.5357493758201599,0.5572618842124939,217.37161767468925,55.34981844598036,221.02254684026673,0.41825095057034223,0.04580422033402064,0.18324612081050873,0.4980988593155894,0.5019011406844106,0.06253892928361893,0.0626266747713089,3.7790217057559228,0.03332936577498913
11a01Aa,C:/Project/AI-STRESS-DETECTOR/data/public/emodb/wav/11a01Aa.wav,C:\Project\AI-STRESS-DETECTOR\data\public\emodb\wav\11a01Aa.wav,high,2,speaker_11,train,de,emodb_a01,studio,controlled,Der Lappen liegt auf dem Eisschrank.,emodb_emotion=fear; variation=a,1.5573125,0.10513823479413986,0.09336866438388824,0.23252245783805847,0.15389122156039445,0.16268315739164402,1939.5366359452469,1171.9241265468495,1651.4877752279663,464.4060998369141,3626.2337662337663,1765.2188260368478,0.3576940596103668,0.19574978947639465,-17.662960052490234,8.638376235961914,0.9524226784706116,3.4357683658599854,-0.1697852462530136,1.4598350524902344,0.4241523742675781,0.028237272053956985,0.2687433362007141,0.3463568091392517,0.025579972192645073,0.6587151885032654,-0.011963695287704468,15.492724418640137,8.393369674682617,3.504586935043335,2.486328125,2.2927534580230713,1.6516398191452026,1.7119721174240112,1.4027259349822998,1.347635269165039,1.2164051532745361,1.0928661823272705,0.9607762098312378,1.1466859579086304,-0.09892480820417404,-0.01134260930120945,0.01461833156645298,-0.03800801932811737,-0.0019219719106331468,-0.01722312532365322,0.029426580294966698,0.023008735850453377,-0.00976113323122263,0.011435813270509243,0.007784294430166483,0.000956567469984293,0.0026586304884403944,4.806581497192383,2.694965362548828,1.6359061002731323,1.0730732679367065,1.0452104806900024,0.7855270504951477,0.8288360834121704,0.7597039341926575,0.6046761274337769,0.5916873812675476,0.5720515847206116,0.5377552509307861,0.5001217722892761,138.04932050653514,41.32406464841078,217.91710696254552,0.43506493506493504,0.10900122942678633,0.26951074600219727,0.31818181818181823,0.6818181818181818,0.14944584667682648,0.08113883435726166,3.8527912670064612,0.011324040591716766
11a01Ab,C:/Project/AI-STRESS-DETECTOR/data/public/emodb/wav/11a01Ab.wav,C:\Project\AI-STRESS-DETECTOR\data\public\emodb\wav\11a01Ab.wav,high,2,speaker_11,train,de,emodb_a01,studio,controlled,Der Lappen liegt auf dem Eisschrank.,emodb_emotion=fear; variation=b,1.50425,0.10184631496667862,0.0839131623506546,0.2198621928691864,0.13654067601436023,0.16986193634765065,1836.561554768798,1200.1145474643092,1642.0159120751493,437.47105112535036,3524.5945945945946,1696.6518612694708,0.34333938360214233,0.18373194336891174,-18.078170776367188,8.857534408569336,1.3915151357650757,3.6320297718048096,-0.011007902212440968,1.5929707288742065,0.28598544001579285,-0.0505710169672966,0.24469442665576935,0.3129662573337555,0.17676226794719696,0.4931906759738922,-0.08110599219799042,15.43472671508789,8.361750602722168,3.1245851516723633,2.3739845752716064,2.0875988006591797,1.502622365951538,1.422065258026123,1.4185395240783691,1.2213513851165771,1.370787262916565,0.9771313667297363,0.9541350603103638,1.080190896987915,-0.025458374992012978,-0.008232065476477146,0.008024241775274277,-0.010789486579596996,0.01088477298617363,0.01813446544110775,0.007489104755222797,0.0015448638005182147,0.0013637623051181436,0.0004144540580455214,-0.0036490929778665304,0.0065180836245417595,0.008746528066694736,5.138479232788086,2.615806818008423,1.5181373357772827,0.9811517000198364,0.8677941560745239,0.7292309999465942,0.7193061709403992,0.7349862456321716,0.7004107236862183,0.593651294708252,0.5369083285331726,0.47205305099487305,0.5194435715675354,130.98724337220034,25.54364369112987,204.91709548313324,0.4797297297297297,0.08214433918790291,0.21642658114433289,0.33783783783783783,0.6621621621621622,0.14765262603759766,0.06611752510070801,3.9886986870533487,-0.0275367870926857
11a01Ld,C:/Project/AI-STRESS-DETECTOR/data/public/emodb/wav/11a01Ld.wav,C:\Project\AI-STRESS-DETECTOR\data\public\emodb\wav\11a01Ld.wav,low,0,speaker_11,train,de,emodb_a01,studio,controlled,Der Lappen liegt auf dem Eisschrank.,emodb_emotion=boredom; variation=d,2.0821875,0.12164632230997086,0.12576806545257568,0.3295319080352783,0.09653989342287758,0.10894224608615741,1466.0137718085564,975.6188532350702,1526.314797986157,457.0338556182782,2913.2038834951454,1786.884370782851,0.29514652490615845,0.18838675320148468,-20.416006088256836,10.820282936096191,2.0233073234558105,3.952838182449341,0.5107958316802979,1.506401538848877,0.056192804127931595,-0.1000097319483757,-0.21979345381259918,0.802025556564331,1.105041265487671,-0.14312110841274261,-0.028286920860409737,13.642923355102539,7.912702560424805,3.2409768104553223,2.5985798835754395,1.933316707611084,1.5614908933639526,1.9847962856292725,1.4213221073150635,1.1580697298049927,1.6500407457351685,1.136608362197876,1.2646706104278564,0.9654743671417236,-0.005112157203257084,0.004707371350377798,0.009593910537660122,0.007879648357629776,0.0010054539889097214,0.009301358833909035,-0.006253499072045088,0.002629459835588932,0.0006576550658792257,-0.015878502279520035,-0.0029876376502215862,-0.001175775658339262,-0.006074035540223122,4.864751815795898,2.0918562412261963,1.3219268321990967,0.9618668556213379,0.9358943700790405,0.6703550815582275,0.7340124845504761,0.6751805543899536,0.5827226638793945,0.6680968999862671,0.5182921886444092,0.5501725077629089,0.5051841735839844,160.76903274172633,75.32008091744736,271.34502923976606,0.3932038834951456,0.16078600301030638,0.23899562656879425,0.33009708737864074,0.6699029126213593,0.17713597416877747,0.11943970620632172,2.881584871679424,-0.08542625606060028
11a01Nd,C:/Project/AI-STRESS-DETECTOR/data/public/emodb/wav/11a01Nd.wav,C:\Project\AI-STRESS-DETECTOR\data\public\emodb\wav\11a01Nd.wav,low,0,speaker_11,train,de,emodb_a01,studio,controlled,Der Lappen liegt auf dem Eisschrank.,emodb_emotion=neutral; variation=d,1.636375,0.06445351988077164,0.059827953577041626,0.14179502427577972,0.08423837371205792,0.12299512755674176,1299.2664777168043,1007.0272199782415,1347.8546630963037,407.08492731904454,2414.074074074074,1596.0102863137206,0.21807065606117249,0.14067114889621735,-26.202491760253906,12.539332389831543,1.3233492374420166,4.222103118896484,-0.18766732513904572,1.7431553602218628,0.12956607341766357,-0.2722225785255432,-0.24112173914909363,0.7300893664360046,1.1011462211608887,0.26436102390289307,-0.4329308271408081,15.996853828430176,8.085550308227539,3.8797147274017334,2.5083699226379395,2.5671818256378174,1.7169570922851562,1.7074341773986816,1.4840925931930542,1.4309666156768799,1.6723651885986328,1.144821286201477,1.1341201066970825,0.9073421955108643,-0.03386010229587555,-0.03664327785372734,0.01757700927555561,0.044992342591285706,0.006305409129709005,-0.009213056415319443,0.00012005847383989021,-0.0017451504245400429,0.0018353903433308005,0.00026302572223357856,-0.005590816494077444,0.01810751110315323,0.016067814081907272,5.352154731750488,2.5722298622131348,1.7088063955307007,0.9608350396156311,1.0673937797546387,0.7705177664756775,0.7771753668785095,0.7240201234817505,0.6879028677940369,0.6482284069061279,0.5900635719299316,0.5133114457130432,0.4096066355705261,137.50665858635926,69.50410251192059,266.17008069522035,0.4074074074074074,0.15635729689282463,0.20052559673786163,0.32098765432098764,0.6790123456790124,0.09101901203393936,0.05528980866074562,3.0555343365671073,-0.04176902398467064
11a01Wc,C:/Project/AI-STRESS-DETECTOR/data/public/emodb/wav/11a01Wc.wav,C:\Project\AI-STRESS-DETECTOR\data\public\emodb\wav\11a01Wc.wav,severe,3,speaker_11,train,de,emodb_a01,studio,controlled,Der Lappen liegt auf dem Eisschrank.,emodb_emotion=anger; variation=c,1.91975,0.05944514647126198,0.06904048472642899,0.14305289089679718,0.16456931803192187,0.15697923692737029,1998.1831706279754,1077.1367847498386,1579.2809122335987,424.7391136878675,3602.5263157894738,1583.2418230832934,0.34035131335258484,0.1843961626291275,-25.500585556030273,8.144618034362793,-2.7997467517852783,1.2636719942092896,-1.255379319190979,-1.264805555343628,-0.5726204514503479,-0.44837257266044617,-0.8393625617027283,-0.4344533085823059,-1.2357481718063354,-0.08052998781204224,-0.6418009996414185,20.077260971069336,6.740972518920898,5.094147682189941,2.716946840286255,2.3724546432495117,2.722033739089966,1.940546989440918,1.5741138458251953,1.7010425329208374,1.5401403903961182,1.6894322633743286,1.2364789247512817,1.524289608001709,0.07979913055896759,0.0016958537744358182,-0.03372364491224289,0.01986471563577652,-0.002365373307839036,0.008413510397076607,-0.012709017843008041,0.0050697349943220615,0.017999177798628807,-0.007140026427805424,-0.01097321230918169,0.0007847315282560885,-0.002730585401877761,6.295116424560547,1.8582063913345337,1.8512481451034546,1.083398461341858,0.9788440465927124,0.9963075518608093,0.8587528467178345,0.7515250444412231,0.7925893068313599,0.728972852230072,0.710006833076477,0.5843510627746582,0.6112385988235474,242.23304139333462,51.14651130423136,215.20467836257308,0.5473684210526316,0.07208112838826508,0.2667989134788513,0.368421052631579,0.631578947368421,0.09095633029937744,0.06953649967908859,3.1254069540304728,0.016214769333600998
11a02Ec,C:/Project/AI-STRESS-DETECTOR/data/public/emodb/wav/11a02Ec.wav,C:\Project\AI-STRESS-DETECTOR\data\public\emodb\wav\11a02Ec.wav,high,2,speaker_11,train,de,emodb_a02,studio,controlled,Das will sie am Mittwoch abgeben.,emodb_emotion=disgust; variation=c,1.91,0.12609747052192688,0.11238682270050049,0.2895181477069855,0.12060574717216321,0.17073509010501134,1673.2564904975552,1301.264186744409,1547.8571517716593,466.526203415732,3017.354497354497,1948.9276351988235,0.28702664375305176,0.18108321726322174,-19.33875846862793,9.903531074523926,2.3963606357574463,3.462418556213379,0.647406816482544,0.8876345753669739,-1.0954959392547607,-0.5431525111198425,-0.2112426608800888,0.36670994758605957,0.19312065839767456,0.28916454315185547,-0.5899654030799866,18.31974983215332,7.368864059448242,4.011021137237549,3.056425094604492,2.8710055351257324,2.272977352142334,2.134567975997925,1.6624526977539062,1.411937952041626,1.2122942209243774,1.209384799003601,1.008500099182129,1.1082016229629517,0.048373591154813766,-0.03803391009569168,-0.05295177921652794,-0.04211685061454773,-0.028759252279996872,0.008948436938226223,-0.0035073882900178432,0.0007716158870607615,0.011504465714097023,0.012017687782645226,0.007873453199863434,0.0003076209977734834,-0.0006955610006116331,6.390621185302734,2.2722182273864746,1.7743583917617798,1.1899561882019043,1.0726090669631958,0.902980625629425,0.7788882255554199,0.6803632378578186,0.6368385553359985,0.5749334692955017,0.5179053544998169,0.5263709425926208,0.479106068611145,173.8978003890405,57.74517521735563,241.15942028985506,0.5714285714285714,0.1133304589170733,0.22994817793369293,0.2592592592592593,0.7407407407407407,0.166446253657341,0.10363155603408813,2.617801047120419,-0.11205131560564041
11a02Fb,C:/Project/AI-STRESS-DETECTOR/data/public/emodb/wav/11a02Fb.wav,C:\Project\AI-STRESS-DETECTOR\data\public\emodb\wav\11a02Fb.wav,moderate,1,speaker_11,train,de,emodb_a02,studio,controlled,Das will sie am Mittwoch abgeben.,emodb_emotion=happiness; variation=b,1.7853125,0.07545258104801178,0.07729063928127289,0.18871274590492249,0.1290089630856803,0.17178498952884003,1766.5465504590463,1268.8617882309352,1575.0133870986117,441.9531377549605,3232.316384180791,1859.7793901769744,0.3056957721710205,0.19354674220085144,-24.17282485961914,9.252568244934082,0.0731222927570343,1.8258570432662964,-0.0009582864586263895,-0.25455307960510254,-0.6111114621162415,-0.18749959766864777,-1.4307478666305542,-0.018089476972818375,-0.6778156161308289,-0.11539097130298615,-0.7197972536087036,17.894790649414062,7.016577243804932,4.037476062774658,3.831477165222168,2.6014063358306885,2.367922067642212,2.1209123134613037,1.6192935705184937,1.9832648038864136,1.745527982711792,1.3865281343460083,1.3016332387924194,1.262917160987854,-0.06048823148012161,-0.021502118557691574,0.02030848152935505,0.02090342715382576,0.01551277469843626,0.027827756479382515,0.0224454328417778,0.005622050259262323,0.0030747065320611,-0.0008001920068636537,0.008753885515034199,0.005605251062661409,-0.0019773454405367374,5.538738250732422,2.290879964828491,1.673820972442627,1.2241758108139038,1.0453910827636719,0.8062285780906677,0.762590765953064,0.6860603094100952,0.7263679504394531,0.6505271792411804,0.6080158948898315,0.5634771585464478,0.5658618211746216,219.42874683666705,59.98556146107771,250.98039215686273,0.6101694915254238,0.060539117380825146,0.2716611623764038,0.27118644067796616,0.7288135593220338,0.10139759629964828,0.07552853971719742,2.2405041134255206,-0.013991668820381165
11a02Ld,C:/Project/AI-STRESS-DETECTOR/data/public/emodb/wav/11a02Ld.wav,C:\Project\AI-STRESS-DETECTOR\data\public\emodb\wav\11a02Ld.wav,low,0,speaker_11,train,de,emodb_a02,studio,controlled,Das will sie am Mittwoch abgeben.,emodb_emotion=boredom; variation=d,1.6055,0.14460338652133942,0.10881742089986801,0.2911853790283203,0.0723979760722561,0.09901748682389101,1245.895525881118,863.8683756938773,1474.2617908369255,520.0255399036187,2570.817610062893,1786.786922835069,0.24615474045276642,0.18157581984996796,-17.77842140197754,12.646696090698242,3.3050732612609863,4.558675289154053,0.3506978154182434,1.2719125747680664,-0.6847045421600342,-0.9838659167289734,0.030509132891893387,1.1052981615066528,0.5639195442199707,0.3453475534915924,-0.17073947191238403,14.855286598205566,6.251723289489746,2.8602354526519775,2.4710693359375,2.7416346073150635,1.7994674444198608,2.3855276107788086,1.4206823110580444,1.1964893341064453,1.2856342792510986,1.0478713512420654,1.0144833326339722,1.321453332901001,0.025852322578430176,-0.047426968812942505,0.010701056569814682,0.0260667372494936,0.008472226560115814,0.023519465699791908,0.0051056439988315105,0.0001675152889220044,-0.0005705746589228511,-0.01775125227868557,0.0021150337997823954,-0.000495171407237649,-0.005044234450906515,4.550693988800049,1.7774890661239624,1.3316282033920288,0.8291463255882263,0.7980358600616455,0.728444516658783,0.6946452856063843,0.6587327122688293,0.6526385545730591,0.4913270175457001,0.48367202281951904,0.4596186876296997,0.4859970211982727,127.05486440744087,35.01092077955626,243.4456928838951,0.49056603773584906,0.05752496025206104,0.13702744245529175,0.2704402515723271,0.7295597484276729,0.19352403283119202,0.08566275238990784,1.8685767673621925,-0.08816387504339218
11a02Nc,C:/Project/AI-STRESS-DETECTOR/data/public/emodb/wav/11a02Nc.wav,C:\Project\AI-STRESS-DETECTOR\data\public\emodb\wav\11a02Nc.wav,low,0,speaker_11,train,de,emodb_a02,studio,controlled,Das will sie am Mittwoch abgeben.,emodb_emotion=neutral; variation=c,1.5340625,0.05817113816738129,0.04969698190689087,0.11578238755464554,0.10079835349964314,0.1303666304119087,1478.6552658520743,1125.8500401047086,1453.0756096845955,539.807577927109,2800.794701986755,1877.8117189677087,0.25273630023002625,0.18180818855762482,-27.81145477294922,11.758584976196289,2.577674388885498,4.322524547576904,-0.2506340444087982,1.737036943435669,0.7815796136856079,-0.8202934265136719,-0.5476136803627014,-0.0061569781973958015,0.5612553358078003,0.6298440098762512,-0.02637339010834694,15.623526573181152,7.986738204956055,4.318378448486328,2.861187219619751,3.1085896492004395,2.0950167179107666,2.2315003871917725,1.480406403541565,1.1499755382537842,1.3092561960220337,1.02290678024292,0.8227470517158508,1.1550654172897339,0.015003848820924759,-0.006112815346568823,-0.009884689003229141,-0.016986120492219925,-0.011937533505260944,0.007059288211166859,0.0007980201626196504,-0.0017735547153279185,0.007434854283928871,-0.0027542186435312033,0.007139875553548336,0.014608830213546753,0.013156622648239136,5.145593643188477,2.8186137676239014,2.1024770736694336,1.0781781673431396,0.9700247049331665,0.8412023782730103,0.6515854597091675,0.6794180870056152,0.6136710047721863,0.5980469584465027,0.5171739459037781,0.4805411994457245,0.5074357390403748,128.90443878448792,49.59885211936978,275.9535655058043,0.4304635761589404,0.16019271187420436,0.21289491653442383,0.3377483443708609,0.6622516556291391,0.08409776538610458,0.041480787098407745,3.259319617029945,-0.006150532513856888
11a02Tc,C:/Project/AI-STRESS-DETECTOR/data/public/emodb/wav/11a02Tc.wav,C:\Project\AI-STRESS-DETECTOR\data\public\emodb\wav\11a02Tc.wav,moderate,1,speaker_11,train,de,emodb_a02,studio,controlled,Das will sie am Mittwoch abgeben.,emodb_emotion=sadness; variation=c,2.0645,0.10084162652492523,0.07190955430269241,0.18697848916053772,0.11617278490343505,0.186872036446564,1495.356667705332,1385.6308278631125,1434.8113707725277,525.9494786298148,2697.6470588235293,2159.6809752017107,0.25741860270500183,0.19453789293766022,-22.88313102722168,10.47124195098877,3.0522620677948,4.369364261627197,1.2726300954818726,2.8603718280792236,0.38242363929748535,0.26564425230026245,-0.1785186380147934,0.2049175649881363,1.1574585437774658,0.5643746852874756,-0.0030493419617414474,12.292346000671387,8.397709846496582,2.6489500999450684,3.058805227279663,3.2577342987060547,1.8904738426208496,1.7236926555633545,1.172050952911377,1.1769371032714844,1.2519614696502686,0.9213742613792419,1.0011471509933472,0.9513590931892395,-0.011690635234117508,-0.007260345853865147,0.0001319658476859331,0.005615181755274534,-0.0027507871855050325,-0.007189313415437937,0.0013240639818832278,-0.004887182731181383,-0.0015406000893563032,-0.00030373476329259574,-0.012336278334259987,0.0010996087221428752,0.0035739061422646046,4.84619665145874,2.2690951824188232,1.1193568706512451,0.9578567743301392,0.9709236025810242,0.7904186844825745,0.6412703990936279,0.5689334273338318,0.5761182904243469,0.5524255633354187,0.5372284054756165,0.49710336327552795,0.41497600078582764,120.28421091377433,47.8480745068675,265.16007532956684,0.4117647058823529,0.12763897416095182,0.1849394589662552,0.26960784313725494,0.7303921568627451,0.1331111490726471,0.05641533061861992,2.90627270525551,-0.03076697140932083
11a02Wc,C:/Project/AI-STRESS-DETECTOR/data/public/emodb/wav/11a02Wc.wav,C:\Project\AI-STRESS-DETECTOR\data\public\emodb\wav\11a02Wc.wav,severe,3,speaker_11,train,de,emodb_a02,studio,controlled,Das will sie am Mittwoch abgeben.,emodb_emotion=anger; variation=c,2.4259375,0.06522884964942932,0.07993289828300476,0.18420185148715973,0.1692301292650714,0.19435188530608635,1998.603328745899,1332.8323642585362,1471.7192607054055,418.9902988115185,3443.319502074689,1764.062343529937,0.28729739785194397,0.17660677433013916,-24.711872100830078,8.035472869873047,-3.0525941848754883,1.3174494504928589,-0.8960644006729126,-1.0621355772018433,-0.5306224226951599,-0.9153861403465271,-1.4787291288375854,-0.7205995321273804,-1.0096429586410522,-0.16975639760494232,-0.8885939717292786,17.009765625,7.368100643157959,6.258391857147217,3.8286309242248535,3.2504701614379883,2.6672556400299072,2.6336405277252197,1.491976261138916,1.820404291152954,1.4888124465942383,1.2663466930389404,1.533327579498291,1.464996576309204,-0.0032501062378287315,0.0018590831896290183,0.014012375846505165,0.017918704077601433,0.026553159579634666,0.02095729112625122,0.014732812531292439,0.0009532805997878313,-0.005385952070355415,0.0008275904692709446,0.002435543807223439,-0.0013080305652692914,0.001925994292832911,4.784422874450684,1.893856167793274,1.7737438678741455,1.0876559019088745,1.0001710653305054,0.9078064560890198,0.7934193015098572,0.6067795157432556,0.7900017499923706,0.6428107619285583,0.5266209244728088,0.5782263875007629,0.5369252562522888,260.6967949270664,52.568406951668955,213.96263520157325,0.5643153526970954,0.0807837605997712,0.22952817380428314,0.3858921161825726,0.6141078838174274,0.10004167258739471,0.08508497476577759,4.1221177379878915,0.001130521297454834
11a04Ac,C:/Project/AI-STRESS-DETECTOR/data/public/emodb/wav/11a04Ac.wav,C:\Project\AI-STRESS-DETECTOR\data\public\emodb\wav\11a04Ac.wav,high,2,speaker_11,train,de,emodb_a04,studio,controlled,Heute abend koennte ich es ihm sagen.,emodb_emotion=fear; variation=c,1.5355625,0.07959433645009995,0.07249824702739716,0.20327487587928772,0.11619509299564701,0.13255445489986034,1594.164995539534,1067.1877436683305,1495.1615574702598,432.45360336917355,2970.7894736842104,1694.759541364819,0.27218958735466003,0.156611368060112,-21.829904556274414,11.7337007522583,0.6213586926460266,2.8074522018432617,-0.4090810716152191,0.8211522102355957,0.09164009243249893,-1.0487228631973267,-0.7005965709686279,-0.07196031510829926,-0.06916210800409317,0.3505288064479828,-1.066664695739746,16.55836296081543,6.567927360534668,4.9936299324035645,2.7688841819763184,2.137150764465332,1.8806023597717285,1.6299307346343994,1.678625226020813,1.1632481813430786,1.4821919202804565,0.8899641633033752,0.871577799320221,1.5652693510055542,-0.037922684103250504,-0.040924008935689926,0.0007697030087001622,0.019799545407295227,0.01937687024474144,0.0022563606034964323,-0.004455917980521917,0.013366247527301311,-0.01143804844468832,-0.017275013029575348,-0.011253248900175095,-0.0030761118978261948,0.001393040525726974,3.774075984954834,2.4109365940093994,1.7705848217010498,1.0182865858078003,0.8470728993415833,0.8893836736679077,0.6813693046569824,0.7593046426773071,0.6016765832901001,0.5851646661758423,0.5409268140792847,0.48620229959487915,0.5448816418647766,158.8822168045552,25.163966829051077,134.12541254125415,0.6578947368421053,0.06706145872376204,0.2258044183254242,0.23684210526315785,0.7631578947368421,0.10282168537378311,0.06781262159347534,2.60490862468965,-0.037105742841959
11a04Fd,C:/Project/AI-STRESS-DETECTOR/data/public/emodb/wav/11a04Fd.wav,C:\Project\AI-STRESS-DETECTOR\data\public\emodb\wav\11a04Fd.wav,moderate,1,speaker_11,train,de,emodb_a04,studio,controlled,Heute abend koennte ich es ihm sagen.,emodb_emotion=happiness; variation=d,1.886,0.05802938714623451,0.082047238945961,0.1457432210445404,0.1167490919812901,0.12347239442815923,1611.1217534699217,986.2641526853398,1494.7878899638831,466.89074607488595,3010.695187165775,1619.8993327567016,0.2792375981807709,0.1633833646774292,-27.988056182861328,11.064891815185547,-1.009652018547058,2.392566442489624,0.15437953174114227,-0.19698882102966309,-0.8806112408638,-0.12341710180044174,-0.7105867266654968,0.45385071635246277,-0.38175854086875916,0.2163303792476654,-0.7054080367088318,19.99172019958496,5.93316125869751,4.914584636688232,3.462554693222046,2.441541910171509,2.0203158855438232,2.4913270473480225,1.3013696670532227,1.7258223295211792,1.2931666374206543,1.0592658519744873,1.1650711297988892,1.383668303489685,-0.027857264503836632,-0.01824481040239334,-0.021332215517759323,-0.02059367299079895,0.0020945766009390354,0.006427424028515816,-0.009925590828061104,0.0031952359713613987,0.01799941621720791,0.002117279451340437,-0.007021443918347359,0.008191242814064026,0.006366987247020006,5.070647716522217,2.3237080574035645,1.7080684900283813,1.1443926095962524,0.8055849671363831,0.9290026426315308,0.9073904156684875,0.5992092490196228,0.7331126928329468,0.6348214745521545,0.5745754837989807,0.5886431932449341,0.5446218252182007,198.36548492752152,54.709185393182494,256.1766735679779,0.48663101604278075,0.14948422842657735,0.25860539078712463,0.4385026737967914,0.5614973262032086,0.09735900163650513,0.09181056916713715,4.241781548250265,-0.0646609477698803
11a04Nd,C:/Project/AI-STRESS-DETECTOR/data/public/emodb/wav/11a04Nd.wav,C:\Project\AI-STRESS-DETECTOR\data\public\emodb\wav\11a04Nd.wav,low,0,speaker_11,train,de,emodb_a04,studio,controlled,Heute abend koennte ich es ihm sagen.,emodb_emotion=neutral; variation=d,1.684,0.09428869187831879,0.06160276383161545,0.18556693196296692,0.08083461666213727,0.12689752178296623,1151.0942429857728,1016.3008147957229,1268.6290782819224,478.8545906581403,2115.1807228915663,1677.8919371882698,0.19425149261951447,0.1476595401763916,-22.094209671020508,14.422566413879395,3.2662081718444824,4.067677021026611,0.12182161957025528,1.9516181945800781,0.45972949266433716,-0.26500532031059265,-0.8110998868942261,0.3299720585346222,0.9691079258918762,0.013333113864064217,-0.663815438747406,13.0914306640625,7.573162078857422,3.6357650756835938,2.8244762420654297,2.5784308910369873,1.8037352561950684,1.6342490911483765,1.533577799797058,1.0987502336502075,1.4873487949371338,1.0882291793823242,1.0432919263839722,0.7877584099769592,-0.1718253344297409,0.010961607098579407,0.018301472067832947,0.027632465586066246,0.023038063198328018,-0.0005475340294651687,-0.0058241127990186214,0.02662350796163082,0.013281168416142464,-0.00932561606168747,-0.0009587206295691431,-0.003916935063898563,-0.00032723453477956355,4.286840915679932,2.705828905105591,1.6525558233261108,1.079694390296936,0.9902186393737793,0.9474624395370483,0.6538625359535217,0.7542500495910645,0.6024791598320007,0.5472633242607117,0.5179999470710754,0.49321070313453674,0.41203802824020386,122.6117471070619,50.099451435955764,264.64646464646466,0.5120481927710844,0.1304725855147185,0.22817116975784302,0.18674698795180722,0.8132530120481928,0.11364755779504776,0.05141819640994072,2.969121140142518,-0.019936181604862213
11a04Wc,C:/Project/AI-STRESS-DETECTOR/data/public/emodb/wav/11a04Wc.wav,C:\Project\AI-STRESS-DETECTOR\data\public\emodb\wav\11a04Wc.wav,severe,3,speaker_11,train,de,emodb_a04,studio,controlled,Heute abend koennte ich es ihm sagen.,emodb_emotion=anger; variation=c,2.6789375,0.08113691210746765,0.10398387163877487,0.23791202902793884,0.15083762036670623,0.1521912879075802,1869.206988865447,1141.0457993909927,1486.8082964703078,479.6539016540014,3288.2706766917295,1727.0908702504769,0.29134029150009155,0.195648655295372,-25.313568115234375,9.055346488952637,-3.2324514389038086,0.7489693760871887,-0.9505103230476379,-0.8519045114517212,-0.5933137536048889,-0.5788261294364929,-0.763784646987915,-0.6293193101882935,-1.085121989250183,-0.11517466604709625,-1.147448182106018,20.260950088500977,6.8072333335876465,6.315589904785156,3.412100315093994,2.304462194442749,2.7716665267944336,2.2028958797454834,2.074206829071045,1.9234963655471802,1.6253658533096313,1.3617424964904785,1.3541457653045654,1.5590850114822388,-0.044442068785429,-0.018257388845086098,0.006166829261928797,0.0021241509821265936,0.00691407173871994,0.005715781357139349,-0.0010504291858524084,0.0011442747199907899,0.009736542589962482,0.0011858523357659578,0.0055804140865802765,0.007604525424540043,0.006083463318645954,4.829577445983887,2.1254000663757324,1.9445406198501587,1.0866239070892334,0.8131717443466187,0.9514028429985046,0.718537449836731,0.6756608486175537,0.6770732998847961,0.5821515917778015,0.5587862730026245,0.5599324703216553,0.5428738594055176,249.39657084284033,44.237472277345375,211.4114114114114,0.5601503759398496,0.06391322743212208,0.2427661418914795,0.40601503759398494,0.5939849624060151,0.1318303793668747,0.10886742174625397,3.3595408627487577,-0.032989807426929474
11a05Ad,C:/Project/AI-STRESS-DETECTOR/data/public/emodb/wav/11a05Ad.wav,C:\Project\AI-STRESS-DETECTOR\data\public\emodb\wav\11a05Ad.wav,high,2,speaker_11,train,de,emodb_a05,studio,controlled,Das schwarze Blatt Papier befindet sich da oben neben dem Holzstueck.,emodb_emotion=fear; variation=d,2.9164375,0.0909721776843071,0.08805445581674576,0.23248213529586792,0.13843228761559068,0.161108653602918,1824.2835887808365,1185.5388234323948,1646.0852202448664,445.1029120145642,3482.0689655172414,1834.270275482765,0.3384382724761963,0.19826443493366241,-20.972177505493164,8.857647895812988,1.3810955286026,3.61195707321167,-0.12330686300992966,0.2786823809146881,0.016306856647133827,-0.40898194909095764,-0.6318978667259216,0.2825091779232025,-0.3488693833351135,0.7156069278717041,-0.26563721895217896,15.638176918029785,7.8017168045043945,3.6989479064941406,2.902644157409668,2.4915931224823,2.205618143081665,1.8084089756011963,1.6585190296173096,1.4187363386154175,1.380677342414856,1.3465067148208618,1.0438719987869263,1.2534109354019165,-0.012101785279810429,-0.010497490875422955,-0.003231439972296357,-0.00041982551920227706,0.0005822806269861758,0.00988305825740099,0.012973031960427761,0.015191808342933655,0.010015902109444141,0.004953219089657068,-0.0009720711968839169,0.0076492903754115105,0.012390109710395336,5.784326553344727,2.5411770343780518,1.5184926986694336,0.9842647314071655,0.8600955009460449,0.9108073711395264,0.7853501439094543,0.7701015472412109,0.5991984605789185,0.565353274345398,0.5697526335716248,0.5573399662971497,0.5496304035186768,184.0132383826488,46.432433666739215,240.4476418864908,0.5689655172413793,0.08716414478406832,0.2605193853378296,0.2793103448275862,0.7206896551724138,0.12337664514780045,0.08356725424528122,3.771724921243812,0.07462086528539658
11a05Fb,C:/Project/AI-STRESS-DETECTOR/data/public/emodb/wav/11a05Fb.wav,C:\Project\AI-STRESS-DETECTOR\data\public\emodb\wav\11a05Fb.wav,moderate,1,speaker_11,train,de,emodb_a05,studio,controlled,Das schwarze Blatt Papier befindet sich da oben neben dem Holzstueck.,emodb_emotion=happiness; variation=b,3.5435,0.07250669598579407,0.07662586122751236,0.18196137249469757,0.14955001139211666,0.185264949459359,1843.158787747747,1343.734920044359,1529.4718641479865,467.3423158333557,3258.409090909091,1965.3769511005655,0.30121418833732605,0.19656559824943542,-24.999866485595703,8.673332214355469,0.7374185919761658,2.234386444091797,-0.6016201972961426,-0.6915106177330017,-0.515455424785614,-0.029096128419041634,-0.9170854687690735,-0.02050020545721054,-0.7578279376029968,-0.19430460035800934,-0.45436909794807434,17.952346801757812,8.723611831665039,4.019303321838379,3.656233072280884,2.835695266723633,2.665491819381714,2.2151007652282715,1.554351806640625,1.8473339080810547,1.596673607826233,1.4861620664596558,1.444014310836792,1.453662395477295,-0.017448728904128075,-0.004189306870102882,0.011209097690880299,0.003763733198866248,0.0005058788228780031,-0.005365798249840736,-0.0021625959780067205,-0.00029191645444370806,-0.0016692199278622866,-0.007733750622719526,0.0015518333530053496,0.002705194754526019,0.0005110590136609972,6.236851692199707,2.4656684398651123,1.745779275894165,1.1224461793899536,0.909637987613678,0.9671503305435181,0.8408358693122864,0.6781765222549438,0.7046917080879211,0.6296335458755493,0.5973634719848633,0.5780595541000366,0.5629599094390869,214.17337505768296,54.081142369203626,244.44444444444443,0.5965909090909091,0.0980357322198031,0.24747665226459503,0.26988636363636365,0.7301136363636364,0.09663567692041397,0.07662196457386017,3.9508960067729646,0.04802919179201126
11a05Fc,C:/Project/AI-STRESS-DETECTOR/data/public/emodb/wav/11a05Fc.wav,C:\Project\AI-STRESS-DETECTOR\data\public\emodb\wav\11a05Fc.wav,moderate,1,speaker_11,train,de,emodb_a05,studio,controlled,Das schwarze Blatt Papier befindet sich da oben neben dem Holzstueck.,emodb_emotion=happiness; variation=c,3.9264375,0.07517736405134201,0.07410500943660736,0.18179433047771454,0.14391477414764534,0.17184332590302268,1821.4656931808313,1247.3114881905487,1545.8298161966568,436.6217306865812,3214.7314578005116,1890.1331816856525,0.28643131256103516,0.18784503638744354,-23.89635467529297,8.784906387329102,-0.2118677794933319,1.2367032766342163,-0.9600817561149597,-1.2664587497711182,-0.6363451480865479,-0.31644508242607117,-1.2852494716644287,0.1636708676815033,-1.1601999998092651,-0.16467709839344025,-0.6696957349777222,18.514299392700195,7.907846927642822,4.342655181884766,3.684398651123047,3.127739429473877,2.607239007949829,2.3474488258361816,1.5634024143218994,1.9836958646774292,1.5683979988098145,1.5387662649154663,1.37436842918396,1.6280651092529297,-0.024945233017206192,0.01815292052924633,0.0009488242212682962,0.006402960047125816,-0.008253669366240501,0.003832895075902343,-0.005622398108243942,0.0014862172538414598,0.0006010861834511161,-0.007232754025608301,-0.0036797316279262304,-0.0002403301914455369,0.0023813482839614153,6.040177822113037,2.5308122634887695,1.7155324220657349,1.0402460098266602,0.9018339514732361,0.9283453226089478,0.8918224573135376,0.6606761813163757,0.7337840795516968,0.6638017892837524,0.6088932156562805,0.6322581171989441,0.622470498085022,235.89719311564897,46.027056925121144,265.16007532956684,0.6342710997442456,0.07151989823685208,0.24502204358577728,0.28644501278772383,0.7135549872122762,0.1027618870139122,0.07089804857969284,3.310889323973704,-0.016930967569351196
11a05Lc,C:/Project/AI-STRESS-DETECTOR/data/public/emodb/wav/11a05Lc.wav,C:\Project\AI-STRESS-DETECTOR\data\public\emodb\wav\11a05Lc.wav,low,0,speaker_11,train,de,emodb_a05,studio,controlled,Das schwarze Blatt Papier befindet sich da oben neben dem Holzstueck.,emodb_emotion=boredom; variation=c,4.06575,0.10844150185585022,0.09159135818481445,0.2335873395204544,0.1099291438472725,0.15076562114908323,1490.2810187488335,1194.697648161651,1447.164330724541,538.7600891157177,2824.0,2006.8280481433417,0.27177929878234863,0.2090802639722824,-21.755624771118164,11.456491470336914,2.349470615386963,4.317424774169922,0.36316636204719543,1.8889840841293335,0.5410099029541016,-0.013461995869874954,-0.6278990507125854,0.15188774466514587,0.99253910779953,0.4482787251472473,0.31509509682655334,13.703705787658691,8.759098052978516,3.901977777481079,2.9656407833099365,2.3216805458068848,1.9586254358291626,1.7655483484268188,1.4732718467712402,1.1933398246765137,1.57279372215271,1.2225635051727295,0.9996664524078369,0.8466005325317383,0.01656537503004074,-0.003849368542432785,-0.004688519053161144,-0.0008818496717140079,-0.005478480365127325,-0.001174245961010456,-0.005486978217959404,0.0005082395509816706,-0.0023030752781778574,-0.006313330959528685,-0.003024423960596323,-0.005357849877327681,-0.008249101229012012,4.791540145874023,2.408304214477539,1.409860610961914,0.9759225249290466,0.8743959665298462,0.6968891024589539,0.7057429552078247,0.6454576253890991,0.5711287260055542,0.5658084750175476,0.5316210389137268,0.4852161705493927,0.44911056756973267,130.43360460405484,52.15394754190436,263.6015325670498,0.4074074074074074,0.12458406153012208,0.20614635944366455,0.32592592592592595,0.674074074074074,0.15504470467567444,0.0757790207862854,3.935313287831273,0.006395988166332245
11a05Na,C:/Project/AI-STRESS-DETECTOR/data/public/emodb/wav/11a05Na.wav,C:\Project\AI-STRESS-DETECTOR\data\public\emodb\wav\11a05Na.wav,low,0,speaker_11,train,de,emodb_a05,studio,controlled,Das schwarze Blatt Papier befindet sich da oben neben dem Holzstueck.,emodb_emotion=neutral; variation=a,3.3205,0.11352594196796417,0.09101592749357224,0.23720397055149078,0.08335232019442546,0.13293128397252266,1196.1201674047304,1123.3823289409977,1272.0980095385132,530.4971325910221,2113.3333333333335,1908.472761877487,0.19557097554206848,0.17381368577480316,-22.166091918945312,13.459877967834473,2.612351894378662,4.4394731521606445,0.22737345099449158,1.1960577964782715,0.31155839562416077,-0.44479620456695557,-0.3744874596595764,0.6556470990180969,0.934447705745697,0.6171621084213257,-0.156574547290802,14.311301231384277,8.967961311340332,4.311227321624756,2.6605873107910156,2.5251688957214355,2.270333766937256,1.6289100646972656,1.6437968015670776,1.2883727550506592,1.6507872343063354,1.1513484716415405,0.9841728806495667,1.0035696029663086,-0.026014259085059166,-0.0017801342764869332,0.012122460640966892,0.005649719387292862,0.004049557726830244,0.001301934476941824,-0.0016217867378145456,0.0024252841249108315,-0.004034738522022963,-0.00913157407194376,0.001715091522783041,0.0092279352247715,0.0015644666273146868,5.577442646026611,2.7635552883148193,1.8842984437942505,1.0454645156860352,0.9875735640525818,0.7939103841781616,0.7355064153671265,0.7565246820449829,0.6089597940444946,0.6043105721473694,0.5535047054290771,0.47309058904647827,0.4485287070274353,118.59792908329005,32.191335851542895,252.0177037229888,0.33636363636363636,0.10108939733499059,0.24867090582847595,0.303030303030303,0.696969696969697,0.15495100617408752,0.07874666154384613,3.9150730311700044,-0.015466123819351196
11a05Td,C:/Project/AI-STRESS-DETECTOR/data/public/emodb/wav/11a05Td.wav,C:\Project\AI-STRESS-DETECTOR\data\public\emodb\wav\11a05Td.wav,moderate,1,speaker_11,train,de,emodb_a05,studio,controlled,Das schwarze Blatt Papier befindet sich da oben neben dem Holzstueck.,emodb_emotion=sadness; variation=d,5.6733125,0.05587488412857056,0.06362542510032654,0.14264829456806183,0.10337347794264422,0.1620401641945151,1530.295910795799,1196.3630530314017,1630.2410854252514,533.3596086494015,3141.663716814159,1966.8691423673322,0.2934214770793915,0.18183155357837677,-32.421424865722656,9.460428237915039,3.214921474456787,4.111673355102539,0.9334138631820679,1.7855610847473145,0.8471453189849854,0.03617623820900917,0.0715785026550293,0.8308249711990356,0.9892385005950928,0.5672304630279541,-0.01772242784500122,15.797468185424805,7.970682144165039,3.490849494934082,2.8330211639404297,2.075810432434082,1.723487377166748,1.4997434616088867,1.4084383249282837,1.1434189081192017,1.1803944110870361,1.0327705144882202,0.9798439741134644,0.9174033403396606,0.01154859084635973,0.003496797988191247,-0.006970210000872612,-0.001558193238452077,-0.003589657600969076,-0.0031451471149921417,0.00024421236594207585,0.0006144924554973841,0.0007124953554011881,0.0019804469775408506,0.0018127229996025562,-0.0020749829709529877,-0.0030225596856325865,4.3713788986206055,2.252366781234741,1.3622740507125854,0.9285281300544739,0.8348080515861511,0.6919609308242798,0.6418532729148865,0.6477527022361755,0.5469383597373962,0.5358850955963135,0.4666517376899719,0.49381497502326965,0.4413309097290039,157.58532032694814,89.07125280677039,266.17008069522035,0.2902654867256637,0.21722463129295602,0.2625628709793091,0.46194690265486726,0.5380530973451327,0.09917820245027542,0.05875440686941147,2.99648573915151,0.005407519638538361
11a05Wd,C:/Project/AI-STRESS-DETECTOR/data/public/emodb/wav/11a05Wd.wav,C:\Project\AI-STRESS-DETECTOR\data\public\emodb\wav\11a05Wd.wav,severe,3,speaker_11,train,de,emodb_a05,studio,controlled,Das schwarze Blatt Papier befindet sich da oben neben dem Holzstueck.,emodb_emotion=anger; variation=d,4.03825,0.06936780363321304,0.07978188246488571,0.19835703074932098,0.1423209765707802,0.17973575670754016,1785.803481413148,1263.0699862630738,1494.7611951382414,436.8876434289005,3136.318407960199,1810.456191132336,0.28619998693466187,0.18730667233467102,-26.22476577758789,9.85473346710205,0.3747504651546478,2.5683236122131348,-1.1233572959899902,-0.04716353118419647,0.3134951591491699,-0.6558474898338318,-0.6515636444091797,0.42035341262817383,-0.3471650183200836,0.22676406800746918,-0.06246154010295868,18.590801239013672,8.389062881469727,4.492963790893555,3.0023159980773926,2.9150493144989014,2.4396615028381348,2.12562894821167,1.9640315771102905,1.8339650630950928,1.3492416143417358,1.634611964225769,1.1411278247833252,1.2098618745803833,-0.045337848365306854,0.014884737320244312,0.01356486976146698,-0.0010325416224077344,0.006303115747869015,0.008887951262295246,0.0068512288853526115,-0.004913630895316601,-0.00014103378634899855,0.006377223879098892,0.0042043812572956085,0.005814510863274336,0.002397408476099372,6.279449462890625,2.339491367340088,1.6495529413223267,1.0786783695220947,1.001043677330017,0.8889308571815491,0.7448352575302124,0.7464016079902649,0.6528384685516357,0.5724726319313049,0.5636640191078186,0.514443576335907,0.4998590350151062,179.20428055194841,49.95166955912837,242.87949921752738,0.5696517412935324,0.110540887559631,0.22642740607261658,0.32835820895522383,0.6716417910447762,0.10039528459310532,0.08080657571554184,3.962112301120535,0.06353046372532845
11a07Ac,C:/Project/AI-STRESS-DETECTOR/data/public/emodb/wav/11a07Ac.wav,C:\Project\AI-STRESS-DETECTOR\data\public\emodb\wav\11a07Ac.wav,high,2,speaker_11,train,de,emodb_a07,studio,controlled,In sieben Stunden wird es soweit sein.,emodb_emotion=fear; variation=c,1.9024375,0.10005436837673187,0.09405698627233505,0.25768041610717773,0.16114754972537726,0.1919575012528979,1955.503807380396,1364.9776584733413,1601.4227520966206,421.27552950002945,3498.0851063829787,1868.2761861273402,0.31675559282302856,0.18094810843467712,-18.73184585571289,9.252143859863281,1.1971230506896973,2.249936103820801,-0.6742074489593506,-0.5895795822143555,-0.685458242893219,-1.2868216037750244,-1.6264570951461792,-0.4741716682910919,-0.8571139574050903,-0.12017820030450821,-1.1822829246520996,15.860299110412598,7.801422119140625,4.47721004486084,3.1294283866882324,2.3004536628723145,2.272212505340576,1.5093979835510254,2.0015382766723633,1.872921347618103,1.3173249959945679,0.982286274433136,0.9843520522117615,1.5196619033813477,-0.06559280306100845,-0.01100575178861618,0.021901067346334457,0.0011228196090087295,0.005677728448063135,0.003807357046753168,0.0025602071546018124,0.0055944896303117275,-0.002594538265839219,-0.010352346114814281,-0.004928118549287319,-0.00208672764711082,-0.005053553264588118,4.747747898101807,2.608140468597412,1.7910603284835815,0.9949102997779846,0.8347774744033813,0.937454879283905,0.7436118721961975,0.7843642830848694,0.6517084240913391,0.5250211358070374,0.4582342803478241,0.528073787689209,0.6217410564422607,193.11789163211205,33.94530052801106,237.90849673202615,0.6595744680851063,0.0670676083189764,0.24975340068340302,0.21808510638297873,0.7819148936170213,0.1257982850074768,0.09089545905590057,3.679490127796577,0.06091894954442978
11a07Ld,C:/Project/AI-STRESS-DETECTOR/data/public/emodb/wav/11a07Ld.wav,C:\Project\AI-STRESS-DETECTOR\data\public\emodb\wav\11a07Ld.wav,low,0,speaker_11,train,de,emodb_a07,studio,controlled,In sieben Stunden wird es soweit sein.,emodb_emotion=boredom; variation=d,1.7953125,0.11668043583631516,0.08228705823421478,0.21974638104438782,0.12903044127171862,0.18929278808025984,1588.4519433999196,1469.8532720054902,1429.2167722012193,535.7512521306511,2719.775280898876,2226.7162185695443,0.24041101336479187,0.17993588745594025,-18.344120025634766,11.759979248046875,4.078667640686035,4.281524181365967,0.6848416328430176,0.46085524559020996,-1.2809520959854126,0.4345734119415283,-0.35643884539604187,0.507911205291748,0.4499841630458832,-0.41110897064208984,-0.4708300828933716,10.781888008117676,9.240211486816406,3.321542263031006,2.481430768966675,1.9678252935409546,1.6203160285949707,1.415016531944275,1.3823792934417725,1.2789596319198608,1.811501145362854,1.5450176000595093,0.8853347301483154,1.026870846748352,-0.24056489765644073,-0.06404614448547363,-0.009072338230907917,-0.017657609656453133,0.023337487131357193,0.03781302273273468,0.04959474131464958,-0.0016684076981619,0.008135420270264149,0.009592513553798199,0.0049614328891038895,0.027747882530093193,0.013134009204804897,3.1068167686462402,2.3565454483032227,1.0208649635314941,0.8331402540206909,0.9063338041305542,0.6762669682502747,0.5715054869651794,0.5818739533424377,0.4928536117076874,0.5571640729904175,0.5198817849159241,0.4544127583503723,0.3789266347885132,141.5178132471571,27.048532456232202,192.4001924001924,0.6573033707865169,0.05630633542328897,0.1273171752691269,0.1685393258426966,0.8314606741573034,0.13698504865169525,0.07527004182338715,3.342036553524804,-0.10473879426717758
11a07Ta,C:/Project/AI-STRESS-DETECTOR/data/public/emodb/wav/11a07Ta.wav,C:\Project\AI-STRESS-DETECTOR\data\public\emodb\wav\11a07Ta.wav,moderate,1,speaker_11,train,de,emodb_a07,studio,controlled,In sieben Stunden wird es soweit sein.,emodb_emotion=sadness; variation=a,2.167375,0.13580015301704407,0.09476470202207565,0.2504088878631592,0.12371626741271785,0.1946627414051129,1534.4595371077053,1462.8796837009331,1457.644940631318,518.0995298100996,2755.3488372093025,2197.730911049478,0.24586912989616394,0.18264742195606232,-20.296489715576172,10.29421329498291,4.286558151245117,4.386664390563965,1.720329761505127,3.1074774265289307,0.4221208393573761,0.03690119832754135,-0.11903156340122223,0.4690239727497101,1.2445666790008545,0.25738030672073364,-0.42729294300079346,11.544472694396973,8.843297004699707,3.0492966175079346,2.8229615688323975,1.9797059297561646,2.049121618270874,1.4383424520492554,1.6868534088134766,1.390099287033081,1.3364102840423584,1.1326401233673096,1.1270992755889893,0.9770867824554443,-0.003028151113539934,-0.0016161763342097402,0.014110660180449486,0.018101857975125313,0.0007253158837556839,-0.006038470193743706,-0.0032899135258048773,-0.01627194695174694,-0.016145184636116028,-0.005363903474062681,-0.005417679436504841,-0.004201659932732582,8.410354348598048e-05,4.506721019744873,2.5839033126831055,1.3242311477661133,0.9964591264724731,0.8925480842590332,0.8954386115074158,0.6726572513580322,0.6735067367553711,0.6354860663414001,0.5138905644416809,0.4949888586997986,0.5048245191574097,0.48405519127845764,118.42130890317505,47.64851614833069,264.64646464646466,0.4744186046511628,0.10692836620892408,0.23960623145103455,0.23720930232558135,0.7627906976744186,0.17220523953437805,0.0783483237028122,4.613876232770056,-0.04669332504272461
11a07Wc,C:/Project/AI-STRESS-DETECTOR/data/public/emodb/wav/11a07Wc.wav,C:\Project\AI-STRESS-DETECTOR\data\public\emodb\wav\11a07Wc.wav,severe,3,speaker_11,train,de,emodb_a07,studio,controlled,In sieben Stunden wird es soweit sein.,emodb_emotion=anger; variation=c,2.238375,0.06551375985145569,0.07364272326231003,0.17267948389053345,0.14652622547359387,0.15890640368309078,1878.939382147064,1190.4087067121875,1534.3458219775468,470.78854492882977,3370.09009009009,1824.0315191560605,0.2941630482673645,0.1931147277355194,-26.17361068725586,8.748242378234863,-1.6594082117080688,1.4662045240402222,-1.6231364011764526,-1.4282245635986328,-0.4553460478782654,-0.9843483567237854,-1.5252017974853516,-0.5072231292724609,-1.1724270582199097,-0.31700003147125244,-0.741493284702301,20.05787467956543,6.9757609367370605,5.583156585693359,3.509352207183838,3.4944193363189697,2.7662556171417236,1.7378482818603516,1.8094199895858765,2.130284070968628,1.9556643962860107,1.480398416519165,1.3211156129837036,1.3757420778274536,-0.03849298506975174,-0.010865701362490654,0.007741319015622139,-0.020684514194726944,0.006805212236940861,0.018802441656589508,-0.004301912616938353,-0.008586541749536991,0.008306482806801796,0.0021739923395216465,0.0004669589106924832,0.006357635371387005,0.009238960221409798,5.541430473327637,2.3125228881835938,1.8841677904129028,1.1345100402832031,1.035809874534607,0.9919900894165039,0.6612486839294434,0.7339105010032654,0.7715485095977783,0.6668096780776978,0.6239068508148193,0.6080235242843628,0.6031218767166138,266.37707683801904,47.58398959990446,231.52454780361757,0.6036036036036037,0.06945397115614578,0.25514858961105347,0.3558558558558559,0.6441441441441441,0.09742851555347443,0.07440587878227234,4.467526665549785,0.042126771062612534
11b01Ab,C:/Project/AI-STRESS-DETECTOR/data/public/emodb/wav/11b01Ab.wav,C:\Project\AI-STRESS-DETECTOR\data\public\emodb\wav\11b01Ab.wav,high,2,speaker_11,train,de,emodb_b01,studio,controlled,"Was sind denn das fuer Tueten, die da unter dem Tisch stehen.",emodb_emotion=fear; variation=b,2.02425,0.09840743988752365,0.07247344404459,0.1966564655303955,0.14705513784461152,0.1679876677085483,1812.2765887816038,1250.704631758137,1508.6286209995917,360.66892053629374,3256.2,1747.876872093684,0.2991475760936737,0.1813965141773224,-16.917932510375977,9.619806289672852,1.347009301185608,4.855870246887207,0.2876075208187103,0.814873218536377,-0.761626660823822,-0.5599635243415833,-0.20053058862686157,-0.4807543158531189,-0.6157335638999939,0.8171312808990479,-0.3521925210952759,14.373444557189941,8.310046195983887,3.8951163291931152,2.781085968017578,1.9825365543365479,2.049268960952759,1.415421724319458,1.842132329940796,1.3113641738891602,1.366653323173523,1.0692940950393677,0.9637656807899475,1.0690221786499023,-0.1653108149766922,0.01556162629276514,0.020889639854431152,0.01308473851531744,0.0030527447815984488,-0.0006951415562070906,0.0046242643147706985,0.004755332600325346,0.004137049429118633,0.01888933591544628,0.008862349204719067,-0.0010173761984333396,0.004800067748874426,6.064782619476318,2.9293482303619385,1.7266231775283813,1.0554717779159546,0.9278706312179565,0.8927657008171082,0.7004163861274719,0.8258213996887207,0.6283732056617737,0.6427016258239746,0.49985814094543457,0.4913039803504944,0.5270084142684937,154.3130511626211,37.882840574546485,256.7901234567901,0.635,0.10062805436642608,0.2897803783416748,0.17000000000000004,0.83,0.11623897403478622,0.06664878875017166,2.9640607632456466,0.0165349543094635
11b01Eb,C:/Project/AI-STRESS-DETECTOR/data/public/emodb/wav/11b01Eb.wav,C:\Project\AI-STRESS-DETECTOR\data\public\emodb\wav\11b01Eb.wav,high,2,speaker_11,train,de,emodb_b01,studio,controlled,"Was sind denn das fuer Tueten, die da unter dem Tisch stehen.",emodb_emotion=disgust; variation=b,3.054375,0.0780409425497055,0.08818187564611435,0.19046764075756073,0.1156852527357999,0.15352180041614996,1776.5670447976581,1147.1128414835396,1706.622224570109,496.0141348225045,3505.8745874587457,1892.07862649155,0.34617549180984497,0.1923764944076538,-24.994426727294922,8.596186637878418,2.557446002960205,4.127041816711426,0.8862017393112183,1.1891920566558838,-0.6736514568328857,-0.1795758754014969,-0.20405834913253784,0.007010431494563818,0.09126158058643341,0.5242753624916077,-0.06117168068885803,17.30429458618164,7.738515377044678,3.0907340049743652,2.414889097213745,1.9385448694229126,2.016706705093384,1.8185698986053467,1.6536606550216675,1.293338656425476,1.3829245567321777,1.171933889389038,0.8842694759368896,1.0676615238189697,-0.0011638477444648743,0.01003708504140377,-0.0011639335425570607,-0.0033492466900497675,0.0020597761031240225,0.006477507762610912,0.0012635472230613232,0.0019325899193063378,0.0008777663460932672,6.796896923333406e-05,-0.005829401779919863,-0.006616292055696249,0.0016142172971740365,4.360948085784912,2.609984874725342,1.4092411994934082,0.9563286900520325,0.896411657333374,0.8683913350105286,0.7563068270683289,0.7134670615196228,0.6023802161216736,0.5311540365219116,0.500154435634613,0.4811537265777588,0.45526668429374695,155.07142915485338,43.228718079776,257.39604635310155,0.49504950495049505,0.11693448417089251,0.23025675117969513,0.3168316831683168,0.6831683168316832,0.11210141330957413,0.08782639354467392,2.2917945569879272,0.06613973155617714
11b01Fc,C:/Project/AI-STRESS-DETECTOR/data/public/emodb/wav/11b01Fc.wav,C:\Project\AI-STRESS-DETECTOR\data\public\emodb\wav\11b01Fc.wav,moderate,1,speaker_11,train,de,emodb_b01,studio,controlled,"Was sind denn das fuer Tueten, die da unter dem Tisch stehen.",emodb_emotion=happiness; variation=c,2.5549375,0.06514054536819458,0.058122631162405014,0.14018476009368896,0.15312986022368175,0.1853739817528249,1828.1451013050216,1371.7759590037233,1511.7528183485308,430.76107100109755,3199.209486166008,1997.6316430743655,0.3035389184951782,0.1995035856962204,-24.07126235961914,9.22736644744873,0.8754822015762329,3.5193393230438232,0.5346790552139282,-0.12260399013757706,-0.9254087209701538,0.3861311674118042,-0.4199177622795105,-0.42198446393013,-0.6701752543449402,0.1165122240781784,-0.17315617203712463,17.15252113342285,8.892281532287598,4.139810562133789,2.9308547973632812,2.1762824058532715,2.18556547164917,1.6339915990829468,1.6522245407104492,1.9092692136764526,1.4698834419250488,1.22236967086792,1.0931416749954224,1.2271957397460938,-0.05841267853975296,-0.018421614542603493,0.020259913057088852,0.011994591914117336,0.0004759428557008505,0.0004062240186613053,0.0037778092082589865,-1.1849308975797612e-05,-0.00035261354059912264,-0.006020733620971441,-0.007842529565095901,-0.005655350163578987,0.007831779308617115,6.133672714233398,2.969836950302124,1.6313458681106567,1.050394058227539,0.888796865940094,0.8710033893585205,0.7530997395515442,0.7002301216125488,0.6751202940940857,0.6311022639274597,0.5480926036834717,0.5823487043380737,0.5898098945617676,189.55477837096228,62.763036223776425,256.1766735679779,0.5889328063241107,0.1361660026586396,0.2515956163406372,0.2490118577075099,0.7509881422924901,0.08440230786800385,0.05473697930574417,3.913990068250202,0.03558783978223801
11b01Lb,C:/Project/AI-STRESS-DETECTOR/data/public/emodb/wav/11b01Lb.wav,C:\Project\AI-STRESS-DETECTOR\data\public\emodb\wav\11b01Lb.wav,low,0,speaker_11,train,de,emodb_b01,studio,controlled,"Was sind denn das fuer Tueten, die da unter dem Tisch stehen.",emodb_emotion=boredom; variation=b,2.79375,0.14230583608150482,0.11151912063360214,0.3084748685359955,0.1359264587461433,0.17948113460974807,1725.9873496445566,1373.400444827779,1512.2485907996288,484.58961834422325,3159.42238267148,2007.6905456289926,0.2953311502933502,0.19739338755607605,-16.66968536376953,9.762224197387695,2.6100263595581055,5.360466957092285,1.1323851346969604,0.4604053795337677,-1.4211664199829102,0.2452632188796997,0.8181082010269165,0.43921950459480286,0.04107356071472168,0.5176669955253601,-0.3148876428604126,14.227039337158203,9.081557273864746,3.3260624408721924,2.9295032024383545,2.1030657291412354,1.7192323207855225,1.8918399810791016,1.404837965965271,1.0717593431472778,1.3912129402160645,1.140982747077942,0.8484335541725159,1.1121859550476074,0.034901540726423264,0.010640478692948818,-0.005496539641171694,0.0028685377910733223,-0.005018163006752729,-0.004659838508814573,-0.014858657494187355,-0.008150998502969742,-0.0060686757788062096,-0.011214499361813068,0.0016102369409054518,0.003909103572368622,0.0006413016235455871,5.31539249420166,2.7699153423309326,1.576386570930481,0.9902126789093018,0.9882760643959045,0.7889702916145325,0.7967828512191772,0.6442874073982239,0.5744703412055969,0.5888980031013489,0.5136995911598206,0.48625704646110535,0.5065532326698303,131.53509091827195,30.122807928229562,180.7909604519774,0.49097472924187724,0.0564815230705647,0.21810339391231537,0.20938628158844763,0.7906137184115524,0.17693693935871124,0.09985050559043884,2.8635346756152122,-0.047664523124694824
11b01Nc,C:/Project/AI-STRESS-DETECTOR/data/public/emodb/wav/11b01Nc.wav,C:\Project\AI-STRESS-DETECTOR\data\public\emodb\wav\11b01Nc.wav,low,0,speaker_11,train,de,emodb_b01,studio,controlled,"Was sind denn das fuer Tueten, die da unter dem Tisch stehen.",emodb_emotion=neutral; variation=c,2.2201875,0.1355389803647995,0.0953613668680191,0.276866614818573,0.11075415812257916,0.15906935968547467,1384.442812028868,1276.9183745022901,1291.6434636379847,466.27233136946785,2404.7272727272725,1941.8134490919513,0.2169724404811859,0.1781407594680786,-18.171886444091797,12.623405456542969,2.749178886413574,5.3524956703186035,0.6113894581794739,0.5452231764793396,-0.407504141330719,-0.611632764339447,-0.07198914885520935,-0.23434090614318848,-0.2251960039138794,0.8787409067153931,0.018781298771500587,12.913336753845215,9.167400360107422,3.857253313064575,2.833570718765259,2.183565378189087,1.8891946077346802,1.7170466184616089,1.7746981382369995,1.3208305835723877,1.481918454170227,1.17118239402771,1.0124897956848145,1.1820825338363647,-0.010390897281467915,0.001984864939004183,0.025438839569687843,0.016002440825104713,0.004919004626572132,0.01049515325576067,-0.00449488265439868,-0.005493270233273506,-0.0020374259911477566,-0.00304965116083622,-0.0031472016125917435,0.006522438954561949,0.0010974255856126547,5.109476566314697,3.1852118968963623,1.827768325805664,1.1321454048156738,0.9938673377037048,0.9360122680664062,0.7437226176261902,0.7832552790641785,0.7092441916465759,0.5702196955680847,0.5217617154121399,0.5310831069946289,0.5777105689048767,132.56656027715886,39.4700557915166,205.9008160703076,0.5409090909090909,0.10515506184855723,0.28644195199012756,0.1863636363636364,0.8136363636363636,0.16215476393699646,0.0856938287615776,3.603299270894913,-0.005867108702659607
11b01Wd,C:/Project/AI-STRESS-DETECTOR/data/public/emodb/wav/11b01Wd.wav,C:\Project\AI-STRESS-DETECTOR\data\public\emodb\wav\11b01Wd.wav,severe,3,speaker_11,train,de,emodb_b01,studio,controlled,"Was sind denn das fuer Tueten, die da unter dem Tisch stehen.",emodb_emotion=anger; variation=d,2.8146875,0.06783181428909302,0.06998535245656967,0.1470477432012558,0.1375751205971919,0.17506249567317214,1712.2515498358528,1292.0166769152318,1425.5803203360358,421.4743525422167,2920.716845878136,1898.7094812048767,0.26886749267578125,0.19233380258083344,-25.8714656829834,9.290350914001465,-0.5758927464485168,2.959820032119751,0.12080840021371841,-0.7324376106262207,-1.1122560501098633,-0.15295279026031494,-1.0508155822753906,-0.8830034732818604,-0.8328626751899719,0.15315312147140503,-0.6254649758338928,20.580001831054688,7.945798873901367,4.58557653427124,3.06775164604187,2.6739284992218018,2.555710792541504,1.9756696224212646,1.7005114555358887,1.999941110610962,1.5892629623413086,1.4221605062484741,1.3000599145889282,1.4746066331863403,-0.04825959727168083,-0.021353937685489655,0.018614206463098526,0.011121761985123158,0.009768354706466198,-7.76090964791365e-05,0.0026630680076777935,0.011504240334033966,0.010348443873226643,0.004586204420775175,-0.001882739830762148,-0.0002773692540358752,-0.004046424757689238,5.805212020874023,2.5649569034576416,1.8855547904968262,1.0737484693527222,0.956558108329773,0.9733603000640869,0.7090165615081787,0.7264052033424377,0.7776029706001282,0.6374645829200745,0.6528267860412598,0.5824239253997803,0.5918139815330505,231.31086577242758,43.935919712460766,248.88888888888886,0.6200716845878136,0.0775448628610379,0.2688268721103668,0.27956989247311825,0.7204301075268817,0.09116823971271515,0.06953850388526917,3.552792272676807,0.021836459636688232
11b02Ab,C:/Project/AI-STRESS-DETECTOR/data/public/emodb/wav/11b02Ab.wav,C:\Project\AI-STRESS-DETECTOR\data\public\emodb\wav\11b02Ab.wav,high,2,speaker_11,train,de,emodb_b02,studio,controlled,Sie haben es gerade hochgetragen und jetzt gehen sie wieder runter.,emodb_emotion=fear; variation=b,2.489875,0.09974914789199829,0.08100395649671555,0.21196480095386505,0.1268251600661573,0.161786805091428,1751.74589010379,1249.8719532863581,1584.7714234974183,390.6978423722603,3192.064777327935,1787.12132192688,0.29680007696151733,0.15775267779827118,-17.779569625854492,10.114659309387207,2.3095200061798096,3.14164400100708,-0.6975870728492737,1.3979188203811646,0.07446533441543579,0.1350793093442917,-0.3057272434234619,0.3036070764064789,-0.10855308175086975,0.2544595003128052,-0.2054838389158249,15.574851989746094,7.374560356140137,4.129901885986328,2.8250327110290527,2.5047595500946045,2.391376256942749,1.873306393623352,1.544961929321289,1.3098386526107788,1.4251832962036133,1.2440416812896729,1.0261372327804565,1.2271062135696411,-0.02494041435420513,-0.006905159913003445,0.006510406266897917,-0.0019602205138653517,-0.002597241196781397,0.008718971163034439,0.0020483459811657667,0.004143107682466507,-0.0005817522178404033,0.005700261332094669,0.007017546333372593,0.0004988503642380238,0.007898279465734959,5.9879045486450195,2.7568471431732178,1.632866621017456,1.066778302192688,0.9499994516372681,1.016377329826355,0.7984880805015564,0.7801781296730042,0.6217203140258789,0.5425462126731873,0.5393293499946594,0.6051872968673706,0.523101806640625,154.65563247571643,29.860278120372787,233.04298157932314,0.6153846153846154,0.06615406669737496,0.27959156036376953,0.22267206477732793,0.7773279352226721,0.12528151273727417,0.0741131380200386,4.016265876801044,0.031702443957328796
11b02Fd,C:/Project/AI-STRESS-DETECTOR/data/public/emodb/wav/11b02Fd.wav,C:\Project\AI-STRESS-DETECTOR\data\public\emodb\wav\11b02Fd.wav,moderate,1,speaker_11,train,de,emodb_b02,studio,controlled,Sie haben es gerade hochgetragen und jetzt gehen sie wieder runter.,emodb_emotion=happiness; variation=d,3.1149375,0.11037562042474747,0.0908045843243599,0.2531755268573761,0.13275097127933103,0.1698021543025392,1697.569405122347,1306.0110361198467,1458.400326144269,511.29318529962484,3011.650485436893,1860.835719141389,0.26946619153022766,0.17357969284057617,-19.251953125,10.8276948928833,0.261475145816803,2.1885788440704346,-0.0029518103692680597,-0.008133749477565289,0.14565399289131165,-0.03504035994410515,-0.7326664328575134,-0.022101199254393578,-0.6928079128265381,-0.04025501757860184,-0.2047455757856369,22.22764778137207,7.179112911224365,4.401556015014648,3.45129656791687,2.822664499282837,2.3803837299346924,2.0550851821899414,1.8119466304779053,1.8731300830841064,1.5302401781082153,1.6349576711654663,1.369405746459961,1.3864526748657227,-0.01485796831548214,-0.009660514071583748,-0.0012639390770345926,0.0012269606813788414,-0.002554132603108883,-0.0007184331188909709,-0.0035803471691906452,-0.0037030528765171766,0.006270129699259996,0.006357026286423206,0.004276744090020657,0.0020489732269197702,0.0006953346892260015,6.9886908531188965,2.4856104850769043,1.7550618648529053,1.233936071395874,0.953035831451416,0.9472686648368835,0.7775332927703857,0.7322990298271179,0.761932909488678,0.6413147449493408,0.6473482847213745,0.6194679141044617,0.6230205297470093,189.02986802946467,55.593250313810245,256.3975155279503,0.5922330097087378,0.10858231424282698,0.2606263756752014,0.23300970873786409,0.7669902912621359,0.14088542759418488,0.08202200382947922,3.85240474327334,-0.015828944742679596
11b02Na,C:/Project/AI-STRESS-DETECTOR/data/public/emodb/wav/11b02Na.wav,C:\Project\AI-STRESS-DETECTOR\data\public\emodb\wav\11b02Na.wav,low,0,speaker_11,train,de,emodb_b02,studio,controlled,Sie haben es gerade hochgetragen und jetzt gehen sie wieder runter.,emodb_emotion=neutral; variation=a,2.6988125,0.06983838230371475,0.053583282977342606,0.13894429802894592,0.1139976807690869,0.16182860262996634,1504.3081695235255,1294.0840777721082,1349.4800531574738,431.8558248935114,2693.8805970149256,1787.8407348546496,0.21448887884616852,0.14799293875694275,-23.567659378051758,12.550915718078613,2.03882098197937,3.8769805431365967,-1.0451836585998535,1.323456883430481,0.8925924897193909,-0.6839566826820374,0.03709699958562851,0.004995218012481928,0.4102216958999634,0.5178688168525696,-0.07235966622829437,14.714977264404297,9.051465034484863,4.472192287445068,3.137665271759033,2.6386005878448486,2.2080793380737305,2.0651962757110596,1.8511885404586792,1.1930744647979736,1.6459003686904907,1.1665626764297485,1.0487966537475586,1.094968318939209,0.043666113168001175,0.0051791490986943245,-0.01503076497465372,0.0022260239347815514,-0.0031244701240211725,-0.0019851303659379482,-0.0022889908868819475,0.0033892530482262373,-0.002230716636404395,-0.0026822369545698166,-0.012599284760653973,-0.004876734688878059,0.0018097785068675876,5.364258289337158,2.825800895690918,1.7651804685592651,1.097602367401123,1.0378285646438599,0.8943809270858765,0.7446273565292358,0.7764508128166199,0.6461116671562195,0.6382791996002197,0.5652040839195251,0.49077877402305603,0.5031817555427551,117.92228135750494,29.365321477143496,248.09923969587834,0.4141791044776119,0.09663730279602067,0.22661425173282623,0.23134328358208955,0.7686567164179104,0.08823610842227936,0.047534164041280746,3.3348000277900005,-0.025670040398836136
11b02Td,C:/Project/AI-STRESS-DETECTOR/data/public/emodb/wav/11b02Td.wav,C:\Project\AI-STRESS-DETECTOR\data\public\emodb\wav\11b02Td.wav,moderate,1,speaker_11,train,de,emodb_b02,studio,controlled,Sie haben es gerade hochgetragen und jetzt gehen sie wieder runter.,emodb_emotion=sadness; variation=d,3.60425,0.09012851119041443,0.07143152505159378,0.18982164561748505,0.0937049327228686,0.15424239150551003,1380.4207420287898,1203.47319267159,1444.0180775691026,551.4889187311193,2643.3519553072624,2002.5185104031748,0.24019329249858856,0.17019106447696686,-24.242727279663086,11.945663452148438,3.37404727935791,3.5174970626831055,0.3680318593978882,2.1189327239990234,0.64483642578125,-0.62815922498703,-0.14527136087417603,0.9676046371459961,1.0343331098556519,0.16629920899868011,-0.2887645661830902,14.09757137298584,8.511431694030762,3.4439125061035156,2.7723019123077393,2.4044556617736816,1.7481939792633057,1.7343266010284424,1.669705867767334,1.2313284873962402,1.2459182739257812,1.0095431804656982,1.1147193908691406,0.906781792640686,-0.015186171047389507,-0.010546780191361904,0.004227080848067999,-0.0029432594310492277,0.0005221573519520462,-0.0008437223732471466,0.003631729632616043,0.008490761741995811,-0.0008127402979880571,0.0008155720424838364,-0.002616410842165351,-0.0012060197768732905,0.0030111733358353376,4.410584449768066,2.362027645111084,1.415451169013977,0.9200544357299805,0.9425630569458008,0.9147530794143677,0.7126434445381165,0.6891217827796936,0.591282844543457,0.5364195704460144,0.5021039843559265,0.454813688993454,0.451596736907959,130.8676177337425,67.82010744674184,263.07000642260755,0.41899441340782123,0.09899975427353278,0.18634802103042603,0.3016759776536313,0.6983240223463687,0.12467511743307114,0.05762464925646782,3.606853020739405,-0.04939096421003342
11b02Wb,C:/Project/AI-STRESS-DETECTOR/data/public/emodb/wav/11b02Wb.wav,C:\Project\AI-STRESS-DETECTOR\data\public\emodb\wav\11b02Wb.wav,severe,3,speaker_11,train,de,emodb_b02,studio,controlled,Sie haben es gerade hochgetragen und jetzt gehen sie wieder runter.,emodb_emotion=anger; variation=b,3.248625,0.09907751530408859,0.09584757685661316,0.2661876082420349,0.1373324953249998,0.14751439015693563,1689.9713091232616,1124.6316507115982,1439.3637009081463,415.43932461353745,2934.1176470588234,1642.9736157189632,0.25140511989593506,0.1712513566017151,-18.651668548583984,11.203579902648926,-1.5591050386428833,0.9615407586097717,-1.6137168407440186,-0.5618059039115906,0.23971784114837646,-1.107317328453064,-1.0379981994628906,-0.3477174937725067,-0.7408155202865601,0.09763253480195999,-1.3709418773651123,17.048770904541016,6.622686386108398,5.446331024169922,2.9424941539764404,3.09259295463562,2.5925493240356445,2.3625648021698,1.8568389415740967,1.810096263885498,1.5265414714813232,1.4887539148330688,1.1379083395004272,1.8714213371276855,-0.05432724207639694,-0.010827663354575634,0.019487325102090836,0.0006584412767551839,0.008858279325067997,0.005639745853841305,0.006059472914785147,0.0002048583992291242,0.005255686119198799,0.00955438707023859,0.00947048794478178,0.003223283449187875,0.003978586755692959,5.434244155883789,2.1550660133361816,1.8019609451293945,1.114031195640564,0.8893119692802429,0.9732121229171753,0.7488351464271545,0.7187650799751282,0.7051059007644653,0.5744117498397827,0.5348254442214966,0.5651519894599915,0.6296628713607788,198.9092233858651,39.19601377821075,252.99383792582256,0.739938080495356,0.06140437155357427,0.2226342260837555,0.1702786377708978,0.8297213622291022,0.1180296242237091,0.0946282371878624,2.154757782138597,-0.035843171179294586
11b03Fc,C:/Project/AI-STRESS-DETECTOR/data/public/emodb/wav/11b03Fc.wav,C:\Project\AI-STRESS-DETECTOR\data\public\emodb\wav\11b03Fc.wav,moderate,1,speaker_11,train,de,emodb_b03,studio,controlled,An den Wochenenden bin ich jetzt immer nach Hause gefahren und habe Agnes besucht.,emodb_emotion=happiness; variation=c,3.8298125,0.07380475103855133,0.07465220242738724,0.17998692393302917,0.13311493957992093,0.14826512328590583,1659.3379412371255,1212.7423346392338,1467.0677492225984,539.6237944635026,2970.288713910761,1993.375688575634,0.285002738237381,0.21248623728752136,-23.286619186401367,11.715246200561523,0.44565388560295105,2.3270375728607178,-0.13705012202262878,0.28133511543273926,0.03479354456067085,-0.47500479221343994,-0.7500049471855164,0.08916328847408295,-0.3944416642189026,-0.2249579280614853,-0.41400620341300964,15.107315063476562,7.430121898651123,4.646945953369141,3.2862658500671387,2.7687790393829346,2.3916919231414795,2.127497911453247,1.729809045791626,1.6318674087524414,1.5237352848052979,1.3991093635559082,1.3020741939544678,1.3601982593536377,-0.0271753016859293,0.028207698836922646,0.00389475142583251,-0.004085591994225979,0.008241857402026653,0.003297889605164528,-0.009375330060720444,-0.009719500318169594,-0.0010343862231820822,0.0011837182100862265,-0.004508701618760824,-0.0009925337508320808,0.002627504989504814,5.63135290145874,2.6313533782958984,1.8685529232025146,1.1542872190475464,0.9693120718002319,1.0269049406051636,0.840819239616394,0.659025251865387,0.7057260870933533,0.6548306345939636,0.5746815204620361,0.58880615234375,0.5822130441665649,185.96557509673218,53.48172955621633,268.5990338164251,0.6194225721784777,0.11112982022247134,0.2793910801410675,0.28608923884514437,0.7139107611548556,0.10015147924423218,0.07324346899986267,4.438859604745663,-0.04050607606768608
11b03Lc,C:/Project/AI-STRESS-DETECTOR/data/public/emodb/wav/11b03Lc.wav,C:\Project\AI-STRESS-DETECTOR\data\public\emodb\wav\11b03Lc.wav,low,0,speaker_11,train,de,emodb_b03,studio,controlled,An den Wochenenden bin ich jetzt immer nach Hause gefahren und habe Agnes besucht.,emodb_emotion=boredom; variation=c,4.452875,0.08162038028240204,0.06340106576681137,0.1560349464416504,0.11180886754131378,0.1540745414656587,1384.021210530428,1203.3845515534556,1312.0729879293913,531.6026177051871,2459.5033860045146,1947.063477851484,0.2256200760602951,0.18948128819465637,-22.87161636352539,13.662013053894043,2.298435688018799,3.988995313644409,-0.7680224776268005,2.3066930770874023,1.0196031332015991,-0.7365505695343018,-0.12719504535198212,0.3563584089279175,0.7561182379722595,0.09486404806375504,-0.07905878871679306,11.364391326904297,8.711006164550781,3.963545560836792,2.8380110263824463,2.7418670654296875,1.6996572017669678,1.8624006509780884,1.531905174255371,1.2617310285568237,1.1687703132629395,1.1755367517471313,1.149936318397522,0.9361965656280518,0.037270642817020416,-0.0017070339526981115,-0.006458084564656019,-0.003046611091122031,-0.0029274108819663525,0.002337488578632474,0.0004100821097381413,-0.0028807325288653374,-0.0008020304376259446,-0.00492721376940608,-0.0015830218326300383,0.0028077748138457537,0.004709164146333933,4.027713775634766,2.3262181282043457,1.423228144645691,0.9898762106895447,0.9958384037017822,0.7044320702552795,0.6938194632530212,0.6367024183273315,0.5448013544082642,0.49219661951065063,0.4823567271232605,0.44981127977371216,0.4345284700393677,118.37990207983967,25.845658278969367,267.15776550030694,0.4469525959367946,0.06591473346970514,0.1959199607372284,0.2957110609480813,0.7042889390519187,0.11068928241729736,0.053202711045742035,3.368610167588356,-0.03196641057729721
11b03Nb,C:/Project/AI-STRESS-DETECTOR/data/public/emodb/wav/11b03Nb.wav,C:\Project\AI-STRESS-DETECTOR\data\public\emodb\wav\11b03Nb.wav,low,0,speaker_11,train,de,emodb_b03,studio,controlled,An den Wochenenden bin ich jetzt immer nach Hause gefahren und habe Agnes besucht.,emodb_emotion=neutral; variation=b,3.6209375,0.07358714938163757,0.056438833475112915,0.13968782126903534,0.09433305485937063,0.12204574939115048,1307.6885993764145,1045.7126103492253,1305.7175252791137,549.9088899326827,2432.4444444444443,1819.0683275366302,0.20685501396656036,0.17482976615428925,-23.754514694213867,14.445287704467773,1.7972965240478516,3.6112325191497803,-0.6729521155357361,1.6796027421951294,0.8977265954017639,-0.6803916096687317,-0.22211270034313202,-0.0046105701476335526,0.35224348306655884,0.6388357281684875,-0.29630932211875916,13.714010238647461,8.288743019104004,4.235644340515137,2.8697469234466553,2.883366823196411,1.9522993564605713,2.2603414058685303,1.6244311332702637,1.3882031440734863,1.4248952865600586,0.9925016164779663,0.9952985644340515,1.1714454889297485,-0.0038481606170535088,0.0032693729735910892,0.006149281281977892,0.005835092626512051,0.003495817771181464,-0.001096017542295158,-0.0007117523346096277,-0.004585876129567623,-0.0027051654178649187,-0.0021292732562869787,0.00454482389613986,0.0012877484550699592,-0.00425124354660511,4.9903740882873535,2.635639190673828,1.84317147731781,1.0130560398101807,1.112435221672058,0.8041259050369263,0.7157374620437622,0.6967557668685913,0.6655665636062622,0.5842602849006653,0.5022964477539062,0.4740971624851227,0.4918932020664215,121.84447800181027,40.94673131942366,268.1238615664845,0.4305555555555556,0.11004921837547456,0.2183273285627365,0.23333333333333328,0.7666666666666667,0.09344840049743652,0.04949741065502167,3.037887287477345,-0.029121018946170807
11b03Td,C:/Project/AI-STRESS-DETECTOR/data/public/emodb/wav/11b03Td.wav,C:\Project\AI-STRESS-DETECTOR\data\public\emodb\wav\11b03Td.wav,moderate,1,speaker_11,train,de,emodb_b03,studio,controlled,An den Wochenenden bin ich jetzt immer nach Hause gefahren und habe Agnes besucht.,emodb_emotion=sadness; variation=d,5.905,0.06875946372747421,0.07129751145839691,0.17605620622634888,0.07195833386522331,0.111087120970648,1269.5516286440231,890.6142579125892,1530.9792618713298,570.0952374473754,2737.9966044142616,1765.2905300081677,0.25889337062835693,0.16864819824695587,-28.623729705810547,12.011813163757324,2.534508228302002,3.490817070007324,0.8475853800773621,2.421633005142212,0.36326172947883606,-0.4080077111721039,0.21127068996429443,0.9532734751701355,0.8715924024581909,-0.01312106940895319,0.015159924514591694,14.820806503295898,7.121886730194092,3.289276123046875,2.232694625854492,2.280380964279175,1.5194079875946045,1.6940577030181885,1.4748729467391968,1.267335295677185,1.0370503664016724,0.8108718991279602,1.1407133340835571,0.9981622695922852,0.011290046386420727,0.005974599625915289,-0.0028790999203920364,-0.0035441021900624037,0.00036091654328629375,0.002927048597484827,-0.0007666395977139473,-0.005693124141544104,-0.0027154365088790655,0.0043973494321107864,0.0025983890518546104,0.0002425324055366218,-0.0003679604269564152,3.644742012023926,2.067308187484741,1.2542433738708496,0.8378879427909851,0.9052586555480957,0.7041360139846802,0.6129609942436218,0.5855702757835388,0.5836451649665833,0.4906438887119293,0.4138401746749878,0.45992526412010193,0.41083747148513794,121.3865700658978,45.9069975286541,264.1269841269841,0.34804753820033957,0.1219663519501384,0.23247785866260529,0.43463497453310695,0.565365025466893,0.11592824012041092,0.06212526559829712,2.3708721422523285,-0.026295214891433716
11b03Wa,C:/Project/AI-STRESS-DETECTOR/data/public/emodb/wav/11b03Wa.wav,C:\Project\AI-STRESS-DETECTOR\data\public\emodb\wav\11b03Wa.wav,severe,3,speaker_11,train,de,emodb_b03,studio,controlled,An den Wochenenden bin ich jetzt immer nach Hause gefahren und habe Agnes besucht.,emodb_emotion=anger; variation=a,4.0648125,0.036900799721479416,0.03805481269955635,0.08843880146741867,0.1400841211940743,0.14733880647662825,1703.152196469584,1168.546862670247,1471.0442252822018,487.7043573273638,3035.2475247524753,1862.4909297722693,0.28016799688339233,0.20070090889930725,-29.426706314086914,11.404705047607422,0.510486364364624,2.7148513793945312,-0.9522502422332764,0.2863750755786896,0.5574827194213867,-0.998025119304657,-0.8098737001419067,-0.2155703753232956,-0.3799325227737427,0.019078584387898445,-0.44308269023895264,15.566774368286133,7.208881855010986,5.0538105964660645,3.011237144470215,2.9726133346557617,2.351909875869751,2.3256664276123047,1.651532530784607,1.5031925439834595,1.2778555154800415,1.1763172149658203,1.1328003406524658,1.2655309438705444,0.010833721607923508,-0.011415316723287106,-0.013680828735232353,-0.00976384524255991,-0.00677839107811451,-0.0013370850356295705,-0.007165445014834404,8.489412721246481e-05,0.0003213717136532068,-0.0017509920289739966,-0.0019236449152231216,-0.0013702526921406388,0.0008866544812917709,5.85840368270874,2.4219577312469482,1.856725811958313,1.1200798749923706,1.0319057703018188,0.8803414106369019,0.7752620577812195,0.7235414385795593,0.6697317957878113,0.5795015096664429,0.5218464732170105,0.49410995841026306,0.5683492422103882,173.79489913096089,44.66613148285572,257.39604635310155,0.5346534653465347,0.10122549582277705,0.21949411928653717,0.43069306930693074,0.5693069306930693,0.05903007835149765,0.037166789174079895,5.166289958023894,0.00929059088230133
11b03Wb,C:/Project/AI-STRESS-DETECTOR/data/public/emodb/wav/11b03Wb.wav,C:\Project\AI-STRESS-DETECTOR\data\public\emodb\wav\11b03Wb.wav,severe,3,speaker_11,train,de,emodb_b03,studio,controlled,An den Wochenenden bin ich jetzt immer nach Hause gefahren und habe Agnes besucht.,emodb_emotion=anger; variation=b,5.2135,0.06596601009368896,0.08469925820827484,0.19396939873695374,0.12920547998126336,0.1268837082796157,1689.095730120486,1051.731673860458,1504.9367407716643,467.4648118786446,3014.412331406551,1772.178587929707,0.28310078382492065,0.19135649502277374,-25.560152053833008,10.240628242492676,-1.0246376991271973,1.202972412109375,-1.226518988609314,-0.6068543195724487,-0.6468470692634583,-0.8571128249168396,-1.4136223793029785,-0.2633812129497528,-0.7312438488006592,-0.2182154655456543,-0.8487884402275085,17.963443756103516,6.309071063995361,5.290575981140137,3.612936496734619,2.684757709503174,2.8805012702941895,2.4871022701263428,1.7763158082962036,1.9193990230560303,1.5123752355575562,1.483503818511963,1.2282564640045166,1.331561803817749,-0.0004281134170014411,0.003580288263037801,0.0011810677824541926,0.005415784195065498,0.000929505389649421,1.2983935448573902e-05,-0.0036368819419294596,-0.004561339505016804,0.0008319150074385107,-3.627936166594736e-05,0.004078465513885021,0.0042641619220376015,0.0042774914763867855,4.727839469909668,2.1904900074005127,1.6444975137710571,1.0893993377685547,0.8562963604927063,0.9011915922164917,0.7053294777870178,0.6885414719581604,0.6746456623077393,0.6183795928955078,0.5332743525505066,0.5219159722328186,0.5446122884750366,229.47483371123747,53.28735612032258,251.65945165945163,0.5838150289017341,0.07114679186636869,0.24024677276611328,0.3872832369942196,0.6127167630057804,0.10259512811899185,0.09068091958761215,3.644384770307855,-0.0009745433926582336
11b09Ad,C:/Project/AI-STRESS-DETECTOR/data/public/emodb/wav/11b09Ad.wav,C:\Project\AI-STRESS-DETECTOR\data\public\emodb\wav\11b09Ad.wav,high,2,speaker_11,train,de,emodb_b09,studio,controlled,Ich will das eben wegbringen und dann mit Karl was trinken gehen.,emodb_emotion=fear; variation=d,2.7638125,0.07880766689777374,0.07942032814025879,0.1999186873435974,0.10754989663940873,0.13836218055899543,1654.920565932273,1078.1915527177687,1641.022113119179,483.66910990596983,3300.875912408759,1855.2594303615156,0.31963810324668884,0.19860079884529114,-24.930831909179688,10.246607780456543,2.0348074436187744,4.004496097564697,0.34515225887298584,0.8647617697715759,-0.07785829156637192,-0.23356640338897705,-0.3496251404285431,0.12866459786891937,0.10015492886304855,0.6759279370307922,-0.12988916039466858,18.74028968811035,6.911949157714844,3.595416307449341,2.919327974319458,2.0567853450775146,2.080155849456787,1.4976723194122314,1.5416069030761719,1.387528419494629,1.2910375595092773,1.1306875944137573,0.8980945944786072,1.231954574584961,0.0021911468356847763,0.0013290338683873415,-0.0011781880166381598,-0.007877396419644356,-0.0060893576592206955,-0.006541666109114885,-0.012388153932988644,-0.0046316878870129585,-0.00509620038792491,-0.009258914738893509,-0.007732091937214136,-0.004304318688809872,-0.0023235527332872152,5.706347942352295,2.3498213291168213,1.6377705335617065,1.0499950647354126,0.9879663586616516,0.9358760714530945,0.7614225149154663,0.6634888052940369,0.6621140837669373,0.5588123798370361,0.5629942417144775,0.5316100716590881,0.5071657299995422,161.0210313138118,54.95363875973472,276.3476347634763,0.5583941605839416,0.10546654982900668,0.2779977321624756,0.3138686131386861,0.6861313868613139,0.11268766969442368,0.07432533800601959,2.532733316749961,0.039246369153261185
11b09Fd,C:/Project/AI-STRESS-DETECTOR/data/public/emodb/wav/11b09Fd.wav,C:\Project\AI-STRESS-DETECTOR\data\public\emodb\wav\11b09Fd.wav,moderate,1,speaker_11,train,de,emodb_b09,studio,controlled,Ich will das eben wegbringen und dann mit Karl was trinken gehen.,emodb_emotion=happiness; variation=d,3.0365625,0.0626046359539032,0.0649142637848854,0.15634547173976898,0.10392703613337981,0.10878512778913767,1571.2622910601137,951.1290372284512,1544.0062237357238,463.0428112393964,3016.6887417218545,1658.8920430224061,0.28569239377975464,0.1716446578502655,-25.750707626342773,11.213818550109863,0.9012796878814697,4.122137546539307,0.7495559453964233,-0.2961421608924866,-0.12237432599067688,-0.08930609375238419,-0.9622200727462769,0.3659003973007202,-0.22636590898036957,0.5034112334251404,-0.3992454409599304,17.595726013183594,5.963559627532959,4.149294376373291,3.1086843013763428,2.029224395751953,2.5814461708068848,1.6577478647232056,1.3709523677825928,1.5028367042541504,1.7097728252410889,1.0978999137878418,1.1148737668991089,1.3938052654266357,-0.03453890606760979,0.01740119978785515,0.0014496473595499992,-0.007822797633707523,0.012009133584797382,0.001785561558790505,0.0026671255473047495,-0.00040444949991069734,0.0022366780322045088,-0.004096444696187973,-0.0029537989757955074,-0.0046092309057712555,0.0036368544679135084,5.6832170486450195,2.3167319297790527,1.7124512195587158,1.0940169095993042,0.8765740394592285,1.0251920223236084,0.7961608171463013,0.6047121286392212,0.6673792600631714,0.5763260722160339,0.582166850566864,0.580550491809845,0.5537799596786499,168.56501867358753,51.62073972685006,265.16007532956684,0.5562913907284768,0.12802060325581296,0.23935995995998383,0.3410596026490066,0.6589403973509934,0.09166456013917923,0.06245053932070732,3.622517237830606,0.007607255131006241
11b09Ld,C:/Project/AI-STRESS-DETECTOR/data/public/emodb/wav/11b09Ld.wav,C:\Project\AI-STRESS-DETECTOR\data\public\emodb\wav\11b09Ld.wav,low,0,speaker_11,train,de,emodb_b09,studio,controlled,Ich will das eben wegbringen und dann mit Karl was trinken gehen.,emodb_emotion=boredom; variation=d,3.377375,0.11217959970235825,0.08857911080121994,0.22986748814582825,0.07682897720491705,0.12531790422773478,1256.4265190128199,1052.668386270723,1385.4274146797707,491.3451041040442,2457.3809523809523,1824.362327635147,0.23817022144794464,0.18743519484996796,-20.643051147460938,13.027704238891602,2.9481797218322754,5.2085418701171875,0.6179547309875488,0.9399250745773315,-0.35641369223594666,0.06909815222024918,0.22806544601917267,0.06727758049964905,0.6674462556838989,-0.003935490269213915,-0.11744614690542221,13.315561294555664,7.0594377517700195,3.1193807125091553,3.3053553104400635,2.066671133041382,2.066403865814209,1.7098456621170044,1.530704140663147,1.2457576990127563,1.3300057649612427,0.9062435626983643,0.8497682809829712,0.8172024488449097,0.005942509509623051,0.01572182960808277,0.0003771803167182952,-0.0051787919364869595,-0.0005897744558751583,-0.005910275038331747,-0.002339976839721203,-0.0023530544713139534,-0.0023619255516678095,-0.004751826170831919,0.0008445502608083189,-0.0025413441471755505,-0.010406983084976673,4.359375,2.2045745849609375,1.3389003276824951,1.0241655111312866,0.8239467144012451,0.7934649586677551,0.6896470785140991,0.6538544297218323,0.5432152152061462,0.5277382731437683,0.4761632978916168,0.43183639645576477,0.37581077218055725,128.4430924372426,47.12644268001872,269.99405822935233,0.4494047619047619,0.09401007760564722,0.17466475069522858,0.22916666666666663,0.7708333333333334,0.14212442934513092,0.07896468788385391,2.3687035049409677,-0.044780485332012177
11b09Na,C:/Project/AI-STRESS-DETECTOR/data/public/emodb/wav/11b09Na.wav,C:\Project\AI-STRESS-DETECTOR\data\public\emodb\wav\11b09Na.wav,low,0,speaker_11,train,de,emodb_b09,studio,controlled,Ich will das eben wegbringen und dann mit Karl was trinken gehen.,emodb_emotion=neutral; variation=a,2.41925,0.12727127969264984,0.09485810995101929,0.26133355498313904,0.07822681704260652,0.11406310332967602,1292.1905342154419,1003.3886529652323,1313.7340796910678,449.7757652585197,2463.6666666666665,1633.1237620652707,0.20632822811603546,0.16312381625175476,-17.282413482666016,14.112075805664062,1.1845676898956299,5.618197441101074,0.4884936511516571,1.0340638160705566,-0.32224008440971375,-0.9776251912117004,-0.4307892620563507,-0.4801987409591675,0.6541005969047546,0.6758314371109009,-0.5842446684837341,13.907572746276855,7.2282514572143555,3.978992223739624,3.0599451065063477,2.621755838394165,1.9554308652877808,1.4672428369522095,1.816375970840454,1.1772688627243042,1.4932971000671387,1.1271586418151855,0.9588777422904968,1.027492642402649,-0.01601085625588894,0.009058277122676373,0.0014496009098365903,-0.014181812293827534,0.016451306641101837,0.008196232840418816,-0.002560920547693968,-0.0017735162982717156,0.0003994881990365684,-0.004260567016899586,-0.008140478283166885,0.006514628883451223,-0.0007384687778539956,5.846668243408203,2.676952362060547,1.9327003955841064,1.114576816558838,0.9472489356994629,0.8589252829551697,0.7005568146705627,0.8006742000579834,0.6340538263320923,0.6301765441894531,0.5118439197540283,0.4498443603515625,0.4712199568748474,126.2084115709796,40.867063232511754,263.07000642260755,0.525,0.05868255948671547,0.20275935530662537,0.21250000000000002,0.7875,0.15720777213573456,0.08467888832092285,3.3068099617650097,-0.06761237978935242
11b09Td,C:/Project/AI-STRESS-DETECTOR/data/public/emodb/wav/11b09Td.wav,C:\Project\AI-STRESS-DETECTOR\data\public\emodb\wav\11b09Td.wav,moderate,1,speaker_11,train,de,emodb_b09,studio,controlled,Ich will das eben wegbringen und dann mit Karl was trinken gehen.,emodb_emotion=sadness; variation=d,4.8993125,0.08240343630313873,0.091433584690094,0.2307589054107666,0.0703551912568306,0.11228855246132856,1281.5258066204485,897.5249920978489,1554.0943761903636,492.73671912775774,2745.4918032786886,1631.78550626527,0.269000381231308,0.16924454271793365,-28.593505859375,11.17162799835205,2.425140380859375,4.223077774047852,1.056061029434204,1.8757916688919067,0.17042727768421173,-0.03432067483663559,0.10094967484474182,0.8091675639152527,1.1557471752166748,0.2162953019142151,0.006077731028199196,16.004423141479492,6.483428001403809,2.9948911666870117,3.180190324783325,1.944743275642395,1.3890546560287476,1.4592095613479614,1.464178442955017,1.1379306316375732,1.4044147729873657,0.854856550693512,0.9274221062660217,0.9638743996620178,-0.002780394395813346,-0.00155626458581537,0.000462161231553182,0.0011968436883762479,0.002172135980799794,-0.002247477415949106,-0.002382134087383747,-0.0019807263743132353,-0.00029875070322304964,0.0002787572448141873,-0.0003336978261359036,-0.0010224260622635484,-0.000409716711146757,4.614809989929199,2.0139129161834717,1.2481087446212769,0.8980900049209595,0.8289811611175537,0.6564927101135254,0.6465293169021606,0.6204301118850708,0.521746039390564,0.5034750699996948,0.45642566680908203,0.4589214622974396,0.43180525302886963,138.2222328674944,72.47438688013919,260.3174603174603,0.33401639344262296,0.1439900184395561,0.26462510228157043,0.4795081967213115,0.5204918032786885,0.151693657040596,0.07771191000938416,2.0411027057367743,0.001306973397731781
11b09Wa,C:/Project/AI-STRESS-DETECTOR/data/public/emodb/wav/11b09Wa.wav,C:\Project\AI-STRESS-DETECTOR\data\public\emodb\wav\11b09Wa.wav,severe,3,speaker_11,train,de,emodb_b09,studio,controlled,Ich will das eben wegbringen und dann mit Karl was trinken gehen.,emodb_emotion=anger; variation=a,3.81,0.08025442808866501,0.08389178663492203,0.1885336935520172,0.1286329279663539,0.133860579689537,1717.096409745966,1013.8982781283147,1517.4912028555675,440.50431256394955,3186.490765171504,1650.722103697359,0.27853232622146606,0.17375175654888153,-22.646381378173828,10.403340339660645,-0.8919275403022766,2.8146824836730957,-1.102797269821167,-1.4407987594604492,-1.1527388095855713,-0.7170647978782654,-1.5198110342025757,-0.4176618158817291,-0.9150989651679993,-0.1383887082338333,-0.9761768579483032,19.989599227905273,6.121420383453369,4.789924144744873,3.5961883068084717,2.71811842918396,2.4988510608673096,1.794218897819519,1.5245479345321655,1.8743077516555786,1.5426489114761353,1.4102531671524048,1.4550141096115112,1.504335641860962,-0.04697439447045326,-0.00464143231511116,0.013959407806396484,-0.0032737846486270428,0.0063497647643089294,0.0089452238753438,-0.004737642128020525,0.0026953434571623802,0.0050314669497311115,0.0015123141929507256,0.0013845973880961537,0.0024850070476531982,0.0046773264184594154,6.039244174957275,2.146430492401123,1.7752550840377808,1.0324777364730835,0.8667057752609253,0.8940221667289734,0.7582939863204956,0.6404304504394531,0.7112576365470886,0.6449691653251648,0.5761069059371948,0.5719560980796814,0.5603323578834534,213.98605769146485,54.22432121489741,249.5952906548933,0.6701846965699209,0.05880400784715426,0.21504491567611694,0.2849604221635884,0.7150395778364116,0.10949152708053589,0.08262880891561508,3.149606299212598,-0.01674512028694153
11b10Ad,C:/Project/AI-STRESS-DETECTOR/data/public/emodb/wav/11b10Ad.wav,C:\Project\AI-STRESS-DETECTOR\data\public\emodb\wav\11b10Ad.wav,high,2,speaker_11,train,de,emodb_b10,studio,controlled,"Die wird auf dem Platz sein, wo wir sie immer hinlegen.",emodb_emotion=fear; variation=d,2.4455625,0.10988163203001022,0.09714885801076889,0.2344127744436264,0.11332858896211721,0.1592641779915306,1742.6705114181907,1171.8761596437153,1714.1139918977804,461.0471740098155,3483.456790123457,1777.7651577055494,0.3363301157951355,0.1847536861896515,-19.900657653808594,9.197724342346191,2.8075900077819824,4.271183013916016,0.4909384846687317,1.5686159133911133,0.20604510605335236,-0.06942695379257202,0.08069533854722977,0.11275169998407364,0.4185895025730133,0.5049044489860535,0.0634341910481453,15.51393985748291,7.030196666717529,3.258594512939453,2.997706174850464,1.9602577686309814,1.6327383518218994,1.3682377338409424,1.571299433708191,1.22384774684906,1.3158833980560303,0.9620749950408936,1.1040102243423462,0.8518481850624084,0.0009851808426901698,0.0021495327819138765,-0.001730763353407383,-0.003083717543631792,0.00132289610337466,0.0034213378094136715,0.0018405745504423976,0.0008445149287581444,0.00428404426202178,-0.0076853022910654545,0.0037604353856295347,0.012288367375731468,0.011648692190647125,3.723740816116333,2.307180881500244,1.38737154006958,0.97037273645401,0.9089173674583435,0.7465441226959229,0.6421508193016052,0.6795634031295776,0.567405641078949,0.5251175165176392,0.5063318014144897,0.4618943929672241,0.40966665744781494,140.41303105119758,54.27934615861321,265.16007532956684,0.4732510288065844,0.08096128109885639,0.19827191531658173,0.37860082304526754,0.6213991769547325,0.1699673980474472,0.0747607946395874,2.8623271742186103,0.033351629972457886
11b10Ae,C:/Project/AI-STRESS-DETECTOR/data/public/emodb/wav/11b10Ae.wav,C:\Project\AI-STRESS-DETECTOR\data\public\emodb\wav\11b10Ae.wav,high,2,speaker_11,train,de,emodb_b10,studio,controlled,"Die wird auf dem Platz sein, wo wir sie immer hinlegen.",emodb_emotion=fear; variation=e,2.9425625,0.10353054851293564,0.09717446565628052,0.24178574979305267,0.10145226078895869,0.14148363415995,1763.2504599228168,1125.4302292252878,1776.5019385049952,486.89824505111335,3702.7397260273974,1811.959705223422,0.3506971001625061,0.19365908205509186,-22.467317581176758,8.946255683898926,3.2089998722076416,4.472663879394531,0.5184897184371948,1.076221227645874,0.3094862699508667,-0.010434458032250404,-0.10704442858695984,-0.014432854950428009,0.12557196617126465,0.3775326907634735,0.04435316473245621,16.95125961303711,6.504711627960205,3.063798666000366,3.447356700897217,2.0464062690734863,1.7262382507324219,1.4814358949661255,1.53414785861969,1.3820240497589111,1.409358263015747,0.9576108455657959,1.1672948598861694,1.0104882717132568,-0.0008108713664114475,0.002352518495172262,0.0019604915287345648,0.006328918505460024,0.0008731292327865958,-0.0021917885169386864,0.003823724575340748,0.010320315137505531,-0.002882816130295396,-0.00863543152809143,-0.003863387741148472,-0.007484673522412777,-0.0008966122404672205,4.347081184387207,2.2851805686950684,1.2059270143508911,0.8920572996139526,0.9506405591964722,0.7095898985862732,0.6455875635147095,0.652941882610321,0.5721019506454468,0.5326048731803894,0.5149967074394226,0.4615561366081238,0.4422350227832794,140.27636617883076,39.920925175434625,259.17001338688084,0.5136986301369864,0.0740015733983428,0.2169109284877777,0.3561643835616438,0.6438356164383562,0.15789063274860382,0.0797041803598404,2.0390391028227945,0.017350800335407257
11b10Ld,C:/Project/AI-STRESS-DETECTOR/data/public/emodb/wav/11b10Ld.wav,C:\Project\AI-STRESS-DETECTOR\data\public\emodb\wav\11b10Ld.wav,low,0,speaker_11,train,de,emodb_b10,studio,controlled,"Die wird auf dem Platz sein, wo wir sie immer hinlegen.",emodb_emotion=boredom; variation=d,3.3234375,0.12210827320814133,0.09894993901252747,0.2614061236381531,0.06773752563226246,0.12886710999139356,1226.733101640871,1065.3148397892965,1446.9444038523202,542.1092160009222,2465.212121212121,1846.293449173001,0.22910909354686737,0.1727747768163681,-22.603187561035156,12.162893295288086,3.2191543579101562,5.361885070800781,1.1475515365600586,1.7921772003173828,-0.14894498884677887,0.15310990810394287,-0.12399382144212723,0.18198265135288239,1.087498664855957,0.3696296811103821,0.16967317461967468,13.947126388549805,7.598910808563232,3.137118339538574,3.2292630672454834,2.1230275630950928,1.726405382156372,1.6373587846755981,1.4820983409881592,1.1823539733886719,1.379594326019287,0.8870804309844971,1.1862989664077759,0.8677394986152649,0.03541320562362671,0.00655690673738718,-0.008056013844907284,-0.001840414828620851,0.0027147470973432064,0.003275427734479308,0.005971255246549845,0.006818145513534546,-0.0030692974105477333,-0.005330249667167664,-0.0044325790368020535,-0.006193835288286209,-0.0049348147585988045,3.662724733352661,2.2160112857818604,1.2621173858642578,0.9161458611488342,0.8908484578132629,0.7159723043441772,0.6878942251205444,0.5979108810424805,0.545212984085083,0.5289039015769958,0.45588237047195435,0.448716402053833,0.4190254211425781,128.3642679007676,63.57368153157553,267.6434676434676,0.37272727272727274,0.0988564872152825,0.18187251687049866,0.3303030303030303,0.6696969696969697,0.17613112926483154,0.07580138742923737,2.7080394922425954,-0.028063997626304626
11b10Nc,C:/Project/AI-STRESS-DETECTOR/data/public/emodb/wav/11b10Nc.wav,C:\Project\AI-STRESS-DETECTOR\data\public\emodb\wav\11b10Nc.wav,low,0,speaker_11,train,de,emodb_b10,studio,controlled,"Die wird auf dem Platz sein, wo wir sie immer hinlegen.",emodb_emotion=neutral; variation=c,2.1325625,0.11390192806720734,0.08094983547925949,0.23023879528045654,0.07699343144591336,0.11637772423420643,1221.5621937982262,992.0108482674563,1368.1909789554697,502.49570296446404,2410.8056872037914,1720.6536879631838,0.20731715857982635,0.16456900537014008,-19.668338775634766,13.9085111618042,2.9096133708953857,5.4647674560546875,0.25365498661994934,1.2378745079040527,-0.044416166841983795,-0.6210857033729553,-0.5438999533653259,-0.46112650632858276,0.35752251744270325,0.6857854723930359,-0.2664888799190521,13.704362869262695,7.060422420501709,4.053924083709717,3.009791612625122,2.4717259407043457,1.6604065895080566,1.6474312543869019,1.83563232421875,1.3294895887374878,1.3346011638641357,0.9693637490272522,1.081485629081726,0.9558339715003967,-0.016961192712187767,0.028154689818620682,-0.009507161565124989,0.0012085291091352701,0.01953497715294361,-0.017986861988902092,-0.005517697427421808,-0.00035755554563365877,-0.009611628949642181,-0.01046743430197239,0.0004528331628534943,0.0004461311618797481,0.004980641417205334,4.8533220291137695,2.6307213306427,1.728938341140747,1.1536856889724731,1.108403205871582,0.7666471004486084,0.7400785684585571,0.6298652291297913,0.5990414023399353,0.5869726538658142,0.4599372446537018,0.4913109540939331,0.4590131342411041,123.62095454350467,40.81763661168075,268.1238615664845,0.5829383886255924,0.1060196209758043,0.19060064852237701,0.22274881516587675,0.7772511848341233,0.14241018891334534,0.06893038749694824,3.2824360364584857,-0.0290064737200737
11b10Td,C:/Project/AI-STRESS-DETECTOR/data/public/emodb/wav/11b10Td.wav,C:\Project\AI-STRESS-DETECTOR\data\public\emodb\wav\11b10Td.wav,moderate,1,speaker_11,train,de,emodb_b10,studio,controlled,"Die wird auf dem Platz sein, wo wir sie immer hinlegen.",emodb_emotion=sadness; variation=d,3.8895625,0.11569785326719284,0.09734932333230972,0.26161524653434753,0.07351712614870509,0.14662579861833203,1272.1188853069468,1108.8773981171719,1529.4725277901987,464.3272476626044,2551.214470284238,1818.3336560576147,0.24329949915409088,0.16303464770317078,-23.02312469482422,10.421226501464844,3.1723005771636963,4.709664821624756,1.6752948760986328,2.279362440109253,0.6997363567352295,0.3008401691913605,0.10630146414041519,0.606250524520874,1.2019553184509277,0.32198604941368103,-0.038896117359399796,14.11744213104248,6.9315948486328125,2.6421360969543457,3.11145281791687,2.1754956245422363,1.6782138347625732,1.5819369554519653,1.5550367832183838,1.3704794645309448,1.1140365600585938,0.9101961255073547,1.1313939094543457,0.9244698286056519,-0.0017052583862096071,-0.0025955145247280598,0.0026458818465471268,-0.0034203468821942806,-0.007884486578404903,-0.004853214602917433,-0.00045403861440718174,-0.005414912477135658,-0.006524170283228159,-0.0012286759447306395,0.0017696633003652096,-0.00011839792568935081,0.001266300561837852,3.8275179862976074,1.8861932754516602,1.0447797775268555,0.7709206938743591,0.8520759344100952,0.7257357239723206,0.5792538523674011,0.5951351523399353,0.56819087266922,0.4878085255622864,0.44021692872047424,0.459137499332428,0.4213660955429077,116.53943730557765,39.66600984297904,265.16007532956684,0.4315245478036176,0.0847102395267387,0.17152100801467896,0.3565891472868217,0.6434108527131783,0.17125900089740753,0.07776978611946106,2.828081564443302,-0.007168397307395935
11b10Wa,C:/Project/AI-STRESS-DETECTOR/data/public/emodb/wav/11b10Wa.wav,C:\Project\AI-STRESS-DETECTOR\data\public\emodb\wav\11b10Wa.wav,severe,3,speaker_11,train,de,emodb_b10,studio,controlled,"Die wird auf dem Platz sein, wo wir sie immer hinlegen.",emodb_emotion=anger; variation=a,2.8858125,0.060663215816020966,0.06695300340652466,0.1680072546005249,0.12012609922017586,0.1356624080530397,1707.3694580612505,1073.4340176830906,1515.1922917239674,451.823565003344,3058.118466898955,1694.3326150304247,0.27062666416168213,0.17073847353458405,-24.816402435302734,10.427273750305176,-1.0879473686218262,2.463942527770996,-0.4979824423789978,-1.1746325492858887,-0.7521775364875793,-0.8705669641494751,-1.6460614204406738,-0.8236797451972961,-0.7591457366943359,0.0023468430154025555,-0.7738620042800903,17.82965087890625,5.981078147888184,4.9263014793396,3.920624017715454,2.2893049716949463,2.3967628479003906,2.0563724040985107,1.7834886312484741,1.9416924715042114,1.6665748357772827,1.3918746709823608,1.2733583450317383,1.371241569519043,-0.049912720918655396,-0.0029977140948176384,0.019944168627262115,-0.004023194778710604,0.00849319901317358,0.012791537679731846,0.0015341911930590868,-0.005129441153258085,-0.006979831028729677,0.006896466016769409,-0.003737738821655512,-0.0005076995003037155,0.0013444341020658612,4.630621910095215,1.9140853881835938,1.803561806678772,1.0656485557556152,0.8456913828849792,0.8887432813644409,0.6951607465744019,0.6581858992576599,0.6555299162864685,0.608879804611206,0.5543844699859619,0.533062756061554,0.501542329788208,208.87679527936993,34.90394712363274,170.35692679975804,0.6411149825783972,0.04579213921552453,0.22931291162967682,0.32752613240418116,0.6724738675958188,0.08656889945268631,0.06783298403024673,2.4256600177592964,-0.02197880670428276
12a01Fb,C:/Project/AI-STRESS-DETECTOR/data/public/emodb/wav/12a01Fb.wav,C:\Project\AI-STRESS-DETECTOR\data\public\emodb\wav\12a01Fb.wav,moderate,1,speaker_12,train,de,emodb_a01,studio,controlled,Der Lappen liegt auf dem Eisschrank.,emodb_emotion=happiness; variation=b,1.863625,0.057083047926425934,0.059426430612802505,0.14539004862308502,0.1106162144491664,0.09354070353846683,1632.1520764005688,790.7568426491315,1476.813454625657,416.81155711434127,3147.1739130434785,1405.6843653436729,0.267586886882782,0.1616695374250412,-26.51641273498535,11.070493698120117,-1.1434746980667114,3.598314046859741,-0.9338927268981934,-0.9287204742431641,0.78636234998703,-1.2203609943389893,-1.0078264474868774,1.324109673500061,-0.4027271568775177,0.042822305113077164,-0.41287514567375183,20.597517013549805,6.317351818084717,4.738685607910156,2.9631779193878174,2.511228084564209,2.558549404144287,1.5974245071411133,1.9583500623703003,1.6886926889419556,1.5788547992706299,1.2609602212905884,1.186745524406433,1.5645766258239746,0.03570614755153656,-0.00801409874111414,0.008936743251979351,-0.025390686467289925,-0.0007759578875266016,0.016359228640794754,0.026563063263893127,-0.008431852795183659,-0.015854664146900177,-0.004880248103290796,-0.0011188491480425,0.005692766979336739,-0.005856113508343697,6.433995246887207,2.0891849994659424,1.7009981870651245,1.1033408641815186,0.9191126823425293,1.0250390768051147,0.7309555411338806,0.8030001521110535,0.7906337380409241,0.735238790512085,0.5700857043266296,0.5886244773864746,0.5892494320869446,203.11046557960486,78.29898015820802,250.98039215686273,0.5,0.2857260653792667,0.23808738589286804,0.38586956521739135,0.6141304347826086,0.08894876390695572,0.05567554011940956,3.7561204641491717,-0.04036431387066841
12a01Lb,C:/Project/AI-STRESS-DETECTOR/data/public/emodb/wav/12a01Lb.wav,C:\Project\AI-STRESS-DETECTOR\data\public\emodb\wav\12a01Lb.wav,low,0,speaker_12,train,de,emodb_a01,studio,controlled,Der Lappen liegt auf dem Eisschrank.,emodb_emotion=boredom; variation=b,1.8865625,0.10903643816709518,0.1020398736000061,0.26243457198143005,0.08605738946296222,0.09243882570249991,1274.9781651183519,869.2891126090101,1312.0668924813835,566.0035299097552,2507.1657754010694,1655.8404135641556,0.24832096695899963,0.18970221281051636,-23.34489631652832,12.177538871765137,0.7413405776023865,3.1074862480163574,-0.5475134253501892,1.1336816549301147,0.580146849155426,-0.2328285574913025,0.004756152164191008,1.1445740461349487,1.2703286409378052,0.18079251050949097,0.000679454708006233,30.203454971313477,6.990281105041504,3.069336175918579,2.7180533409118652,2.6725780963897705,2.160183906555176,1.8417502641677856,2.2704834938049316,1.6740388870239258,1.6197021007537842,1.318782091140747,1.6272344589233398,1.3315978050231934,-0.39414680004119873,-0.006130090914666653,0.02749352715909481,0.015440297313034534,0.016875702887773514,0.01157283317297697,0.012453853152692318,0.01119041908532381,0.019744697958230972,0.015019174665212631,0.01050872728228569,0.006521746516227722,-0.002361543709412217,6.001581192016602,1.9225715398788452,1.3233013153076172,1.0049314498901367,0.939832329750061,0.8233237862586975,0.6515902280807495,0.654056191444397,0.5380309224128723,0.5266126394271851,0.521081805229187,0.5018477439880371,0.46006065607070923,152.24966583517076,52.97756751016355,255.34053782357375,0.42245989304812837,0.12036097146975588,0.20626436173915863,0.2727272727272727,0.7272727272727273,0.14667072892189026,0.09540791809558868,2.6503230081166143,-0.09967625886201859
12a01Nb,C:/Project/AI-STRESS-DETECTOR/data/public/emodb/wav/12a01Nb.wav,C:\Project\AI-STRESS-DETECTOR\data\public\emodb\wav\12a01Nb.wav,low,0,speaker_12,train,de,emodb_a01,studio,controlled,Der Lappen liegt auf dem Eisschrank.,emodb_emotion=neutral; variation=b,1.7219375,0.07289043068885803,0.06485368311405182,0.14471223950386047,0.11920978917882942,0.11966602855067657,1612.7445486986999,904.5792928482838,1473.8747056485324,361.61371328169616,3075.0588235294117,1421.8807954747094,0.2877788841724396,0.17277728021144867,-19.39689826965332,11.612191200256348,-0.4294706881046295,3.587627410888672,-0.34280872344970703,-0.3125285804271698,0.10701344162225723,-0.797387957572937,-0.2730206549167633,0.9350639581680298,0.3708852529525757,0.2904582619667053,-0.7107746601104736,14.976597785949707,7.151298522949219,3.622483015060425,2.9724690914154053,1.504476547241211,1.8589766025543213,1.4185280799865723,1.7659642696380615,1.560661792755127,1.419764518737793,1.2897000312805176,1.4353358745574951,1.208596110343933,-0.0249490849673748,-0.009097166359424591,0.00731206638738513,-0.012014655396342278,0.008510123006999493,0.006146663799881935,-0.0010892496211454272,0.0012686967384070158,-0.0012030290672555566,0.0073440284468233585,0.009804910980165005,0.0023916251957416534,0.010789169929921627,5.5541229248046875,2.1370112895965576,1.6044282913208008,1.1278164386749268,0.8212125897407532,0.9085097312927246,0.7397899031639099,0.6352344155311584,0.6504145264625549,0.5191280245780945,0.5319994688034058,0.5685644745826721,0.4958924353122711,153.69301218484173,49.0770359501088,237.14513738456276,0.4764705882352941,0.12047094321439915,0.20484976470470428,0.31176470588235294,0.6882352941176471,0.10165448486804962,0.058668892830610275,2.9037058545969296,-0.040413450449705124
12a01Wc,C:/Project/AI-STRESS-DETECTOR/data/public/emodb/wav/12a01Wc.wav,C:\Project\AI-STRESS-DETECTOR\data\public\emodb\wav\12a01Wc.wav,severe,3,speaker_12,train,de,emodb_a01,studio,controlled,Der Lappen liegt auf dem Eisschrank.,emodb_emotion=anger; variation=c,2.3588125,0.059992603957653046,0.061668455600738525,0.1507629156112671,0.15083649294175608,0.13254329902221754,2019.843751339591,886.9039465567159,1634.7406166953942,412.2006889275097,3749.4017094017095,1280.9600370063597,0.33216309547424316,0.1744653731584549,-25.380409240722656,7.663275241851807,-2.2398006916046143,2.142059803009033,-1.3232808113098145,-1.0399636030197144,0.5255994200706482,-1.535644769668579,-0.9191119074821472,0.23904329538345337,-0.5434030890464783,0.29996007680892944,-0.7811892628669739,21.478057861328125,6.294201850891113,5.109772682189941,3.9673004150390625,2.434802770614624,2.921896457672119,1.8232858180999756,2.314234972000122,1.689727544784546,1.6714057922363281,1.597640872001648,1.2783564329147339,1.5241026878356934,0.04398050904273987,0.013066845014691353,-0.025722939521074295,-0.010840461589396,-0.008773460984230042,-0.006296663079410791,-0.002210099482908845,-0.005152242258191109,0.00529160350561142,-0.005145805887877941,0.0003539140452630818,0.007343585602939129,0.0004355082055553794,7.427424430847168,1.6970056295394897,1.7085058689117432,1.0916873216629028,0.972283124923706,1.0041812658309937,0.7247001528739929,0.8611853718757629,0.754050612449646,0.6248176097869873,0.6118698120117188,0.5581287741661072,0.5296043157577515,199.6165533248391,37.45660118533844,201.10192837465564,0.5726495726495726,0.06432387033769751,0.1820051521062851,0.33760683760683763,0.6623931623931624,0.08773013949394226,0.05869193375110626,3.391537055191966,0.03213214874267578
12a02Ac,C:/Project/AI-STRESS-DETECTOR/data/public/emodb/wav/12a02Ac.wav,C:\Project\AI-STRESS-DETECTOR\data\public\emodb\wav\12a02Ac.wav,high,2,speaker_12,train,de,emodb_a02,studio,controlled,Das will sie am Mittwoch abgeben.,emodb_emotion=fear; variation=c,1.2255,0.11470125615596771,0.0964590534567833,0.23954638838768005,0.1396052113755463,0.12897230341415744,1954.553343323807,990.0314846550513,1747.4663966729515,309.9965557768365,3717.685950413223,1423.6844066725635,0.3783710300922394,0.1563328504562378,-13.7083158493042,8.347105026245117,1.2291539907455444,2.8501012325286865,-0.5569603443145752,0.3489953279495239,0.32060834765434265,-0.537553608417511,-0.7976532578468323,0.18020853400230408,-0.1357925832271576,0.25573715567588806,-0.49626317620277405,15.337148666381836,5.911462306976318,3.4006309509277344,3.8159518241882324,1.7220029830932617,2.577660083770752,1.5822645425796509,1.7388157844543457,1.4766324758529663,1.3317142724990845,1.1939746141433716,1.271670937538147,1.1999976634979248,0.14786238968372345,0.03343281149864197,0.006121207028627396,-0.01426488533616066,0.009984086267650127,0.01750670187175274,0.00944471824914217,0.026655931025743484,0.01628739759325981,0.019143693149089813,-0.0048468406312167645,-0.018818488344550133,0.004027538001537323,6.243724822998047,2.4780850410461426,1.7407000064849854,1.3546648025512695,0.987239420413971,1.1978726387023926,0.7315191626548767,0.8703885674476624,0.7168000340461731,0.6257703304290771,0.5508108139038086,0.5532656908035278,0.6047781705856323,181.21953039184467,47.71784254169639,241.26984126984127,0.5041322314049587,0.1035104511689405,0.284990131855011,0.23140495867768596,0.768595041322314,0.14614205062389374,0.08842229843139648,4.079967360261118,-0.04201152175664902
12a02Ec,C:/Project/AI-STRESS-DETECTOR/data/public/emodb/wav/12a02Ec.wav,C:\Project\AI-STRESS-DETECTOR\data\public\emodb\wav\12a02Ec.wav,high,2,speaker_12,train,de,emodb_a02,studio,controlled,Das will sie am Mittwoch abgeben.,emodb_emotion=disgust; variation=c,3.294625,0.0636611357331276,0.06913577020168304,0.14964203536510468,0.09930790278448415,0.14618952773632243,1491.2588667178422,1147.629972642221,1553.7867427692076,447.81413675341446,2827.7675840978595,1772.142460444783,0.2536994218826294,0.13876265287399292,-28.252079010009766,10.204684257507324,3.4228672981262207,4.116128921508789,0.16236311197280884,0.8679209351539612,0.21026532351970673,-0.30723705887794495,-0.3803919851779938,0.7035999894142151,0.13198870420455933,0.504218339920044,0.06784103810787201,18.56807518005371,7.357771873474121,3.974172830581665,3.498793363571167,2.5695619583129883,2.3261001110076904,1.9252731800079346,1.8779816627502441,1.4245967864990234,1.5525282621383667,1.1161216497421265,1.048030972480774,1.0537242889404297,0.03244353458285332,-0.0037277524825185537,0.011343752034008503,-0.007250774186104536,-0.011660563759505749,-0.0006499839364551008,-0.008795284666121006,0.001754752011038363,-0.005305344704538584,-0.003050622995942831,-0.004603040404617786,-0.004205955658107996,0.008412068709731102,5.506259441375732,1.8625978231430054,1.5263421535491943,1.0632997751235962,0.9473239779472351,0.7432215213775635,0.6313316822052002,0.6717402338981628,0.5618141293525696,0.5412043929100037,0.4930557310581207,0.5321599245071411,0.4756046235561371,150.35143744065556,74.9958783793957,266.66666666666663,0.3394495412844037,0.25516154345782155,0.1941882222890854,0.3700305810397554,0.6299694189602446,0.09669750183820724,0.06798610836267471,3.338771483856281,-0.03635901212692261
12a02Nb,C:/Project/AI-STRESS-DETECTOR/data/public/emodb/wav/12a02Nb.wav,C:\Project\AI-STRESS-DETECTOR\data\public\emodb\wav\12a02Nb.wav,low,0,speaker_12,train,de,emodb_a02,studio,controlled,Das will sie am Mittwoch abgeben.,emodb_emotion=neutral; variation=b,1.7319375,0.11541464924812317,0.09700693935155869,0.2708562910556793,0.09953245687317709,0.12571816914592335,1584.5119239207345,1012.1641561135091,1560.7326540400286,405.1292054917566,3126.0818713450294,1489.6949624055194,0.26837223768234253,0.14132367074489594,-19.02912139892578,11.09020709991455,1.4584654569625854,4.197577476501465,-0.233878955245018,0.007888459600508213,0.5003507137298584,-0.857840895652771,-0.5916999578475952,0.42209866642951965,0.32193875312805176,0.7453087568283081,-0.40317070484161377,22.30988883972168,6.767665863037109,3.7603282928466797,3.3494138717651367,1.9767383337020874,2.5535097122192383,1.7883679866790771,1.688342571258545,1.4391069412231445,1.5155301094055176,1.069954752922058,1.1320834159851074,1.490187644958496,0.1777610331773758,0.03844093158841133,0.007188267074525356,-0.013289779424667358,-0.010761095210909843,-0.012911445461213589,-0.005693419836461544,-0.0043718586675822735,-0.007605577819049358,-0.0022712270729243755,0.008076131343841553,0.0021457059774547815,0.0009492865647189319,6.506775379180908,2.073338031768799,1.668145775794983,0.9340701699256897,0.8606135845184326,0.8867825865745544,0.5863736271858215,0.6545766592025757,0.6029989123344421,0.5407757759094238,0.4609208106994629,0.5727221369743347,0.580941915512085,144.5527750633572,45.669205763243816,273.5042735042735,0.5497076023391813,0.14871450021203056,0.2099747359752655,0.2514619883040936,0.7485380116959064,0.1516590416431427,0.08559107035398483,2.8869402042510197,-0.059459902346134186
12a02Wa,C:/Project/AI-STRESS-DETECTOR/data/public/emodb/wav/12a02Wa.wav,C:\Project\AI-STRESS-DETECTOR\data\public\emodb\wav\12a02Wa.wav,severe,3,speaker_12,train,de,emodb_a02,studio,controlled,Das will sie am Mittwoch abgeben.,emodb_emotion=anger; variation=a,1.5074375,0.07822562754154205,0.08087415993213654,0.18288449943065643,0.1393080015474929,0.13901360866736556,1940.0970305094054,1071.3516803551438,1606.7201754339992,358.7577045957251,3586.577181208054,1469.2525478664957,0.32457348704338074,0.16144971549510956,-21.586130142211914,8.349135398864746,-0.7056877017021179,2.202065944671631,-2.317410707473755,-0.7618229985237122,-0.17282946407794952,-1.1237345933914185,-1.1419099569320679,-0.7996918559074402,-0.2506043016910553,0.10258688777685165,-0.7395013570785522,18.75055694580078,6.424867630004883,4.8079094886779785,3.702009439468384,2.5125670433044434,2.7722976207733154,1.7693071365356445,2.023970127105713,1.7455495595932007,1.4082175493240356,1.3655314445495605,1.5789151191711426,1.3654793500900269,-0.0061550140380859375,-0.0017090883338823915,0.0012272571912035346,-0.009312587790191174,-0.011476808227598667,-0.012611065991222858,-0.006001938134431839,-0.012039176188409328,0.007665345910936594,-4.067916961503215e-05,-0.01053442619740963,-0.009113522246479988,-0.009648478589951992,6.683653831481934,2.3385908603668213,1.720970630645752,1.0724866390228271,1.028906226158142,1.0613377094268799,0.7998558282852173,0.8275370001792908,0.7934104204177856,0.6345120668411255,0.6440193057060242,0.646230161190033,0.5959092378616333,224.62965401557977,58.113240881761094,248.17300521998507,0.6241610738255033,0.11421450509998696,0.2649463415145874,0.2684563758389261,0.7315436241610739,0.10527800768613815,0.07877633720636368,1.9901322608731706,0.00946897268295288
12a02Wc,C:/Project/AI-STRESS-DETECTOR/data/public/emodb/wav/12a02Wc.wav,C:\Project\AI-STRESS-DETECTOR\data\public\emodb\wav\12a02Wc.wav,severe,3,speaker_12,train,de,emodb_a02,studio,controlled,Das will sie am Mittwoch abgeben.,emodb_emotion=anger; variation=c,1.4658125,0.10157323628664017,0.09732921421527863,0.2471223622560501,0.14544983147523982,0.10651966169457963,1917.7845728046157,885.6662565898241,1565.1814496177478,419.1759202217401,3540.9655172413795,1383.79255179277,0.29726484417915344,0.18306484818458557,-20.137123107910156,9.594900131225586,-1.9591257572174072,2.8304359912872314,-2.152470350265503,-2.1441030502319336,0.9472401738166809,-2.0256803035736084,-1.404089093208313,-0.32742345333099365,-0.9972442388534546,0.7059997320175171,-0.8771388530731201,20.83983039855957,5.678433418273926,5.089167594909668,4.23184061050415,2.0857913494110107,3.2759599685668945,1.9313184022903442,2.217533826828003,1.4080256223678589,1.7217206954956055,1.2781981229782104,1.2836906909942627,1.6646488904953003,-0.019074933603405952,-0.01730143092572689,-0.02064432017505169,-0.005184768699109554,-0.0005217124707996845,0.017262129113078117,0.01671062409877777,0.010657587088644505,-0.004182483535259962,-0.01051565445959568,-0.010586721822619438,-0.0004214969230815768,-0.0022118831984698772,6.488083839416504,2.6060264110565186,2.1040189266204834,1.1633754968643188,0.8601775765419006,1.1651051044464111,0.7538037896156311,0.8099775910377502,0.6151257753372192,0.7648166418075562,0.5336105823516846,0.6134945154190063,0.6024436950683594,203.6713999799293,45.40272118245885,221.02254684026673,0.6827586206896552,0.10240375644863675,0.2738727927207947,0.2206896551724138,0.7793103448275862,0.12925127148628235,0.093144990503788,2.7288619792777045,-0.013349592685699463
12a04Wc,C:/Project/AI-STRESS-DETECTOR/data/public/emodb/wav/12a04Wc.wav,C:\Project\AI-STRESS-DETECTOR\data\public\emodb\wav\12a04Wc.wav,severe,3,speaker_12,train,de,emodb_a04,studio,controlled,Heute abend koennte ich es ihm sagen.,emodb_emotion=anger; variation=c,1.577625,0.09726440161466599,0.08508287370204926,0.24225255846977234,0.17029753871859132,0.1455878227553353,2088.528143554158,1073.5005453543195,1565.8677598611878,307.03498018663066,3550.5128205128203,1424.8570755458493,0.32672005891799927,0.16065162420272827,-16.8480224609375,7.536034107208252,-2.3352770805358887,1.6462527513504028,-2.637047290802002,-1.7093307971954346,0.2025061398744583,-1.8605682849884033,-0.8911856412887573,-0.9966568350791931,-0.5996741056442261,-0.7193413972854614,-1.1218005418777466,17.3801212310791,6.42625093460083,5.7652692794799805,3.8757922649383545,2.2931182384490967,2.713637113571167,2.2834157943725586,2.0323050022125244,1.4724684953689575,1.545358419418335,1.4463896751403809,1.1816020011901855,1.4521093368530273,0.09350666403770447,0.03815680369734764,0.004461802076548338,-0.003959339577704668,-0.01323587168008089,-0.022691112011671066,0.014331922866404057,0.01809181272983551,-0.0075690182857215405,-0.001280187047086656,-0.00038648874033242464,-0.0020581940189003944,0.010410218499600887,6.035689353942871,2.4976651668548584,2.1880857944488525,1.208121657371521,1.0010806322097778,1.14285147190094,0.9242602586746216,0.8627038598060608,0.6784006953239441,0.6629149913787842,0.6522324681282043,0.5056541562080383,0.6379127502441406,228.43525922652844,35.9101258105032,185.1851851851852,0.6730769230769231,0.05858797306670492,0.25543272495269775,0.22435897435897434,0.7756410256410257,0.12256995588541031,0.08035659790039062,3.8031851675778463,-0.0016770809888839722
12a05Ab,C:/Project/AI-STRESS-DETECTOR/data/public/emodb/wav/12a05Ab.wav,C:\Project\AI-STRESS-DETECTOR\data\public\emodb\wav\12a05Ab.wav,high,2,speaker_12,train,de,emodb_a05,studio,controlled,Das schwarze Blatt Papier befindet sich da oben neben dem Holzstueck.,emodb_emotion=fear; variation=b,3.234125,0.0747472494840622,0.07208377867937088,0.1769152581691742,0.13946860921774842,0.15940813654382682,1874.2353914271266,1148.8066717864199,1689.678501776186,326.7019166323844,3453.5825545171338,1736.5213733049404,0.3574185371398926,0.1813713014125824,-20.607952117919922,7.852867603302002,1.5342662334442139,3.17874813079834,-0.38373371958732605,-0.042610954493284225,0.3798207640647888,-0.18151694536209106,-0.5901870727539062,0.9966577291488647,-0.02492513693869114,0.4525434076786041,0.04791983589529991,17.422677993774414,7.239683151245117,3.515542507171631,2.975172996520996,2.5052175521850586,2.1975905895233154,1.5632967948913574,1.7648398876190186,1.6586010456085205,1.2741600275039673,1.4725338220596313,1.0560121536254883,1.4254493713378906,-0.029162801802158356,-0.01182299479842186,0.003986635245382786,-0.00683957152068615,-0.002432991052046418,0.005161269102245569,-0.0002652863331604749,0.00022866718063596636,0.005064919590950012,-0.0010620816610753536,0.0036537018604576588,0.0033231950365006924,0.00511518307030201,6.934844970703125,2.438894033432007,1.4714915752410889,1.1074024438858032,0.9074651002883911,0.9463664293289185,0.7673271894454956,0.7993736863136292,0.6871557235717773,0.6034371256828308,0.5640780925750732,0.5520018935203552,0.5468724370002747,170.79958778328677,38.52364216514363,250.98039215686273,0.4984423676012461,0.10185355607858393,0.26119881868362427,0.3021806853582555,0.6978193146417445,0.10359632968902588,0.06843972951173782,3.710431724191242,0.02851981669664383
12a05Lb,C:/Project/AI-STRESS-DETECTOR/data/public/emodb/wav/12a05Lb.wav,C:\Project\AI-STRESS-DETECTOR\data\public\emodb\wav\12a05Lb.wav,low,0,speaker_12,train,de,emodb_a05,studio,controlled,Das schwarze Blatt Papier befindet sich da oben neben dem Holzstueck.,emodb_emotion=boredom; variation=b,3.8276875,0.08125612139701843,0.07134256511926651,0.16776660084724426,0.10414487662726371,0.1299212737894564,1438.8521646484378,1023.0918429562535,1394.9641194326996,425.8358253957513,2712.4409448818897,1710.5145193926812,0.24728016555309296,0.18552710115909576,-21.611087799072266,12.599635124206543,1.056204915046692,3.9920735359191895,-0.9736074805259705,-0.7166232466697693,0.7078006863594055,-1.2866696119308472,-0.7410082221031189,0.893999457359314,0.0707157552242279,0.5090494751930237,-0.2155083864927292,16.186996459960938,7.697632312774658,3.722554922103882,3.107682704925537,2.439286470413208,1.955939769744873,1.9058430194854736,1.9432340860366821,1.4014742374420166,1.2290538549423218,1.4167801141738892,1.1902469396591187,1.145186185836792,-0.009260708466172218,0.00885483343154192,0.01100688986480236,-0.011174450628459454,-0.00218473793938756,0.0019408573862165213,-0.003726616268977523,-0.002490223851054907,0.0007862881757318974,0.004064205102622509,0.0005830936133861542,0.0025651364121586084,0.004088590387254953,5.264029502868652,2.1859958171844482,1.637534499168396,0.9584075808525085,0.8326785564422607,0.7575803399085999,0.6458833813667297,0.7561250925064087,0.5977693796157837,0.5088091492652893,0.5082813501358032,0.4858110845088959,0.47037240862846375,153.09746243076762,37.86719006699246,254.28973277074542,0.6404199475065617,0.0736060885228053,0.20085138082504272,0.2703412073490814,0.7296587926509186,0.10807795077562332,0.06556376069784164,3.1350521692275035,-0.017794355750083923
12a05Nd,C:/Project/AI-STRESS-DETECTOR/data/public/emodb/wav/12a05Nd.wav,C:\Project\AI-STRESS-DETECTOR\data\public\emodb\wav\12a05Nd.wav,low,0,speaker_12,train,de,emodb_a05,studio,controlled,Das schwarze Blatt Papier befindet sich da oben neben dem Holzstueck.,emodb_emotion=neutral; variation=d,3.185875,0.07505805790424347,0.06267514824867249,0.14656442403793335,0.11756520639137275,0.15251453638509227,1560.166654474681,1142.587340016252,1414.2054197310513,456.36804652931755,2895.0157728706627,1789.4416281190126,0.26865655183792114,0.195877805352211,-21.43050193786621,12.305910110473633,0.7112320065498352,3.6589386463165283,-0.378468781709671,-0.8262030482292175,0.5206598043441772,-1.082046627998352,-0.5745514631271362,1.1537353992462158,-0.29729485511779785,0.45227503776550293,-0.3023303151130676,14.989415168762207,8.610986709594727,3.7798445224761963,2.887073040008545,2.3168489933013916,2.1202468872070312,1.766971468925476,1.9081016778945923,1.3721758127212524,1.1222866773605347,1.4767141342163086,1.1653028726577759,1.1807880401611328,-0.04251190274953842,0.005206992384046316,0.00982763059437275,-0.009047649800777435,-0.008555850945413113,-0.00302465190179646,0.004154037218540907,-0.0015777969965711236,-0.009875244460999966,-0.0025539000052958727,0.003263726131990552,-0.0019259597174823284,-0.0043784333392977715,5.814894199371338,2.500164031982422,1.6930456161499023,1.071074366569519,0.809070885181427,0.896286129951477,0.6977670788764954,0.8079390525817871,0.6087074875831604,0.5694270133972168,0.4604422152042389,0.5620059370994568,0.4930994510650635,147.79542586553734,32.057675129226055,260.3174603174603,0.6182965299684543,0.0792832448028654,0.23196613788604736,0.2365930599369085,0.7634069400630915,0.09589836001396179,0.05739768594503403,3.1388551026013265,-0.019297964870929718
12a05Ta,C:/Project/AI-STRESS-DETECTOR/data/public/emodb/wav/12a05Ta.wav,C:\Project\AI-STRESS-DETECTOR\data\public\emodb\wav\12a05Ta.wav,moderate,1,speaker_12,train,de,emodb_a05,studio,controlled,Das schwarze Blatt Papier befindet sich da oben neben dem Holzstueck.,emodb_emotion=sadness; variation=a,5.36025,0.08281215280294418,0.07929043471813202,0.20017078518867493,0.09383477420142115,0.13407188151728175,1397.498762728095,995.30865938543,1538.4420845755812,434.7738633708902,2735.205992509363,1728.010117174585,0.2764734923839569,0.1790364533662796,-23.533187866210938,11.310492515563965,2.7217414379119873,3.513291120529175,-0.18173812329769135,0.09289401024580002,0.7105600237846375,-0.1342916190624237,0.1345200091600418,0.9673411846160889,0.4710135757923126,0.23881517350673676,-0.2277669459581375,16.127485275268555,7.104258060455322,3.167948007583618,2.939375162124634,2.005246639251709,1.8822059631347656,1.870682716369629,1.5116519927978516,1.3684066534042358,1.5023854970932007,1.1112130880355835,1.0302820205688477,1.2742093801498413,-0.001149559742771089,-0.000364733103197068,0.002833313774317503,-0.0005426250863820314,0.004736009053885937,0.003120341571047902,0.0024060970172286034,0.0007297901320271194,-0.0016823301557451487,-0.0021809583995491266,2.562497502367478e-05,0.0021355883218348026,0.002357592573389411,4.373025894165039,1.7927720546722412,1.2325223684310913,0.9027565717697144,0.7249003052711487,0.7123494148254395,0.6793538331985474,0.643267810344696,0.5424570441246033,0.5071051716804504,0.43703246116638184,0.4749889373779297,0.519019603729248,135.34244621613152,56.96548369364098,267.15776550030694,0.40074906367041196,0.13945003601408673,0.21435189247131348,0.35018726591760296,0.649812734082397,0.12304943799972534,0.07101348042488098,2.7983769413740034,0.02081739902496338
12a05Wb,C:/Project/AI-STRESS-DETECTOR/data/public/emodb/wav/12a05Wb.wav,C:\Project\AI-STRESS-DETECTOR\data\public\emodb\wav\12a05Wb.wav,severe,3,speaker_12,train,de,emodb_a05,studio,controlled,Das schwarze Blatt Papier befindet sich da oben neben dem Holzstueck.,emodb_emotion=anger; variation=b,3.48525,0.08465345203876495,0.08073311299085617,0.2172432392835617,0.1773237127400634,0.15024543497377374,2079.2092557799083,1071.9636995334906,1562.3788682279128,367.6024113682026,3605.187319884726,1547.8551329054321,0.3148045539855957,0.1833917796611786,-21.2783260345459,7.129256725311279,-2.085711717605591,1.999431848526001,-2.8886642456054688,-1.5984472036361694,0.3899729251861572,-1.9410326480865479,-1.15708589553833,-0.01205039769411087,-1.1988996267318726,-0.04221895709633827,-0.8431794047355652,19.398820877075195,7.498427867889404,5.083502769470215,3.9204678535461426,3.625927686691284,2.9521195888519287,1.6981996297836304,2.2275383472442627,1.6887115240097046,1.5933942794799805,1.7331899404525757,1.3250772953033447,1.3662853240966797,0.012123745866119862,-0.003074316307902336,0.0020560915581882,-0.00043184543028473854,-0.006030446849763393,0.0021869030315428972,0.0002171216910937801,0.0031280757393687963,-0.002062502084299922,0.0027699009515345097,0.0016862074844539165,-0.0034942496567964554,-0.0003465808986220509,7.0779805183410645,2.6397178173065186,1.9650737047195435,1.2189030647277832,1.0421319007873535,1.034199833869934,0.7788764238357544,0.8027681112289429,0.7341833710670471,0.6410809755325317,0.617129385471344,0.5742295980453491,0.5422970056533813,232.61444919613712,34.36981899669711,231.2925170068027,0.6253602305475504,0.06392294824910562,0.2758999466896057,0.27377521613832856,0.7262247838616714,0.11407488584518433,0.07614036649465561,3.4430815579944047,0.005803972482681274
12a07Ac,C:/Project/AI-STRESS-DETECTOR/data/public/emodb/wav/12a07Ac.wav,C:\Project\AI-STRESS-DETECTOR\data\public\emodb\wav\12a07Ac.wav,high,2,speaker_12,train,de,emodb_a07,studio,controlled,In sieben Stunden wird es soweit sein.,emodb_emotion=fear; variation=c,1.48,0.07932388782501221,0.06826947629451752,0.17963692545890808,0.14493425344182373,0.16836562109153194,1815.3266213473119,1242.9698310584818,1566.5846955334541,384.20832870292617,3299.178082191781,1721.7399238987887,0.313418447971344,0.169307678937912,-17.69659996032715,10.000117301940918,1.4716782569885254,3.2126564979553223,-0.49214228987693787,-0.5325599908828735,0.6124072074890137,-0.42800477147102356,-0.7424187660217285,0.8017579913139343,-0.19287772476673126,0.1733555942773819,-0.3297569155693054,12.678421020507812,7.608292102813721,4.0163893699646,3.209620475769043,1.7583534717559814,2.15889048576355,1.7044827938079834,1.9252903461456299,1.739365577697754,1.2045179605484009,1.057814121246338,0.9223136305809021,1.1289820671081543,0.09915180504322052,0.016335347667336464,-0.002371956128627062,0.012088602408766747,-0.02290482260286808,-0.004589446820318699,-0.024034226313233376,-0.004740135278552771,0.010566787794232368,0.0035238012205809355,-0.01255376823246479,-0.020060041919350624,0.005439168773591518,5.5922956466674805,2.96578311920166,1.7443100214004517,1.4029545783996582,0.7512948513031006,1.0692274570465088,0.7603153586387634,0.8644985556602478,0.8260049819946289,0.613247275352478,0.526302695274353,0.49154049158096313,0.5255700349807739,159.33357355001698,38.59494314102082,236.15257048092866,0.5753424657534246,0.09718467008866385,0.28017765283584595,0.1986301369863014,0.8013698630136986,0.09636606276035309,0.06591708213090897,4.72972972972973,0.053344786167144775
12a07La,C:/Project/AI-STRESS-DETECTOR/data/public/emodb/wav/12a07La.wav,C:\Project\AI-STRESS-DETECTOR\data\public\emodb\wav\12a07La.wav,low,0,speaker_12,train,de,emodb_a07,studio,controlled,In sieben Stunden wird es soweit sein.,emodb_emotion=boredom; variation=a,2.35125,0.149846151471138,0.10003155469894409,0.27353695034980774,0.11328751062204868,0.15240115481111358,1484.292028622381,1143.0637671299073,1354.321262428812,401.21264839876807,2661.2875536480688,1726.8433749985604,0.2342534214258194,0.17317858338356018,-13.729450225830078,12.733293533325195,0.5092254281044006,3.315861463546753,-1.2494691610336304,-0.8711026310920715,0.5693569779396057,-1.4305330514907837,-0.9168940782546997,0.8251755833625793,0.02837054245173931,0.09473076462745667,-0.5547418594360352,14.90443229675293,8.344636917114258,3.5994317531585693,2.1589183807373047,1.9313603639602661,2.4617722034454346,1.7588021755218506,1.9945106506347656,1.4620901346206665,1.246338129043579,1.6271470785140991,1.1152446269989014,1.3026713132858276,0.04178034886717796,-0.008699193596839905,-0.006775385234504938,0.0012168004177510738,0.006054380908608437,0.004483918659389019,0.004173427354544401,-0.0035480717197060585,-0.0052558789029717445,-0.007446570321917534,-0.006975062191486359,0.004106954671442509,0.0017730320105329156,4.6063313484191895,2.2987499237060547,1.536839485168457,0.8601415157318115,0.7405930757522583,0.8526136875152588,0.6113304495811462,0.6965398788452148,0.6224033236503601,0.4839291572570801,0.5454011559486389,0.48083919286727905,0.4421297609806061,167.3234659897739,39.46396539675195,222.98850574712642,0.6695278969957081,0.09215968288339244,0.1709585040807724,0.18884120171673824,0.8111587982832618,0.18136152625083923,0.08386296033859253,2.5518341307814993,-0.008485689759254456
12a07Wa,C:/Project/AI-STRESS-DETECTOR/data/public/emodb/wav/12a07Wa.wav,C:\Project\AI-STRESS-DETECTOR\data\public\emodb\wav\12a07Wa.wav,severe,3,speaker_12,train,de,emodb_a07,studio,controlled,In sieben Stunden wird es soweit sein.,emodb_emotion=anger; variation=a,2.33275,0.1248326301574707,0.08895055949687958,0.24676890671253204,0.15095097049984268,0.15773206694792843,1850.7723208070984,1143.8945034177068,1474.5219942643364,355.2576236406657,3313.246753246753,1497.1914036909227,0.2645745277404785,0.1573978215456009,-14.460952758789062,9.944677352905273,-0.22223147749900818,3.4073846340179443,-2.068315029144287,-1.7711249589920044,-0.06397278606891632,-1.5666842460632324,-1.6374841928482056,0.6042022705078125,-0.921144425868988,0.6232139468193054,-0.7144755721092224,15.8988037109375,7.590725421905518,4.715878486633301,3.3119633197784424,2.350550413131714,2.819776773452759,1.639936089515686,2.1022846698760986,1.717461347579956,1.4887347221374512,1.463117241859436,1.1145776510238647,1.1857633590698242,-0.038084253668785095,0.00010668560571502894,0.03863600641489029,0.005407403688877821,-0.0014250020030885935,0.015590904280543327,-0.00412028981372714,-0.010575274005532265,0.004247929435223341,0.011009715497493744,0.001840275595895946,-0.004354027099907398,-0.0036392954643815756,5.099276065826416,2.4796032905578613,1.628136157989502,1.0254056453704834,0.8893743753433228,0.9523438811302185,0.6888492107391357,0.8449150323867798,0.6944954991340637,0.5166316628456116,0.5403839945793152,0.558736264705658,0.5237244963645935,180.54638029816073,37.7433650089202,258.58585858585855,0.6753246753246753,0.060625331601775655,0.17692850530147552,0.19480519480519476,0.8051948051948052,0.15224948525428772,0.07705216854810715,2.143392991104919,0.02322966605424881
12b01Ta,C:/Project/AI-STRESS-DETECTOR/data/public/emodb/wav/12b01Ta.wav,C:\Project\AI-STRESS-DETECTOR\data\public\emodb\wav\12b01Ta.wav,moderate,1,speaker_12,train,de,emodb_b01,studio,controlled,"Was sind denn das fuer Tueten, die da unter dem Tisch stehen.",emodb_emotion=sadness; variation=a,3.9954375,0.09600602090358734,0.08101744949817657,0.22194986045360565,0.10616994748176976,0.15183233955684527,1415.285420325972,1123.0069478823286,1493.5288350588025,358.69501893258644,2584.7236180904524,1770.8640820175542,0.26504236459732056,0.17220327258110046,-20.337862014770508,10.727911949157715,2.6996819972991943,4.108226776123047,-0.10457392781972885,-0.15032126009464264,0.27636346220970154,0.27172231674194336,0.7712899446487427,0.8729976415634155,0.6616929173469543,0.23509086668491364,0.042304255068302155,14.229859352111816,7.3089919090271,2.8409175872802734,3.025190830230713,1.8164318799972534,2.17060923576355,1.8072830438613892,1.6884649991989136,1.331080675125122,1.3582336902618408,1.1209650039672852,1.009389877319336,1.2273955345153809,-0.0015616919845342636,0.009174232371151447,0.004185297526419163,-0.009287914261221886,0.003196301171556115,0.008695770055055618,-0.0022673921193927526,-0.006498511880636215,0.006473255343735218,0.002004825510084629,-0.00682738097384572,-0.0035400253254920244,0.001577197341248393,3.7353429794311523,2.0429980754852295,1.2375764846801758,0.9601529836654663,0.8033928871154785,0.7970869541168213,0.6441048979759216,0.6523518562316895,0.6185720562934875,0.4993897080421448,0.5263249278068542,0.48689398169517517,0.5273317098617554,162.20261483413984,86.06133953772942,269.0690690690691,0.3743718592964824,0.20669950672071832,0.2211882472038269,0.2814070351758794,0.7185929648241206,0.12766526639461517,0.07457298785448074,3.5039967462887356,-0.017765171825885773
12b01Wa,C:/Project/AI-STRESS-DETECTOR/data/public/emodb/wav/12b01Wa.wav,C:\Project\AI-STRESS-DETECTOR\data\public\emodb\wav\12b01Wa.wav,severe,3,speaker_12,train,de,emodb_b01,studio,controlled,"Was sind denn das fuer Tueten, die da unter dem Tisch stehen.",emodb_emotion=anger; variation=a,2.23725,0.06520100682973862,0.060508355498313904,0.15426917374134064,0.17224367224367224,0.17801880394957692,2168.4305768811228,1221.3370404038628,1614.933987930095,382.68868801563923,3770.09009009009,1606.351972187429,0.33189597725868225,0.18073701858520508,-22.427438735961914,6.9030022621154785,-0.38598692417144775,3.465658664703369,-1.4692984819412231,-2.1825952529907227,-0.2554333806037903,-1.4333833456039429,-1.1260600090026855,0.07944025099277496,-1.2537248134613037,0.4530876874923706,-0.60391765832901,18.440322875976562,8.301733016967773,4.168489456176758,3.8602349758148193,2.251704216003418,2.8750693798065186,1.3877688646316528,2.1934614181518555,1.5982576608657837,1.546610713005066,1.6779595613479614,1.3709304332733154,1.4534472227096558,-0.06473395973443985,-0.019974619150161743,0.01912897825241089,0.0030358561780303717,0.012210523709654808,-0.0009726705029606819,0.007908300496637821,0.0008163527236320078,-0.0045825713314116,-0.011617671698331833,-0.0027755917981266975,0.003345065750181675,0.006667280104011297,6.673660755157471,2.9250192642211914,1.8948167562484741,1.1101493835449219,0.9792213439941406,1.099743366241455,0.6984391808509827,0.849479615688324,0.7032952904701233,0.7026996612548828,0.702141284942627,0.599431037902832,0.6429408192634583,202.48977022049397,43.99515338085568,256.1766735679779,0.6216216216216216,0.07115346318323189,0.2903144061565399,0.2432432432432432,0.7567567567567568,0.0839923769235611,0.058081381022930145,3.5758185272097442,0.020113512873649597
12b02Ad,C:/Project/AI-STRESS-DETECTOR/data/public/emodb/wav/12b02Ad.wav,C:\Project\AI-STRESS-DETECTOR\data\public\emodb\wav\12b02Ad.wav,high,2,speaker_12,train,de,emodb_b02,studio,controlled,Sie haben es gerade hochgetragen und jetzt gehen sie wieder runter.,emodb_emotion=fear; variation=d,2.2313125,0.09073074162006378,0.06466767191886902,0.1874791383743286,0.10807561891153221,0.12840931002011458,1714.2181013420486,1043.3474147614445,1679.5533729963754,367.56795172954116,3373.755656108597,1613.2480134702619,0.32357871532440186,0.15096423029899597,-16.27933692932129,9.496406555175781,2.6017954349517822,3.3326709270477295,-0.4850320816040039,1.0460216999053955,0.68483966588974,0.13333973288536072,-0.32909515500068665,0.8068661689758301,-0.043322350829839706,0.7305535078048706,-0.25918659567832947,14.480264663696289,6.501867294311523,2.992185354232788,3.3787076473236084,1.9521123170852661,2.484342575073242,1.574298620223999,1.6027858257293701,1.5842846632003784,1.3704160451889038,1.4842262268066406,1.0689334869384766,1.3896857500076294,0.3471944034099579,0.008648708462715149,-0.038146764039993286,-0.039655134081840515,-0.015046904794871807,-0.007226732559502125,-0.021118054166436195,-0.02209470421075821,-0.007636784575879574,0.0027053712401539087,-0.006149138789623976,-0.010329054668545723,-0.0015146894147619605,7.002043724060059,2.6740097999572754,1.4847583770751953,1.3239926099777222,0.9718119502067566,1.0838412046432495,0.8615099787712097,0.9016188383102417,0.7839752435684204,0.6140304803848267,0.7210446000099182,0.5900788307189941,0.5753639936447144,156.4076401572087,52.077192634826176,248.88888888888886,0.5701357466063348,0.1520925365137655,0.32855165004730225,0.16742081447963797,0.832579185520362,0.10608657449483871,0.060046833008527756,5.3780006162292375,0.015609249472618103
12b02Ea,C:/Project/AI-STRESS-DETECTOR/data/public/emodb/wav/12b02Ea.wav,C:\Project\AI-STRESS-DETECTOR\data\public\emodb\wav\12b02Ea.wav,high,2,speaker_12,train,de,emodb_b02,studio,controlled,Sie haben es gerade hochgetragen und jetzt gehen sie wieder runter.,emodb_emotion=disgust; variation=a,5.567,0.06737209111452103,0.07374589145183563,0.16879118978977203,0.12040461514145724,0.15471869188066492,1764.6399129961517,1155.0250018299878,1662.712065841468,429.316858824684,3386.3063063063064,1718.4740391677624,0.31496328115463257,0.15217240154743195,-25.887115478515625,8.704594612121582,2.242170810699463,2.656289577484131,-0.5952856540679932,0.535847544670105,0.1194150522351265,-0.38822177052497864,-0.7803546190261841,0.4063415825366974,0.11368731409311295,0.4605080485343933,-0.13484999537467957,19.91466522216797,7.077297210693359,3.8897829055786133,3.4973137378692627,2.351757526397705,2.642515182495117,1.77943754196167,1.8728586435317993,1.7247686386108398,1.7390105724334717,1.4661834239959717,1.185981035232544,1.1925849914550781,-0.006871981080621481,-0.0035428304690867662,0.0019807524513453245,0.0009747199947014451,0.004434558562934399,0.0027820179238915443,-0.0005951374769210815,0.0019256355008110404,0.004640945233404636,-0.0026237121783196926,-0.002105581108480692,0.002720091724768281,0.002260009991005063,5.171827793121338,1.817768931388855,1.405090570449829,1.0203208923339844,0.8419754505157471,0.7705354690551758,0.6426401734352112,0.6891890168190002,0.6229625344276428,0.5561633706092834,0.5180858969688416,0.5023730993270874,0.46007153391838074,181.43140958456235,58.613207020041024,275.55555555555554,0.4540540540540541,0.15168302155399402,0.20881175994873047,0.3153153153153153,0.6846846846846847,0.09601641446352005,0.07300390303134918,2.335189509610203,0.012660231441259384
12b02Fb,C:/Project/AI-STRESS-DETECTOR/data/public/emodb/wav/12b02Fb.wav,C:\Project\AI-STRESS-DETECTOR\data\public\emodb\wav\12b02Fb.wav,moderate,1,speaker_12,train,de,emodb_b02,studio,controlled,Sie haben es gerade hochgetragen und jetzt gehen sie wieder runter.,emodb_emotion=happiness; variation=b,3.304,0.07092930376529694,0.06843648105859756,0.1669929176568985,0.10271104590745155,0.12026683118502303,1445.647582893046,900.053551700868,1450.6181671701863,427.08725560753186,2786.4634146341464,1536.4251126268055,0.2482154369354248,0.1700383573770523,-24.126224517822266,12.231504440307617,0.6346776485443115,2.9963009357452393,-0.897684633731842,-0.9276491403579712,0.5514823198318481,-0.8863713145256042,-1.248875617980957,1.3178882598876953,-0.26034510135650635,0.4653266370296478,-0.6742633581161499,19.13642692565918,5.94344425201416,4.220938682556152,3.1153881549835205,2.6437041759490967,3.0067319869995117,2.047562599182129,1.6821699142456055,1.7004927396774292,1.5920599699020386,1.4130159616470337,1.1117186546325684,1.522750735282898,0.17993786931037903,0.01989971473813057,-0.003665265627205372,-0.003571972716599703,-0.009060906246304512,-0.004812173079699278,-0.005093259736895561,-0.007708096876740456,-0.010272948071360588,-0.0039918078109622,-0.004564252682030201,-0.008500172756612301,-0.006538138259202242,6.177219867706299,1.9644954204559326,1.4899296760559082,1.0743420124053955,0.9104681015014648,1.1507065296173096,0.7860538363456726,0.6853176355361938,0.6872758269309998,0.6207908391952515,0.5405251383781433,0.5823991894721985,0.5900187492370605,175.41539142933436,59.13677713737321,261.437908496732,0.5853658536585366,0.1798431138224927,0.23758435249328613,0.2957317073170732,0.7042682926829268,0.0976477637887001,0.06496933102607727,3.6319612590799033,-0.03231536224484444
12b02Na,C:/Project/AI-STRESS-DETECTOR/data/public/emodb/wav/12b02Na.wav,C:\Project\AI-STRESS-DETECTOR\data\public\emodb\wav\12b02Na.wav,low,0,speaker_12,train,de,emodb_b02,studio,controlled,Sie haben es gerade hochgetragen und jetzt gehen sie wieder runter.,emodb_emotion=neutral; variation=a,2.9820625,0.082709401845932,0.05985726788640022,0.16375946998596191,0.11369640317008736,0.13271977114275443,1599.305997283294,1039.3127864895098,1462.234200540097,326.83328389367847,2884.864864864865,1489.6283258941014,0.2514893710613251,0.14332261681556702,-18.574323654174805,11.614834785461426,1.1239826679229736,3.0447397232055664,-1.3160881996154785,-0.6981204152107239,0.3814486861228943,-0.9744595885276794,-1.2376457452774048,0.9376034140586853,-0.22890987992286682,0.48170995712280273,-0.7759266495704651,15.971115112304688,6.956190586090088,4.227303981781006,3.4577295780181885,2.172945499420166,2.6606645584106445,1.5836191177368164,1.584275722503662,1.4538588523864746,1.4256995916366577,1.6543872356414795,1.2476049661636353,1.6559184789657593,-0.054253578186035156,-0.009722406975924969,0.00016728446644265205,-0.004369403701275587,0.0012135908473283052,0.005437138024717569,-0.0032047757413238287,-0.008332385681569576,-0.0017420802032575011,-0.0005500920815393329,-0.0009130972321145236,-0.003283737925812602,-0.0020263902842998505,6.307303428649902,2.194382429122925,1.5390681028366089,1.0614814758300781,0.9040655493736267,1.0663353204727173,0.6010193824768066,0.7512471675872803,0.6188989877700806,0.5661133527755737,0.6504638195037842,0.6065372824668884,0.5767916440963745,160.79090182222575,40.46694114633701,254.92662473794547,0.6891891891891891,0.07684578777012725,0.2081092894077301,0.19932432432432434,0.8006756756756757,0.10066352784633636,0.053259558975696564,3.688722151195691,-0.024942584335803986
12b02Wa,C:/Project/AI-STRESS-DETECTOR/data/public/emodb/wav/12b02Wa.wav,C:\Project\AI-STRESS-DETECTOR\data\public\emodb\wav\12b02Wa.wav,severe,3,speaker_12,train,de,emodb_b02,studio,controlled,Sie haben es gerade hochgetragen und jetzt gehen sie wieder runter.,emodb_emotion=anger; variation=a,2.78375,0.0838383138179779,0.08985166251659393,0.22913601994514465,0.13266862809196905,0.11732297298664457,1866.9283346511754,941.9021035160947,1582.1085760245408,333.9878995913704,3402.8985507246375,1369.8842661887618,0.30053043365478516,0.154303178191185,-19.86310386657715,8.870824813842773,-0.536895751953125,1.3655163049697876,-2.8640410900115967,-1.206651210784912,0.14085973799228668,-1.5349124670028687,-1.2184942960739136,0.19511060416698456,-0.5752421021461487,0.25868502259254456,-1.1519484519958496,16.54401969909668,6.131580829620361,5.136578559875488,3.8759379386901855,2.9902772903442383,3.052725076675415,1.727987289428711,1.9403516054153442,1.631162166595459,1.8110774755477905,1.6793431043624878,1.2359774112701416,1.6438498497009277,-0.061058446764945984,-0.011040725745260715,0.021764464676380157,0.005992901511490345,0.011259500868618488,-0.00618139049038291,-0.002600638661533594,-0.0004960834048688412,0.00427794735878706,7.364456541836262e-05,0.0009728851728141308,0.011340765282511711,0.005790207535028458,5.932586669921875,2.2411868572235107,1.5303492546081543,1.1356831789016724,0.9189448356628418,1.0001180171966553,0.7272654175758362,0.7319512367248535,0.6521217823028564,0.6610919237136841,0.6307006478309631,0.6031392216682434,0.6001960039138794,203.83194731131513,48.79162809885216,239.76608187134502,0.7137681159420289,0.0884612325532616,0.22681398689746857,0.21014492753623193,0.7898550724637681,0.1043846607208252,0.09056677669286728,2.8738212842388866,0.05513645336031914
12b02Wb,C:/Project/AI-STRESS-DETECTOR/data/public/emodb/wav/12b02Wb.wav,C:\Project\AI-STRESS-DETECTOR\data\public\emodb\wav\12b02Wb.wav,severe,3,speaker_12,train,de,emodb_b02,studio,controlled,Sie haben es gerade hochgetragen und jetzt gehen sie wieder runter.,emodb_emotion=anger; variation=b,2.804125,0.07771231234073639,0.07242900878190994,0.18704654276371002,0.15857088765078162,0.12834953926287723,2041.6749166396978,994.2437410177055,1635.5987477529845,370.22822871259655,3581.726618705036,1477.4058190083203,0.32490116357803345,0.16110290586948395,-20.873085021972656,6.970205783843994,-1.7792601585388184,0.011482568457722664,-2.6911251544952393,-1.811095952987671,-0.010690620169043541,-1.4604429006576538,-1.310683250427246,0.025339648127555847,-0.7303916811943054,-0.1228385642170906,-0.7467091083526611,18.387367248535156,6.332489967346191,6.192992687225342,4.2102532386779785,2.933558940887451,2.8602027893066406,1.9350553750991821,2.0277228355407715,1.6455568075180054,2.009661912918091,1.4957975149154663,1.2692242860794067,1.4580390453338623,-0.02497464418411255,-0.012218866497278214,0.009965293109416962,0.010863075964152813,0.004555842839181423,-0.005390345584601164,-0.005735413637012243,0.0008573703817091882,-0.005827667657285929,0.0003689707664307207,0.0039044413715600967,0.004054166376590729,0.004824059549719095,6.476072311401367,2.4125025272369385,1.970547080039978,1.256301999092102,0.9235432744026184,1.1073983907699585,0.7713276147842407,0.7844259738922119,0.7197758555412292,0.6966801881790161,0.6367810368537903,0.6088674068450928,0.5909255743026733,262.39050889141595,64.89114297348155,243.66744366744365,0.6474820143884892,0.0898397208374884,0.2727065086364746,0.237410071942446,0.762589928057554,0.09969140589237213,0.06950905919075012,3.2095573485490125,-0.014121189713478088
12b02Wd,C:/Project/AI-STRESS-DETECTOR/data/public/emodb/wav/12b02Wd.wav,C:\Project\AI-STRESS-DETECTOR\data\public\emodb\wav\12b02Wd.wav,severe,3,speaker_12,train,de,emodb_b02,studio,controlled,Sie haben es gerade hochgetragen und jetzt gehen sie wieder runter.,emodb_emotion=anger; variation=d,2.649875,0.06466823816299438,0.07829628884792328,0.16574729979038239,0.1343853931406463,0.12765398075596854,1877.4704314500634,1005.3728312455104,1649.7952273187427,388.46687516895634,3414.4486692015207,1587.6647784989318,0.3212381899356842,0.16035079956054688,-22.407360076904297,8.7926664352417,0.46113696694374084,1.4028511047363281,-1.7473747730255127,-0.86778324842453,0.29515326023101807,-0.6624504923820496,-1.1745779514312744,0.20360127091407776,-0.7110897898674011,0.239539235830307,-0.7858327627182007,16.314775466918945,6.634052753448486,4.976006031036377,3.9686145782470703,2.303081512451172,3.035609722137451,1.8768051862716675,1.9931793212890625,1.448805570602417,1.9139131307601929,1.518730878829956,1.2625912427902222,1.4659711122512817,-0.01120003778487444,-0.0121973417699337,-0.00490938825532794,-0.0013979015639051795,0.0014251520624384284,-0.0015811783960089087,0.012663295492529869,-0.0006918372237123549,-0.005294042639434338,-0.002085596090182662,-0.006289608310908079,0.008148176595568657,0.0012423479929566383,6.429142951965332,2.263536214828491,1.740861415863037,1.2605433464050293,0.8986626267433167,1.0995185375213623,0.7272595167160034,0.7754789590835571,0.6390700936317444,0.696546196937561,0.6353084444999695,0.5740535259246826,0.6081228852272034,207.30985216958317,63.81116272008386,256.1766735679779,0.6045627376425855,0.1285260497358554,0.2512384057044983,0.2623574144486692,0.7376425855513308,0.08459244668483734,0.08235524594783783,4.528515496013963,0.07134010456502438
12b03La,C:/Project/AI-STRESS-DETECTOR/data/public/emodb/wav/12b03La.wav,C:\Project\AI-STRESS-DETECTOR\data\public\emodb\wav\12b03La.wav,low,0,speaker_12,train,de,emodb_b03,studio,controlled,An den Wochenenden bin ich jetzt immer nach Hause gefahren und habe Agnes besucht.,emodb_emotion=boredom; variation=a,3.94475,0.11565601825714111,0.08370798081159592,0.22885677218437195,0.10324919441460795,0.10704555458237029,1449.1872873560267,856.0827348487061,1415.8293501724131,428.61671779052426,2822.8571428571427,1489.2293583033654,0.24226787686347961,0.16147823631763458,-14.483966827392578,13.058850288391113,0.3389701843261719,2.61775803565979,-2.338381052017212,-0.3107611835002899,0.7827234268188477,-1.672908902168274,-0.9057265520095825,0.6841785907745361,-0.11016954481601715,-0.06830184161663055,-1.061515212059021,13.119396209716797,6.346909046173096,3.9079830646514893,2.9281201362609863,2.5976414680480957,2.8118274211883545,2.0112178325653076,1.959998369216919,1.4880306720733643,1.4034937620162964,1.3200957775115967,1.3001779317855835,1.3404344320297241,0.009487872011959553,-0.011123876087367535,-0.001063393079675734,0.0037317543756216764,-0.00597008503973484,-0.007601517252624035,0.0017592785879969597,-0.011195885948836803,-0.0031025598291307688,0.0012201812351122499,-0.007449156139045954,0.00035396157181821764,0.000712155713699758,4.10353422164917,1.9458385705947876,1.4289358854293823,0.9135521054267883,0.7862284779548645,0.8709579110145569,0.6356431245803833,0.6909605264663696,0.5856069922447205,0.5167201161384583,0.49320197105407715,0.4663495719432831,0.40297919511795044,166.07869109806325,57.10440139087073,268.5990338164251,0.7168367346938775,0.07692154211682285,0.16680283844470978,0.19897959183673475,0.8010204081632653,0.1403711885213852,0.0751894935965538,2.281513403891248,-0.06715673208236694
12b03Ta,C:/Project/AI-STRESS-DETECTOR/data/public/emodb/wav/12b03Ta.wav,C:\Project\AI-STRESS-DETECTOR\data\public\emodb\wav\12b03Ta.wav,moderate,1,speaker_12,train,de,emodb_b03,studio,controlled,An den Wochenenden bin ich jetzt immer nach Hause gefahren und habe Agnes besucht.,emodb_emotion=sadness; variation=a,5.9963125,0.07684115320444107,0.06199169158935547,0.15872491896152496,0.05377574370709383,0.08068288253059888,1037.045394120115,711.904942357197,1426.2439118436012,385.45793211914895,1975.9866220735787,1471.1854296392771,0.21007134020328522,0.13196410238742828,-24.116971969604492,13.05016040802002,3.1598095893859863,2.887021780014038,-0.38698339462280273,0.9909386038780212,1.2412711381912231,0.1829458326101303,0.3563354015350342,1.2483346462249756,0.9455499053001404,0.2165473997592926,-0.40836331248283386,14.662278175354004,5.6360673904418945,2.526357889175415,2.9117963314056396,1.8898241519927979,2.0527544021606445,1.420197606086731,1.59683358669281,1.5376250743865967,1.357859492301941,1.0962311029434204,1.1028122901916504,1.3240424394607544,-0.008114103227853775,0.0022858057636767626,0.004732219036668539,0.001786769018508494,0.0044890097342431545,0.0016316609689965844,0.0016006060177460313,-0.00074130913708359,-0.0028689743485301733,0.002360976068302989,0.00015676220937166363,-0.0010637154337018728,0.0033436829689890146,3.677753210067749,1.7810063362121582,1.0707420110702515,0.8530817031860352,0.7196274399757385,0.727030873298645,0.6602911353111267,0.6453313231468201,0.5762242078781128,0.5174504518508911,0.48981186747550964,0.4768160283565521,0.4627726674079895,144.37808780326347,67.18061305012796,256.7901234567901,0.4983277591973244,0.1471179932617768,0.20301717519760132,0.2976588628762542,0.7023411371237458,0.1038433238863945,0.054890312254428864,3.335383204260952,-0.022815018892288208
12b09Ac,C:/Project/AI-STRESS-DETECTOR/data/public/emodb/wav/12b09Ac.wav,C:\Project\AI-STRESS-DETECTOR\data\public\emodb\wav\12b09Ac.wav,high,2,speaker_12,train,de,emodb_b09,studio,controlled,Ich will das eben wegbringen und dann mit Karl was trinken gehen.,emodb_emotion=fear; variation=c,2.4719375,0.060958683490753174,0.0533660352230072,0.13417820632457733,0.07805227354099534,0.11317511136517162,1307.1760686652574,955.003004725397,1455.475799912833,409.7933790900448,2486.530612244898,1623.3389011042643,0.24449032545089722,0.14781466126441956,-26.56073760986328,11.295896530151367,2.399536371231079,3.909123659133911,-0.22246277332305908,-0.16574324667453766,0.8072245717048645,0.34483471512794495,-0.1543697714805603,1.0782496929168701,-0.022894537076354027,0.744608461856842,-0.008850113488733768,21.927501678466797,6.398606300354004,3.061779022216797,3.197808027267456,2.045119285583496,2.7596399784088135,1.6486035585403442,1.7978752851486206,1.6708178520202637,1.3395336866378784,1.689415454864502,1.201246738433838,1.3880064487457275,-0.02566693350672722,-0.012254527769982815,0.008093585260212421,0.004378970712423325,0.01038095448166132,0.008772386237978935,0.0006557123851962388,0.006495683919638395,-0.0008943800930865109,-0.0007848102250136435,0.010379361920058727,0.00675823912024498,0.0039102379232645035,7.304835796356201,2.4272892475128174,1.6018321514129639,1.219757080078125,0.9701760411262512,1.1546052694320679,0.7788118124008179,0.7717495560646057,0.7195417284965515,0.6019499897956848,0.7191950678825378,0.602027177810669,0.6075649857521057,143.63996315050005,47.146955080926695,255.55555555555554,0.5387755102040817,0.09330968160011759,0.284498006105423,0.3142857142857143,0.6857142857142857,0.08469262719154358,0.04847857356071472,3.2363277793228993,0.031318549066782
12b09Td,C:/Project/AI-STRESS-DETECTOR/data/public/emodb/wav/12b09Td.wav,C:\Project\AI-STRESS-DETECTOR\data\public\emodb\wav\12b09Td.wav,moderate,1,speaker_12,train,de,emodb_b09,studio,controlled,Ich will das eben wegbringen und dann mit Karl was trinken gehen.,emodb_emotion=sadness; variation=d,5.413875,0.08828792721033096,0.07991618663072586,0.20537032186985016,0.08310200361757827,0.11745528123406725,1255.833768840763,910.851835837661,1472.180049792429,407.91010845818715,2406.0111317254173,1619.7270229327441,0.23681534826755524,0.15185266733169556,-23.041643142700195,11.810970306396484,2.773503303527832,4.356668949127197,-0.15257760882377625,0.24604998528957367,0.4597505033016205,0.07717858254909515,0.7522921562194824,0.600043773651123,0.9458255767822266,0.24123135209083557,-0.3836255669593811,16.12377166748047,6.944838523864746,2.554764747619629,2.946743965148926,1.8589293956756592,2.1716325283050537,1.7065753936767578,1.6846413612365723,1.214749813079834,1.5907748937606812,1.0285167694091797,1.1485062837600708,1.3350226879119873,0.007874256931245327,0.006587517913430929,-0.0022962496150285006,-0.005345221143215895,-0.0033682025969028473,-0.0003740391694009304,0.001768377609550953,0.0010702003492042422,-0.00016039510956034064,0.0009698624489828944,0.0013108572456985712,-0.0028674141503870487,-0.0023123358841985464,4.083088397979736,1.6654720306396484,1.2002097368240356,0.9138132333755493,0.7219298481941223,0.7215744853019714,0.6480349898338318,0.6135243773460388,0.5509487390518188,0.5483244061470032,0.45428338646888733,0.4657287895679474,0.44899535179138184,131.62993875658432,60.1349614003046,261.98830409356725,0.44341372912801486,0.11111624806571459,0.1860354095697403,0.3172541743970315,0.6827458256029685,0.12418635189533234,0.07266905903816223,2.40123756089677,0.02685653418302536
12b09Wc,C:/Project/AI-STRESS-DETECTOR/data/public/emodb/wav/12b09Wc.wav,C:\Project\AI-STRESS-DETECTOR\data\public\emodb\wav\12b09Wc.wav,severe,3,speaker_12,train,de,emodb_b09,studio,controlled,Ich will das eben wegbringen und dann mit Karl was trinken gehen.,emodb_emotion=anger; variation=c,2.4381875,0.08286744356155396,0.07369376718997955,0.17681090533733368,0.1425568052362311,0.12033608003189805,1838.2244165196955,876.9767494005788,1489.201012017217,277.89005267901086,3261.4876033057853,1129.259730576859,0.27175626158714294,0.1355338990688324,-19.310029983520508,9.228395462036133,-1.9441641569137573,3.2602341175079346,-2.3273768424987793,-3.271066188812256,-0.25691545009613037,-1.8775173425674438,-1.515462875366211,0.2144874930381775,-0.2643382251262665,0.2382473349571228,-1.3435953855514526,18.877458572387695,5.920894145965576,4.24345588684082,3.708807945251465,2.014096975326538,2.9765067100524902,1.665155053138733,2.0395407676696777,1.6081092357635498,1.4691436290740967,1.311906337738037,1.3267511129379272,1.5671900510787964,-0.06450855731964111,-0.007080676965415478,0.031083278357982635,0.011041986756026745,-0.004486897494643927,-0.0022986959666013718,0.013855393044650555,-0.0018353353952988982,0.0042721969075500965,0.006422329694032669,0.0057602678425610065,0.00326909008435905,0.002876484766602516,6.033372402191162,2.083545446395874,1.6605364084243774,1.2646411657333374,0.8599543571472168,1.0939862728118896,0.6615908741950989,0.7970532774925232,0.7188407778739929,0.6603244543075562,0.6219416856765747,0.610923707485199,0.6009206175804138,195.22410212002575,36.35875887106318,252.32974910394265,0.6818181818181818,0.07566240134105048,0.2601575553417206,0.23553719008264462,0.7644628099173554,0.10612563788890839,0.06923120468854904,3.2811258363025813,0.027744248509407043
12b10Ac,C:/Project/AI-STRESS-DETECTOR/data/public/emodb/wav/12b10Ac.wav,C:\Project\AI-STRESS-DETECTOR\data\public\emodb\wav\12b10Ac.wav,high,2,speaker_12,train,de,emodb_b10,studio,controlled,"Die wird auf dem Platz sein, wo wir sie immer hinlegen.",emodb_emotion=fear; variation=c,2.0305,0.0870291218161583,0.07423873245716095,0.18494673073291779,0.12255763787578398,0.14386434663245243,1804.3036536137633,1071.8263865675701,1599.4280652378661,360.4953281489543,3368.3582089552237,1513.6006265726012,0.30105045437812805,0.1650800257921219,-18.033645629882812,9.58146858215332,0.7536630034446716,4.069689750671387,-0.7267483472824097,-1.589637279510498,-0.09933925420045853,-0.7758007049560547,-1.0964317321777344,0.06721033155918121,-0.5394532680511475,0.025185275822877884,-0.6448555588722229,14.260632514953613,6.2191009521484375,3.9662327766418457,3.981849193572998,1.7954857349395752,2.9151153564453125,1.9244670867919922,1.9138927459716797,1.860697627067566,1.312355637550354,1.5353513956069946,1.3142120838165283,1.4438303709030151,0.05996924266219139,0.0005522343562915921,-0.007013607770204544,0.005969667807221413,-0.016598684713244438,0.0012864307500422,-0.014551205560564995,4.1952182073146105e-05,0.002469533821567893,-0.005982269532978535,-0.0006614882149733603,-0.020659593865275383,-0.012007263489067554,5.496487617492676,2.283276319503784,1.770798683166504,1.2527885437011719,0.866108238697052,1.2088868618011475,0.8905784487724304,0.7387521862983704,0.7135558724403381,0.5429874658584595,0.6609240174293518,0.5760678052902222,0.536616861820221,185.44704340314374,42.96780923377232,253.64472753007783,0.6616915422885572,0.08830374317845975,0.2777654528617859,0.2139303482587065,0.7860696517412935,0.10837335139513016,0.06979141384363174,3.4474267421817286,0.0026022493839263916
12b10Ld,C:/Project/AI-STRESS-DETECTOR/data/public/emodb/wav/12b10Ld.wav,C:\Project\AI-STRESS-DETECTOR\data\public\emodb\wav\12b10Ld.wav,low,0,speaker_12,train,de,emodb_b10,studio,controlled,"Die wird auf dem Platz sein, wo wir sie immer hinlegen.",emodb_emotion=boredom; variation=d,3.02,0.10360446572303772,0.07371677458286285,0.19654065370559692,0.08676691729323308,0.11584051719878573,1327.9850806444817,938.815478002011,1358.8598947067046,381.26694300163865,2557.733333333333,1431.3406986303282,0.21895520389080048,0.14023232460021973,-18.892072677612305,13.485575675964355,0.9329724311828613,4.385707378387451,-0.8471658229827881,-0.7843109965324402,0.5250735282897949,-1.4703832864761353,-0.19078877568244934,0.0730757936835289,0.4572039246559143,0.47161316871643066,-0.385857492685318,16.132978439331055,7.00195837020874,3.2906830310821533,3.206787586212158,1.7986434698104858,2.675240993499756,1.775234580039978,1.9325162172317505,1.3777233362197876,1.678236484527588,1.305261492729187,1.2981865406036377,1.1035056114196777,0.021558411419391632,0.01440071128308773,-0.015348022803664207,-0.013905307278037071,-0.006944247987121344,0.005977471824735403,0.0026486250571906567,-0.008318549953401089,-0.011126653291285038,-0.0036992274690419436,0.005533476360142231,0.0018089421791955829,-0.006440488621592522,4.221557140350342,1.9385602474212646,1.2768782377243042,0.9653016328811646,0.810441255569458,0.804355800151825,0.6081392765045166,0.6929918527603149,0.5694563388824463,0.5655118823051453,0.518663763999939,0.4608345329761505,0.4253873825073242,149.36795105003281,50.7542315483478,250.98039215686273,0.6633333333333333,0.10271442244030206,0.1472455859184265,0.2366666666666667,0.7633333333333333,0.13275590538978577,0.05916892737150192,2.3178807947019866,0.003596968948841095
12b10Wa,C:/Project/AI-STRESS-DETECTOR/data/public/emodb/wav/12b10Wa.wav,C:\Project\AI-STRESS-DETECTOR\data\public\emodb\wav\12b10Wa.wav,severe,3,speaker_12,train,de,emodb_b10,studio,controlled,"Die wird auf dem Platz sein, wo wir sie immer hinlegen.",emodb_emotion=anger; variation=a,2.5493125,0.0727003663778305,0.06958799064159393,0.19054439663887024,0.14863245069194725,0.10878275821229326,2116.957811276986,807.0513974963825,1675.1346517180616,330.0238246926709,3795.889328063241,1096.1761148229075,0.3137437403202057,0.15865062177181244,-21.376903533935547,6.324645042419434,-3.2684295177459717,1.4212411642074585,-3.560892105102539,-3.3678336143493652,-0.5093715190887451,-2.0347251892089844,-0.6683754920959473,-1.1005215644836426,-0.86138916015625,-0.059813134372234344,-0.9033766388893127,18.89449119567871,5.064605236053467,4.963113784790039,3.2516167163848877,2.75825572013855,3.2290170192718506,2.0482022762298584,2.1517703533172607,1.664866328239441,1.6008219718933105,1.7038987874984741,1.4629299640655518,1.489674687385559,-0.010484461672604084,-0.01854308880865574,0.01667279563844204,0.0017505709547549486,0.0029625175520777702,0.0032495283521711826,-0.0015511664096266031,-0.0038527152501046658,-0.016686538234353065,-0.009452293626964092,0.006992749869823456,0.00769618758931756,0.0027690886054188013,5.384653568267822,1.9319123029708862,1.6115449666976929,1.0640534162521362,0.8854736089706421,0.8688638210296631,0.7147434949874878,0.7071669101715088,0.6578122973442078,0.6647647023200989,0.6547404527664185,0.6203358769416809,0.5346733331680298,260.5667842686856,33.54304784186133,214.44127994638967,0.7114624505928854,0.03156820545949678,0.1997004896402359,0.27667984189723316,0.7233201581027668,0.09828455001115799,0.06567953526973724,2.745838338767805,0.01973704993724823
13a01Ac,C:/Project/AI-STRESS-DETECTOR/data/public/emodb/wav/13a01Ac.wav,C:\Project\AI-STRESS-DETECTOR\data\public\emodb\wav\13a01Ac.wav,high,2,speaker_13,train,de,emodb_a01,studio,controlled,Der Lappen liegt auf dem Eisschrank.,emodb_emotion=fear; variation=c,1.561,0.07046927511692047,0.056446924805641174,0.14597691595554352,0.14337792533281254,0.15619502798941884,1946.6997551046707,1102.4124158145264,1698.9126231211824,348.81731981846514,3644.935064935065,1702.144272866894,0.36383485794067383,0.17159229516983032,-20.78802490234375,7.204011917114258,0.20442518591880798,1.9705594778060913,-1.1282685995101929,0.2641322612762451,-0.8839883208274841,-0.5622379183769226,-1.3278404474258423,-0.9652400016784668,-0.08196509629487991,-0.41418102383613586,0.08037833124399185,17.601463317871094,6.59273624420166,3.5917294025421143,2.577493190765381,2.3243539333343506,2.4441161155700684,1.7393343448638916,1.958642601966858,2.1201226711273193,1.6165165901184082,1.5447112321853638,1.714530110359192,1.1057802438735962,0.0013580818194895983,-0.007159790489822626,-0.0033765644766390324,0.0032958954107016325,0.013216277584433556,0.007586270105093718,0.002833519596606493,0.020719602704048157,0.01299198530614376,0.020100532099604607,0.016390159726142883,0.015795689076185226,-0.0069793639704585075,5.7384772300720215,2.024770736694336,1.584715485572815,0.9115362763404846,1.1203898191452026,1.030060052871704,0.8759934902191162,0.8244050741195679,0.7867893576622009,0.7655830979347229,0.6405180096626282,0.6427386403083801,0.4874816834926605,271.64931238741906,41.563689520354636,173.73737373737373,0.5714285714285714,0.06961146027547924,0.23054274916648865,0.27922077922077926,0.7207792207792207,0.09447216987609863,0.04837392643094063,2.5624599615631007,0.02115681767463684
13a01Ea,C:/Project/AI-STRESS-DETECTOR/data/public/emodb/wav/13a01Ea.wav,C:\Project\AI-STRESS-DETECTOR\data\public\emodb\wav\13a01Ea.wav,high,2,speaker_13,train,de,emodb_a01,studio,controlled,Der Lappen liegt auf dem Eisschrank.,emodb_emotion=disgust; variation=a,1.826875,0.09825045615434647,0.08633457869291306,0.23650117218494415,0.14684501308519915,0.16004315605237177,1872.596010533707,1148.9231323459649,1759.924796167763,351.5377661275379,3594.9171270718234,1697.342941019999,0.35607820749282837,0.17217500507831573,-18.18505096435547,8.101574897766113,1.8426685333251953,2.4875245094299316,0.4562530219554901,-0.350436270236969,-1.465329885482788,-1.093078374862671,-0.05169675499200821,0.5416391491889954,0.14810572564601898,-0.494942843914032,-0.6118040680885315,16.335979461669922,6.555943489074707,3.564452648162842,2.7006995677948,1.6767423152923584,2.707009792327881,1.7973507642745972,1.787290096282959,1.9849042892456055,1.2810084819793701,1.3308970928192139,1.4679621458053589,1.1749733686447144,-0.0037108573596924543,0.014167334884405136,-0.00034422901808284223,0.002244355855509639,0.012717322446405888,0.0052916863933205605,0.007047497667372227,0.0025587636046111584,0.0025915137957781553,-0.0018337935907766223,0.0016745312605053186,0.008140131831169128,0.008033563382923603,5.179062843322754,2.1185991764068604,1.3679261207580566,1.0773649215698242,0.916123628616333,0.9918602705001831,0.7561234831809998,0.7303799390792847,0.7924590706825256,0.6097773909568787,0.6272782683372498,0.5815111398696899,0.5690200924873352,192.47595114520234,44.97792685353945,240.4476418864908,0.5027624309392266,0.13671982059031873,0.24124348163604736,0.28729281767955805,0.712707182320442,0.13374312222003937,0.07781379669904709,3.8316797810468697,-0.013700887560844421
13a01Ec,C:/Project/AI-STRESS-DETECTOR/data/public/emodb/wav/13a01Ec.wav,C:\Project\AI-STRESS-DETECTOR\data\public\emodb\wav\13a01Ec.wav,high,2,speaker_13,train,de,emodb_a01,studio,controlled,Der Lappen liegt auf dem Eisschrank.,emodb_emotion=disgust; variation=c,2.3276875,0.12504614889621735,0.1123424619436264,0.30848637223243713,0.1430198873807896,0.16334009653257353,1877.439214467884,1120.325557637265,1749.7726789435937,355.18459904261647,3606.926406926407,1635.6569536148875,0.34690141677856445,0.15741512179374695,-15.199453353881836,7.661441326141357,1.8502365350723267,2.9773921966552734,0.1473875492811203,-0.41176021099090576,-1.4727342128753662,-0.4117007553577423,0.161064013838768,0.5187649130821228,-0.2554400861263275,-0.17927226424217224,-0.3106273114681244,16.822153091430664,6.321060657501221,3.424182653427124,2.425727605819702,2.1599512100219727,2.5152761936187744,2.0004734992980957,1.908560872077942,1.797537088394165,1.7014447450637817,1.5414142608642578,1.5251915454864502,1.1470143795013428,-0.008851270191371441,0.016834650188684464,-0.010544289834797382,-0.0031421948224306107,0.00460148137062788,-0.010234487242996693,-0.007282635662704706,-0.012217889539897442,0.010498713701963425,-0.006121265236288309,-0.001124396687373519,-0.007198617793619633,-0.0005143628222867846,4.984389781951904,1.8591103553771973,1.4426172971725464,1.021135687828064,0.7913564443588257,0.9246178269386292,0.8258811831474304,0.7359654307365417,0.7632580399513245,0.6184166073799133,0.5631469488143921,0.6379698514938354,0.5000494718551636,230.5266771656423,45.47502720798101,212.69841269841268,0.4805194805194805,0.11458996282689715,0.18914370238780975,0.2987012987012987,0.7012987012987013,0.17119477689266205,0.10409635305404663,3.43688746878608,-0.08025024831295013
13a01Fd,C:/Project/AI-STRESS-DETECTOR/data/public/emodb/wav/13a01Fd.wav,C:\Project\AI-STRESS-DETECTOR\data\public\emodb\wav\13a01Fd.wav,moderate,1,speaker_13,train,de,emodb_a01,studio,controlled,Der Lappen liegt auf dem Eisschrank.,emodb_emotion=happiness; variation=d,1.8809375,0.10007589310407639,0.10558141022920609,0.2621086835861206,0.1357964804484329,0.17433752248989898,1822.5719377168002,1229.1226667044834,1545.035907799013,417.32124531313247,3214.1935483870966,1602.4620322146666,0.2676007151603699,0.14409895241260529,-25.012239456176758,6.730615615844727,-2.3187179565429688,-0.6292949914932251,-1.2948979139328003,-1.6533277034759521,-1.7500247955322266,-1.3008654117584229,-1.4283427000045776,0.3293440341949463,0.3895440399646759,0.31062862277030945,0.6722831130027771,22.649641036987305,6.6901164054870605,5.548985958099365,3.862334728240967,2.6596341133117676,2.7412359714508057,2.4284307956695557,2.140423059463501,1.7765545845031738,1.8212519884109497,1.5611042976379395,2.1092798709869385,1.9543720483779907,-0.014032918028533459,-0.018238209187984467,0.0013844941277056932,-0.006674305070191622,0.010943314991891384,0.03281157463788986,0.0001914437161758542,-0.00024220379418693483,-0.0053521255031228065,-0.009323570877313614,-0.02447878196835518,-0.011151641607284546,0.009064564481377602,8.029806137084961,1.9785606861114502,1.9243923425674438,1.1381525993347168,0.9589688181877136,1.1237651109695435,0.9057005643844604,0.8170967102050781,0.8890380859375,0.6798842549324036,0.6982311010360718,0.6815245747566223,0.6758747696876526,273.29321309422585,60.61154455598279,244.44444444444443,0.6236559139784946,0.09176334747948048,0.23430737853050232,0.30645161290322576,0.6935483870967742,0.14119940996170044,0.10261809080839157,3.1898986542615053,-0.04085788130760193
13a01Lb,C:/Project/AI-STRESS-DETECTOR/data/public/emodb/wav/13a01Lb.wav,C:\Project\AI-STRESS-DETECTOR\data\public\emodb\wav\13a01Lb.wav,low,0,speaker_13,train,de,emodb_a01,studio,controlled,Der Lappen liegt auf dem Eisschrank.,emodb_emotion=boredom; variation=b,2.0050625,0.14354386925697327,0.11004709452390671,0.3078468441963196,0.13114444402463443,0.1463310098408828,1761.2208441001792,1064.9896730470336,1710.9727533993548,374.44698977103354,3574.8743718592964,1726.0929417369312,0.3348011374473572,0.18512985110282898,-12.797277450561523,9.162246704101562,3.205404043197632,3.4549713134765625,-1.1091995239257812,1.0743074417114258,-1.2351722717285156,-0.08130749315023422,-1.0750789642333984,0.6486045122146606,-0.2561746835708618,-0.2514037489891052,-0.3601175546646118,11.874048233032227,6.791529655456543,3.311373472213745,2.8626229763031006,2.0355405807495117,2.127035617828369,1.5572808980941772,1.5214871168136597,1.5211453437805176,1.4400943517684937,1.0199075937271118,1.1528446674346924,1.1492863893508911,0.08976718783378601,-0.027232203632593155,-0.021319057792425156,-0.00560307502746582,-0.00368503644131124,-0.019783813506364822,-0.016505522653460503,-0.0073462361469864845,-0.0036418677773326635,-0.00835548434406519,-0.007108106277883053,-0.0003763491113204509,0.001884761149995029,4.661355495452881,1.7147221565246582,1.2251163721084595,1.004822015762329,0.7683011889457703,0.682688295841217,0.6522068977355957,0.6241492033004761,0.5853570699691772,0.5742263793945312,0.4807375967502594,0.4700116217136383,0.5257863998413086,184.1220792737065,39.17004610208613,193.93939393939397,0.5778894472361809,0.09184139787282532,0.13691593706607819,0.29145728643216084,0.7085427135678392,0.1939268708229065,0.09116557240486145,2.4936878526230477,-0.08242715895175934
13a01Nb,C:/Project/AI-STRESS-DETECTOR/data/public/emodb/wav/13a01Nb.wav,C:\Project\AI-STRESS-DETECTOR\data\public\emodb\wav\13a01Nb.wav,low,0,speaker_13,train,de,emodb_a01,studio,controlled,Der Lappen liegt auf dem Eisschrank.,emodb_emotion=neutral; variation=b,1.515625,0.14834842085838318,0.11665711551904678,0.2864622473716736,0.1063826232247285,0.13538275105138795,1570.8209442121647,1099.0087693643388,1543.7970406788525,447.4455025055584,3000.266666666667,1770.5049926190236,0.27865174412727356,0.16988350450992584,-16.85124397277832,10.317179679870605,2.1971964836120605,2.3128252029418945,-1.1471340656280518,0.6303699612617493,-1.1134922504425049,-0.906714677810669,-0.7650104761123657,-0.08702170103788376,0.3527018129825592,-0.8611220121383667,-0.44265982508659363,15.72984504699707,7.94455623626709,3.68788743019104,2.3243918418884277,2.388563394546509,2.317213773727417,1.8461697101593018,2.0247647762298584,1.9569480419158936,1.4209433794021606,1.3928675651550293,1.605709433555603,1.0726380348205566,-0.02485102415084839,0.010997059755027294,0.05734715238213539,-0.01761813461780548,-0.039716776460409164,0.0058167194947600365,0.017965417355298996,-0.0020932548213750124,-0.005110166035592556,0.014092222787439823,-0.0015461317962035537,-0.021397778764367104,0.0047042942605912685,5.859230041503906,2.3246967792510986,1.7362600564956665,1.0307388305664062,1.1004904508590698,0.9231615662574768,0.8214409351348877,0.9637469053268433,0.7612436413764954,0.6010651588439941,0.5572099685668945,0.6400755643844604,0.4802175760269165,212.74686174328207,44.051236517230265,224.408014571949,0.5933333333333334,0.08709134558890907,0.16525374352931976,0.31999999999999995,0.68,0.21100673079490662,0.087546706199646,3.2989690721649483,-0.06372138112783432
13a01Wb,C:/Project/AI-STRESS-DETECTOR/data/public/emodb/wav/13a01Wb.wav,C:\Project\AI-STRESS-DETECTOR\data\public\emodb\wav\13a01Wb.wav,severe,3,speaker_13,train,de,emodb_a01,studio,controlled,Der Lappen liegt auf dem Eisschrank.,emodb_emotion=anger; variation=b,2.36225,0.06583275645971298,0.07585013657808304,0.1596411019563675,0.1819613135402609,0.1687474299642262,2227.64269064825,1108.3623176115402,1765.1247302529882,383.7074531941741,4055.2136752136753,1594.9731923319066,0.3935994505882263,0.17533940076828003,-23.728286743164062,5.305910110473633,-1.2051136493682861,0.2924923896789551,-1.4592658281326294,-1.1742733716964722,-1.1438045501708984,-1.3453644514083862,-1.9707694053649902,-0.30476486682891846,0.0405469685792923,-0.12142655998468399,0.0888022631406784,16.09144401550293,6.6759209632873535,4.773948669433594,3.3129286766052246,2.2213540077209473,2.737236976623535,1.5030217170715332,2.114302158355713,2.160839796066284,1.5571058988571167,1.2627341747283936,1.7842599153518677,1.4236735105514526,0.0016341983573511243,-0.005968900863081217,0.0037892628461122513,0.005753323435783386,0.0006317654042504728,0.006310284603387117,0.006388362497091293,-0.0029613873921334743,-0.00422300398349762,0.004525013267993927,0.0007314595277421176,-0.006760823540389538,0.0013543011154979467,4.813971519470215,1.6333659887313843,1.624471664428711,1.0517358779907227,0.8470269441604614,0.9798439145088196,0.751453697681427,0.7586687207221985,0.7399716377258301,0.6072733402252197,0.56911700963974,0.5544524192810059,0.5753849744796753,271.8021216098701,52.78945163494042,187.13450292397658,0.5598290598290598,0.07495214643637944,0.23012256622314453,0.33333333333333337,0.6666666666666666,0.09540138393640518,0.0773831233382225,2.963276537199704,0.03895373269915581
13a02Ad,C:/Project/AI-STRESS-DETECTOR/data/public/emodb/wav/13a02Ad.wav,C:\Project\AI-STRESS-DETECTOR\data\public\emodb\wav\13a02Ad.wav,high,2,speaker_13,train,de,emodb_a02,studio,controlled,Das will sie am Mittwoch abgeben.,emodb_emotion=fear; variation=d,1.463375,0.089823879301548,0.09103325009346008,0.17702236771583557,0.129281537176274,0.171123000633474,1862.4878592267103,1270.1080192662284,1805.5353291366605,438.02357075067965,3616.9444444444443,1982.5100804625945,0.3558271825313568,0.18203625082969666,-19.629262924194336,8.25446891784668,3.0591213703155518,3.3082096576690674,0.6964120864868164,1.0804171562194824,-0.47228801250457764,-0.13135479390621185,-0.9191785454750061,-0.06552141159772873,0.7134484052658081,-0.20908349752426147,0.16750870645046234,15.061081886291504,5.679267406463623,2.972130060195923,3.07031512260437,1.7212715148925781,2.2559213638305664,1.850712776184082,1.4917124509811401,1.5361628532409668,1.4981999397277832,0.9403547644615173,1.4672722816467285,1.0007908344268799,0.005403810180723667,-0.010997957549989223,-0.00828362163156271,-0.008103541098535061,-0.010684030130505562,-0.005248814821243286,-0.010607417672872543,-0.001715189078822732,0.020907191559672356,0.009879888966679573,0.00042045614100061357,0.00468095950782299,0.0005898955860175192,5.6066107749938965,2.000690221786499,1.378326177597046,1.05125093460083,0.8273718357086182,0.8925359845161438,0.8503115177154541,0.6585015654563904,0.6971079111099243,0.6553735136985779,0.5467873215675354,0.6767663955688477,0.5204687714576721,209.02678453124767,49.83650472330164,187.13450292397658,0.5138888888888888,0.08122921372856805,0.2517382502555847,0.26388888888888884,0.7361111111111112,0.11789537221193314,0.0908726304769516,3.416759203895105,-0.07021448761224747
13a02Ec,C:/Project/AI-STRESS-DETECTOR/data/public/emodb/wav/13a02Ec.wav,C:\Project\AI-STRESS-DETECTOR\data\public\emodb\wav\13a02Ec.wav,high,2,speaker_13,train,de,emodb_a02,studio,controlled,Das will sie am Mittwoch abgeben.,emodb_emotion=disgust; variation=c,2.13625,0.09380228072404861,0.07078682631254196,0.2091098129749298,0.1377027474346243,0.15722634705593752,1763.079959735199,1120.7706938614922,1786.6192950004108,389.39923590214926,3364.9056603773583,1943.633654666657,0.3416607975959778,0.18579649925231934,-16.096158981323242,8.738537788391113,2.4091856479644775,2.9219181537628174,1.3024320602416992,-0.991055965423584,-1.44484543800354,-1.0594011545181274,-0.16041740775108337,0.6115589737892151,-0.1609816700220108,-0.10328894853591919,-0.44720256328582764,14.997241020202637,5.426887512207031,3.3786003589630127,2.9738192558288574,1.8525335788726807,2.8826305866241455,1.9680776596069336,1.7554749250411987,1.6929173469543457,1.2925945520401,1.617152452468872,1.3775080442428589,1.1618766784667969,0.01150557678192854,0.006414633709937334,0.004603827837854624,-0.005716151557862759,-0.006467597559094429,0.0029780908953398466,-0.0011331270216032863,0.0030581029132008553,0.002953942632302642,0.0082029327750206,0.009148621000349522,0.0026406454853713512,0.006453759036958218,4.775310516357422,1.6134768724441528,1.2158523797988892,0.801607608795166,0.717994213104248,0.8884328603744507,0.6824231743812561,0.6154289245605469,0.6952937841415405,0.5237892270088196,0.5364770293235779,0.4821839928627014,0.44482216238975525,220.29267539705796,38.67034933541778,245.21072796934865,0.5518867924528302,0.0878046527705857,0.1701126992702484,0.19339622641509435,0.8066037735849056,0.11264948546886444,0.06606795638799667,3.2767700409596254,-0.08176254108548164
13a02Fa,C:/Project/AI-STRESS-DETECTOR/data/public/emodb/wav/13a02Fa.wav,C:\Project\AI-STRESS-DETECTOR\data\public\emodb\wav\13a02Fa.wav,moderate,1,speaker_13,train,de,emodb_a02,studio,controlled,Das will sie am Mittwoch abgeben.,emodb_emotion=happiness; variation=a,2.0746875,0.08599470555782318,0.08935786783695221,0.22229361534118652,0.13813802799682132,0.16412642130008334,1884.7292241438124,1085.6070724535828,1721.612257945083,433.31451638716993,3551.2195121951218,1759.5456663054802,0.3265652656555176,0.19513969123363495,-22.118873596191406,7.630870819091797,-0.8750813007354736,0.47601407766342163,-0.9421587586402893,-1.9225506782531738,-1.39303457736969,-1.561835765838623,-1.6594538688659668,0.06142215430736542,0.12360033392906189,0.27162396907806396,0.049845047295093536,17.81737518310547,5.892863750457764,4.988325595855713,3.2130470275878906,2.5451464653015137,3.2722666263580322,1.9031764268875122,1.7739274501800537,1.9515585899353027,1.1778888702392578,1.0780173540115356,1.3356010913848877,1.6698874235153198,0.056838393211364746,0.03928730636835098,0.003671776270493865,-0.006808807607740164,0.00485306465998292,-0.0013504005037248135,-0.014792687259614468,-0.014218158088624477,-0.02938547357916832,-0.005175414960831404,-0.009182026609778404,-0.013763227500021458,-0.018379248678684235,5.671759128570557,1.7902730703353882,1.6695623397827148,1.2182769775390625,1.0007554292678833,0.8980594873428345,0.7431463599205017,0.6848669648170471,0.6611000895500183,0.544522762298584,0.5165948271751404,0.553709864616394,0.5617464780807495,267.4290199507908,65.96507049147762,235.2548036758563,0.6292682926829268,0.07088714561384774,0.21093419194221497,0.3219512195121951,0.6780487804878049,0.12340809404850006,0.08612313866615295,2.4100015062509414,-0.051561176776885986
13a02Lc,C:/Project/AI-STRESS-DETECTOR/data/public/emodb/wav/13a02Lc.wav,C:\Project\AI-STRESS-DETECTOR\data\public\emodb\wav\13a02Lc.wav,low,0,speaker_13,train,de,emodb_a02,studio,controlled,Das will sie am Mittwoch abgeben.,emodb_emotion=boredom; variation=c,1.7841875,0.15229830145835876,0.11303626745939255,0.29887616634368896,0.10010822510822509,0.15120048961654545,1518.2622394467892,1152.8972517260981,1636.5550023252608,443.09424821408277,3050.0,1796.7723587285366,0.2646297514438629,0.1558416783809662,-15.682708740234375,10.64093017578125,4.389691352844238,3.931190252304077,-0.5631662607192993,0.5150002837181091,-1.3764288425445557,0.1543601006269455,-1.4517673254013062,0.3474068343639374,0.609184741973877,0.07781713455915451,-0.3160177171230316,13.600531578063965,5.949166297912598,3.8094279766082764,3.3525519371032715,2.4526777267456055,2.4559388160705566,2.298661708831787,1.3018242120742798,1.4404981136322021,1.2874929904937744,1.2817002534866333,1.2658746242523193,1.0502965450286865,0.01862337440252304,0.00012286142737139016,-0.011412295512855053,0.004611299838870764,-0.003146736416965723,-0.013359587639570236,-0.0017093290807679296,0.01553712785243988,0.003116697771474719,-0.004662704188376665,0.0034610966686159372,0.008923705667257309,0.0003040229785256088,4.610620021820068,1.7080755233764648,1.3169957399368286,0.897603452205658,0.8329077959060669,0.7569124698638916,0.6229938864707947,0.5866029262542725,0.5522533059120178,0.4859059751033783,0.5047868490219116,0.46841344237327576,0.43661028146743774,180.53098043889818,51.170656111323346,222.98850574712642,0.6363636363636364,0.049542761329701444,0.15264268219470978,0.26136363636363635,0.7386363636363636,0.2003522366285324,0.09165264666080475,2.2419168388972572,-0.09166159480810165
13a02Nc,C:/Project/AI-STRESS-DETECTOR/data/public/emodb/wav/13a02Nc.wav,C:\Project\AI-STRESS-DETECTOR\data\public\emodb\wav\13a02Nc.wav,low,0,speaker_13,train,de,emodb_a02,studio,controlled,Das will sie am Mittwoch abgeben.,emodb_emotion=neutral; variation=c,1.5583125,0.12955257296562195,0.10356520116329193,0.2883198857307434,0.10892490967678937,0.1521730578432061,1581.7814684081225,1157.0499703547978,1602.8059305241622,501.0684180660483,3093.7662337662337,1914.9467043284217,0.2833002209663391,0.18079783022403717,-17.7006893157959,10.491959571838379,2.7583954334259033,3.1540908813476562,-0.41861337423324585,0.2032623589038849,-1.3028844594955444,-0.6000843048095703,-1.0696476697921753,-0.5761934518814087,0.8295189142227173,-0.524656355381012,-0.14509424567222595,15.236772537231445,6.809390544891357,4.1340131759643555,3.3446717262268066,2.559992790222168,2.7712080478668213,2.2621586322784424,1.544689655303955,1.4368096590042114,1.6078517436981201,1.0722736120224,1.3178049325942993,0.9973437190055847,0.042495738714933395,-0.005586814600974321,0.00391418905928731,0.01678605191409588,-0.007215537130832672,0.0204306710511446,0.0019419342279434204,-0.0264083631336689,-0.011747759766876698,-0.016481902450323105,-0.008384223096072674,0.008913518860936165,0.001758354832418263,5.632796764373779,1.984283208847046,1.8074342012405396,1.0281593799591064,1.0215164422988892,1.0946218967437744,0.7667480707168579,0.7034547924995422,0.6930074691772461,0.555377721786499,0.575267493724823,0.5051285624504089,0.40917178988456726,198.60058018301862,52.08734622728999,256.1766735679779,0.5974025974025974,0.08310610687994456,0.18709036707878113,0.29220779220779225,0.7077922077922078,0.17714183032512665,0.08583291620016098,2.566879236353427,-0.08868501335382462
13a02Ta,C:/Project/AI-STRESS-DETECTOR/data/public/emodb/wav/13a02Ta.wav,C:\Project\AI-STRESS-DETECTOR\data\public\emodb\wav\13a02Ta.wav,moderate,1,speaker_13,train,de,emodb_a02,studio,controlled,Das will sie am Mittwoch abgeben.,emodb_emotion=sadness; variation=a,1.86375,0.12365971505641937,0.07524838298559189,0.23650985956192017,0.09081126729868148,0.15892086446640447,1400.0095536213746,1204.936219264742,1606.2840567148216,445.0834604723507,2716.086956521739,1859.551697097366,0.2508728504180908,0.13015878200531006,-16.6124210357666,9.96460247039795,2.6108365058898926,3.7932097911834717,2.258701801300049,1.4721760749816895,-0.2569584548473358,0.46309903264045715,-0.15745675563812256,1.0015372037887573,1.4830151796340942,-0.14761599898338318,0.24909628927707672,10.803207397460938,5.64621639251709,3.1255156993865967,3.478274345397949,1.8932145833969116,2.3269996643066406,1.5555311441421509,1.2501318454742432,1.3463635444641113,1.4296432733535767,1.085573434829712,1.4186862707138062,1.0136884450912476,0.013056890107691288,0.021735236048698425,0.006168575491756201,0.0006185018573887646,0.016939042136073112,0.002043621614575386,-0.002302386099472642,0.010639789514243603,-0.026126952841877937,-0.020994210615754128,-0.00556611642241478,-0.007486597169190645,-0.012977671809494495,5.0791144371032715,1.7466747760772705,1.2878539562225342,0.9241535663604736,0.8151278495788574,0.794560968875885,0.7023130655288696,0.6058805584907532,0.5945180654525757,0.6083250641822815,0.5318139791488647,0.5538766384124756,0.474902868270874,236.28655689387983,92.86023202847682,273.9229024943311,0.6684782608695652,0.1466233796538867,0.18316316604614258,0.09239130434782605,0.907608695652174,0.13352139294147491,0.07198397070169449,2.682763246143528,-0.08717641979455948
13a02Wa,C:/Project/AI-STRESS-DETECTOR/data/public/emodb/wav/13a02Wa.wav,C:\Project\AI-STRESS-DETECTOR\data\public\emodb\wav\13a02Wa.wav,severe,3,speaker_13,train,de,emodb_a02,studio,controlled,Das will sie am Mittwoch abgeben.,emodb_emotion=anger; variation=a,1.669,0.07025394588708878,0.07428567111492157,0.16760286688804626,0.14753550543024227,0.13357629606505642,1906.0289265382196,891.9192404702248,1657.2943315847303,441.9961508620279,3559.2727272727275,1569.3826478321992,0.34012261033058167,0.20005014538764954,-22.63991355895996,7.982536315917969,-2.5745458602905273,0.5713885426521301,-0.9480981230735779,-1.873056173324585,-2.237795114517212,-1.8608039617538452,-2.041813611984253,-0.7949873208999634,0.16138172149658203,-1.0889041423797607,-0.8708152174949646,16.70575714111328,5.1156134605407715,5.074447154998779,3.8985798358917236,2.395613670349121,3.1042206287384033,1.9857984781265259,1.3985984325408936,1.6309698820114136,1.541909098625183,1.2500903606414795,1.322649598121643,1.3564403057098389,-0.08902342617511749,-0.049139417707920074,0.0034363139420747757,0.02387024275958538,0.02138584852218628,0.006469891406595707,-0.0045111048966646194,-0.014045128598809242,0.009167167358100414,-0.002923150546848774,-0.0011427445570006967,0.008267954923212528,0.009583893232047558,5.648046493530273,1.6263929605484009,1.9006856679916382,1.1120915412902832,0.9275808334350586,0.9798210859298706,0.7709482312202454,0.6822990775108337,0.7418272495269775,0.5962401628494263,0.5665944814682007,0.593549370765686,0.5177602767944336,280.7488555388846,47.33744205644544,175.78027465667913,0.6484848484848484,0.05402445094202351,0.23935727775096893,0.3151515151515152,0.6848484848484848,0.09925008565187454,0.0732966735959053,3.59496704613541,-0.03195980563759804
13a04Ac,C:/Project/AI-STRESS-DETECTOR/data/public/emodb/wav/13a04Ac.wav,C:\Project\AI-STRESS-DETECTOR\data\public\emodb\wav\13a04Ac.wav,high,2,speaker_13,train,de,emodb_a04,studio,controlled,Heute abend koennte ich es ihm sagen.,emodb_emotion=fear; variation=c,1.531375,0.10528312623500824,0.0701642632484436,0.20027966797351837,0.14951285498514497,0.16459066279840157,1871.4374626345395,1221.8203956244463,1751.9534062702303,433.7185658950821,3540.662251655629,1912.7227113970982,0.3511730432510376,0.1652621179819107,-15.160279273986816,8.920863151550293,2.1525189876556396,2.3683412075042725,-0.25987616181373596,0.40269607305526733,-1.0574930906295776,-0.5823938250541687,-1.00053071975708,-0.38354799151420593,-0.34566250443458557,-1.1264393329620361,0.1664501279592514,15.193099975585938,5.500676155090332,3.9185333251953125,2.1513314247131348,2.145451307296753,2.1865756511688232,1.5489869117736816,1.5965521335601807,1.8604724407196045,1.4474071264266968,1.1661261320114136,1.659909725189209,0.9470138549804688,-0.024403072893619537,-0.014318563975393772,0.016421187669038773,0.017182977870106697,0.017628682777285576,-0.005471684504300356,0.007708960212767124,0.0034030983224511147,0.008190644904971123,0.0034602461382746696,-0.016862692311406136,-1.438129856978776e-05,0.01368793286383152,4.562870502471924,2.1381726264953613,1.6167051792144775,0.9983030557632446,0.8816136717796326,1.013850450515747,0.8215152621269226,0.7406485676765442,0.7354936003684998,0.6606069803237915,0.594866931438446,0.5978624820709229,0.476516991853714,240.02448212508446,38.46366953116516,241.26984126984127,0.6291390728476821,0.09227570251392714,0.1975359469652176,0.16556291390728473,0.8344370860927153,0.12431010603904724,0.060861214995384216,1.3060158354420048,0.03912852704524994
13a04Fc,C:/Project/AI-STRESS-DETECTOR/data/public/emodb/wav/13a04Fc.wav,C:\Project\AI-STRESS-DETECTOR\data\public\emodb\wav\13a04Fc.wav,moderate,1,speaker_13,train,de,emodb_a04,studio,controlled,Heute abend koennte ich es ihm sagen.,emodb_emotion=happiness; variation=c,1.7833125,0.09958653897047043,0.11793891340494156,0.2669772803783417,0.13623547505126452,0.14700385453180645,1765.2224247355155,1087.3683679793862,1602.0076706272832,496.2232946056284,3112.7272727272725,1896.8399122995495,0.27024349570274353,0.16372205317020416,-21.67109489440918,8.664368629455566,-1.5606998205184937,-0.5178873538970947,-1.5595099925994873,-1.6971118450164795,-1.4506458044052124,-1.5286650657653809,-1.5250556468963623,-0.004022869281470776,-0.08214164525270462,-0.6611291766166687,0.1181555688381195,15.214997291564941,5.6075286865234375,6.13051700592041,4.507514476776123,2.5169789791107178,3.0133872032165527,2.0910117626190186,1.5563405752182007,1.6149603128433228,1.237078309059143,1.181902289390564,1.7739861011505127,1.8211328983306885,-0.15107399225234985,0.0011606243206188083,0.04375458508729935,0.012483104132115841,0.014919275417923927,-0.014418357983231544,-0.005678805522620678,0.008216023445129395,0.003483206033706665,-0.006759776268154383,-0.00013865124492440373,0.007338240742683411,0.004847176838666201,4.489816665649414,1.9886187314987183,1.7616554498672485,1.094884991645813,1.074473261833191,1.0632214546203613,0.8602532148361206,0.7272765040397644,0.7230400443077087,0.5719415545463562,0.586890459060669,0.6350797414779663,0.5461426377296448,276.7571014118491,46.32912196673477,179.73137973137972,0.7102272727272727,0.05955373916072675,0.22915960848331451,0.24431818181818177,0.7556818181818182,0.12900781631469727,0.12187667936086655,4.4860337153471415,-0.1046350747346878
13a04Lb,C:/Project/AI-STRESS-DETECTOR/data/public/emodb/wav/13a04Lb.wav,C:\Project\AI-STRESS-DETECTOR\data\public\emodb\wav\13a04Lb.wav,low,0,speaker_13,train,de,emodb_a04,studio,controlled,Heute abend koennte ich es ihm sagen.,emodb_emotion=boredom; variation=b,2.2468125,0.10926727950572968,0.07822541892528534,0.2284911870956421,0.13939557413713655,0.15736057626177613,1743.2499567210568,1195.8772508403863,1616.6489907974917,432.9411510848814,3297.7578475336322,1831.9556054842928,0.3051796555519104,0.17895285785198212,-14.75975227355957,10.241684913635254,2.883408784866333,2.9586668014526367,-0.9764280915260315,-0.0836673378944397,-1.0092370510101318,0.2431742548942566,-1.166030764579773,0.7580403089523315,-0.38809195160865784,-0.43459126353263855,-0.37445804476737976,10.980846405029297,6.860912322998047,3.9006922245025635,3.4796741008758545,2.248257875442505,2.1232006549835205,1.8071730136871338,1.3691693544387817,1.3662898540496826,1.3741984367370605,1.0292463302612305,1.1600985527038574,1.0908198356628418,0.061343248933553696,0.0041702683083713055,-0.0002543530717957765,-0.0001235125819221139,-0.010941173881292343,-0.00892486609518528,0.007192759774625301,-0.003658863715827465,-0.004407907370477915,-0.010688199661672115,-0.001993055921047926,-0.0002124309539794922,-0.0006635862519033253,3.7439353466033936,2.12030029296875,1.2412464618682861,1.1396909952163696,0.8278008103370667,0.7815107107162476,0.7144082188606262,0.5487772226333618,0.6383780837059021,0.532052755355835,0.46803054213523865,0.45753568410873413,0.45386701822280884,182.90233351728406,56.44641638306304,237.90849673202615,0.7040358744394619,0.06318646258372743,0.13340353965759277,0.15695067264573992,0.8430493273542601,0.12768840789794922,0.0713115856051445,1.7802998692592285,-0.06845579296350479
13a04Ta,C:/Project/AI-STRESS-DETECTOR/data/public/emodb/wav/13a04Ta.wav,C:\Project\AI-STRESS-DETECTOR\data\public\emodb\wav\13a04Ta.wav,moderate,1,speaker_13,train,de,emodb_a04,studio,controlled,Heute abend koennte ich es ihm sagen.,emodb_emotion=sadness; variation=a,2.8525,0.12162473797798157,0.07985398918390274,0.23428869247436523,0.08107725143246808,0.13065514773368486,1287.2078978621134,1022.2724261272433,1570.6137201701831,393.3283424099927,2533.427561837456,1837.037266814251,0.25725051760673523,0.15545685589313507,-18.295455932617188,10.195940971374512,2.9846878051757812,4.227839946746826,0.9826757311820984,1.6198086738586426,-0.1248379498720169,0.5160954594612122,-0.2543487548828125,0.894835352897644,0.9916638731956482,-0.6790665984153748,0.4657233655452728,13.746742248535156,5.28215217590332,2.4149510860443115,2.8601207733154297,1.6718817949295044,1.5955924987792969,1.5581929683685303,1.2028030157089233,1.5497652292251587,1.4869798421859741,0.9648008346557617,1.7503215074539185,1.0753172636032104,0.01275014691054821,0.010774204507470131,0.007210148498415947,0.007962210103869438,-0.001276379101909697,-0.005760566797107458,0.006751396227627993,0.006143187638372183,0.0009072391549125314,-0.0014396223705261946,0.005970587022602558,0.00038959458470344543,0.002177867107093334,3.716311454772949,1.716858148574829,0.9203076958656311,0.9210352301597595,0.7405387759208679,0.6259464621543884,0.6480450630187988,0.5715859532356262,0.5399163961410522,0.5476433038711548,0.44786733388900757,0.5185267329216003,0.45400938391685486,231.70340656593868,83.05055903310065,270.44917257683215,0.6395759717314488,0.0873907048501664,0.14915065467357635,0.176678445229682,0.823321554770318,0.14290466904640198,0.07183191180229187,3.5056967572304996,0.02855590730905533
13a04Wc,C:/Project/AI-STRESS-DETECTOR/data/public/emodb/wav/13a04Wc.wav,C:\Project\AI-STRESS-DETECTOR\data\public\emodb\wav\13a04Wc.wav,severe,3,speaker_13,train,de,emodb_a04,studio,controlled,Heute abend koennte ich es ihm sagen.,emodb_emotion=anger; variation=c,1.9954375,0.09357123076915741,0.09971749782562256,0.2657257318496704,0.13698387382597907,0.1010525642811521,1855.8006765288098,816.9343827636519,1655.283360351626,466.0097004258348,3456.7676767676767,1615.5862233306568,0.3183991312980652,0.18683649599552155,-20.483545303344727,8.033979415893555,-2.7403273582458496,-0.7647584080696106,-2.0087921619415283,-1.723463535308838,-1.7975778579711914,-1.7611734867095947,-2.146324396133423,-1.01008939743042,-0.27291208505630493,-1.1890249252319336,-0.7962179183959961,15.99468994140625,4.545433044433594,5.65706729888916,4.368363857269287,2.7280893325805664,2.884021282196045,2.058326005935669,1.3978067636489868,1.986040472984314,1.4004908800125122,1.0397619009017944,1.2604894638061523,1.2163509130477905,0.024014269933104515,-0.010928175412118435,-0.004632012918591499,-0.0073758503422141075,-0.010197080671787262,-0.003552010515704751,0.0018757509533315897,0.007590963505208492,0.0014614601386711001,0.0035905526019632816,0.004375763703137636,0.008315427228808403,0.007372647058218718,4.963707447052002,1.9377458095550537,1.90776526927948,1.1250942945480347,1.0562769174575806,1.154597520828247,0.8265832662582397,0.6754812002182007,0.8087608218193054,0.6064745783805847,0.5643417239189148,0.6052144765853882,0.5714515447616577,281.63789782720727,42.475969845088294,252.99145299145297,0.7121212121212122,0.08383180105796106,0.2344387173652649,0.2676767676767676,0.7323232323232324,0.12476017326116562,0.09964299201965332,4.510289097002537,-0.023715250194072723
13a05Aa,C:/Project/AI-STRESS-DETECTOR/data/public/emodb/wav/13a05Aa.wav,C:\Project\AI-STRESS-DETECTOR\data\public\emodb\wav\13a05Aa.wav,high,2,speaker_13,train,de,emodb_a05,studio,controlled,Das schwarze Blatt Papier befindet sich da oben neben dem Holzstueck.,emodb_emotion=fear; variation=a,2.7915,0.146712988615036,0.1068224310874939,0.3058626353740692,0.12363942346841833,0.15848980285113537,1577.7414734144566,1294.861514515395,1540.9927659569144,493.4531863013859,2856.028880866426,2223.524401599599,0.29051700234413147,0.21032866835594177,-16.482563018798828,9.711776733398438,2.8438968658447266,3.5404789447784424,0.3347253203392029,0.25556454062461853,-0.9250609278678894,-0.6654326319694519,-0.5593269467353821,-0.3169066905975342,0.22774627804756165,-0.27533045411109924,0.3606679439544678,14.1641263961792,7.8644232749938965,3.1982228755950928,2.6626062393188477,2.083188533782959,2.4804344177246094,2.1806931495666504,1.7554357051849365,1.9544273614883423,1.6793005466461182,1.133385419845581,1.7141430377960205,1.1849967241287231,0.005576825700700283,0.005763635970652103,-0.002938327379524708,0.00029844496748410165,-0.0015668636187911034,-0.00458709429949522,-0.004084690473973751,-0.0017674925038591027,-0.0018036796245723963,-0.001834755763411522,-0.005591641180217266,0.00038595491787418723,-0.003507134737446904,5.78130578994751,2.1533946990966797,1.4436304569244385,1.0119235515594482,0.8643448352813721,0.8929175138473511,0.8903380036354065,0.7278591394424438,0.7186318039894104,0.6346615552902222,0.5664912462234497,0.6739750504493713,0.5584526062011719,222.65687870964038,38.57139781275028,198.69281045751632,0.5776173285198556,0.06405860978281688,0.19978240132331848,0.24548736462093868,0.7545126353790613,0.18637347221374512,0.0931888297200203,4.656994447429697,0.05598863959312439
13a05Ea,C:/Project/AI-STRESS-DETECTOR/data/public/emodb/wav/13a05Ea.wav,C:\Project\AI-STRESS-DETECTOR\data\public\emodb\wav\13a05Ea.wav,high,2,speaker_13,train,de,emodb_a05,studio,controlled,Das schwarze Blatt Papier befindet sich da oben neben dem Holzstueck.,emodb_emotion=disgust; variation=a,4.1959375,0.11568669229745865,0.08117173612117767,0.217425137758255,0.13701118825772565,0.16478699717036432,1823.2536483649149,1201.7582719950922,1767.2120207926873,352.7632918716358,3453.77990430622,1857.7183024535243,0.3377436697483063,0.17108885943889618,-14.422246932983398,8.334752082824707,2.781237840652466,2.62286639213562,0.5857985019683838,-0.7193071246147156,-1.628509283065796,-0.8135466575622559,-0.10783685743808746,0.7154121994972229,0.11337491124868393,-0.3443395495414734,-0.278489351272583,13.241188049316406,7.284780502319336,2.7389330863952637,2.413074493408203,1.672003149986267,2.6238763332366943,2.0489728450775146,1.7226921319961548,2.0038561820983887,1.2901952266693115,1.2835866212844849,1.5466642379760742,1.2066283226013184,-0.004916843492537737,0.00234847329556942,-0.0024724286049604416,4.10872780776117e-06,0.005662473384290934,-0.0026674368418753147,-0.004110954701900482,0.0022640712559223175,-0.0003887637285515666,-0.0034411088563501835,-0.0043546222150325775,-0.0017853404860943556,-6.221498915692791e-05,4.744304656982422,1.8046811819076538,1.2387440204620361,0.8503554463386536,0.6793004274368286,0.8979271650314331,0.76726895570755,0.6588506698608398,0.610666811466217,0.5667049288749695,0.5364145040512085,0.5853865742683411,0.5045443177223206,220.33924114107666,48.4862920846036,276.3476347634763,0.5502392344497608,0.11646730822091243,0.20058488845825195,0.19617224880382778,0.8038277511961722,0.13918234407901764,0.07323329895734787,2.6215833767781334,0.004790656268596649
13a05Lc,C:/Project/AI-STRESS-DETECTOR/data/public/emodb/wav/13a05Lc.wav,C:\Project\AI-STRESS-DETECTOR\data\public\emodb\wav\13a05Lc.wav,low,0,speaker_13,train,de,emodb_a05,studio,controlled,Das schwarze Blatt Papier befindet sich da oben neben dem Holzstueck.,emodb_emotion=boredom; variation=c,3.3528125,0.11798547208309174,0.08595028519630432,0.25132861733436584,0.10952305689147794,0.14892235318517832,1531.5528019084388,1177.5271932688497,1586.746443683746,417.52264577534413,2973.5735735735734,1897.9371189926162,0.275857150554657,0.18169860541820526,-18.23082160949707,10.34549617767334,4.01317024230957,3.9724817276000977,-0.7193307280540466,0.8241009712219238,-1.0755020380020142,-0.5376551151275635,-0.8778424263000488,-0.362928569316864,-0.1487177163362503,-0.41254717111587524,0.22540324926376343,12.663993835449219,7.08723258972168,2.8045928478240967,2.986109733581543,2.2211008071899414,1.9213378429412842,1.816872239112854,1.6901203393936157,1.6406835317611694,1.4499634504318237,1.1923019886016846,1.5150209665298462,1.1088200807571411,-0.0319555401802063,-8.93303586053662e-05,0.014058560132980347,0.0010844107018783689,0.008585146628320217,0.0029702773317694664,0.0053358967415988445,0.006541023030877113,-0.0007169319433160126,-0.0034325229935348034,-0.009014884009957314,-0.003546731546521187,0.007130729034543037,5.077120304107666,1.9750878810882568,1.205316424369812,1.0497000217437744,0.8540936708450317,0.7430551648139954,0.7242664098739624,0.6157196164131165,0.6618596911430359,0.5293565392494202,0.5087386965751648,0.5888170599937439,0.49182313680648804,187.59161626607232,35.9278927742772,204.9689440993789,0.6666666666666666,0.04872992802737756,0.1472468078136444,0.2432432432432432,0.7567567567567568,0.1513954997062683,0.07173898071050644,2.6843135427346443,-0.04607930779457092
13a05Nb,C:/Project/AI-STRESS-DETECTOR/data/public/emodb/wav/13a05Nb.wav,C:\Project\AI-STRESS-DETECTOR\data\public\emodb\wav\13a05Nb.wav,low,0,speaker_13,train,de,emodb_a05,studio,controlled,Das schwarze Blatt Papier befindet sich da oben neben dem Holzstueck.,emodb_emotion=neutral; variation=b,3.18775,0.07449407130479813,0.06086970493197441,0.15448710322380066,0.10376097973640729,0.15045880825289945,1473.3391869844227,1223.9294589555714,1510.1521432579661,506.3483868836106,2703.8485804416405,2052.984366691497,0.2610677182674408,0.19109272956848145,-26.151777267456055,10.803845405578613,4.160787582397461,3.7956011295318604,-0.644472599029541,-0.21385790407657623,-0.9164627194404602,-0.8685995936393738,-0.6383291482925415,-0.3978580832481384,0.41971883177757263,-0.6826013326644897,-0.13037942349910736,13.472420692443848,8.163347244262695,3.284353017807007,2.755429267883301,2.340933084487915,2.337144374847412,1.8632292747497559,1.733769178390503,1.6151354312896729,1.4008466005325317,1.1061729192733765,1.7291839122772217,1.1224701404571533,-0.01938667707145214,-0.00702966284006834,0.008125106804072857,-0.0006713423645123839,-0.005591994151473045,-0.006294467020779848,0.0024935153778642416,-0.004592896904796362,-0.004512287210673094,-0.00044249434722587466,-0.001881285454146564,0.004630978684872389,-0.001881781849078834,5.510738849639893,2.2414486408233643,1.4051538705825806,1.0022914409637451,0.9681628942489624,0.8728193044662476,0.778486967086792,0.6529898643493652,0.6215248703956604,0.5778986215591431,0.5225763320922852,0.6517045497894287,0.5311627984046936,203.18118580380994,31.840692028815205,270.8994708994709,0.5993690851735016,0.06081544367128765,0.19197963178157806,0.305993690851735,0.694006309148265,0.10317478328943253,0.05133095011115074,4.078111520665046,-0.0005379244685173035
13a05Tc,C:/Project/AI-STRESS-DETECTOR/data/public/emodb/wav/13a05Tc.wav,C:\Project\AI-STRESS-DETECTOR\data\public\emodb\wav\13a05Tc.wav,moderate,1,speaker_13,train,de,emodb_a05,studio,controlled,Das schwarze Blatt Papier befindet sich da oben neben dem Holzstueck.,emodb_emotion=sadness; variation=c,4.451375,0.10810993611812592,0.058935124427080154,0.17819993197917938,0.09700888790825822,0.15997603321979495,1417.0279659962737,1212.799298179178,1568.159719832363,394.27531513193486,2608.03611738149,1912.527897919614,0.2629068195819855,0.1566869467496872,-18.350950241088867,9.055145263671875,2.539783239364624,4.077940940856934,1.194974660873413,1.8082743883132935,0.4599447250366211,0.3640685975551605,0.22940169274806976,0.9229763150215149,1.2322273254394531,-0.10009358823299408,0.6888918280601501,10.76562213897705,6.505255699157715,2.586287260055542,2.9873218536376953,2.0342774391174316,1.5671402215957642,1.6041470766067505,1.458325982093811,1.3917083740234375,1.4217796325683594,1.0053759813308716,1.5857964754104614,1.043232798576355,-0.00014781521167606115,-0.0007023542420938611,0.002123946789652109,-0.00026607944164425135,0.0034990787971764803,0.0036032286006957293,-0.0022475183941423893,0.0013402893673628569,0.0052922866307199,0.0022542148362845182,-0.0023368888068944216,0.00048626706120558083,0.0038755182176828384,4.199556350708008,1.6394336223602295,1.1763571500778198,0.8676848411560059,0.8678260445594788,0.718852698802948,0.7334138751029968,0.6572283506393433,0.6198639869689941,0.577692985534668,0.5216885805130005,0.5592920780181885,0.533484697341919,254.68710956463102,90.90063346704672,273.08132875143184,0.6975169300225733,0.12027212167859833,0.1682714968919754,0.09029345372460496,0.909706546275395,0.11623776704072952,0.05551684647798538,2.9204459296284857,0.0011157393455505371
13a05Wa,C:/Project/AI-STRESS-DETECTOR/data/public/emodb/wav/13a05Wa.wav,C:\Project\AI-STRESS-DETECTOR\data\public\emodb\wav\13a05Wa.wav,severe,3,speaker_13,train,de,emodb_a05,studio,controlled,Das schwarze Blatt Papier befindet sich da oben neben dem Holzstueck.,emodb_emotion=anger; variation=a,2.8845625,0.07066157460212708,0.07271352410316467,0.15799933671951294,0.1650542440016124,0.17292109851965698,1940.065273959833,1246.5045958985527,1600.112338800076,474.41372475928125,3408.3916083916083,2000.6256540097722,0.3272995352745056,0.21849682927131653,-23.54320526123047,8.768998146057129,-0.06423358619213104,0.8028361201286316,-1.8899638652801514,-1.2486425638198853,-1.8009587526321411,-1.515846848487854,-1.4973434209823608,-0.8663865327835083,0.004769878927618265,-0.8355683088302612,-0.8750357627868652,14.86954116821289,7.630456924438477,4.186028003692627,3.569444179534912,2.9949376583099365,2.486302137374878,2.361999750137329,1.5388964414596558,1.5290753841400146,1.3469127416610718,1.086458683013916,1.7124314308166504,1.1317049264907837,-0.015382833778858185,-0.007983027957379818,-0.000892837590072304,0.006424127612262964,0.012144844979047775,0.0012826119782403111,-0.00670046079903841,-0.001244646729901433,0.000733624619897455,0.0017367538530379534,-0.0051054940558969975,-0.008399498648941517,-0.0006981946644373238,5.530433177947998,2.5993077754974365,1.8868815898895264,1.3073774576187134,0.9707049131393433,0.8912684917449951,0.9382283091545105,0.6247040033340454,0.6841931343078613,0.5588434934616089,0.6264672875404358,0.6701145172119141,0.5499210953712463,253.77344719048963,24.100744905687804,129.9145299145299,0.6223776223776224,0.04600187738790664,0.24826668202877045,0.29370629370629375,0.7062937062937062,0.09750449657440186,0.07084193825721741,3.466730223387429,0.011015258729457855
13a05Wc,C:/Project/AI-STRESS-DETECTOR/data/public/emodb/wav/13a05Wc.wav,C:\Project\AI-STRESS-DETECTOR\data\public\emodb\wav\13a05Wc.wav,severe,3,speaker_13,train,de,emodb_a05,studio,controlled,Das schwarze Blatt Papier befindet sich da oben neben dem Holzstueck.,emodb_emotion=anger; variation=c,3.3899375,0.06881272047758102,0.09184428304433823,0.16775208711624146,0.18874337178257214,0.16919659986277039,2186.2643756126445,1144.4482751032988,1634.3300130625187,410.1964278939306,3740.059347181009,1758.9506573168953,0.35082563757896423,0.2086007297039032,-25.49883270263672,4.838124752044678,-3.670809745788574,-1.3710713386535645,-2.7453560829162598,-1.6050304174423218,-1.139176845550537,-1.495263695716858,-1.5278924703598022,-0.7965700030326843,0.11005539447069168,0.17278644442558289,1.0240768194198608,15.524928092956543,7.206043720245361,5.372137546539307,4.044934272766113,2.9892170429229736,2.721073865890503,2.2882401943206787,1.7089824676513672,1.6109051704406738,1.5351934432983398,1.4249780178070068,1.7539223432540894,1.8870609998703003,-0.04905271157622337,0.014030552469193935,0.021662788465619087,-0.0031325449235737324,0.013434214517474174,0.008440593257546425,0.0019436307484284043,-0.0029432738665491343,0.002360397018492222,-0.0024532482493668795,-0.005740955471992493,-0.006682161707431078,-0.004767524544149637,5.98440408706665,2.187680244445801,1.895911455154419,1.2557705640792847,1.0501983165740967,0.9938722252845764,0.8673305511474609,0.7090681195259094,0.7466222047805786,0.7049118876457214,0.7062886953353882,0.7033891677856445,0.760035514831543,285.54554240380713,62.33092539965605,190.6071019473081,0.5934718100890207,0.12776242577388336,0.2670552730560303,0.3234421364985163,0.6765578635014837,0.09840381890535355,0.09871122241020203,4.424860340345508,0.036634013056755066
13a07Fd,C:/Project/AI-STRESS-DETECTOR/data/public/emodb/wav/13a07Fd.wav,C:\Project\AI-STRESS-DETECTOR\data\public\emodb\wav\13a07Fd.wav,moderate,1,speaker_13,train,de,emodb_a07,studio,controlled,In sieben Stunden wird es soweit sein.,emodb_emotion=happiness; variation=d,2.0124375,0.08762900531291962,0.08588910102844238,0.2099919319152832,0.17478369290059315,0.2019871025227287,2039.4230646219714,1392.6539779005634,1705.8999533264562,438.2873678386546,3576.884422110553,2003.3871673794474,0.31600421667099,0.18883071839809418,-22.69001007080078,6.838869094848633,0.20554831624031067,0.45743364095687866,-1.8684002161026,-2.448991060256958,-1.6115164756774902,-1.5938024520874023,-2.005188226699829,-0.4463661313056946,-0.013020539656281471,-0.48268312215805054,0.49359917640686035,15.645828247070312,7.000317096710205,4.9004693031311035,3.503929853439331,2.8767173290252686,2.5130038261413574,2.0526845455169678,2.1240556240081787,1.9281435012817383,1.29241943359375,1.3149150609970093,1.5186539888381958,1.9896284341812134,-0.06506363302469254,-0.0008905041613616049,0.015962516888976097,-0.01649380661547184,0.010897226631641388,0.0035510757006704807,-0.01086078118532896,0.00037575006717815995,0.0064948564395308495,0.0021505020558834076,0.0007627258892171085,0.007253637071698904,0.006839408539235592,4.997045516967773,1.924117922782898,1.6613845825195312,0.9798484444618225,0.9190650582313538,0.9479759931564331,0.8337259292602539,0.751971960067749,0.7076426148414612,0.6042945384979248,0.5724022388458252,0.6375802755355835,0.7107300758361816,285.52479014283,54.270857760621375,181.64251207729467,0.6482412060301508,0.0677630687238723,0.24356035888195038,0.29648241206030146,0.7035175879396985,0.12094356119632721,0.08201049268245697,3.478368893443896,0.01872313767671585
13a07Lb,C:/Project/AI-STRESS-DETECTOR/data/public/emodb/wav/13a07Lb.wav,C:\Project\AI-STRESS-DETECTOR\data\public\emodb\wav\13a07Lb.wav,low,0,speaker_13,train,de,emodb_a07,studio,controlled,In sieben Stunden wird es soweit sein.,emodb_emotion=boredom; variation=b,2.2641875,0.18386641144752502,0.14362312853336334,0.3965383768081665,0.12596222699606158,0.19263798633188667,1667.2270302748807,1416.8901117195235,1600.4681164431006,442.8626599468321,3078.9285714285716,2061.9890523571694,0.25971028208732605,0.15997646749019623,-15.374749183654785,9.467801094055176,5.050510883331299,4.282901763916016,-0.053555913269519806,0.003182751825079322,-1.4438992738723755,-0.5676925182342529,-1.5184431076049805,0.11054713279008865,0.0351799912750721,-0.4462276101112366,-0.4041334092617035,11.719578742980957,7.514727592468262,2.6426913738250732,2.8668696880340576,1.8523739576339722,2.737569808959961,1.902353048324585,1.6518442630767822,1.6102837324142456,2.078007698059082,1.3058907985687256,1.1704879999160767,1.1252371072769165,0.05824337527155876,-0.006954391021281481,0.001962619135156274,0.004658328834921122,0.0003045978373847902,-0.004062895197421312,0.007286427076905966,0.00023961173428688198,-0.0018847541650757194,-0.0032420253846794367,0.0027357563376426697,-0.001997804967686534,-0.004990377463400364,4.353030204772949,2.1902284622192383,1.2061904668807983,0.9302207827568054,0.7025468349456787,0.7205495834350586,0.6812987327575684,0.607978343963623,0.6026160717010498,0.5220025181770325,0.4756224453449249,0.42841359972953796,0.44512230157852173,191.22047258040456,57.508786464868706,250.85638998682478,0.7276785714285714,0.05850460611632074,0.1255268156528473,0.1607142857142857,0.8392857142857143,0.21656222641468048,0.13379280269145966,1.7666381428216524,-0.15136054903268814
13a07Na,C:/Project/AI-STRESS-DETECTOR/data/public/emodb/wav/13a07Na.wav,C:\Project\AI-STRESS-DETECTOR\data\public\emodb\wav\13a07Na.wav,low,0,speaker_13,train,de,emodb_a07,studio,controlled,In sieben Stunden wird es soweit sein.,emodb_emotion=neutral; variation=a,1.9116875,0.1527356505393982,0.10938160121440887,0.3320762515068054,0.1201416239010224,0.19085037026223262,1523.1724360293663,1465.5354434335368,1500.8229147920238,526.27355109212,2641.4814814814813,2228.748652615492,0.2387455552816391,0.17284686863422394,-16.753314971923828,11.873888969421387,4.8040266036987305,3.4521756172180176,0.14236842095851898,-0.10524071753025055,-1.0085612535476685,-0.771806001663208,-0.8163456916809082,-0.36122196912765503,0.6610803604125977,-0.8048656582832336,-0.14671848714351654,11.589682579040527,7.8080244064331055,2.94156813621521,2.512378692626953,1.9604541063308716,2.035529613494873,1.6880403757095337,1.6160115003585815,2.009657144546509,1.410073161125183,1.0961737632751465,1.3775171041488647,1.1437777280807495,-0.010219715535640717,0.004889518488198519,0.01297968253493309,0.004389781970530748,0.014540041796863079,0.0029508473817259073,-8.09822158771567e-05,-0.006872839294373989,-0.008512496016919613,0.0039192866533994675,0.0008557454566471279,-0.003342887619510293,-0.00048152226372621953,4.528205871582031,2.6643126010894775,1.1577911376953125,0.9858362078666687,0.8430293202400208,0.782948911190033,0.7257922291755676,0.7145824432373047,0.6822696924209595,0.5476011633872986,0.46489137411117554,0.5219449996948242,0.4691673219203949,191.8620789109002,49.88255363818916,232.47863247863245,0.6772486772486772,0.054841403572563126,0.20477990806102753,0.2063492063492064,0.7936507936507936,0.18695110082626343,0.09675642848014832,3.1385882891424464,-0.08879949152469635
13a07Tc,C:/Project/AI-STRESS-DETECTOR/data/public/emodb/wav/13a07Tc.wav,C:\Project\AI-STRESS-DETECTOR\data\public\emodb\wav\13a07Tc.wav,moderate,1,speaker_13,train,de,emodb_a07,studio,controlled,In sieben Stunden wird es soweit sein.,emodb_emotion=sadness; variation=c,2.3416875,0.15670190751552582,0.12325729429721832,0.3455354571342468,0.11911243626307146,0.1766529454345451,1583.3163830447622,1328.5862361033835,1626.421365996782,447.6345472201192,2880.1724137931033,2040.0828172669774,0.27460235357284546,0.15658101439476013,-14.783857345581055,9.427132606506348,3.603527545928955,4.312658786773682,1.7709147930145264,0.7603658437728882,0.29955071210861206,-0.07044222950935364,-0.6217272281646729,0.5611513257026672,0.7283910512924194,-0.5146180391311646,0.3873913884162903,10.523940086364746,6.8157429695129395,3.6169965267181396,2.9102883338928223,1.58322274684906,1.807309865951538,1.649570345878601,1.6286293268203735,1.8026297092437744,1.4454907178878784,1.2740631103515625,1.301868200302124,0.998517632484436,-0.0009194242302328348,0.0030703586526215076,0.005002174060791731,0.004677793011069298,0.006596137769520283,0.006976878736168146,0.002349888440221548,-6.6710958890325855e-06,0.0011426662094891071,-0.00041997330845333636,-0.00133602786809206,-0.008364967070519924,-0.004928125534206629,3.899261474609375,2.150059223175049,1.1922743320465088,1.0011276006698608,0.7731080055236816,0.8761441111564636,0.730938732624054,0.6760025024414062,0.6072828769683838,0.5713330507278442,0.5081902742385864,0.5437363386154175,0.47969850897789,211.56334961134144,77.11747021974804,245.96651445966512,0.6594827586206896,0.13903644818075236,0.18847253918647766,0.09913793103448276,0.9008620689655172,0.17055179178714752,0.12215534597635269,3.41633971228014,-0.125641331076622
13a07Wb,C:/Project/AI-STRESS-DETECTOR/data/public/emodb/wav/13a07Wb.wav,C:\Project\AI-STRESS-DETECTOR\data\public\emodb\wav\13a07Wb.wav,severe,3,speaker_13,train,de,emodb_a07,studio,controlled,In sieben Stunden wird es soweit sein.,emodb_emotion=anger; variation=b,2.257625,0.06865093857049942,0.07369757443666458,0.16615717113018036,0.1661519871106337,0.17691112573065745,2163.3164700627367,1275.9243259773848,1785.1404182015158,473.4809690344621,3969.285714285714,1949.3147670975281,0.34437116980552673,0.1938464194536209,-24.353912353515625,6.058988094329834,0.0479670949280262,0.7219472527503967,-1.648577332496643,-2.1364541053771973,-1.6110293865203857,-2.067110300064087,-2.1312239170074463,-1.1579567193984985,-0.08477139472961426,-1.1326830387115479,-0.6426083445549011,16.137218475341797,7.816305637359619,4.646994590759277,3.6262874603271484,2.9055895805358887,2.587068557739258,1.781080961227417,2.066565990447998,1.7922883033752441,1.3148211240768433,1.3476659059524536,1.5466368198394775,1.4169868230819702,0.010945558547973633,0.0053513795137405396,0.0007613790803588927,0.003263043472543359,0.006514142733067274,-0.003845388302579522,-0.004750322084873915,-0.008277878165245056,-0.007413083221763372,-0.0004582458350341767,-6.350661715259776e-05,0.003937510307878256,0.006501772906631231,5.060417652130127,2.0665318965911865,1.5467809438705444,1.0938804149627686,0.9987699389457703,0.9376304149627686,0.8647107481956482,0.7873388528823853,0.6652873754501343,0.5676295757293701,0.7324228882789612,0.6233339309692383,0.5674765706062317,273.4369651991176,46.302136979782894,183.51254480286738,0.6383928571428571,0.059918300634178565,0.2276652604341507,0.2946428571428571,0.7053571428571429,0.09445106983184814,0.07365705072879791,3.5435468689441336,0.029327746480703354
13b01Ab,C:/Project/AI-STRESS-DETECTOR/data/public/emodb/wav/13b01Ab.wav,C:\Project\AI-STRESS-DETECTOR\data\public\emodb\wav\13b01Ab.wav,high,2,speaker_13,train,de,emodb_b01,studio,controlled,"Was sind denn das fuer Tueten, die da unter dem Tisch stehen.",emodb_emotion=fear; variation=b,2.2233125,0.15411578118801117,0.1107054203748703,0.30201542377471924,0.17036910457963092,0.20414725016360874,1951.3232775834522,1405.773489506968,1646.821607783204,409.6666722235155,3472.0,2025.9681411835945,0.33481723070144653,0.20427851378917694,-13.763066291809082,7.824657440185547,1.478875756263733,2.7473366260528564,-0.4522055983543396,-0.6246474385261536,-2.2248494625091553,-1.0212215185165405,-1.1218318939208984,-0.4406486749649048,0.46777382493019104,-0.6274313926696777,0.07441707700490952,14.130644798278809,7.267275333404541,2.9718234539031982,2.846210241317749,1.9822289943695068,2.532536029815674,2.211839437484741,1.9179582595825195,2.183262348175049,1.5499839782714844,1.0709631443023682,1.5726605653762817,1.1754074096679688,0.018536048009991646,0.0008624900365248322,-0.0036926637403666973,0.0050248014740645885,0.010422324761748314,0.01123938150703907,-0.0011624422622844577,0.009029984474182129,0.009326978586614132,-0.010148242115974426,-0.0061212875880301,0.0053896610625088215,0.003689924720674753,4.505109786987305,2.125483274459839,1.2695910930633545,0.9463999271392822,0.7660666108131409,1.0531655550003052,0.9138606190681458,0.771020233631134,0.8128635883331299,0.663239061832428,0.5068226456642151,0.5484438538551331,0.549041211605072,270.2962895173099,38.595334260815655,158.02469135802468,0.6227272727272727,0.04056745146306017,0.21049048006534576,0.1863636363636364,0.8136363636363636,0.18523381650447845,0.09915336221456528,2.698675962106092,0.06885764747858047
13b01Ec,C:/Project/AI-STRESS-DETECTOR/data/public/emodb/wav/13b01Ec.wav,C:\Project\AI-STRESS-DETECTOR\data\public\emodb\wav\13b01Ec.wav,high,2,speaker_13,train,de,emodb_b01,studio,controlled,"Was sind denn das fuer Tueten, die da unter dem Tisch stehen.",emodb_emotion=disgust; variation=c,3.091875,0.17311720550060272,0.11764175444841385,0.3255755305290222,0.16608295984260324,0.21284219007312252,2039.6574706009367,1416.7823206303501,1780.1757649851254,401.65517395121793,3752.312703583062,1982.7394088619549,0.35392969846725464,0.1810263991355896,-12.228710174560547,7.414234161376953,3.1126768589019775,3.0766243934631348,0.9619685411453247,-0.5181341767311096,-1.5295239686965942,-0.4212350845336914,-1.4078757762908936,-0.3649183213710785,-0.027531292289495468,-0.5844051241874695,-0.40226736664772034,15.019807815551758,7.062137603759766,3.1482064723968506,2.869508981704712,1.5252699851989746,1.923194169998169,2.1125926971435547,1.6423850059509277,2.1039540767669678,1.5379738807678223,1.3450838327407837,1.5312901735305786,1.116046667098999,-0.0014027586439624429,-0.002310585230588913,0.0025790303479880095,-0.0008080968400463462,0.002296765334904194,0.0037635816261172295,0.009531569667160511,0.0015077280113473535,-0.002398950746282935,-0.0009369702893309295,0.0038421456702053547,0.006995720788836479,0.0027565478812903166,4.50043249130249,1.9392348527908325,1.2315775156021118,0.9156987071037292,0.7411906719207764,0.7984678149223328,0.827197253704071,0.6897767782211304,0.7101677060127258,0.6354189515113831,0.55939781665802,0.5820993781089783,0.4990769922733307,209.31705932123174,50.274635318069635,274.33728144388044,0.5960912052117264,0.08042683482192022,0.1689969003200531,0.21498371335504884,0.7850162866449512,0.2159501314163208,0.09504875540733337,2.263998382858298,0.05825008451938629
13b01Fc,C:/Project/AI-STRESS-DETECTOR/data/public/emodb/wav/13b01Fc.wav,C:\Project\AI-STRESS-DETECTOR\data\public\emodb\wav\13b01Fc.wav,moderate,1,speaker_13,train,de,emodb_b01,studio,controlled,"Was sind denn das fuer Tueten, die da unter dem Tisch stehen.",emodb_emotion=happiness; variation=c,2.633,0.1272750049829483,0.11787790805101395,0.25407156348228455,0.153064653972095,0.19195151976114508,1932.8867823102778,1286.206186090758,1716.9366592949561,411.7608881018213,3615.1724137931033,1889.8518229750764,0.3289313018321991,0.19169074296951294,-17.89305305480957,7.08005428314209,0.6822404265403748,1.2288492918014526,-1.183093547821045,-2.2013986110687256,-2.20540189743042,-0.8232622742652893,-1.7032501697540283,-0.2052859663963318,0.4013006389141083,0.39609721302986145,0.3093733489513397,14.832555770874023,6.675355434417725,3.898155927658081,2.9167075157165527,2.2693419456481934,2.6954352855682373,2.0096724033355713,1.7635228633880615,1.9605350494384766,1.923448920249939,1.6721539497375488,1.7573314905166626,1.9071002006530762,-0.03928232192993164,0.011499686166644096,0.016158832237124443,-0.007899546064436436,-0.000815161329228431,-0.0034146765246987343,-0.001012657769024372,-0.00023029408475849777,0.0009604888618923724,0.0011928364401683211,-0.0038357977755367756,-0.00813950877636671,-0.010304687544703484,4.590126037597656,1.9615427255630493,1.498969316482544,0.9443842172622681,0.8429449796676636,0.9312596321105957,0.7909409999847412,0.6749091744422913,0.8027664422988892,0.6507067680358887,0.5909404754638672,0.6240555047988892,0.6731657385826111,267.37104265540876,60.010387119171746,187.13450292397658,0.6590038314176245,0.06617517555741846,0.22340385615825653,0.2222222222222222,0.7777777777777778,0.16037306189537048,0.11359910666942596,3.038359285985568,-0.013032957911491394
13b01Ld,C:/Project/AI-STRESS-DETECTOR/data/public/emodb/wav/13b01Ld.wav,C:\Project\AI-STRESS-DETECTOR\data\public\emodb\wav\13b01Ld.wav,low,0,speaker_13,train,de,emodb_b01,studio,controlled,"Was sind denn das fuer Tueten, die da unter dem Tisch stehen.",emodb_emotion=boredom; variation=d,2.6738125,0.1154283955693245,0.0848737582564354,0.24374957382678986,0.14065352059393765,0.1975855607384689,1646.3258301152039,1364.0440060008295,1523.0260183477117,435.70495598748596,2901.132075471698,1977.3296843645667,0.26355886459350586,0.1804569512605667,-18.734094619750977,10.108460426330566,3.3055355548858643,4.075536251068115,-0.8668389320373535,-0.5640223622322083,-1.5408930778503418,-0.3210820257663727,-0.46627312898635864,-0.7993757724761963,0.3905967175960541,-0.4238281846046448,0.004293031524866819,12.946310997009277,8.002545356750488,3.2256503105163574,4.019656658172607,2.090691089630127,2.0218915939331055,1.9907103776931763,1.694730281829834,1.6392436027526855,1.6781078577041626,1.516352653503418,1.650626540184021,1.3230496644973755,0.0388358049094677,-0.00031351952929981053,-0.005696181673556566,0.005868386477231979,-0.0073559177108109,-0.011307901702821255,-0.0036978451535105705,0.0007057792972773314,-0.003870366606861353,0.003249236848205328,0.005045175552368164,-0.003320470917969942,0.002396405441686511,4.770678520202637,2.445446014404297,1.3292505741119385,0.9918416738510132,0.8275378942489624,0.8128142356872559,0.771852970123291,0.61360102891922,0.6403520703315735,0.5568183064460754,0.6036868691444397,0.5810022354125977,0.48524534702301025,204.67275692574194,56.26349007377065,221.1017740429505,0.6981132075471698,0.06775798533248469,0.167794868350029,0.18113207547169807,0.8188679245283019,0.13819217681884766,0.07694286853075027,2.6179846193403615,-0.05583883076906204
13b01Nc,C:/Project/AI-STRESS-DETECTOR/data/public/emodb/wav/13b01Nc.wav,C:\Project\AI-STRESS-DETECTOR\data\public\emodb\wav\13b01Nc.wav,low,0,speaker_13,train,de,emodb_b01,studio,controlled,"Was sind denn das fuer Tueten, die da unter dem Tisch stehen.",emodb_emotion=neutral; variation=c,2.431,0.1594228744506836,0.11625965684652328,0.3488016724586487,0.1430651317089404,0.199182710167628,1679.4192261659189,1488.1367923735904,1532.285623888604,483.6264044227301,2968.9626556016597,2188.631358331454,0.2629720866680145,0.18365174531936646,-15.938650131225586,10.354232788085938,4.5797553062438965,4.205115795135498,0.006051930133253336,0.13321451842784882,-1.0571343898773193,-0.12096427381038666,-0.9061580300331116,-0.5295488834381104,0.8995177745819092,-0.36207327246665955,-0.12249172478914261,12.277899742126465,8.568532943725586,2.746798038482666,3.153441905975342,2.1581668853759766,1.8346190452575684,1.9633759260177612,1.2457283735275269,1.8295526504516602,1.2974344491958618,1.1845844984054565,1.7177740335464478,0.9959339499473572,-0.009778604842722416,0.00031420798040926456,-0.000720845244359225,0.0075525762513279915,0.008050546981394291,-0.0008223343756981194,-0.0150184640660882,-0.00602198950946331,-0.0023882142268121243,-0.006404771935194731,-0.00545616215094924,-0.0037670121528208256,-0.008825982920825481,4.881367206573486,2.7025394439697266,1.3074233531951904,1.110289216041565,0.9585450291633606,0.8427176475524902,0.7108156085014343,0.6730064749717712,0.6849418878555298,0.596121072769165,0.5093308091163635,0.6088285446166992,0.45773833990097046,185.52246418327368,42.4838521362065,222.77847309136422,0.6514522821576764,0.0593216216911212,0.21819859743118286,0.18257261410788383,0.8174273858921162,0.19048011302947998,0.10593264549970627,3.290826820238585,-0.06913556903600693
13b01Wa,C:/Project/AI-STRESS-DETECTOR/data/public/emodb/wav/13b01Wa.wav,C:\Project\AI-STRESS-DETECTOR\data\public\emodb\wav\13b01Wa.wav,severe,3,speaker_13,train,de,emodb_b01,studio,controlled,"Was sind denn das fuer Tueten, die da unter dem Tisch stehen.",emodb_emotion=anger; variation=a,2.2521875,0.1161407008767128,0.09121416509151459,0.2267918586730957,0.14884745496027063,0.17252742549094904,1869.956525606874,1205.9938359817024,1643.3901584740142,432.9274231418089,3384.3946188340806,1863.255376388112,0.30687183141708374,0.19497349858283997,-17.938539505004883,7.966494560241699,-0.8432780504226685,0.9550794363021851,-1.1144754886627197,-2.246093988418579,-2.634913444519043,-1.2006258964538574,-1.6689283847808838,-0.7266799807548523,0.5095990896224976,-0.4543643295764923,-0.25207018852233887,16.64301300048828,6.592461109161377,4.2825775146484375,3.0149359703063965,2.206456184387207,2.627575635910034,2.47113037109375,1.8214243650436401,1.9674900770187378,1.606432318687439,1.2855303287506104,1.5953971147537231,1.6681815385818481,0.0022865773644298315,0.00241806055419147,-0.0016344694886356592,-0.002889454597607255,-0.00034697173396125436,0.006811574101448059,0.001482021645642817,-0.006352911703288555,-0.002193042542785406,0.0007647633901797235,-0.010456019081175327,-0.0014651489909738302,0.007747783791273832,5.38490104675293,2.202812910079956,1.9314991235733032,1.1244189739227295,1.0486115217208862,0.979936957359314,0.9004822373390198,0.770045280456543,0.8332189321517944,0.7608307003974915,0.6596279144287109,0.6095716953277588,0.5851419568061829,280.2596233483232,47.32214292240472,177.77777777777777,0.6816143497757847,0.07124315008780895,0.22634629905223846,0.273542600896861,0.726457399103139,0.15510909259319305,0.07652997225522995,3.996114888303039,0.02388767898082733
13b02Fb,C:/Project/AI-STRESS-DETECTOR/data/public/emodb/wav/13b02Fb.wav,C:\Project\AI-STRESS-DETECTOR\data\public\emodb\wav\13b02Fb.wav,moderate,1,speaker_13,train,de,emodb_b02,studio,controlled,Sie haben es gerade hochgetragen und jetzt gehen sie wieder runter.,emodb_emotion=happiness; variation=b,3.4419375,0.0849730595946312,0.08197902888059616,0.19104145467281342,0.12022746925794017,0.14910003271006755,1659.516684617013,1074.695326137772,1670.8418619453228,478.22641082675045,3178.9473684210525,1837.1262368425894,0.2997010350227356,0.17655576765537262,-22.68660545349121,10.059442520141602,1.2456762790679932,1.008127212524414,-0.7917333841323853,-0.7236297130584717,-0.8126863241195679,-1.0847691297531128,-1.1999367475509644,0.060152567923069,0.0821480005979538,-0.6572074294090271,0.14371073246002197,15.2432861328125,5.71108865737915,4.818330764770508,2.956629753112793,2.936136245727539,2.728766679763794,1.9159566164016724,1.5888922214508057,1.847798228263855,1.4245290756225586,1.199756145477295,1.7143778800964355,1.5758591890335083,-0.005796086508780718,0.00504731573164463,0.005782280582934618,-0.0018463839078322053,0.009972389787435532,0.007915434427559376,-0.0028347703628242016,-0.004064720124006271,-0.000147570637636818,0.0025911310221999884,-0.00036415300564840436,-0.004879526793956757,-0.005658104550093412,4.9589033126831055,1.633354902267456,1.5765595436096191,1.043655514717102,0.897585391998291,0.9076338410377502,0.7336378693580627,0.6775646209716797,0.7066267132759094,0.5471068620681763,0.5461797118186951,0.6156573295593262,0.5292001962661743,216.33151545341212,52.630285320424576,221.1017740429505,0.6111111111111112,0.0550198753355638,0.2247607260942459,0.32456140350877194,0.6754385964912281,0.1223248764872551,0.07508109509944916,2.3242723030270014,-0.00668586790561676
13b02Lc,C:/Project/AI-STRESS-DETECTOR/data/public/emodb/wav/13b02Lc.wav,C:\Project\AI-STRESS-DETECTOR\data\public\emodb\wav\13b02Lc.wav,low,0,speaker_13,train,de,emodb_b02,studio,controlled,Sie haben es gerade hochgetragen und jetzt gehen sie wieder runter.,emodb_emotion=boredom; variation=c,3.804,0.12365509569644928,0.09523661434650421,0.2638667821884155,0.07747543461829176,0.14201108000122004,1231.1551069674013,1143.8779422878013,1426.6630339649187,435.8468688597795,2179.153439153439,1830.7315803562162,0.19981396198272705,0.13911640644073486,-19.888050079345703,12.974919319152832,4.565700531005859,2.9692437648773193,-0.8957416415214539,1.3552467823028564,-0.22223477065563202,-0.13491104543209076,-0.7097867131233215,-0.1208488792181015,0.7129303216934204,-0.540079653263092,0.11772903800010681,13.429142951965332,6.84622859954834,3.561706781387329,3.280447483062744,2.7225613594055176,2.335777759552002,2.001434087753296,1.6957902908325195,1.5336698293685913,1.7155883312225342,1.1744557619094849,1.6676501035690308,1.061428427696228,0.002140963450074196,-0.009502553381025791,0.008012723177671432,-0.007793765980750322,0.0023594212252646685,0.0076282755471765995,-0.004893471486866474,0.005524053703993559,-0.001017328235320747,-0.0015408368781208992,9.454810788156465e-05,-0.0029804492369294167,-0.006807323545217514,4.265692710876465,2.1800665855407715,1.255220890045166,0.9978184700012207,0.9601867198944092,0.7528594136238098,0.7055933475494385,0.6318014860153198,0.55035001039505,0.5651785731315613,0.5466542840003967,0.524591863155365,0.5031371116638184,174.90687640487218,41.92705745580936,230.55555555555554,0.708994708994709,0.036444291605782365,0.14963579177856445,0.23809523809523814,0.7619047619047619,0.15673735737800598,0.08533746004104614,2.8916929547844377,-0.06714700162410736
13b02Nb,C:/Project/AI-STRESS-DETECTOR/data/public/emodb/wav/13b02Nb.wav,C:\Project\AI-STRESS-DETECTOR\data\public\emodb\wav\13b02Nb.wav,low,0,speaker_13,train,de,emodb_b02,studio,controlled,Sie haben es gerade hochgetragen und jetzt gehen sie wieder runter.,emodb_emotion=neutral; variation=b,2.78625,0.15053224563598633,0.1055869534611702,0.2897065579891205,0.08552066085792097,0.1413634823015021,1418.3097420350955,1186.742502479941,1622.8482718594676,526.5283123994931,2719.42238267148,2041.9088432444662,0.2498498409986496,0.1538141816854477,-16.115524291992188,11.832385063171387,4.083181381225586,2.4821908473968506,0.23311491310596466,0.518427312374115,-0.8568292260169983,-0.8101738095283508,-0.5190435647964478,-0.4470776915550232,0.9747388362884521,-0.9637930393218994,0.06096227839589119,12.264628410339355,6.543101787567139,3.3419811725616455,2.8839833736419678,2.2728312015533447,2.531911849975586,1.9032247066497803,1.8707321882247925,1.5985922813415527,1.5576485395431519,1.2021127939224243,1.7413294315338135,0.8999516367912292,-0.005388170480728149,-0.03482035547494888,0.02039708010852337,0.011216762475669384,0.002546626375988126,-0.00719702010974288,0.005714117083698511,-0.0013789902441203594,-0.0010183037957176566,0.010143417865037918,0.005135546438395977,0.004796735476702452,-0.007082661148160696,4.698154449462891,2.013883113861084,1.4889265298843384,1.1266610622406006,0.8579426407814026,1.014727234840393,0.7760744094848633,0.699404776096344,0.6603303551673889,0.6555783152580261,0.5461999773979187,0.5996494293212891,0.4808787703514099,190.8420452380783,43.55882028536629,232.47863247863245,0.703971119133574,0.051930217266553724,0.20810426771640778,0.21660649819494582,0.7833935018050542,0.18614040315151215,0.09127169102430344,2.8712427097353075,-0.0419953316450119
13b02Wa,C:/Project/AI-STRESS-DETECTOR/data/public/emodb/wav/13b02Wa.wav,C:\Project\AI-STRESS-DETECTOR\data\public\emodb\wav\13b02Wa.wav,severe,3,speaker_13,train,de,emodb_b02,studio,controlled,Sie haben es gerade hochgetragen und jetzt gehen sie wieder runter.,emodb_emotion=anger; variation=a,2.4110625,0.12477350980043411,0.10713494569063187,0.2822324335575104,0.12223026184708632,0.0936780597639824,1748.8960436910158,727.9900305077986,1650.8178608906596,383.9916137981478,3299.0794979079496,1443.194094540614,0.29598137736320496,0.17129068076610565,-16.200824737548828,8.432779312133789,-3.146390438079834,-1.6545071601867676,-2.505953788757324,-1.9628881216049194,-1.6756055355072021,-1.8817051649093628,-1.5056381225585938,-1.0450681447982788,0.0168133657425642,-1.0543861389160156,-0.563713014125824,16.836694717407227,4.085903644561768,4.779624938964844,3.661931037902832,3.340212821960449,2.590890645980835,2.529428243637085,1.8049042224884033,1.4982728958129883,1.7001585960388184,1.4196375608444214,1.696318507194519,1.5394819974899292,-0.08818191289901733,-0.013712952844798565,0.007035485003143549,0.009194719605147839,0.008792590349912643,0.02005927823483944,0.012268410995602608,-0.003904414363205433,0.0010262373834848404,0.0030559601727873087,-0.0034933278802782297,-0.0010701282881200314,-0.0006038523861207068,5.3079681396484375,1.959159255027771,1.8087389469146729,1.1611287593841553,1.079099178314209,0.8915132284164429,0.919349730014801,0.6936034560203552,0.7852776646614075,0.7339619398117065,0.713553249835968,0.6628373265266418,0.5924232006072998,282.6851738089251,44.39744625629187,200.21574973031284,0.7615062761506276,0.05401470829565328,0.20988604426383972,0.2301255230125523,0.7698744769874477,0.1589771807193756,0.09896274656057358,2.903284340410089,-0.05232007056474686
13b03Ac,C:/Project/AI-STRESS-DETECTOR/data/public/emodb/wav/13b03Ac.wav,C:\Project\AI-STRESS-DETECTOR\data\public\emodb\wav\13b03Ac.wav,high,2,speaker_13,train,de,emodb_b03,studio,controlled,An den Wochenenden bin ich jetzt immer nach Hause gefahren und habe Agnes besucht.,emodb_emotion=fear; variation=c,3.3083125,0.12304531782865524,0.09408087283372879,0.242844820022583,0.09749297255296295,0.1064954463050412,1532.2795298109309,932.2305556267653,1678.6725239982322,417.7360460873797,3057.021276595745,1723.0134421227701,0.3093819320201874,0.16226129233837128,-15.127065658569336,10.55246639251709,2.281813859939575,2.0957658290863037,0.7997833490371704,0.6017692685127258,-1.2926056385040283,-1.1822713613510132,-1.1471863985061646,-0.23867584764957428,-0.3384861648082733,-1.1524746417999268,-0.2896864116191864,12.349685668945312,5.016430854797363,3.344705104827881,2.5583250522613525,1.4591771364212036,2.2884521484375,1.80095374584198,1.797410249710083,2.0455312728881836,1.5495961904525757,1.2577614784240723,1.3793059587478638,1.1411044597625732,0.05886487290263176,-0.05747087299823761,0.02647732011973858,0.010041800327599049,-0.002020756248384714,0.007162217516452074,-0.010385836474597454,0.0061491006053984165,-0.005789783783257008,-0.007138245739042759,0.002434070222079754,0.0047253635711967945,-0.003591241082176566,4.578596591949463,2.135465621948242,1.4224426746368408,1.0283385515213013,0.7940441966056824,0.9367409348487854,0.822422981262207,0.7216930389404297,0.8775840997695923,0.635197639465332,0.5842586755752563,0.5500689148902893,0.5386350154876709,235.77974792033166,30.37044613956794,228.57142857142856,0.6717325227963525,0.06253041924820907,0.24911795556545258,0.23404255319148937,0.7659574468085106,0.15424901247024536,0.08582265675067902,2.720420153779306,-4.618614912033081e-05
13b03Ed,C:/Project/AI-STRESS-DETECTOR/data/public/emodb/wav/13b03Ed.wav,C:\Project\AI-STRESS-DETECTOR\data\public\emodb\wav\13b03Ed.wav,high,2,speaker_13,train,de,emodb_b03,studio,controlled,An den Wochenenden bin ich jetzt immer nach Hause gefahren und habe Agnes besucht.,emodb_emotion=disgust; variation=d,4.518125,0.09701607376337051,0.08491960912942886,0.22277988493442535,0.09385686438318017,0.1266483779956459,1453.6098286679412,935.3526065793083,1688.0424127949361,445.8314065439714,2984.8,1793.0691453482768,0.29672518372535706,0.17437036335468292,-21.66690444946289,10.719993591308594,3.1742193698883057,2.5176279544830322,0.7925189137458801,0.22316792607307434,-1.228175401687622,-1.3644533157348633,-0.34348538517951965,0.2713516056537628,0.25240135192871094,-0.5925761461257935,-0.550311267375946,15.753641128540039,5.774649620056152,3.2534074783325195,2.7888853549957275,1.7637993097305298,2.295781135559082,1.7589746713638306,2.0446083545684814,1.7096550464630127,1.4379374980926514,1.1735541820526123,1.5191837549209595,1.2196588516235352,0.0017310460098087788,0.004344914574176073,-0.0008847573189996183,-0.005728132091462612,-0.004968299996107817,-0.00017242538160644472,0.0010423390194773674,0.0033532290253788233,0.003243235405534506,-0.0009517853613942862,-0.0002504730364307761,0.0038876766338944435,0.0027417591772973537,3.9507241249084473,1.5824284553527832,1.204637885093689,1.0272096395492554,0.6971063017845154,0.8197813034057617,0.6363736987113953,0.6154730916023254,0.744120180606842,0.5402039289474487,0.4913020133972168,0.497256338596344,0.4525511562824249,187.68914376009877,33.6103242929033,285.3801169590643,0.5866666666666667,0.06776773630973956,0.18308432400226593,0.3044444444444444,0.6955555555555556,0.1354832649230957,0.0740644708275795,1.7706460091298932,-0.09747369587421417
13b03Fd,C:/Project/AI-STRESS-DETECTOR/data/public/emodb/wav/13b03Fd.wav,C:\Project\AI-STRESS-DETECTOR\data\public\emodb\wav\13b03Fd.wav,moderate,1,speaker_13,train,de,emodb_b03,studio,controlled,An den Wochenenden bin ich jetzt immer nach Hause gefahren und habe Agnes besucht.,emodb_emotion=happiness; variation=d,3.9309375,0.0774611383676529,0.06709090620279312,0.1713351607322693,0.1258965828894487,0.12406662943486133,1808.300563234179,945.2405270242682,1729.1658519517607,461.5080415315625,3433.2480818414324,1799.808866618401,0.32168975472450256,0.17489519715309143,-21.38240623474121,8.372008323669434,-0.5289039015769958,-0.4229467809200287,-1.6961725950241089,-1.0103936195373535,-1.5484423637390137,-1.8464033603668213,-1.1401227712631226,-0.33639007806777954,-0.531013548374176,-0.05412200838327408,0.6636706590652466,16.14049530029297,4.874874591827393,4.928090572357178,3.5324299335479736,2.909360885620117,2.8727614879608154,1.7983888387680054,1.823889136314392,1.7825062274932861,1.4158275127410889,1.2456936836242676,1.4173908233642578,1.6614258289337158,-0.018928060308098793,0.005019099451601505,0.01941555179655552,0.007177460007369518,0.0033095693215727806,-0.0006231258739717305,-0.0005983309238217771,-0.0014710791874676943,-0.004174713045358658,-0.0006782871205359697,0.0031866650097072124,0.0020221895538270473,-0.0018855964299291372,4.7817063331604,1.5953878164291382,1.6504136323928833,1.1415067911148071,0.979053795337677,0.9707152843475342,0.743697464466095,0.6700548529624939,0.8012259602546692,0.5871336460113525,0.5718492865562439,0.568390965461731,0.6960639357566833,286.1770917466625,57.98657746791056,210.10101010101008,0.659846547314578,0.073991602491765,0.22612877190113068,0.268542199488491,0.731457800511509,0.10330834239721298,0.060451507568359375,2.5439224103664837,-0.02151433378458023
13b03Lb,C:/Project/AI-STRESS-DETECTOR/data/public/emodb/wav/13b03Lb.wav,C:\Project\AI-STRESS-DETECTOR\data\public\emodb\wav\13b03Lb.wav,low,0,speaker_13,train,de,emodb_b03,studio,controlled,An den Wochenenden bin ich jetzt immer nach Hause gefahren und habe Agnes besucht.,emodb_emotion=boredom; variation=b,3.8853125,0.1373448371887207,0.09489034116268158,0.23928821086883545,0.06475491053214431,0.10525396324092565,1119.749789115235,892.7918257654263,1419.6360585588595,398.4648710667581,2134.0568475452196,1673.39442949503,0.1862703114748001,0.13343238830566406,-17.046411514282227,13.280495643615723,4.078058242797852,4.734768867492676,-0.8646698594093323,2.5930917263031006,-1.1890465021133423,-0.006200849544256926,-0.7061179280281067,0.2518433630466461,0.9276918172836304,-0.7429211735725403,0.23176605999469757,10.821996688842773,5.708398818969727,3.0975513458251953,2.716247081756592,2.2527947425842285,2.2711384296417236,2.1098906993865967,1.6437336206436157,1.5365782976150513,1.4259757995605469,1.3155347108840942,1.507710337638855,1.0418083667755127,0.0013009990798309445,-9.756556391948834e-05,0.004257217049598694,0.00468238303437829,-0.005306434817612171,-0.0055471379309892654,-0.0008056280785240233,0.004835799802094698,0.0012872699880972505,-0.0019199601374566555,-0.00020117229723837227,-0.0002360664220759645,0.0012083158362656832,3.472459316253662,1.8129830360412598,1.1403865814208984,0.9292904734611511,0.8150885701179504,0.6361269950866699,0.6819226741790771,0.6183041334152222,0.6733621954917908,0.49593624472618103,0.5157374143600464,0.5774954557418823,0.4777982234954834,166.341809696471,37.69072011847938,239.6135265700483,0.7441860465116279,0.04762238357051535,0.12122465670108795,0.19638242894056845,0.8036175710594315,0.1644350290298462,0.0863262340426445,2.0590364352931716,-0.10125710070133209
13b03Na,C:/Project/AI-STRESS-DETECTOR/data/public/emodb/wav/13b03Na.wav,C:\Project\AI-STRESS-DETECTOR\data\public\emodb\wav\13b03Na.wav,low,0,speaker_13,train,de,emodb_b03,studio,controlled,An den Wochenenden bin ich jetzt immer nach Hause gefahren und habe Agnes besucht.,emodb_emotion=neutral; variation=a,3.567,0.17241376638412476,0.12597277760505676,0.37617698311805725,0.09194818030992975,0.12656330845325298,1319.0745756380597,988.4602617899957,1493.7032194557648,468.14027163473196,2461.7464788732395,1788.8872276339353,0.23370906710624695,0.15431931614875793,-14.917987823486328,12.62830638885498,3.5491974353790283,2.583632707595825,-0.5308651924133301,0.834980309009552,-1.1169447898864746,-1.0917669534683228,-0.9000187516212463,-0.5690778493881226,0.3184233605861664,-1.2746376991271973,-0.19788594543933868,11.678200721740723,6.013044357299805,3.8376808166503906,2.459669589996338,2.0902469158172607,2.719423294067383,1.855185627937317,1.7348135709762573,1.7650710344314575,1.527089238166809,1.1978884935379028,1.8482881784439087,1.1501333713531494,-0.004563860595226288,-0.0027536675333976746,-0.0034339381381869316,0.0013116480549797416,0.001798895769752562,0.0002494321670383215,-0.0009911712259054184,-0.0010699178092181683,0.0006156901363283396,-0.0033983136527240276,0.004047352354973555,0.002085783751681447,0.003961197566241026,4.073875904083252,2.0863640308380127,1.3068982362747192,0.9437313675880432,0.9077733755111694,0.8278636336326599,0.6659499406814575,0.7600500583648682,0.6746387481689453,0.6058052778244019,0.5634271502494812,0.5950067639350891,0.49993816018104553,193.68182165781297,37.54770040569125,234.34343434343432,0.7070422535211267,0.059390021282631614,0.1652933657169342,0.22816901408450707,0.7718309859154929,0.21665692329406738,0.10918720066547394,3.0838239416876925,-0.13134154677391052
13b03Td,C:/Project/AI-STRESS-DETECTOR/data/public/emodb/wav/13b03Td.wav,C:\Project\AI-STRESS-DETECTOR\data\public\emodb\wav\13b03Td.wav,moderate,1,speaker_13,train,de,emodb_b03,studio,controlled,An den Wochenenden bin ich jetzt immer nach Hause gefahren und habe Agnes besucht.,emodb_emotion=sadness; variation=d,4.97625,0.13165514171123505,0.10897095501422882,0.30808067321777344,0.06921032419759074,0.11633293363422965,1219.695409973507,927.6748295586829,1547.9105711666678,410.42089552364945,2422.9032258064517,1721.8532655409724,0.243548184633255,0.14215098321437836,-18.337177276611328,11.265880584716797,3.1045093536376953,3.5888257026672363,1.261948823928833,2.0757672786712646,-0.15836811065673828,0.5855406522750854,-0.3898122310638428,0.7944671511650085,1.2105556726455688,-0.3616654872894287,0.3234526216983795,10.60338020324707,5.318673133850098,3.155689239501953,2.974332571029663,1.7912837266921997,2.085435628890991,1.6358550786972046,1.5450448989868164,1.5470459461212158,1.1302450895309448,1.1482688188552856,1.2963896989822388,0.8756399750709534,0.010040306486189365,0.006310127209872007,-0.0033325485419481993,0.004524612799286842,-0.0035239579156041145,-0.005044240038841963,-0.00224141962826252,-0.0013130480656400323,0.005815466400235891,0.0013315691612660885,-0.006053853314369917,0.006390173453837633,0.009233430959284306,3.666322708129883,1.7917375564575195,1.0660825967788696,0.898949384689331,0.7750610113143921,0.7438894510269165,0.7014361023902893,0.6729238033294678,0.6085453033447266,0.5416035652160645,0.5228239893913269,0.5077672004699707,0.46126288175582886,223.24779081530554,92.09637062057027,226.52329749103941,0.717741935483871,0.09633287324894267,0.21874777972698212,0.14717741935483875,0.8528225806451613,0.15050213038921356,0.10725854337215424,5.425772418990203,-0.049140699207782745
13b03Wc,C:/Project/AI-STRESS-DETECTOR/data/public/emodb/wav/13b03Wc.wav,C:\Project\AI-STRESS-DETECTOR\data\public\emodb\wav\13b03Wc.wav,severe,3,speaker_13,train,de,emodb_b03,studio,controlled,An den Wochenenden bin ich jetzt immer nach Hause gefahren und habe Agnes besucht.,emodb_emotion=anger; variation=c,3.611875,0.08060294389724731,0.08146115392446518,0.20799878239631653,0.14389036658498613,0.11721271427358433,1870.1835896771013,908.8260013980125,1633.5872274677026,444.56971242384236,3342.5069637883007,1677.3348535561681,0.318305104970932,0.1897522658109665,-21.166061401367188,7.513127326965332,-3.2752327919006348,-1.8039931058883667,-1.7267875671386719,-2.095829486846924,-2.1261301040649414,-1.877526044845581,-1.8558628559112549,-0.28860247135162354,-0.404278427362442,-0.6784743666648865,-0.0993235632777214,13.832619667053223,4.704095840454102,5.512990951538086,3.802588939666748,2.4298315048217773,2.939051389694214,2.1626434326171875,1.7030065059661865,1.9992268085479736,1.7367725372314453,1.5272964239120483,1.6153777837753296,1.6253461837768555,-0.04126829653978348,0.018627546727657318,0.02717811055481434,0.0008786023245193064,-0.0033103097230196,0.00296605471521616,0.003483206033706665,0.009415783919394016,-0.0047742328606545925,-0.0025109387934207916,0.004757883958518505,-0.0020284808706492186,-0.0030163489282131195,4.047065734863281,1.7241567373275757,1.6526798009872437,1.2398507595062256,0.8491551876068115,0.8903660774230957,0.8265331983566284,0.699965238571167,0.8000199794769287,0.5694597363471985,0.5786492228507996,0.5553475022315979,0.6238301396369934,290.9676128748171,48.22445085237895,175.78027465667913,0.7270194986072424,0.06700007505301551,0.22841326892375946,0.25069637883008355,0.7493036211699164,0.10518411546945572,0.08021517843008041,2.7686450943069736,-0.008247673511505127
13b09Ab,C:/Project/AI-STRESS-DETECTOR/data/public/emodb/wav/13b09Ab.wav,C:\Project\AI-STRESS-DETECTOR\data\public\emodb\wav\13b09Ab.wav,high,2,speaker_13,train,de,emodb_b09,studio,controlled,Ich will das eben wegbringen und dann mit Karl was trinken gehen.,emodb_emotion=fear; variation=b,2.71175,0.14132599532604218,0.11469744890928268,0.3132316768169403,0.10375380831260306,0.13553872282209495,1604.168858395221,1009.4117720226045,1736.664886887605,372.40079178639706,3261.4126394052046,1713.7049400495648,0.3315139710903168,0.16772522032260895,-15.073721885681152,8.699941635131836,2.2236087322235107,3.764887571334839,0.7217411994934082,0.6251910328865051,-0.3892079293727875,0.123511403799057,-1.0351496934890747,-0.14255382120609283,0.15434767305850983,-0.693351149559021,0.20828819274902344,15.869124412536621,5.261384010314941,2.9727590084075928,2.2569408416748047,1.569011926651001,1.8577643632888794,1.4395498037338257,1.4672480821609497,2.030649423599243,1.4601243734359741,1.2944649457931519,1.7610979080200195,1.1043049097061157,0.0004419518227223307,-0.0032188137993216515,-0.004920420702546835,0.0025622108951210976,0.0025928127579391003,0.007557386066764593,0.004903588443994522,0.0031046902295202017,0.001188237452879548,-0.00012624396185856313,0.0011840243823826313,0.005085789132863283,-0.0024872813373804092,4.120506286621094,1.873822569847107,1.3012704849243164,0.9762306809425354,0.6906425952911377,0.8569003939628601,0.7049673199653625,0.6448474526405334,0.7030317187309265,0.6037309765815735,0.5377218723297119,0.6332588791847229,0.5013467073440552,244.50364341924814,44.227202538022574,190.6071019473081,0.5947955390334573,0.0480115375878002,0.219621479511261,0.22676579925650553,0.7732342007434945,0.17833629250526428,0.10468371957540512,1.1062966718908454,0.029027342796325684
13b09Ec,C:/Project/AI-STRESS-DETECTOR/data/public/emodb/wav/13b09Ec.wav,C:\Project\AI-STRESS-DETECTOR\data\public\emodb\wav\13b09Ec.wav,high,2,speaker_13,train,de,emodb_b09,studio,controlled,Ich will das eben wegbringen und dann mit Karl was trinken gehen.,emodb_emotion=disgust; variation=c,2.68975,0.1618327498435974,0.1092677041888237,0.29149073362350464,0.10895215567007405,0.15159212539814548,1523.9722671463405,1170.7827749759924,1574.7502833569208,491.7027211579094,2895.7303370786517,1939.6554894925573,0.2725669741630554,0.17836156487464905,-14.307079315185547,11.390230178833008,3.082876205444336,4.021930694580078,0.30121123790740967,-1.4555704593658447,-2.193315029144287,-1.0516680479049683,-0.5981960892677307,-0.33965128660202026,0.27903902530670166,-1.127305030822754,-0.8978833556175232,14.281959533691406,6.168951511383057,2.630122661590576,2.9282329082489014,1.9725264310836792,2.6653337478637695,1.7822940349578857,1.5549700260162354,1.6064757108688354,1.3782535791397095,1.3925230503082275,1.3789935111999512,1.1715251207351685,0.006267233286052942,-0.005181665997952223,-0.00043872857349924743,-0.0009718566434457898,-0.004449871368706226,-0.0018404199508950114,-0.0031565013341605663,0.0009887549094855785,-0.006116959266364574,-9.92437417153269e-05,0.005702360067516565,0.003936513792723417,0.0041414969600737095,5.179681777954102,2.003734588623047,1.3658183813095093,0.8929380774497986,0.892829954624176,1.0645825862884521,0.75898677110672,0.7201380729675293,0.6891207098960876,0.6212761402130127,0.5639679431915283,0.5762414932250977,0.5324902534484863,187.38618612241797,23.0025397312166,239.6135265700483,0.6704119850187266,0.05771705835770154,0.19133922457695007,0.24344569288389517,0.7565543071161048,0.206394761800766,0.08680615574121475,2.9742541128357654,-0.041176602244377136
13b09Fb,C:/Project/AI-STRESS-DETECTOR/data/public/emodb/wav/13b09Fb.wav,C:\Project\AI-STRESS-DETECTOR\data\public\emodb\wav\13b09Fb.wav,moderate,1,speaker_13,train,de,emodb_b09,studio,controlled,Ich will das eben wegbringen und dann mit Karl was trinken gehen.,emodb_emotion=happiness; variation=b,2.8738125,0.08990059792995453,0.07252369076013565,0.19002477824687958,0.11908719166336895,0.13329454677200717,1688.7692225439318,1085.7679618172335,1588.4747473444766,414.569561331711,3093.3333333333335,1727.2541166909202,0.28036466240882874,0.17933224141597748,-19.644437789916992,9.353705406188965,-0.22148175537586212,1.602201223373413,-1.356655240058899,-2.164524793624878,-1.4092665910720825,-1.5829731225967407,-1.6696561574935913,-0.36725127696990967,-0.28731319308280945,-0.2840980291366577,-0.10641773790121078,14.389069557189941,5.798517227172852,4.628641605377197,3.2223546504974365,2.5405631065368652,2.798253297805786,1.8504135608673096,1.9029028415679932,1.960823655128479,1.5826835632324219,1.5644855499267578,1.962213397026062,2.1019346714019775,-0.006469820160418749,-0.01714388281106949,-0.007785954512655735,-0.005588031839579344,0.0003607381950132549,0.0034189827274531126,-0.003702114336192608,-0.011869145557284355,0.0037136455066502094,0.005504465661942959,0.0027787985745817423,0.004293938633054495,-0.0010432235430926085,4.480470657348633,2.0559229850769043,1.5863832235336304,1.172919750213623,1.0740801095962524,1.177645206451416,0.8566612601280212,0.811796247959137,0.8180744051933289,0.6847297549247742,0.5487319231033325,0.6581676602363586,0.6519315242767334,255.70306313700635,48.42906227025057,197.13971397139713,0.6947368421052632,0.06051225803475925,0.21229812502861023,0.2315789473684211,0.7684210526315789,0.11372950673103333,0.06616826355457306,3.131728322568017,-0.02562737464904785
13b09Fc,C:/Project/AI-STRESS-DETECTOR/data/public/emodb/wav/13b09Fc.wav,C:\Project\AI-STRESS-DETECTOR\data\public\emodb\wav\13b09Fc.wav,moderate,1,speaker_13,train,de,emodb_b09,studio,controlled,Ich will das eben wegbringen und dann mit Karl was trinken gehen.,emodb_emotion=happiness; variation=c,2.96225,0.12742866575717926,0.09374803304672241,0.247256800532341,0.09252723645849316,0.12686169689761612,1459.814262749104,981.4810393915244,1592.8235874270001,468.50566261537244,2854.1496598639455,1760.7592840912382,0.2661832571029663,0.16505569219589233,-17.481264114379883,11.103361129760742,1.9784533977508545,2.3276989459991455,-0.8002151846885681,-1.7591756582260132,-1.1286348104476929,-1.2720558643341064,-1.5104079246520996,-0.4484303891658783,-0.18888485431671143,-0.6541266441345215,-0.3327115476131439,15.624588012695312,5.187439918518066,4.458584785461426,2.72900128364563,2.6049625873565674,2.7037739753723145,1.6850624084472656,1.7679778337478638,1.7317131757736206,1.3728727102279663,1.4468836784362793,1.554817795753479,1.2999520301818848,0.0170438215136528,-0.015582583844661713,-0.0014328226679936051,6.367114110616967e-05,-0.0027745196130126715,-0.009911811910569668,-0.003458895720541477,-0.004672735929489136,-0.0035500526428222656,-0.00598776014521718,-0.003807214554399252,-0.006361875217407942,-0.0013610015157610178,5.117825508117676,1.7640825510025024,1.5943719148635864,0.9904048442840576,0.9700869917869568,1.0723350048065186,0.7426064014434814,0.696635365486145,0.6812140345573425,0.5623343586921692,0.5596978068351746,0.6080900430679321,0.5217384099960327,246.07586161606346,51.82673776965881,260.3174603174603,0.7006802721088435,0.053133240980132286,0.18265335261821747,0.25850340136054417,0.7414965986394558,0.16619615256786346,0.07737839221954346,2.700649843868681,-0.030611813068389893
13b09La,C:/Project/AI-STRESS-DETECTOR/data/public/emodb/wav/13b09La.wav,C:\Project\AI-STRESS-DETECTOR\data\public\emodb\wav\13b09La.wav,low,0,speaker_13,train,de,emodb_b09,studio,controlled,Ich will das eben wegbringen und dann mit Karl was trinken gehen.,emodb_emotion=boredom; variation=a,2.5901875,0.13233399391174316,0.09671805053949356,0.26836100220680237,0.07687506704504452,0.1293210993795466,1243.6797960531935,1096.7856615954772,1426.171322713081,473.92067200683056,2355.3307392996107,1801.2956824873875,0.21129344403743744,0.14857608079910278,-17.72268295288086,12.834397315979004,3.415358304977417,4.709487438201904,0.3509275019168854,0.5764284133911133,-1.2177150249481201,0.3908899128437042,-0.7710565328598022,-0.07176892459392548,0.6909463405609131,-0.5469396710395813,0.30252644419670105,12.326530456542969,6.737359523773193,2.8471691608428955,2.351213216781616,1.9592090845108032,2.3765645027160645,1.893669605255127,1.6046563386917114,1.604166865348816,1.4081600904464722,1.0559638738632202,1.316327452659607,0.9480534791946411,0.02111774869263172,0.008122395724058151,-0.002294110832735896,0.0036088451743125916,-0.0032808510586619377,-0.003177388571202755,-0.002397695789113641,-0.000647304579615593,-0.006396641489118338,-0.0007115969201549888,-0.0006101230974309146,-0.008229529485106468,-0.005532904993742704,4.071922779083252,2.0740885734558105,1.3413686752319336,0.7938123941421509,0.7652621865272522,0.779370903968811,0.6831811666488647,0.6589661836624146,0.6418925523757935,0.5271583795547485,0.5025811195373535,0.5165491104125977,0.47816142439842224,167.15255901981755,23.140362016670558,190.33603139563405,0.7354085603112841,0.035102067234793144,0.12362641841173172,0.22178988326848248,0.7782101167315175,0.16386108100414276,0.08660506457090378,3.4746519315686606,-0.09251851588487625
13b09Na,C:/Project/AI-STRESS-DETECTOR/data/public/emodb/wav/13b09Na.wav,C:\Project\AI-STRESS-DETECTOR\data\public\emodb\wav\13b09Na.wav,low,0,speaker_13,train,de,emodb_b09,studio,controlled,Ich will das eben wegbringen und dann mit Karl was trinken gehen.,emodb_emotion=neutral; variation=a,2.672875,0.134922057390213,0.10035310685634613,0.28598833084106445,0.09005532699673711,0.15187293966833984,1413.9067227530015,1143.024743091994,1547.3069953215604,491.8892910248538,2767.245283018868,1913.1218082087162,0.2578853666782379,0.1793307662010193,-17.862747192382812,11.909470558166504,3.408168315887451,3.3878278732299805,-0.29822078347206116,-0.6765714883804321,-1.388689398765564,-0.7918515801429749,-1.2709392309188843,-0.6584328413009644,0.39985182881355286,-1.1969480514526367,-0.2473640888929367,13.46032428741455,6.195180892944336,3.1347217559814453,2.826934337615967,2.3443896770477295,2.2539825439453125,1.7659358978271484,1.6246774196624756,1.7680095434188843,1.4070558547973633,1.3614401817321777,1.7574458122253418,1.129960536956787,0.04454629123210907,-0.008113907650113106,-0.02670694701373577,-0.002782857744023204,-0.0013172761537134647,-0.003317636903375387,-0.00832952931523323,0.00027856018277816474,-0.0011175357503816485,-0.0030009052716195583,-0.005673038773238659,0.008099685423076153,0.005687535274773836,4.757415294647217,2.000154495239258,1.3427525758743286,1.0176072120666504,0.8997978568077087,0.9298627972602844,0.6872480511665344,0.6456944942474365,0.7020328640937805,0.5328962206840515,0.5720957517623901,0.6169337034225464,0.49360719323158264,203.03581289902502,41.048749541493464,250.98039215686273,0.720754716981132,0.05035625737527833,0.1808081865310669,0.23773584905660372,0.7622641509433963,0.1718430519104004,0.08615337312221527,3.741289809661881,-0.06095029413700104
13b09Wa,C:/Project/AI-STRESS-DETECTOR/data/public/emodb/wav/13b09Wa.wav,C:\Project\AI-STRESS-DETECTOR\data\public\emodb\wav\13b09Wa.wav,severe,3,speaker_13,train,de,emodb_b09,studio,controlled,Ich will das eben wegbringen und dann mit Karl was trinken gehen.,emodb_emotion=anger; variation=a,2.399625,0.08460134267807007,0.09574326127767563,0.23882175981998444,0.1402139803289737,0.13098113922775007,1821.9335270755896,884.7816506623739,1584.9766087714527,397.9878993407284,3278.4873949579833,1522.312834961386,0.30847859382629395,0.1918395608663559,-20.656387329101562,7.766736030578613,-3.9132778644561768,-0.5750622153282166,-2.0378148555755615,-2.5785677433013916,-2.2860007286071777,-1.2671254873275757,-1.9373466968536377,-1.1808041334152222,0.0386488176882267,-0.5577898025512695,-0.015127390623092651,14.726227760314941,4.741264343261719,5.524181842803955,4.2401442527771,2.3407108783721924,2.4394431114196777,1.8583329916000366,1.6848722696304321,1.8188921213150024,1.4615046977996826,1.3042033910751343,1.3201313018798828,1.3281134366989136,0.008328285999596119,0.0010738713899627328,-0.001063841744326055,0.0028210426680743694,-0.0022283762227743864,-3.695487976074219e-05,0.0009170580306090415,0.004267191048711538,0.006265857722610235,-0.001870690262876451,-0.002126975217834115,0.0018672797596082091,0.011181549169123173,4.447511196136475,1.8180289268493652,1.7717137336730957,1.2332624197006226,0.9480562806129456,0.99135422706604,0.7814755439758301,0.7238816618919373,0.8576974868774414,0.6759248971939087,0.6910287737846375,0.6114983558654785,0.6839213371276855,293.0156495564153,62.60802835905232,213.96263520157325,0.7142857142857143,0.09496428590350374,0.25840023159980774,0.26890756302521013,0.7310924369747899,0.11280355602502823,0.09782032668590546,2.9171224670521436,-0.008930079638957977
13b10Ec,C:/Project/AI-STRESS-DETECTOR/data/public/emodb/wav/13b10Ec.wav,C:\Project\AI-STRESS-DETECTOR\data\public\emodb\wav\13b10Ec.wav,high,2,speaker_13,train,de,emodb_b10,studio,controlled,"Die wird auf dem Platz sein, wo wir sie immer hinlegen.",emodb_emotion=disgust; variation=c,2.84775,0.10056936740875244,0.07199374586343765,0.19591349363327026,0.1036336424099117,0.11507744298082016,1580.097402389176,919.0481410449289,1728.9107353939155,431.7080397437072,3114.487632508834,1774.488430443088,0.30337899923324585,0.18512332439422607,-17.248767852783203,10.178659439086914,1.8796898126602173,2.402801036834717,0.4298759698867798,-2.6416022777557373,-2.0117387771606445,-1.3878391981124878,-1.0815341472625732,-0.04790383577346802,-0.20873481035232544,-0.2954427897930145,-0.6435182094573975,14.596906661987305,5.2335286140441895,3.3522112369537354,2.8794381618499756,1.6080862283706665,2.8888003826141357,2.0476226806640625,1.792229413986206,1.9039314985275269,1.5813028812408447,1.5440467596054077,1.3887768983840942,1.432598352432251,-0.016666008159518242,-0.01203639805316925,0.007695049978792667,0.006250789389014244,0.0069458819925785065,0.011649219319224358,0.007225560490041971,-0.003973424434661865,-0.0014946666778996587,-0.0030055467505007982,-0.00020492877229116857,-0.002930128015577793,0.0010275562526658177,4.550652503967285,1.6125394105911255,1.139697551727295,0.8461117148399353,0.7051617503166199,0.8533273935317993,0.7597043514251709,0.6334723234176636,0.6840280890464783,0.6083084940910339,0.5360750555992126,0.5434682369232178,0.5406442880630493,219.1998428011974,49.92189173751829,229.5713035870516,0.7385159010600707,0.05613996358118205,0.15773744881153107,0.19081272084805656,0.8091872791519434,0.12145908176898956,0.06404058635234833,1.7557721007813185,0.03309279680252075
13b10Fa,C:/Project/AI-STRESS-DETECTOR/data/public/emodb/wav/13b10Fa.wav,C:\Project\AI-STRESS-DETECTOR\data\public\emodb\wav\13b10Fa.wav,moderate,1,speaker_13,train,de,emodb_b10,studio,controlled,"Die wird auf dem Platz sein, wo wir sie immer hinlegen.",emodb_emotion=happiness; variation=a,2.1585625,0.10002364218235016,0.07582850009202957,0.20102614164352417,0.103049680275455,0.11266452861958373,1595.6642842829476,875.687943779674,1696.1799852788863,423.4408790533005,3079.2523364485983,1708.262330165588,0.2817462980747223,0.17299890518188477,-19.055471420288086,9.132932662963867,0.6489931344985962,0.8707210421562195,-1.9052144289016724,-1.9002654552459717,-1.2411268949508667,-2.0534212589263916,-1.80500328540802,-1.2653024196624756,-0.17664508521556854,-0.5870530605316162,0.38725972175598145,14.717611312866211,4.185047626495361,5.663254737854004,4.283027172088623,2.533390522003174,2.221604347229004,1.9204277992248535,1.9670724868774414,1.913088083267212,1.5962896347045898,1.3123537302017212,1.3828883171081543,1.472805380821228,-0.017267707735300064,0.014991366304457188,0.015645286068320274,0.008644348941743374,0.017431791871786118,-0.006611506454646587,-0.00046569888945668936,0.0024509562645107508,-0.007965131662786007,-0.01587027683854103,-0.025490378960967064,-0.01579657942056656,-0.006530816201120615,4.871767520904541,1.6123225688934326,1.5953539609909058,1.1982698440551758,0.8746971487998962,0.8148301243782043,0.7759127616882324,0.8156469464302063,0.7582107186317444,0.567668080329895,0.5783163905143738,0.6272909641265869,0.6471624970436096,281.4090523812074,68.41128711050942,198.69281045751632,0.7429906542056075,0.05095308147735233,0.20099025964736938,0.21962616822429903,0.780373831775701,0.12440666556358337,0.0680537149310112,2.779627645713293,-0.01314494013786316
13b10La,C:/Project/AI-STRESS-DETECTOR/data/public/emodb/wav/13b10La.wav,C:\Project\AI-STRESS-DETECTOR\data\public\emodb\wav\13b10La.wav,low,0,speaker_13,train,de,emodb_b10,studio,controlled,"Die wird auf dem Platz sein, wo wir sie immer hinlegen.",emodb_emotion=boredom; variation=a,2.3484375,0.16305790841579437,0.09913484007120132,0.30652499198913574,0.05555734830638829,0.08710610440475337,1030.6279020285453,834.2341397310971,1374.4380017642632,436.8510218826254,1956.3948497854078,1662.432381630239,0.17887082695960999,0.12776079773902893,-16.18071174621582,13.916047096252441,4.568604469299316,4.842999458312988,-0.7184728384017944,-0.2060869038105011,-1.7050034999847412,-0.4600365161895752,-0.9667749404907227,-0.7051400542259216,0.7577222585678101,-0.6853457689285278,-0.26205602288246155,12.532923698425293,5.174754619598389,2.617856502532959,2.916335344314575,2.2379517555236816,1.7649505138397217,2.195573329925537,1.886515736579895,1.3700292110443115,1.3698740005493164,1.4695875644683838,1.430295467376709,1.1098979711532593,0.004428847227245569,-0.004476858302950859,-0.011759568937122822,0.003441940527409315,0.00021669690613634884,-0.0010087750852108002,0.004890561569482088,-0.00537217827513814,-0.0029413464944809675,-0.0018631950952112675,0.005233108531683683,0.009458944201469421,0.006191203836351633,4.127260208129883,1.8607438802719116,1.15866219997406,1.0103386640548706,0.9098067879676819,0.614822506904602,0.6765228509902954,0.5903424024581909,0.6028364896774292,0.4790269434452057,0.5432344675064087,0.579145610332489,0.46177759766578674,182.2096454083203,25.19969277121024,207.4074074074074,0.7982832618025751,0.025617055601555864,0.1432838886976242,0.16309012875536477,0.8369098712446352,0.19003313779830933,0.08518190681934357,2.1290751829673984,-0.040450334548950195
13b10Nc,C:/Project/AI-STRESS-DETECTOR/data/public/emodb/wav/13b10Nc.wav,C:\Project\AI-STRESS-DETECTOR\data\public\emodb\wav\13b10Nc.wav,low,0,speaker_13,train,de,emodb_b10,studio,controlled,"Die wird auf dem Platz sein, wo wir sie immer hinlegen.",emodb_emotion=neutral; variation=c,2.3678125,0.14421014487743378,0.09709849953651428,0.2805239260196686,0.08601290460193035,0.1271946506267426,1332.708820757701,1049.3221521227185,1499.029482952215,496.7639772778708,2522.8936170212764,1877.3122846811013,0.23958642780780792,0.17690832912921906,-16.350831985473633,12.787434577941895,3.8938004970550537,3.411907911300659,-0.7924025058746338,-0.6820228099822998,-1.4038145542144775,-1.188205361366272,-1.0982588529586792,-1.192514181137085,0.6194102764129639,-0.9320725202560425,-0.3010503351688385,12.264595985412598,6.002710819244385,3.4466261863708496,3.1158087253570557,2.304645299911499,2.0505967140197754,1.9825621843338013,1.6758112907409668,1.7230470180511475,1.5112749338150024,1.339208722114563,1.6237915754318237,1.1350821256637573,0.049663469195365906,-0.014763852581381798,0.0010013915598392487,-0.0027183613274246454,-0.01690668985247612,0.01057395339012146,-0.004880806896835566,-0.005308444611728191,0.0016843684716150165,-0.0012443502200767398,0.00066289899405092,0.00015708841965533793,0.008528577163815498,4.463100910186768,1.9436023235321045,1.3161226511001587,0.9892486333847046,1.092018723487854,0.7539487481117249,0.7497752904891968,0.68476802110672,0.7250011563301086,0.6053404808044434,0.5211875438690186,0.5956704616546631,0.4906054139137268,195.52321879599796,44.69184385467765,192.0,0.7446808510638298,0.05086695265729973,0.18106310069561005,0.2085106382978723,0.7914893617021277,0.17727714776992798,0.08134067058563232,1.6893229510360301,-0.006723761558532715
13b10Wa,C:/Project/AI-STRESS-DETECTOR/data/public/emodb/wav/13b10Wa.wav,C:\Project\AI-STRESS-DETECTOR\data\public\emodb\wav\13b10Wa.wav,severe,3,speaker_13,train,de,emodb_b10,studio,controlled,"Die wird auf dem Platz sein, wo wir sie immer hinlegen.",emodb_emotion=anger; variation=a,2.2005625,0.12126229703426361,0.09820840507745743,0.2402658313512802,0.10175668529120967,0.08014592394814996,1640.1216752802245,713.6876843333646,1631.3500439807822,448.7632479607753,3212.4770642201834,1539.7862093728686,0.2855011522769928,0.18171603977680206,-16.815927505493164,9.27479076385498,-2.1812455654144287,-0.016802025958895683,-1.7709933519363403,-2.443943738937378,-1.624980092048645,-1.9736254215240479,-2.301584482192993,-1.2764445543289185,0.1113143339753151,-0.6910458207130432,-0.08456877619028091,15.022595405578613,4.107556343078613,5.411198616027832,4.213115215301514,2.6129488945007324,2.868736982345581,1.7707054615020752,1.593806505203247,1.9782278537750244,1.5106867551803589,1.2448312044143677,1.124086856842041,1.806423544883728,0.03896186500787735,-0.010409713722765446,-0.020171629264950752,-0.010369449853897095,0.007697905879467726,0.010106141678988934,-0.011777078732848167,-0.0043684751726686954,0.0015169436810538173,0.018588954582810402,0.0009757715160958469,0.005737370811402798,0.008112908340990543,4.14745569229126,1.720405101776123,1.952406883239746,1.1667171716690063,0.9479450583457947,0.8695645332336426,0.7238054871559143,0.7338612675666809,0.7833389043807983,0.5409547686576843,0.6237183809280396,0.574971079826355,0.7718566656112671,279.4314755900666,58.09061356285701,185.34278959810874,0.7752293577981652,0.06945067343796618,0.2178259938955307,0.2155963302752294,0.7844036697247706,0.1515239030122757,0.08952409774065018,2.7265755914680905,-0.011274479329586029
13b10Wc,C:/Project/AI-STRESS-DETECTOR/data/public/emodb/wav/13b10Wc.wav,C:\Project\AI-STRESS-DETECTOR\data\public\emodb\wav\13b10Wc.wav,severe,3,speaker_13,train,de,emodb_b10,studio,controlled,"Die wird auf dem Platz sein, wo wir sie immer hinlegen.",emodb_emotion=anger; variation=c,2.6833125,0.0720435231924057,0.06949463486671448,0.16711099445819855,0.12504946576968734,0.08429680782244733,1836.087341186689,626.7505774104518,1653.8099634995706,368.3358416178777,3392.03007518797,1258.715038429137,0.30458956956863403,0.17390602827072144,-20.80864906311035,6.982912063598633,-3.933711290359497,-0.45658761262893677,-2.7042648792266846,-3.19490909576416,-1.8549537658691406,-1.7838915586471558,-2.2924158573150635,-1.1332727670669556,0.37704649567604065,-0.06943623721599579,0.5537795424461365,13.29818344116211,3.9526538848876953,5.250499725341797,3.3647165298461914,2.3697290420532227,2.8014252185821533,1.9025979042053223,1.838078498840332,1.934923529624939,1.585551142692566,1.7484371662139893,1.3870536088943481,1.853063702583313,-0.029920291155576706,0.0017540777334943414,0.006606241688132286,0.0004083886160515249,0.00320296548306942,0.00402040034532547,0.001440639840438962,-0.0026889636646956205,0.015214918181300163,0.008121088147163391,0.004909108858555555,0.0006261831149458885,0.002885815454646945,3.7629787921905518,1.5218982696533203,1.7470266819000244,1.0671218633651733,0.8748588562011719,0.8873677253723145,0.7500256896018982,0.7573021650314331,0.7682594656944275,0.6361477971076965,0.6714677214622498,0.6275079250335693,0.6782475113868713,278.4754344489152,57.55215323376673,216.42512077294685,0.7706766917293233,0.08595850952912115,0.21305938065052032,0.20676691729323304,0.793233082706767,0.08884155005216599,0.06864576041698456,2.981389607062167,-0.02042461559176445
14a01Aa,C:/Project/AI-STRESS-DETECTOR/data/public/emodb/wav/14a01Aa.wav,C:\Project\AI-STRESS-DETECTOR\data\public\emodb\wav\14a01Aa.wav,high,2,speaker_14,train,de,emodb_a01,studio,controlled,Der Lappen liegt auf dem Eisschrank.,emodb_emotion=fear; variation=a,1.53375,0.10980284959077835,0.10454385727643967,0.2621406614780426,0.14946306162757889,0.16985969692848607,1953.1774814067232,1183.2995801751692,1740.5554641362091,382.44310702613524,3774.0397350993376,1722.312929242445,0.365516722202301,0.1744065135717392,-16.845884323120117,7.849070072174072,1.0838533639907837,2.1827478408813477,-0.5357722640037537,0.7153051495552063,-1.884359359741211,-0.9535716772079468,-0.8010693192481995,0.8768846392631531,-0.6097897887229919,-0.40285542607307434,-0.3000360429286957,15.834996223449707,6.756877422332764,3.2657248973846436,2.4674150943756104,1.9079188108444214,2.083850383758545,2.128673791885376,1.6540892124176025,1.888608694076538,1.5500404834747314,1.4161086082458496,1.2350071668624878,1.2168059349060059,0.050232768058776855,0.03055591695010662,-0.0253722183406353,-0.023146331310272217,-0.0008589329081587493,0.007250057999044657,-0.002567368559539318,0.002653246745467186,0.01118721254169941,0.018349602818489075,0.0003753947967197746,-0.013399339281022549,-0.0004746637714561075,5.63334321975708,2.000587224960327,1.4367660284042358,0.9745549559593201,0.8342158198356628,0.7722519636154175,0.8541935682296753,0.7043889164924622,0.6673916578292847,0.6268975138664246,0.6475762128829956,0.550142228603363,0.533379852771759,227.87640870811325,34.08079063428477,185.34278959810874,0.5099337748344371,0.0545108391152972,0.24027903378009796,0.2715231788079471,0.7284768211920529,0.14709654450416565,0.09931378811597824,3.9119804400977998,-0.014343060553073883
14a01Ac,C:/Project/AI-STRESS-DETECTOR/data/public/emodb/wav/14a01Ac.wav,C:\Project\AI-STRESS-DETECTOR\data\public\emodb\wav\14a01Ac.wav,high,2,speaker_14,train,de,emodb_a01,studio,controlled,Der Lappen liegt auf dem Eisschrank.,emodb_emotion=fear; variation=c,1.5423125,0.1188850924372673,0.09082750231027603,0.25377246737480164,0.1637152090753199,0.16946010351882795,2032.9335766380116,1202.1490806318172,1639.3128339977138,397.0091356147232,3792.8947368421054,1675.5335487927998,0.32867658138275146,0.1939472258090973,-15.422494888305664,7.315643310546875,-1.3355718851089478,0.6057958602905273,-2.8808469772338867,0.048907630145549774,-2.866175651550293,-1.1430158615112305,-1.846186637878418,-0.007743785157799721,-0.7396810054779053,-0.6854231953620911,-0.1637616604566574,13.583251953125,7.174161911010742,4.4341888427734375,2.8971352577209473,2.790048599243164,2.3522050380706787,2.4746859073638916,1.7598391771316528,1.8975024223327637,1.3794302940368652,1.3003249168395996,1.462834358215332,1.51436448097229,-0.06703031808137894,0.052826229482889175,-0.011568129062652588,-0.01262199692428112,0.007801275700330734,-0.002664224011823535,0.0038849555421620607,0.010649709962308407,0.011593597941100597,0.011592058464884758,-0.0042652226984500885,-0.0031795455142855644,-0.0010881581110879779,4.072879791259766,1.9158198833465576,1.6676222085952759,0.990781307220459,1.1080116033554077,0.9582401514053345,0.9204029440879822,0.7199993133544922,0.6688093543052673,0.6582543253898621,0.617814838886261,0.5569639801979065,0.6001964807510376,284.07151487597105,48.92435626897822,167.32026143790847,0.6381578947368421,0.04637490754810162,0.19250895082950592,0.26315789473684215,0.7368421052631579,0.15682697296142578,0.07539931684732437,3.8902621874620094,0.001813746988773346
14a01Ea,C:/Project/AI-STRESS-DETECTOR/data/public/emodb/wav/14a01Ea.wav,C:\Project\AI-STRESS-DETECTOR\data\public\emodb\wav\14a01Ea.wav,high,2,speaker_14,train,de,emodb_a01,studio,controlled,Der Lappen liegt auf dem Eisschrank.,emodb_emotion=disgust; variation=a,3.1425,0.0922716036438942,0.08752088993787766,0.2339218705892563,0.13827838827838826,0.16295772267216183,1890.3872841299603,1159.383703751955,1682.4609402511478,395.9573144536282,3603.974358974359,1694.464471594605,0.3463485836982727,0.16852600872516632,-19.59418487548828,8.04257869720459,0.6325075626373291,1.6803796291351318,-0.2817113697528839,0.7082015872001648,-1.6779372692108154,-0.9172396659851074,-0.12010940909385681,1.1297273635864258,-0.07578054070472717,-0.3238520920276642,-0.4651120603084564,17.46576499938965,7.625852584838867,3.1884477138519287,2.4829564094543457,1.9128111600875854,2.2382709980010986,2.234227418899536,1.7299635410308838,1.9136993885040283,1.6541074514389038,1.2643136978149414,1.2721627950668335,1.3184384107589722,0.020002327859401703,0.0097511550411582,-0.0125116603448987,-0.014006376266479492,0.0001763090112945065,0.0035714255645871162,-0.008491026237607002,-0.0005370462313294411,0.007935015484690666,0.008060941472649574,-0.005526723340153694,-0.010021107271313667,-0.011136308312416077,5.529030799865723,1.546728253364563,1.2107499837875366,0.8803586959838867,0.7198571562767029,0.7172565460205078,0.702491819858551,0.6268630027770996,0.6341777443885803,0.5684621930122375,0.5085583329200745,0.5160581469535828,0.5169298648834229,209.3536883993224,51.119202648180135,257.39604635310155,0.5641025641025641,0.09638136807315725,0.18196184933185577,0.28205128205128205,0.717948717948718,0.1259256899356842,0.08149067312479019,2.2275258552108195,-0.035995304584503174
14a01Na,C:/Project/AI-STRESS-DETECTOR/data/public/emodb/wav/14a01Na.wav,C:\Project\AI-STRESS-DETECTOR\data\public\emodb\wav\14a01Na.wav,low,0,speaker_14,train,de,emodb_a01,studio,controlled,Der Lappen liegt auf dem Eisschrank.,emodb_emotion=neutral; variation=a,1.6153125,0.09105745702981949,0.0835786685347557,0.21620000898838043,0.09951441102756892,0.15129875495657125,1475.5320550277645,1154.7033417931502,1525.2477545739862,510.42613321144756,2803.0,2017.0946928689293,0.2636139392852783,0.17491166293621063,-23.217761993408203,11.843470573425293,2.8988778591156006,2.374189853668213,-0.8795713186264038,1.5292454957962036,-0.9425369501113892,0.16990187764167786,-0.5708104968070984,1.201148271560669,0.5338835120201111,0.15643061697483063,-0.5230420827865601,16.49151611328125,7.924422264099121,3.315894603729248,2.6618268489837646,2.203455686569214,1.8246490955352783,1.932300090789795,1.4428831338882446,1.4515719413757324,1.2277888059616089,0.8735957145690918,0.9172184467315674,1.1555691957473755,-0.01745910570025444,-0.018095821142196655,-0.018847182393074036,0.0026453733444213867,0.009196631610393524,0.013156497851014137,-0.003322503063827753,-0.0011837154161185026,0.004940251354128122,-0.008611326105892658,-0.02199561893939972,-0.008941988460719585,-0.012583156116306782,6.045466899871826,2.260690927505493,1.4773461818695068,1.1015998125076294,0.9890928268432617,0.8064602017402649,0.8687263131141663,0.7048965692520142,0.6642972826957703,0.5995337963104248,0.44941291213035583,0.47242820262908936,0.497810035943985,163.81682428553714,32.44832557298168,229.30756843800322,0.50625,0.07396406432825414,0.2618752717971802,0.3375,0.6625,0.1329398900270462,0.07294599711894989,3.71445153801509,-0.05161067843437195
14a01Wa,C:/Project/AI-STRESS-DETECTOR/data/public/emodb/wav/14a01Wa.wav,C:\Project\AI-STRESS-DETECTOR\data\public\emodb\wav\14a01Wa.wav,severe,3,speaker_14,train,de,emodb_a01,studio,controlled,Der Lappen liegt auf dem Eisschrank.,emodb_emotion=anger; variation=a,1.6378125,0.0840454027056694,0.08537779003381729,0.19748573005199432,0.1713388409294842,0.15875721143390734,2153.499545495037,1100.9822903537558,1705.3671284188893,371.8959301946521,4045.679012345679,1482.4995061907491,0.3352668583393097,0.16709157824516296,-21.80328941345215,6.293341159820557,-2.2748219966888428,0.5338811278343201,-2.521411657333374,0.16489653289318085,-2.6861064434051514,-0.7113258242607117,-1.6453149318695068,-0.23951825499534607,-0.1405535191297531,-1.0920660495758057,-0.3989798426628113,20.864704132080078,6.452018737792969,5.377965450286865,2.8034849166870117,3.4201908111572266,2.209709882736206,2.69814133644104,1.5754135847091675,1.9728882312774658,1.6216785907745361,1.254368782043457,1.5357915163040161,1.3287765979766846,0.005102840252220631,-0.012127300724387169,-0.003374270396307111,-0.030860012397170067,-0.011178785003721714,0.010014660656452179,-0.003355717984959483,-0.01558876782655716,-0.008741103112697601,0.0012376573868095875,0.0006058966391719878,0.012819472700357437,0.012431071139872074,6.056761264801025,1.9410710334777832,1.8724124431610107,0.9885517954826355,1.1277350187301636,0.8466672897338867,1.035406470298767,0.6613903641700745,0.754657506942749,0.6159162521362305,0.6159432530403137,0.6343619227409363,0.5616987943649292,271.72486105243047,48.696984134588575,178.809370298732,0.5679012345679012,0.03857233858883965,0.25315985083580017,0.3580246913580247,0.6419753086419753,0.12691952288150787,0.0786939486861229,3.052852509063156,-0.043380651623010635
14a01Wc,C:/Project/AI-STRESS-DETECTOR/data/public/emodb/wav/14a01Wc.wav,C:\Project\AI-STRESS-DETECTOR\data\public\emodb\wav\14a01Wc.wav,severe,3,speaker_14,train,de,emodb_a01,studio,controlled,Der Lappen liegt auf dem Eisschrank.,emodb_emotion=anger; variation=c,1.9724375,0.07358027994632721,0.07599131017923355,0.20401087403297424,0.1424458582353319,0.15172570213948447,2044.5719917664974,1041.9023604126942,1735.9742343782987,364.12810308722374,4063.7948717948716,1431.8888221325217,0.3438800871372223,0.15044091641902924,-23.616371154785156,6.570478916168213,-1.2109845876693726,1.0477914810180664,-2.1286559104919434,0.5337638854980469,-1.8095142841339111,-0.15378046035766602,-1.4212056398391724,-0.23362676799297333,-0.6204433441162109,-0.5372254848480225,-0.14561130106449127,21.693132400512695,6.336973190307617,5.094175338745117,2.9732353687286377,3.060107469558716,2.4114787578582764,2.4449894428253174,1.7155872583389282,1.854493260383606,1.4527608156204224,1.3837130069732666,1.793830394744873,1.3985297679901123,-0.016761641949415207,0.022976595908403397,0.053785137832164764,0.008331796154379845,0.001472673611715436,0.0014911651378497481,-0.007378808222711086,0.0023038301151245832,-0.007057780399918556,-0.015398316085338593,-0.003599868156015873,0.0005114867235533893,0.0011649217922240496,6.499764919281006,1.9995207786560059,1.7526301145553589,0.9521406888961792,1.1843987703323364,0.9021567702293396,0.823636531829834,0.6721366047859192,0.7107468843460083,0.5866878032684326,0.5670004487037659,0.5699118971824646,0.6464883089065552,244.01296682039572,47.27265483998496,216.42512077294685,0.558974358974359,0.05319480541432874,0.2453547567129135,0.33333333333333337,0.6666666666666666,0.10775859653949738,0.07170189917087555,2.534934567001489,-0.004697024822235107
14a02Ab,C:/Project/AI-STRESS-DETECTOR/data/public/emodb/wav/14a02Ab.wav,C:\Project\AI-STRESS-DETECTOR\data\public\emodb\wav\14a02Ab.wav,high,2,speaker_14,train,de,emodb_a02,studio,controlled,Das will sie am Mittwoch abgeben.,emodb_emotion=fear; variation=b,1.3695625,0.09683793038129807,0.08019682765007019,0.2126186043024063,0.13641511185370833,0.16515695335111846,1889.6485014542104,1221.803717240416,1691.7417264313394,471.55904513401583,3590.814814814815,1938.6742518007857,0.3315923511981964,0.19652657210826874,-17.389476776123047,9.213233947753906,0.767216682434082,2.0973849296569824,-1.2093967199325562,-0.36834952235221863,-2.8819515705108643,-1.5603424310684204,-1.9863816499710083,-0.2203364223241806,-0.9982864856719971,-1.1042414903640747,-0.563000500202179,15.240467071533203,6.0110602378845215,3.923800230026245,3.086336135864258,2.68912935256958,2.0551047325134277,2.1997523307800293,1.3413100242614746,1.8074359893798828,1.401877522468567,1.2365790605545044,1.1211265325546265,1.1440744400024414,0.3554632067680359,-0.007014447823166847,-0.01777375303208828,-0.007710163481533527,-0.01645812951028347,-0.028365662321448326,-0.026421258226037025,-0.003965515643358231,0.005469419527798891,0.01251665037125349,0.0010206010192632675,-0.00047435759915970266,-0.02451922744512558,5.910922527313232,2.3134591579437256,1.7809544801712036,1.1880561113357544,1.1067107915878296,0.927729070186615,0.937984049320221,0.6167867183685303,0.8692598342895508,0.6303757429122925,0.5591312646865845,0.5653006434440613,0.6091054081916809,242.63744197175498,28.679743073995773,147.28682170542635,0.7185185185185186,0.03551785725745882,0.19440215826034546,0.20740740740740737,0.7925925925925926,0.11908850818872452,0.07557819038629532,2.920640715556975,-0.022325344383716583
14a02Ea,C:/Project/AI-STRESS-DETECTOR/data/public/emodb/wav/14a02Ea.wav,C:\Project\AI-STRESS-DETECTOR\data\public\emodb\wav\14a02Ea.wav,high,2,speaker_14,train,de,emodb_a02,studio,controlled,Das will sie am Mittwoch abgeben.,emodb_emotion=disgust; variation=a,2.554875,0.06746987998485565,0.06791659444570541,0.16170723736286163,0.13117774673838745,0.1723399430841976,1882.2169586018324,1245.255257376805,1718.6362939143996,467.19124456196346,3607.7470355731225,1840.2500429544837,0.32618823647499084,0.16757750511169434,-22.93337059020996,8.970659255981445,1.3655765056610107,2.012943983078003,-0.17634302377700806,-0.0339026153087616,-1.811516523361206,-1.008800745010376,-1.3825726509094238,0.8847259283065796,-0.07063347846269608,0.09975654631853104,-0.9243107438087463,17.6599178314209,5.896280765533447,3.716853141784668,3.510741710662842,2.5128800868988037,2.28556227684021,2.429216146469116,1.836097002029419,2.1400527954101562,1.223507285118103,1.2845696210861206,1.2696844339370728,1.6768193244934082,0.009877563454210758,0.004269719589501619,-0.004972601309418678,0.0016856665024533868,5.123643495608121e-05,-0.0009325464488938451,0.00884788017719984,0.001149049843661487,0.002913001924753189,0.0019257275853306055,-0.0008586960611864924,0.004392785020172596,-0.004023020621389151,5.231868743896484,1.8176287412643433,1.3874471187591553,0.9705298542976379,0.8117716312408447,0.6964230537414551,0.6904557943344116,0.6309738755226135,0.659285306930542,0.49682432413101196,0.4345036447048187,0.49015066027641296,0.514157235622406,203.02849540661495,44.280951459474934,270.8994708994709,0.5889328063241107,0.11642058651891322,0.1446879655122757,0.2648221343873518,0.7351778656126482,0.0892292931675911,0.06686785072088242,2.7398600714320662,-0.035504598170518875
14a02Fd,C:/Project/AI-STRESS-DETECTOR/data/public/emodb/wav/14a02Fd.wav,C:\Project\AI-STRESS-DETECTOR\data\public\emodb\wav\14a02Fd.wav,moderate,1,speaker_14,train,de,emodb_a02,studio,controlled,Das will sie am Mittwoch abgeben.,emodb_emotion=happiness; variation=d,1.6816875,0.11124973744153976,0.09952136129140854,0.2687619924545288,0.11950055862547934,0.1403427993106704,1788.7540893581652,1034.0279227901653,1629.1932362772131,444.5377174318322,3424.3373493975905,1647.4984269850686,0.2865327000617981,0.16060034930706024,-21.03246307373047,8.315413475036621,-1.3478752374649048,1.6293820142745972,-2.435263156890869,-0.7987957000732422,-2.187885284423828,-0.8396865725517273,-1.8496625423431396,-0.4135971963405609,-0.49622592329978943,-0.9863788485527039,-0.283305287361145,21.145431518554688,5.51016092300415,5.30994987487793,3.4883925914764404,3.366161823272705,2.912987470626831,2.3913238048553467,1.793167233467102,1.8023059368133545,1.6994961500167847,1.4248998165130615,1.3278553485870361,1.3626619577407837,9.398862312082201e-05,0.005975435953587294,0.005223638843744993,-0.001205358188599348,-0.0029963613487780094,0.003778463462367654,0.004166056402027607,-0.0013630210887640715,-0.005262468010187149,0.0024268655106425285,0.00019902169879060239,-0.006007248070091009,-0.004557391162961721,5.750195503234863,2.2175545692443848,1.9159694910049438,1.0680614709854126,1.1852506399154663,0.8119564652442932,0.8037569522857666,0.7078074812889099,0.734115719795227,0.4849661588668823,0.5376177430152893,0.562706708908081,0.6063327193260193,281.1702208329373,53.499863544375536,200.21574973031284,0.6686746987951807,0.05662358406251768,0.21247287094593048,0.29518072289156627,0.7048192771084337,0.1551371067762375,0.0866115465760231,2.9732039989593786,-0.06887166202068329
14a02La,C:/Project/AI-STRESS-DETECTOR/data/public/emodb/wav/14a02La.wav,C:\Project\AI-STRESS-DETECTOR\data\public\emodb\wav\14a02La.wav,low,0,speaker_14,train,de,emodb_a02,studio,controlled,Das will sie am Mittwoch abgeben.,emodb_emotion=boredom; variation=a,1.9506875,0.09128182381391525,0.08351807296276093,0.22549761831760406,0.08504421675951537,0.12300444549152909,1392.7963843545147,1044.9676741216579,1553.7146622016373,513.0232858499063,2665.2849740932643,1904.3291412923497,0.2502311170101166,0.16997410356998444,-23.276830673217773,12.294845581054688,3.4330930709838867,3.0389387607574463,-0.6824243664741516,1.015510082244873,-1.0846688747406006,0.15172608196735382,-0.8473479747772217,1.1894545555114746,-0.40435054898262024,0.3747040033340454,-0.16177251935005188,15.767309188842773,6.191902160644531,3.5651400089263916,2.97627854347229,2.925100326538086,2.210214376449585,2.3813204765319824,1.152337908744812,1.535343050956726,1.398255467414856,1.2285537719726562,0.9799562692642212,1.0930582284927368,-0.04015170410275459,0.060820892453193665,-0.015420433133840561,-0.014803523197770119,0.012361370958387852,0.0032399743795394897,-0.014730604365468025,0.006082184612751007,0.004328974988311529,-0.006564144045114517,-0.0047806003130972385,-0.008309450000524521,-0.0020080911926925182,5.787472724914551,2.152878999710083,1.5402342081069946,0.8801506757736206,1.0474492311477661,0.7235454320907593,0.7214779257774353,0.5522937774658203,0.6274358034133911,0.518355667591095,0.49783599376678467,0.48491767048835754,0.4635917842388153,165.14455628914743,27.95782379168697,238.60811930405967,0.5699481865284974,0.0770609261028407,0.19540360569953918,0.27979274611398963,0.7202072538860104,0.12351088225841522,0.07715978473424911,3.588478421069495,-0.08959641680121422
14a02Nc,C:/Project/AI-STRESS-DETECTOR/data/public/emodb/wav/14a02Nc.wav,C:\Project\AI-STRESS-DETECTOR\data\public\emodb\wav\14a02Nc.wav,low,0,speaker_14,train,de,emodb_a02,studio,controlled,Das will sie am Mittwoch abgeben.,emodb_emotion=neutral; variation=c,1.4308125,0.10412945598363876,0.09699100255966187,0.23606999218463898,0.08736379956984658,0.12822774896850073,1383.2524648588428,1117.7648283042925,1530.2216366272544,487.22921972130507,2550.354609929078,1941.5451956089573,0.247224822640419,0.17559105157852173,-20.88922882080078,11.617712020874023,2.8410773277282715,2.545466423034668,0.009717089124023914,1.0890262126922607,-1.3416748046875,0.14756061136722565,-1.1318796873092651,0.519061803817749,0.023839125409722328,0.28044936060905457,-0.6163049936294556,14.717632293701172,6.430057048797607,3.3463799953460693,2.6365649700164795,2.7028393745422363,2.171163320541382,2.4189095497131348,1.170553207397461,1.653087854385376,1.1015232801437378,1.2498120069503784,1.242659091949463,1.4573063850402832,0.04450458660721779,0.013514485210180283,-0.00965359527617693,-0.005900570657104254,-0.007398652844130993,0.013122123666107655,0.017247095704078674,0.005057772621512413,-0.00026189011987298727,-0.013976022601127625,-0.011647084727883339,0.00021126506908331066,0.0022279354743659496,4.738949775695801,2.73819637298584,1.6209423542022705,1.0201550722122192,1.0625287294387817,0.9159374237060547,0.7511579394340515,0.6184515357017517,0.7569466233253479,0.5618662238121033,0.5040513873100281,0.5544730424880981,0.501702606678009,178.44550229068076,30.126287374349598,157.71991856852028,0.5957446808510638,0.0508799334313722,0.2327573001384735,0.3049645390070922,0.6950354609929078,0.14323578774929047,0.09223593771457672,4.1934215699122,-0.09745499864220619
14a02Tb,C:/Project/AI-STRESS-DETECTOR/data/public/emodb/wav/14a02Tb.wav,C:\Project\AI-STRESS-DETECTOR\data\public\emodb\wav\14a02Tb.wav,moderate,1,speaker_14,train,de,emodb_a02,studio,controlled,Das will sie am Mittwoch abgeben.,emodb_emotion=sadness; variation=b,2.137375,0.11141950637102127,0.08742726594209671,0.26588889956474304,0.17003593890386343,0.24180849960498982,1928.526387421103,1708.5085743083728,1613.4846092475477,389.5895151648861,3262.0754716981132,2144.293751428948,0.27254629135131836,0.1481885015964508,-17.790685653686523,8.37524700164795,3.820451498031616,2.942683458328247,1.0915635824203491,1.4073256254196167,-0.6517208814620972,0.12621422111988068,-0.32183486223220825,1.2383699417114258,0.7520023584365845,0.8334186673164368,-0.19003382325172424,13.258560180664062,8.110780715942383,3.2479395866394043,3.3590502738952637,2.0317466259002686,2.2679872512817383,1.9993840456008911,1.402586817741394,1.236006736755371,1.0438992977142334,1.0760635137557983,0.993161141872406,1.163082480430603,0.047724101692438126,-0.012276316992938519,-0.009592996910214424,0.0011096574598923326,-0.011911331675946712,0.000924092426430434,-0.012096843682229519,-0.004930017050355673,0.005322264041751623,0.0027820279356092215,-0.002175683155655861,0.005543183535337448,0.0036242525093257427,5.416962623596191,1.6599557399749756,1.221211314201355,1.1207170486450195,0.7870596647262573,0.7088091969490051,0.6106926202774048,0.5873277187347412,0.5821263790130615,0.46627822518348694,0.4859852194786072,0.5108850598335266,0.5007137656211853,188.3767577075516,76.83506885379194,280.7892004153686,0.4858490566037736,0.2696442479881435,0.18876320123672485,0.19339622641509435,0.8066037735849056,0.1340775042772293,0.08251258730888367,3.7429089420433943,-0.08930564671754837
14a02Wa,C:/Project/AI-STRESS-DETECTOR/data/public/emodb/wav/14a02Wa.wav,C:\Project\AI-STRESS-DETECTOR\data\public\emodb\wav\14a02Wa.wav,severe,3,speaker_14,train,de,emodb_a02,studio,controlled,Das will sie am Mittwoch abgeben.,emodb_emotion=anger; variation=a,2.01275,0.06645878404378891,0.0773126482963562,0.20099106431007385,0.15921713832319492,0.1532382094928713,2105.237100045872,1086.4723411914215,1715.45607184995,405.36939573341573,4008.241206030151,1546.2544864266442,0.3244588375091553,0.1737060546875,-26.167394638061523,6.997264385223389,-1.6998847723007202,1.8031349182128906,-2.7513856887817383,-0.21749980747699738,-2.3441312313079834,-1.0007656812667847,-2.0855307579040527,-1.274054765701294,0.04255076125264168,-1.2865819931030273,-0.11388588696718216,21.54075813293457,6.152543544769287,5.350335121154785,3.982306718826294,3.478803873062134,2.3964614868164062,2.4182543754577637,1.42137610912323,1.790454626083374,1.848192572593689,1.4713311195373535,1.5062910318374634,1.2550455331802368,-0.09339547902345657,0.012338660657405853,0.03758556768298149,-0.009482599794864655,0.010489147156476974,0.018685296177864075,0.003151903860270977,-0.007286335341632366,0.0007019414333626628,-0.0038724448531866074,-0.008122769184410572,-0.005623679608106613,0.004618736915290356,5.75204610824585,2.0991199016571045,1.858289122581482,1.0875238180160522,1.2483826875686646,0.7272738814353943,0.8433893918991089,0.6307892203330994,0.6857248544692993,0.6041269302368164,0.6239729523658752,0.5982908010482788,0.6560449004173279,279.8096055520958,54.40180781501064,215.20467836257308,0.592964824120603,0.05915023228477508,0.25903192162513733,0.36180904522613067,0.6381909547738693,0.10069103538990021,0.07812930643558502,3.4778288411377467,-0.014197610318660736
14a02Wc,C:/Project/AI-STRESS-DETECTOR/data/public/emodb/wav/14a02Wc.wav,C:\Project\AI-STRESS-DETECTOR\data\public\emodb\wav\14a02Wc.wav,severe,3,speaker_14,train,de,emodb_a02,studio,controlled,Das will sie am Mittwoch abgeben.,emodb_emotion=anger; variation=c,2.092625,0.07587895542383194,0.07982426881790161,0.1772383153438568,0.16150279079340865,0.1536644168177335,2212.8076927948805,1035.420469229261,1760.8336529799085,395.73008105365085,4208.502415458937,1461.790702103913,0.32553568482398987,0.16805776953697205,-21.39566993713379,5.420003414154053,-2.2425661087036133,1.3040666580200195,-3.0005481243133545,-0.4979325532913208,-2.2733407020568848,-0.9392344951629639,-2.536654233932495,-1.2043037414550781,-0.6187804341316223,-0.9011968374252319,0.0020321831107139587,18.99856948852539,5.9238691329956055,5.396372318267822,4.067689418792725,3.4012553691864014,2.9287803173065186,2.263066530227661,1.484126091003418,1.9873441457748413,1.5818758010864258,1.536083459854126,1.382140874862671,1.713924527168274,0.009523879736661911,0.007624081335961819,-0.0009351951302960515,-0.002958359895274043,-0.01455044373869896,-0.012339755892753601,-0.00526835024356842,0.00015194980369415134,-0.013171281665563583,-0.009955696761608124,-0.00036157388240098953,0.0009915863629430532,0.001346247736364603,5.8449554443359375,2.0409021377563477,1.5961812734603882,1.1417280435562134,1.1326022148132324,0.8622299432754517,0.7990992069244385,0.6149129867553711,0.7317297458648682,0.5811864137649536,0.6034436225891113,0.5091103911399841,0.6743112802505493,259.76570807506675,46.15952510997376,213.96263520157325,0.7101449275362319,0.05112279324955407,0.22008918225765228,0.2657004830917874,0.7342995169082126,0.10064119100570679,0.07971352338790894,3.3450809390120066,0.0024074092507362366
14a04Aa,C:/Project/AI-STRESS-DETECTOR/data/public/emodb/wav/14a04Aa.wav,C:\Project\AI-STRESS-DETECTOR\data\public\emodb\wav\14a04Aa.wav,high,2,speaker_14,train,de,emodb_a04,studio,controlled,Heute abend koennte ich es ihm sagen.,emodb_emotion=fear; variation=a,1.477,0.1017669141292572,0.06944096088409424,0.19939222931861877,0.17461461873862735,0.1726928605842116,2175.5881763888788,1157.7065665078223,1819.4406503211042,354.7425424752689,4161.095890410959,1568.5116945724405,0.39538949728012085,0.17206573486328125,-12.071720123291016,7.284226417541504,0.6666069626808167,1.6677875518798828,-1.08895742893219,-0.21635957062244415,-1.8480130434036255,-1.1539170742034912,-1.9275362491607666,0.09461522102355957,-1.3346344232559204,-0.9253655076026917,-0.660388171672821,12.244545936584473,5.402565956115723,3.859797477722168,2.936906576156616,2.0255892276763916,2.156318426132202,2.156644821166992,1.2092498540878296,1.7972056865692139,1.256352424621582,1.3708926439285278,1.1561076641082764,1.0840270519256592,-0.09086128324270248,0.018613463267683983,0.043374259024858475,0.016837969422340393,0.01749429851770401,-0.032372064888477325,-0.028878754004836082,-0.007373198866844177,0.016163470223546028,0.016408443450927734,-0.006129282061010599,0.0007259523263201118,0.0010442978236824274,3.6662399768829346,1.8566360473632812,1.5158393383026123,1.0668374300003052,1.0627655982971191,0.9196144342422485,0.9214385151863098,0.6654068231582642,0.7272648215293884,0.6575648188591003,0.5881398320198059,0.5520144104957581,0.5994151830673218,233.39439694372825,31.929490418793883,171.64750957854406,0.7191780821917808,0.052400203870855394,0.21122252941131592,0.14383561643835618,0.8561643835616438,0.11673088371753693,0.06371365487575531,2.708192281651997,-0.028116583824157715
14a04Ed,C:/Project/AI-STRESS-DETECTOR/data/public/emodb/wav/14a04Ed.wav,C:\Project\AI-STRESS-DETECTOR\data\public\emodb\wav\14a04Ed.wav,high,2,speaker_14,train,de,emodb_a04,studio,controlled,Heute abend koennte ich es ihm sagen.,emodb_emotion=disgust; variation=d,2.9161875,0.055060289800167084,0.057110633701086044,0.1110929474234581,0.1533316048742546,0.19143255421251035,2091.6621427009613,1306.6287249340119,1832.3045986532916,392.3830801709297,4038.4827586206898,1786.8154415374095,0.36823776364326477,0.16574552655220032,-26.479703903198242,7.514319896697998,1.2539048194885254,1.5469871759414673,-0.2656153738498688,0.22100359201431274,-1.8532260656356812,-0.6980238556861877,-1.1974986791610718,0.40683433413505554,-0.34007394313812256,-0.8847649693489075,-0.6515725255012512,20.691675186157227,5.734065532684326,4.110337257385254,2.691983222961426,2.422180414199829,2.1674644947052,2.4263837337493896,1.7323718070983887,2.1742265224456787,1.3303014039993286,1.4101917743682861,1.683860182762146,1.4211212396621704,-0.004534570034593344,0.0015054077375680208,0.008187208324670792,-0.007066266145557165,-0.00012688060814980417,-0.00933345127850771,-0.014114934019744396,0.0005752398865297437,0.006890335585922003,-0.00013566098641604185,-0.004426155239343643,-0.0025781607255339622,0.0007025200757198036,5.964914321899414,1.902148962020874,1.4185264110565186,0.9280556440353394,0.8536072373390198,0.8198926448822021,0.8854383826255798,0.6686965823173523,0.7305043935775757,0.5633984804153442,0.549484133720398,0.5563265085220337,0.473104864358902,230.29145947272727,36.670815826338455,219.14806190932748,0.5310344827586206,0.054559274800173536,0.1911049485206604,0.39655172413793105,0.603448275862069,0.08677118271589279,0.0533084012567997,2.7433078291433595,-0.03035615012049675
14a04Lb,C:/Project/AI-STRESS-DETECTOR/data/public/emodb/wav/14a04Lb.wav,C:\Project\AI-STRESS-DETECTOR\data\public\emodb\wav\14a04Lb.wav,low,0,speaker_14,train,de,emodb_a04,studio,controlled,Heute abend koennte ich es ihm sagen.,emodb_emotion=boredom; variation=b,1.9429375,0.07521110028028488,0.07289396971464157,0.1961984634399414,0.10386643692564745,0.15835274340750569,1448.3334259571886,1185.5183655270218,1472.8135136641392,402.1813455556495,2643.125,1801.1288777805435,0.2320461869239807,0.14896467328071594,-23.87096405029297,12.25910472869873,3.028590202331543,2.342353105545044,-1.12471604347229,0.9121370315551758,-1.9284873008728027,-0.1623244732618332,-0.8825375437736511,1.2114932537078857,-0.20364142954349518,-0.6157054305076599,-0.17190515995025635,15.554116249084473,6.4596781730651855,4.248610973358154,3.299528121948242,3.2888150215148926,1.7646068334579468,1.9068454504013062,1.0698354244232178,1.477040410041809,1.0288164615631104,1.1888755559921265,1.4548412561416626,1.191379427909851,-0.043164629489183426,-0.004783123731613159,0.031992558389902115,0.02413729578256607,0.012632000260055065,-0.0017292251577600837,-0.0002232082188129425,0.006463881582021713,0.010287593118846416,-0.009136204607784748,-0.0013954602181911469,0.010363184846937656,0.006875377614051104,4.526902675628662,2.274644613265991,1.4734801054000854,1.0588688850402832,0.8506419658660889,0.7116240859031677,0.7646501064300537,0.5452627539634705,0.5611264109611511,0.4807076156139374,0.4652954936027527,0.494895875453949,0.4471137523651123,175.5834168588353,56.80477719906456,242.87949921752738,0.6979166666666666,0.06106359645819443,0.18466351926326752,0.21354166666666663,0.7864583333333334,0.09401807934045792,0.0713566392660141,2.5734229742336026,-0.07342561706900597
14a04Tb,C:/Project/AI-STRESS-DETECTOR/data/public/emodb/wav/14a04Tb.wav,C:\Project\AI-STRESS-DETECTOR\data\public\emodb\wav\14a04Tb.wav,moderate,1,speaker_14,train,de,emodb_a04,studio,controlled,Heute abend koennte ich es ihm sagen.,emodb_emotion=sadness; variation=b,2.2255625,0.08736353367567062,0.06361698359251022,0.1776135265827179,0.10050011907597046,0.15225167194292674,1426.049665448613,1176.147841493169,1527.7252092389197,376.7318540087844,2678.0090497737556,1779.1806594392338,0.2457519918680191,0.13300594687461853,-20.185775756835938,10.571032524108887,2.3351004123687744,3.2934775352478027,0.5676570534706116,2.170898914337158,-0.6058152318000793,0.5050813555717468,-0.6543499827384949,1.4209566116333008,0.33436211943626404,0.016934813931584358,-0.2876068949699402,14.53797721862793,6.2775397300720215,3.2348599433898926,2.8298230171203613,2.226762294769287,1.6338622570037842,1.827292561531067,1.1009948253631592,1.400182843208313,1.317547082901001,1.1631938219070435,1.1280208826065063,1.3530752658843994,-0.033032309263944626,0.009815401397645473,-0.0144323306158185,-0.0131399380043149,0.00614831643179059,0.00012886470358353108,0.00021072966046631336,0.005217950325459242,0.0013964424142614007,0.0036526352632790804,-0.01276482455432415,-0.007951735518872738,0.017743004485964775,4.77293062210083,2.081231117248535,1.256121277809143,1.0459516048431396,0.9106363654136658,0.7335362434387207,0.7580170631408691,0.6104586124420166,0.6072530150413513,0.6071093678474426,0.5408202409744263,0.5699501633644104,0.522325336933136,192.53623106174638,56.48599338422127,275.1535455053043,0.5067873303167421,0.16856423798572953,0.1859256625175476,0.18552036199095023,0.8144796380090498,0.1044120118021965,0.05824561044573784,2.6959476536830573,-0.04771694540977478
14a04Tc,C:/Project/AI-STRESS-DETECTOR/data/public/emodb/wav/14a04Tc.wav,C:\Project\AI-STRESS-DETECTOR\data\public\emodb\wav\14a04Tc.wav,moderate,1,speaker_14,train,de,emodb_a04,studio,controlled,Heute abend koennte ich es ihm sagen.,emodb_emotion=sadness; variation=c,2.93475,0.056141018867492676,0.04544183984398842,0.12759485840797424,0.05917715250325125,0.10593333204673903,1066.5957326282635,913.6902959130865,1435.21592789181,397.72500173458144,1974.570446735395,1673.5490420779447,0.20557275414466858,0.13132420182228088,-28.80369758605957,11.45407485961914,2.887916326522827,3.8251290321350098,1.0290080308914185,2.4250948429107666,0.1749405711889267,0.8490742444992065,-0.03631947562098503,1.3196018934249878,0.4039541482925415,0.4978627860546112,0.17450927197933197,13.632662773132324,5.3261823654174805,2.8440890312194824,2.62715482711792,2.0522313117980957,1.3874233961105347,1.6414134502410889,1.1593748331069946,1.5046906471252441,1.1156913042068481,1.3453757762908936,1.106194019317627,1.2459826469421387,0.008624139241874218,0.011330043897032738,0.003031951142475009,0.0038216039538383484,0.004929321352392435,-0.001442147302441299,0.0008851539460010827,-6.224383832886815e-05,0.004818132612854242,-0.00194582249969244,-0.002534327330067754,0.0034972785506397486,0.0031245078425854445,3.619626998901367,1.8221145868301392,1.0099419355392456,0.928210437297821,0.757624626159668,0.7011778354644775,0.6758704781532288,0.6034888625144958,0.5446880459785461,0.5546168684959412,0.5087969899177551,0.47766318917274475,0.45731279253959656,194.8158509720606,71.79808215198403,263.07000642260755,0.5085910652920962,0.1909574354562926,0.19471581280231476,0.29209621993127144,0.7079037800687286,0.07386676222085953,0.042823441326618195,4.4296788482834994,0.005326922982931137
14a04Wb,C:/Project/AI-STRESS-DETECTOR/data/public/emodb/wav/14a04Wb.wav,C:\Project\AI-STRESS-DETECTOR\data\public\emodb\wav\14a04Wb.wav,severe,3,speaker_14,train,de,emodb_a04,studio,controlled,Heute abend koennte ich es ihm sagen.,emodb_emotion=anger; variation=b,1.7368125,0.09685777127742767,0.09647423028945923,0.25325536727905273,0.13372093023255813,0.11621757188073326,2066.4332197907265,979.045463958502,1731.823049657534,381.70860947331164,4030.4651162790697,1441.6567560523893,0.3142277002334595,0.15289822220802307,-18.64371109008789,6.734514236450195,-2.4105260372161865,0.5728238821029663,-3.4983506202697754,-0.4977148771286011,-3.2202823162078857,-0.7325319647789001,-3.2019565105438232,-0.7952317595481873,-1.082350492477417,-1.1480308771133423,-0.14467722177505493,17.5961971282959,5.301329135894775,5.453619956970215,3.504410743713379,3.0945794582366943,2.5827150344848633,2.429917573928833,1.5461041927337646,2.040020704269409,1.590993881225586,1.2812385559082031,1.3920693397521973,1.2276967763900757,-0.056173112243413925,0.0012160013429820538,0.0414445661008358,0.014563611708581448,0.022105712443590164,-0.0014168602647259831,-0.013558407314121723,-0.0019497371977195144,0.009979644790291786,-0.004410599358379841,-0.005197005812078714,0.010664036497473717,0.0022914777509868145,5.37401819229126,2.180978775024414,1.9048535823822021,1.112565279006958,1.251118779182434,0.931041419506073,0.9933577179908752,0.7606289386749268,0.8014857769012451,0.6711516380310059,0.6025691032409668,0.6540051698684692,0.7020278573036194,287.130356579008,51.61353024927208,213.96263520157325,0.7558139534883721,0.05355568624628419,0.24816496670246124,0.2151162790697675,0.7848837209302325,0.12095348536968231,0.09562542289495468,4.6061391197956025,-0.0295708104968071
14a04Wc,C:/Project/AI-STRESS-DETECTOR/data/public/emodb/wav/14a04Wc.wav,C:\Project\AI-STRESS-DETECTOR\data\public\emodb\wav\14a04Wc.wav,severe,3,speaker_14,train,de,emodb_a04,studio,controlled,Heute abend koennte ich es ihm sagen.,emodb_emotion=anger; variation=c,2.5100625,0.06713292747735977,0.0957132875919342,0.2264779508113861,0.145313081901541,0.14369416520457778,1985.5110440669453,1040.3444969439422,1678.7212688369198,374.1335609533377,3772.2088353413656,1553.3827385069706,0.3183232843875885,0.1650005429983139,-29.967662811279297,5.712998390197754,-2.842865467071533,0.4444083273410797,-2.7346749305725098,-0.3150551915168762,-1.6535539627075195,-0.526504635810852,-1.6649868488311768,-0.17677640914916992,-0.4112379252910614,0.24012911319732666,0.9282428026199341,22.741933822631836,5.567999362945557,5.829956531524658,3.2418179512023926,3.199610471725464,3.151235818862915,2.236854314804077,1.5781230926513672,1.7678980827331543,1.3928766250610352,1.260388731956482,1.3039202690124512,1.6068164110183716,-0.08726233243942261,0.023989995941519737,0.03134579956531525,0.0013614428462460637,0.00681814132258296,0.0030344806145876646,0.002302318112924695,0.004384898580610752,0.0022297461982816458,-0.002173330867663026,-0.005893176421523094,0.0021870299242436886,0.0008206195197999477,5.020202159881592,1.8917553424835205,1.8607059717178345,1.0021499395370483,1.0259222984313965,0.8786596655845642,0.7207757234573364,0.656956136226654,0.6114184856414795,0.5982949137687683,0.592805027961731,0.5426772832870483,0.7076529264450073,276.8863743240694,65.91559044028764,169.50904392764858,0.5261044176706827,0.1077706483841383,0.24513082206249237,0.45783132530120485,0.5421686746987951,0.11895819753408432,0.10487249493598938,3.9839645427155697,-0.02847977727651596
14a05Aa,C:/Project/AI-STRESS-DETECTOR/data/public/emodb/wav/14a05Aa.wav,C:\Project\AI-STRESS-DETECTOR\data\public\emodb\wav\14a05Aa.wav,high,2,speaker_14,train,de,emodb_a05,studio,controlled,Das schwarze Blatt Papier befindet sich da oben neben dem Holzstueck.,emodb_emotion=fear; variation=a,2.587625,0.10844643414020538,0.0923614501953125,0.2545985281467438,0.16312181231288336,0.19324211016807405,1980.8835701071291,1399.6669170596276,1632.6693413679309,483.3701488096861,3607.15953307393,2068.5102690835406,0.34083303809165955,0.21169306337833405,-17.77805519104004,8.16545295715332,1.4621812105178833,2.2823781967163086,-1.315055251121521,0.10594066232442856,-1.6980834007263184,-0.7659001350402832,-1.1552029848098755,0.12564457952976227,-0.10686343163251877,-0.30441924929618835,-0.40532243251800537,13.056489944458008,8.341300964355469,3.3083930015563965,2.82859206199646,2.701551914215088,2.045344591140747,2.1353585720062256,1.6452645063400269,1.8922480344772339,1.538472056388855,1.2534815073013306,1.5321787595748901,1.2755446434020996,0.028467349708080292,0.004654331598430872,-0.022729521617293358,-0.005745090078562498,-0.007862178608775139,-0.009564482606947422,-0.010687857866287231,0.0016911716666072607,0.00785032007843256,0.01146204024553299,-0.0007889465778134763,-0.007371174171566963,-0.007117010187357664,6.0514726638793945,2.4149277210235596,1.6556929349899292,1.0845156908035278,0.986744225025177,0.84288090467453,0.8981568813323975,0.6879437565803528,0.6821063160896301,0.6364217400550842,0.5888677835464478,0.6224362254142761,0.6100993156433105,242.92065321045496,28.80242534127601,177.77777777777777,0.5758754863813229,0.06259071168922892,0.24986545741558075,0.27237354085603116,0.7276264591439688,0.14359420537948608,0.08459427952766418,4.637457127674992,0.08769209682941437
14a05Ac,C:/Project/AI-STRESS-DETECTOR/data/public/emodb/wav/14a05Ac.wav,C:\Project\AI-STRESS-DETECTOR\data\public\emodb\wav\14a05Ac.wav,high,2,speaker_14,train,de,emodb_a05,studio,controlled,Das schwarze Blatt Papier befindet sich da oben neben dem Holzstueck.,emodb_emotion=fear; variation=c,4.101375,0.0713711529970169,0.06978321075439453,0.16087092459201813,0.16602781463462576,0.18687246129576504,1978.5827753960957,1264.0526098836879,1622.8920745900696,392.9854209445928,3568.3333333333335,1798.3383306914156,0.33387553691864014,0.19927379488945007,-23.43002700805664,7.13075590133667,-0.900017261505127,1.4842535257339478,-2.069888114929199,-0.7811343669891357,-2.0474932193756104,-0.967168927192688,-1.2348419427871704,-0.055288344621658325,-0.3727208971977234,-0.18801644444465637,0.4587651491165161,16.609092712402344,6.922717094421387,4.252120018005371,2.8604283332824707,3.385863780975342,2.2815866470336914,2.3234000205993652,1.7744860649108887,2.0157930850982666,1.3536903858184814,1.3230750560760498,1.4362764358520508,1.385226845741272,0.036893993616104126,-0.028636343777179718,-0.00984772015362978,0.016919707879424095,-0.003339537186548114,-0.004970000125467777,-0.010767854750156403,-0.0013357307761907578,0.0030902093276381493,-0.002781530609354377,0.002280873479321599,0.00427299365401268,0.002491970080882311,5.914714336395264,2.151918411254883,1.662989616394043,0.9799264073371887,1.0833364725112915,0.7801983952522278,0.8522893190383911,0.705620288848877,0.7121068239212036,0.5962807536125183,0.5716272592544556,0.615268349647522,0.617451548576355,300.87644771562975,48.92251066096139,212.69841269841268,0.5392156862745098,0.08187738612618531,0.23256054520606995,0.34558823529411764,0.6544117647058824,0.1051344946026802,0.06425723433494568,3.1696687086647772,0.020025692880153656
14a05Fa,C:/Project/AI-STRESS-DETECTOR/data/public/emodb/wav/14a05Fa.wav,C:\Project\AI-STRESS-DETECTOR\data\public\emodb\wav\14a05Fa.wav,moderate,1,speaker_14,train,de,emodb_a05,studio,controlled,Das schwarze Blatt Papier befindet sich da oben neben dem Holzstueck.,emodb_emotion=happiness; variation=a,3.2461875,0.07597742229700089,0.07696933299303055,0.1732579469680786,0.16864141778595096,0.1964674410432222,2064.209121762084,1354.3110101982681,1616.0203503932776,392.7067473135942,3651.3931888544894,1861.4043710057815,0.30993422865867615,0.18098698556423187,-24.59842300415039,6.564070701599121,-0.6966809630393982,0.9034217000007629,-2.827754497528076,-0.5729785561561584,-2.1186563968658447,-0.6209692358970642,-1.7608736753463745,-0.29568567872047424,-0.8355554938316345,-0.2729890048503876,0.10000345855951309,19.734249114990234,7.752309799194336,4.811612606048584,3.457425832748413,3.7870500087738037,2.400808572769165,2.243337392807007,1.8354015350341797,2.1736702919006348,1.4656304121017456,1.6465511322021484,1.6045647859573364,1.275610327720642,-0.0011269064852967858,0.0044991313479840755,-0.0009826506720855832,-0.0029418475460261106,-9.700610098661855e-05,0.0037776855751872063,0.0015482946764677763,-3.578640826162882e-05,0.004994663875550032,-0.0016275448724627495,0.006139409262686968,-0.001834414666518569,-0.004069105256348848,6.631040096282959,2.634756565093994,1.8372355699539185,1.2050222158432007,1.1573097705841064,0.9005553722381592,0.8448286056518555,0.70595383644104,0.8080679178237915,0.5775495171546936,0.6410759687423706,0.6269180178642273,0.6526060104370117,287.97323416579167,46.09529693209095,224.408014571949,0.6222910216718266,0.06864066386929864,0.2818319797515869,0.2941176470588235,0.7058823529411765,0.10507011413574219,0.07416021078824997,3.696644140241437,-0.02367972582578659
14a05Fb,C:/Project/AI-STRESS-DETECTOR/data/public/emodb/wav/14a05Fb.wav,C:\Project\AI-STRESS-DETECTOR\data\public\emodb\wav\14a05Fb.wav,moderate,1,speaker_14,train,de,emodb_a05,studio,controlled,Das schwarze Blatt Papier befindet sich da oben neben dem Holzstueck.,emodb_emotion=happiness; variation=b,3.1286875,0.06335905194282532,0.06867673993110657,0.1559537649154663,0.17690528572234446,0.19925946008191717,2172.8470133552223,1373.0026898237513,1662.7607464413843,403.8718612337993,3946.2379421221863,1786.5379932319827,0.3207549452781677,0.17689384520053864,-26.212268829345703,6.619846343994141,-0.5980516076087952,1.2613978385925293,-2.64534854888916,0.06875680387020111,-2.2230546474456787,-0.6047494411468506,-1.4110814332962036,-0.6812945008277893,-0.291953980922699,-0.9445557594299316,0.06188167631626129,20.512269973754883,7.8050923347473145,4.612419128417969,3.4163882732391357,3.915492296218872,2.1771981716156006,2.452866315841675,1.6030433177947998,1.740203857421875,1.6949437856674194,1.469377875328064,1.9255189895629883,1.256271481513977,0.0002942959254141897,0.00812723208218813,-0.0017698692390695214,0.00362003012560308,0.006862502545118332,-0.00413994025439024,-0.004734470043331385,-0.0006991168484091759,-0.004718373995274305,-0.005191463977098465,-0.003953129518777132,-0.0018164230277761817,-0.0010802531614899635,6.942405700683594,2.69567608833313,1.933634877204895,1.1028681993484497,1.1645320653915405,0.8495171666145325,0.9450933337211609,0.6727163195610046,0.6812962889671326,0.6128800511360168,0.6370224356651306,0.6663665175437927,0.6485775709152222,265.800304535349,49.68237363418581,200.21574973031284,0.6270096463022508,0.0589372396580154,0.2561742961406708,0.3022508038585209,0.6977491961414791,0.0886022299528122,0.06811127066612244,3.515851295471344,0.009611960500478745
14a05Lb,C:/Project/AI-STRESS-DETECTOR/data/public/emodb/wav/14a05Lb.wav,C:\Project\AI-STRESS-DETECTOR\data\public\emodb\wav\14a05Lb.wav,low,0,speaker_14,train,de,emodb_a05,studio,controlled,Das schwarze Blatt Papier befindet sich da oben neben dem Holzstueck.,emodb_emotion=boredom; variation=b,3.51925,0.06560789793729782,0.062101174145936966,0.12678712606430054,0.1023344074471894,0.15685499560360358,1375.6240685845924,1261.870786393584,1360.5183189895433,503.8829313427094,2421.0285714285715,1966.8489881129199,0.21675552427768707,0.17256318032741547,-26.85572624206543,13.031587600708008,3.040123462677002,3.05037522315979,-1.588822841644287,1.2942217588424683,-1.3015551567077637,0.21776340901851654,-0.40426671504974365,0.9596015214920044,0.23267024755477905,0.1806052029132843,0.16984789073467255,15.425070762634277,8.734426498413086,3.998887062072754,2.9901719093322754,3.2310030460357666,1.4794936180114746,2.1001265048980713,1.225738763809204,1.4346644878387451,0.9676063060760498,0.9908727407455444,1.3196697235107422,1.0792421102523804,-0.04610512778162956,0.013365053571760654,0.01673186384141445,-0.004937868099659681,0.0015507704811170697,0.0002958365948870778,8.949552284320816e-05,0.005358551163226366,0.007151695434004068,-0.0017302754567936063,0.0049388715997338295,0.004905099514871836,0.009756028652191162,5.764620304107666,2.508863687515259,1.6929792165756226,1.0391689538955688,1.095625877380371,0.6110942363739014,0.8171839118003845,0.6556143760681152,0.592810332775116,0.48232409358024597,0.4753264784812927,0.478481262922287,0.4591413736343384,165.67764870700043,45.937775588406815,239.6135265700483,0.6085714285714285,0.08490133605429745,0.1894429624080658,0.2828571428571428,0.7171428571428572,0.0884246900677681,0.05937680974602699,3.4098174326916246,-0.027117498219013214
14a05Na,C:/Project/AI-STRESS-DETECTOR/data/public/emodb/wav/14a05Na.wav,C:\Project\AI-STRESS-DETECTOR\data\public\emodb\wav\14a05Na.wav,low,0,speaker_14,train,de,emodb_a05,studio,controlled,Das schwarze Blatt Papier befindet sich da oben neben dem Holzstueck.,emodb_emotion=neutral; variation=a,3.0633125,0.10821313410997391,0.08444089442491531,0.21783731877803802,0.09695290858725762,0.1554488079826195,1368.5171167466713,1251.1420781966476,1429.7707715359743,499.4075269353147,2474.4736842105262,1985.7971982217555,0.23620395362377167,0.1791437715291977,-21.527999877929688,11.934276580810547,3.4668285846710205,3.582162857055664,-0.7099086046218872,0.9638266563415527,-1.342775821685791,0.14507770538330078,-0.47587740421295166,0.7751544117927551,0.5298157334327698,0.366086483001709,-0.03037184849381447,15.114068031311035,8.230195045471191,3.4275341033935547,2.4109292030334473,2.705660581588745,1.8387935161590576,2.1969382762908936,1.418986201286316,1.4649873971939087,1.2139567136764526,0.9615264534950256,1.2359449863433838,1.1600794792175293,-0.013683946803212166,0.016370544210076332,0.007073342800140381,0.006552708800882101,-0.0017772623104974627,-0.003082941984757781,0.0021216925233602524,-0.003927685786038637,-0.004662355408072472,-0.009857293218374252,-0.0024225437082350254,-0.0062065511010587215,-0.00486017344519496,6.230509281158447,2.5347788333892822,1.6042170524597168,0.9944537281990051,1.006076455116272,0.8067372441291809,0.9382016062736511,0.7804195880889893,0.6502871513366699,0.5869054198265076,0.5029889345169067,0.5148431658744812,0.49171188473701477,173.9748322338448,32.42592758918101,222.2222222222222,0.5756578947368421,0.07860789115634677,0.2351367473602295,0.2894736842105263,0.7105263157894737,0.14589565992355347,0.07142189890146255,3.590884051170098,-0.023306027054786682
14a05Ta,C:/Project/AI-STRESS-DETECTOR/data/public/emodb/wav/14a05Ta.wav,C:\Project\AI-STRESS-DETECTOR\data\public\emodb\wav\14a05Ta.wav,moderate,1,speaker_14,train,de,emodb_a05,studio,controlled,Das schwarze Blatt Papier befindet sich da oben neben dem Holzstueck.,emodb_emotion=sadness; variation=a,3.7375,0.09082312136888504,0.06535399705171585,0.17742016911506653,0.12467324224539844,0.18078164112716857,1612.510445800679,1383.1972645761778,1563.218962029619,408.7492682905856,2896.021505376344,2045.1309287345275,0.2799490690231323,0.1787857562303543,-20.325441360473633,9.621155738830566,3.894890785217285,3.5938334465026855,0.1853339970111847,1.397051453590393,-0.27966219186782837,0.11343498528003693,-0.4869774580001831,0.9513528347015381,0.36386486887931824,0.6433641314506531,0.04978489503264427,13.542180061340332,7.8126325607299805,2.9757659435272217,2.7062182426452637,2.2055435180664062,1.8049291372299194,1.5364900827407837,1.3909257650375366,1.548328161239624,1.1551355123519897,1.0062586069107056,1.1064844131469727,1.0179604291915894,-0.0072943828999996185,0.004472189117223024,0.012597432360053062,0.011275842785835266,0.0055519831366837025,0.0054804664105176926,0.0027232656721025705,-0.0035363032948225737,0.0021886704489588737,0.003616847563534975,-0.002301224507391453,0.003407788462936878,0.0005494168144650757,5.345141887664795,2.2442922592163086,1.3193511962890625,1.0247992277145386,0.8667711615562439,0.668475866317749,0.7061532139778137,0.657895565032959,0.6091100573539734,0.5279092192649841,0.49279075860977173,0.5543121695518494,0.4612484276294708,179.94379851369703,60.99141042628426,279.7261716692996,0.48118279569892475,0.18744649721833623,0.21521925926208496,0.239247311827957,0.760752688172043,0.11508502066135406,0.05603371188044548,3.4782608695652177,-0.013222157955169678
14a05Tc,C:/Project/AI-STRESS-DETECTOR/data/public/emodb/wav/14a05Tc.wav,C:\Project\AI-STRESS-DETECTOR\data\public\emodb\wav\14a05Tc.wav,moderate,1,speaker_14,train,de,emodb_a05,studio,controlled,Das schwarze Blatt Papier befindet sich da oben neben dem Holzstueck.,emodb_emotion=sadness; variation=c,5.028875,0.07589279860258102,0.06994716078042984,0.19190703332424164,0.09962030825566912,0.1610289314286274,1517.334328845078,1278.7626476797502,1621.943213194016,416.5266058321593,2867.3852295409183,1992.3191206091228,0.27210453152656555,0.16270756721496582,-25.47203254699707,8.875635147094727,3.642503023147583,3.704228639602661,0.6626477241516113,1.6367101669311523,0.03484216704964638,0.2798129916191101,-0.15952613949775696,1.0694142580032349,0.42032817006111145,0.6324146389961243,0.25084835290908813,16.48182487487793,7.153366565704346,2.8659210205078125,2.483372211456299,2.254697322845459,1.734484314918518,1.7491930723190308,1.5925662517547607,1.4597210884094238,1.0940974950790405,1.1041419506072998,1.0151375532150269,1.055242657661438,-0.000350845541106537,0.0015926085179671645,0.0010146780405193567,-0.0026806623209267855,0.0005181925371289253,0.0029880923684686422,-0.0027799163945019245,0.001480655511841178,0.0015381795819848776,0.003296729875728488,0.003943102899938822,0.004466204438358545,0.002080900827422738,4.825031757354736,2.0276525020599365,1.1980446577072144,0.9443293809890747,0.8410547375679016,0.6707302927970886,0.7097597122192383,0.6544619202613831,0.6188337802886963,0.5098564624786377,0.5032879710197449,0.49853411316871643,0.4524639844894409,196.9893079833987,74.75321726623976,247.44744744744742,0.46107784431137727,0.13903917786383732,0.23896653950214386,0.3013972055888223,0.6986027944111777,0.10440277308225632,0.06556177139282227,2.982774477393055,-0.04579770937561989
14a05Wa,C:/Project/AI-STRESS-DETECTOR/data/public/emodb/wav/14a05Wa.wav,C:\Project\AI-STRESS-DETECTOR\data\public\emodb\wav\14a05Wa.wav,severe,3,speaker_14,train,de,emodb_a05,studio,controlled,Das schwarze Blatt Papier befindet sich da oben neben dem Holzstueck.,emodb_emotion=anger; variation=a,4.0068125,0.08617114275693893,0.08875017613172531,0.2118643969297409,0.18018102901363686,0.1863928568111545,2228.33329752783,1275.348947227162,1692.8805733059453,407.42288705227685,4103.659147869675,1664.12888818791,0.3352625072002411,0.18260805308818817,-22.572233200073242,5.512389183044434,-1.1752548217773438,1.049543857574463,-3.0510988235473633,0.28974151611328125,-1.7995954751968384,-0.7723035216331482,-1.6874366998672485,-0.3915535807609558,-0.47537875175476074,-0.325824111700058,0.3498230278491974,20.37528419494629,7.635112285614014,4.7520432472229,3.593024492263794,4.193784236907959,2.1611440181732178,2.457782030105591,1.5417487621307373,2.211191177368164,1.6687461137771606,1.3338068723678589,1.746994137763977,1.4545142650604248,0.011872724629938602,-0.0002512585197109729,-0.003966434393078089,-0.0050085727125406265,0.006821754388511181,0.010234249755740166,0.004427460487931967,0.0011268462985754013,0.003864942118525505,9.663182572694495e-05,-0.000834947859402746,0.0017946393927559257,-0.0024494717363268137,6.413422107696533,2.408355474472046,1.684036135673523,1.0598692893981934,1.155007243156433,0.8311949372291565,0.899647057056427,0.7018867135047913,0.7505756616592407,0.5986672639846802,0.5530008673667908,0.641063928604126,0.6360358595848083,270.96166625357904,59.37888310867006,229.5713035870516,0.5889724310776943,0.07275083258789054,0.24038653075695038,0.3007518796992481,0.6992481203007519,0.12025697529315948,0.0859059989452362,3.7436241401363306,0.010926827788352966
14a05Wb,C:/Project/AI-STRESS-DETECTOR/data/public/emodb/wav/14a05Wb.wav,C:\Project\AI-STRESS-DETECTOR\data\public\emodb\wav\14a05Wb.wav,severe,3,speaker_14,train,de,emodb_a05,studio,controlled,Das schwarze Blatt Papier befindet sich da oben neben dem Holzstueck.,emodb_emotion=anger; variation=b,3.0540625,0.08712109178304672,0.09471406787633896,0.24749471247196198,0.18615846547060722,0.18418120588294962,2256.156640723632,1254.3031806772503,1663.284482228889,358.3507998647009,4108.118811881188,1607.588058372446,0.3202804625034332,0.1877410113811493,-21.49321174621582,5.018171310424805,-2.3862884044647217,0.4175424873828888,-3.6692869663238525,-0.05118308961391449,-2.442047119140625,-0.7806840538978577,-1.834487795829773,-0.31785255670547485,-0.27916407585144043,-0.3638171851634979,0.2996031641960144,18.479473114013672,7.347262859344482,4.914212703704834,3.42046856880188,4.174686431884766,2.2357327938079834,2.58691668510437,1.5584872961044312,2.1986284255981445,1.6409639120101929,1.4462248086929321,1.491504430770874,1.5842082500457764,0.0062208897434175014,-0.01090302225202322,-0.007386950310319662,0.0025971699506044388,-0.00044894139864481986,0.008017689920961857,0.0032154277432709932,-0.002245382172986865,-0.0027942738961428404,-0.001957210013642907,0.001614636741578579,0.0006635523750446737,0.0017401267541572452,6.775947093963623,2.605879783630371,1.8454779386520386,1.037913203239441,1.247829556465149,0.8478577136993408,1.0018476247787476,0.7141414284706116,0.8274350762367249,0.6876050233840942,0.6327553391456604,0.6552295088768005,0.7363792061805725,294.68734893038766,53.048913655274006,228.57142857142856,0.6633663366336634,0.0732805558524788,0.25449880957603455,0.264026402640264,0.735973597359736,0.11597714573144913,0.09498313814401627,3.2743272280773557,0.021327078342437744
14a07Aa,C:/Project/AI-STRESS-DETECTOR/data/public/emodb/wav/14a07Aa.wav,C:\Project\AI-STRESS-DETECTOR\data\public\emodb\wav\14a07Aa.wav,high,2,speaker_14,train,de,emodb_a07,studio,controlled,In sieben Stunden wird es soweit sein.,emodb_emotion=fear; variation=a,2.0596875,0.10572678595781326,0.09714388102293015,0.23099826276302338,0.14505626812128358,0.21119977278292526,1962.5837084489747,1470.9020172513458,1741.0532451019783,419.6264401012053,3673.921568627451,1996.5308917448929,0.3349926769733429,0.1587585061788559,-24.56532859802246,7.841678619384766,2.1223151683807373,2.3641207218170166,-0.20197319984436035,0.3591979146003723,-1.4941589832305908,-0.7499290108680725,-1.0046440362930298,-0.13659672439098358,-0.7367504835128784,-0.5232074856758118,-0.3895170986652374,21.385316848754883,6.824185371398926,3.193591594696045,2.474918842315674,1.8736786842346191,1.847631573677063,1.9962701797485352,1.746895432472229,2.319571018218994,1.6060028076171875,1.6437952518463135,1.3347699642181396,1.1137491464614868,-0.09453277289867401,0.00115669472143054,-0.004912991542369127,-0.029812678694725037,-0.0008143186569213867,0.009404096752405167,-0.013090862892568111,-0.012135147117078304,-0.007297107484191656,-0.010448761284351349,-0.010176795534789562,-0.0031903258059173822,0.0033720042556524277,3.6661455631256104,2.0810558795928955,1.3544586896896362,0.9890142679214478,0.8294640183448792,0.6374145150184631,0.8210427165031433,0.6600233912467957,0.776776134967804,0.5223186612129211,0.5542706251144409,0.5210626721382141,0.5516806244850159,241.06258305110168,18.810567197945396,142.76094276094278,0.5392156862745098,0.04033471130923123,0.1958850622177124,0.3431372549019608,0.6568627450980392,0.15795636177062988,0.07989604771137238,1.9420421787285693,-0.09713407978415489
14a07Eb,C:/Project/AI-STRESS-DETECTOR/data/public/emodb/wav/14a07Eb.wav,C:\Project\AI-STRESS-DETECTOR\data\public\emodb\wav\14a07Eb.wav,high,2,speaker_14,train,de,emodb_a07,studio,controlled,In sieben Stunden wird es soweit sein.,emodb_emotion=disgust; variation=b,3.436625,0.1230897530913353,0.08979514986276627,0.24606943130493164,0.135785369857392,0.21643767266358344,1783.395852905082,1524.61183303431,1614.6457300306004,540.7894181358286,3127.9532163742692,2197.3811946884307,0.2655673325061798,0.15244728326797485,-18.7718563079834,9.733210563659668,3.2097504138946533,3.060253381729126,0.1592257022857666,-0.5569472312927246,-1.9002214670181274,-1.455684781074524,-0.8595798015594482,0.762848973274231,-0.27336585521698,-1.0249171257019043,-0.2530616819858551,15.622577667236328,8.071383476257324,3.441563129425049,2.9053754806518555,2.429434061050415,2.315922498703003,2.1112661361694336,1.9306312799453735,1.7690874338150024,1.508234977722168,1.2518583536148071,1.647355556488037,1.0976767539978027,-0.0054051135666668415,-0.0005215036799199879,-0.002791942795738578,0.0031095470767468214,-0.005002735182642937,-0.00015757934306748211,-0.0006002710433676839,0.0029690684750676155,-0.0002693572314456105,-0.002545403316617012,0.002244153991341591,-0.0014521601842716336,6.789840699639171e-05,4.180762767791748,2.0728859901428223,1.247649073600769,0.8633238077163696,0.76200932264328,0.7968376874923706,0.733887791633606,0.6552847623825073,0.5956799983978271,0.5214235782623291,0.4687458276748657,0.5199695825576782,0.4587016701698303,207.70065138898457,39.27277803641666,252.99145299145297,0.6695906432748538,0.07073336666670128,0.15718728303909302,0.2514619883040936,0.7485380116959064,0.15908397734165192,0.07458218932151794,2.327865274797221,0.01326664537191391
14a07Fd,C:/Project/AI-STRESS-DETECTOR/data/public/emodb/wav/14a07Fd.wav,C:\Project\AI-STRESS-DETECTOR\data\public\emodb\wav\14a07Fd.wav,moderate,1,speaker_14,train,de,emodb_a07,studio,controlled,In sieben Stunden wird es soweit sein.,emodb_emotion=happiness; variation=d,2.0806875,0.06698665022850037,0.06883105635643005,0.1829068511724472,0.1352531814974329,0.1811884529426304,1795.27271031916,1388.9408759515197,1581.4635321118994,500.7556585228324,3202.135922330097,2086.8863090647783,0.271149605512619,0.16086481511592865,-28.453115463256836,8.980416297912598,0.6760867834091187,1.1193063259124756,-1.611259937286377,-0.36638033390045166,-1.3374067544937134,-0.8735888004302979,-0.7788057923316956,0.0888003557920456,-0.14233644306659698,-0.32922497391700745,1.1345490217208862,18.989070892333984,7.478124618530273,6.098707675933838,3.7171645164489746,3.035890579223633,2.211726427078247,1.863773226737976,1.8937816619873047,1.8813481330871582,1.3278758525848389,1.397837519645691,1.5118013620376587,1.6719752550125122,-0.1194741353392601,0.017979128286242485,0.03322064131498337,-0.015067324042320251,-0.004940449725836515,0.007892044261097908,-0.013995369896292686,-0.00698856683447957,0.011611448600888252,-0.003278031013906002,0.006342373788356781,0.015099710784852505,0.00316951354034245,5.491779804229736,2.5003483295440674,1.6288729906082153,0.9667814373970032,1.065643072128296,0.7774940729141235,0.7726306915283203,0.793729841709137,0.7191752195358276,0.5744373202323914,0.6079367399215698,0.5799505114555359,0.6636792421340942,238.2066118775502,68.08346982082735,219.96233521657248,0.6019417475728155,0.10613176682803327,0.28042086958885193,0.3252427184466019,0.6747572815533981,0.09626789391040802,0.0660596638917923,3.844883001411793,0.0025422051548957825
14a07Lc,C:/Project/AI-STRESS-DETECTOR/data/public/emodb/wav/14a07Lc.wav,C:\Project\AI-STRESS-DETECTOR\data\public\emodb\wav\14a07Lc.wav,low,0,speaker_14,train,de,emodb_a07,studio,controlled,In sieben Stunden wird es soweit sein.,emodb_emotion=boredom; variation=c,2.99475,0.13467375934123993,0.12905961275100708,0.34113743901252747,0.08941545783651046,0.1622153892656558,1380.9774962204613,1286.9795739238625,1461.57552276638,495.54095834863955,2466.936026936027,2066.6384095367935,0.22176681458950043,0.1672273576259613,-23.826486587524414,10.734946250915527,3.450362205505371,3.706097364425659,-0.8107486367225647,1.4613081216812134,-1.6214326620101929,-0.42857182025909424,-0.651498019695282,0.9428641200065613,-0.26217129826545715,-0.04380885511636734,-0.07943234592676163,17.319528579711914,7.326066017150879,3.4177703857421875,2.3707222938537598,3.212148427963257,1.7665168046951294,2.7038567066192627,1.965590238571167,1.6991170644760132,1.4610257148742676,1.5257431268692017,1.3637253046035767,1.3839261531829834,-0.042760130017995834,0.016517721116542816,0.02501707710325718,0.00326348003000021,0.013700655661523342,0.0009578895987942815,-0.0013836586149409413,-0.007785797119140625,-0.007450884208083153,-0.0049385372549295425,0.001475937431678176,-0.0023881099186837673,-0.001062495168298483,4.2344889640808105,2.3174901008605957,1.3728644847869873,0.817274272441864,0.9412365555763245,0.6120278835296631,0.7904791235923767,0.5874286890029907,0.527271032333374,0.5356292128562927,0.4205179214477539,0.4289650022983551,0.3809356093406677,215.72679591349237,60.55981520830364,242.08037825059102,0.569023569023569,0.06068142929054863,0.21089859306812286,0.3164983164983165,0.6835016835016835,0.19155120849609375,0.11882979422807693,2.337423825027131,-0.10210635513067245
14a07Ld,C:/Project/AI-STRESS-DETECTOR/data/public/emodb/wav/14a07Ld.wav,C:\Project\AI-STRESS-DETECTOR\data\public\emodb\wav\14a07Ld.wav,low,0,speaker_14,train,de,emodb_a07,studio,controlled,In sieben Stunden wird es soweit sein.,emodb_emotion=boredom; variation=d,2.292125,0.1563389152288437,0.12011067569255829,0.3271349370479584,0.10645556622834619,0.16839911223803397,1494.9522022304652,1396.5468089989283,1458.2063480189017,541.4415291531179,2548.898678414097,2228.9841077785927,0.2185051590204239,0.17645607888698578,-18.631977081298828,11.754097938537598,3.7383501529693604,4.009185791015625,-0.860221803188324,1.055740475654602,-2.1939895153045654,-0.5947493314743042,-1.2634196281433105,0.7936207056045532,-0.3304345905780792,-0.4388338625431061,0.03562192991375923,13.476143836975098,8.219287872314453,3.267267942428589,2.462737560272217,2.931713342666626,1.551094651222229,2.6876351833343506,1.8177413940429688,1.6580915451049805,1.5056525468826294,1.4103868007659912,1.3992732763290405,1.0782767534255981,-0.0247179102152586,0.0056081051006913185,-0.0017697853036224842,-0.003076006192713976,-0.0003336221561767161,0.008792903274297714,0.003972393926233053,0.006131588015705347,0.006192296743392944,0.01131973322480917,0.007492816541343927,-0.00520235626026988,0.00016034017608035356,4.0011820793151855,2.4213666915893555,1.3692810535430908,0.8834613561630249,1.0278671979904175,0.6048952341079712,0.8179158568382263,0.5228740572929382,0.5728660821914673,0.5178349018096924,0.4745485186576843,0.5150965452194214,0.3855557143688202,189.20168554135338,54.51343878024033,239.71797884841362,0.6431718061674009,0.029592758827484914,0.17061364650726318,0.26431718061674003,0.73568281938326,0.20637176930904388,0.10040377825498581,3.0539346676119323,-0.08977655321359634
14a07Na,C:/Project/AI-STRESS-DETECTOR/data/public/emodb/wav/14a07Na.wav,C:\Project\AI-STRESS-DETECTOR\data\public\emodb\wav\14a07Na.wav,low,0,speaker_14,train,de,emodb_a07,studio,controlled,In sieben Stunden wird es soweit sein.,emodb_emotion=neutral; variation=a,2.0960625,0.12913382053375244,0.10436378419399261,0.27837663888931274,0.10057595912859071,0.17105867779318823,1383.7408190840847,1394.6740295306467,1459.0091559621976,524.2870847606404,2382.3076923076924,2195.1858300386248,0.214918315410614,0.15945804119110107,-22.545297622680664,11.934208869934082,4.693873882293701,3.2021679878234863,-0.21667172014713287,0.8255150318145752,-0.8784634470939636,0.4154498875141144,-0.7152163982391357,1.3971413373947144,-0.02209523506462574,0.13508351147174835,0.3363259434700012,18.071680068969727,7.836317539215088,3.3079516887664795,2.6518120765686035,2.604947566986084,1.8700190782546997,1.7898694276809692,1.3653411865234375,1.8170232772827148,1.2187919616699219,1.2181450128555298,1.2858929634094238,0.8182253241539001,0.08634224534034729,0.007991029880940914,-0.01604769006371498,-0.012966467998921871,-0.0030248360708355904,-0.0076729836873710155,-0.01130593940615654,-0.00653020478785038,-0.009307573549449444,-0.010375848971307278,-0.004890442825853825,0.0004630100156646222,-0.012999528087675571,5.641152858734131,2.4860005378723145,1.2617723941802979,1.0017246007919312,0.9443913102149963,0.7961312532424927,0.790844202041626,0.5872772932052612,0.7016183733940125,0.5881313681602478,0.5404209494590759,0.5072785019874573,0.47534528374671936,168.69552215872937,43.57075179578224,262.53229974160206,0.6057692307692307,0.07423983052739785,0.19381609559059143,0.28846153846153844,0.7115384615384616,0.1755124181509018,0.0883057713508606,2.8625100635119423,-0.1062745749950409
14a07Tc,C:/Project/AI-STRESS-DETECTOR/data/public/emodb/wav/14a07Tc.wav,C:\Project\AI-STRESS-DETECTOR\data\public\emodb\wav\14a07Tc.wav,moderate,1,speaker_14,train,de,emodb_a07,studio,controlled,In sieben Stunden wird es soweit sein.,emodb_emotion=sadness; variation=c,3.2635,0.09506402164697647,0.10572494566440582,0.2363756000995636,0.10874408242829296,0.18092896113936086,1539.514285120882,1295.8839406110944,1665.5987859271006,417.3857841107577,2996.0493827160494,1919.4042793754536,0.27466776967048645,0.15169885754585266,-23.683380126953125,9.064679145812988,3.7013089656829834,3.8493425846099854,1.1352393627166748,1.2893027067184448,-0.3099513053894043,-0.19647951424121857,-0.18549224734306335,1.0970532894134521,0.16909806430339813,0.34357750415802,0.439004510641098,15.16455078125,6.34371280670166,2.7540323734283447,2.3853654861450195,1.9093488454818726,1.7618091106414795,1.7170270681381226,1.5444271564483643,1.4638452529907227,0.9187485575675964,1.1981886625289917,1.2402864694595337,0.9375718832015991,0.028399325907230377,0.0011773603036999702,-0.013427363708615303,-0.0031205613631755114,-0.002093649236485362,-0.0019901590421795845,0.0007934755994938314,0.0036476952955126762,0.0023274163249880075,0.001705044531263411,-0.008604168891906738,0.0012949401279911399,0.0010093461023643613,4.242888927459717,1.8316799402236938,1.118685007095337,0.8100737929344177,0.7397762537002563,0.6912757754325867,0.6940348744392395,0.6916930079460144,0.5672712326049805,0.5100361704826355,0.5111871361732483,0.504126787185669,0.4583984315395355,192.34595174368923,67.19555730049161,245.21072796934865,0.47530864197530864,0.12554064445986635,0.1979447901248932,0.345679012345679,0.654320987654321,0.13860681653022766,0.1076364517211914,3.677033859353455,-0.07979454100131989
14a07Wc,C:/Project/AI-STRESS-DETECTOR/data/public/emodb/wav/14a07Wc.wav,C:\Project\AI-STRESS-DETECTOR\data\public\emodb\wav\14a07Wc.wav,severe,3,speaker_14,train,de,emodb_a07,studio,controlled,In sieben Stunden wird es soweit sein.,emodb_emotion=anger; variation=c,2.0635,0.07219893485307693,0.07110676914453506,0.17739804089069366,0.16865693645879404,0.18615768932520357,2257.758619614505,1272.3327470671097,1758.4280272733429,384.1146969768049,4209.21568627451,1655.2143906363392,0.3456589877605438,0.1676788479089737,-23.413742065429688,5.207342624664307,-1.145076036453247,1.293046236038208,-2.9272143840789795,-0.9161722660064697,-2.601335048675537,-1.353102445602417,-1.777721881866455,-0.5909785628318787,-0.8576207160949707,-1.1154621839523315,-0.030840087682008743,18.529918670654297,6.922274112701416,4.943736553192139,3.078408718109131,3.5788159370422363,2.6472694873809814,2.3095316886901855,2.0743470191955566,2.0005030632019043,1.779964566230774,1.4075504541397095,1.4575830698013306,1.2275927066802979,0.002009784569963813,0.01693807728588581,-0.0010250386549159884,0.0023255832493305206,-0.0005059288814663887,-0.004658166319131851,-0.009116911329329014,-0.009607788175344467,0.004164839629083872,0.005025619175285101,0.004794389475136995,-0.010361461900174618,-0.005863762926310301,4.833851337432861,2.243539810180664,1.6930102109909058,0.9703873991966248,1.2477680444717407,0.8696760535240173,0.9293934106826782,0.7923858761787415,0.7216292023658752,0.7207533121109009,0.5918177962303162,0.5758970379829407,0.6084576845169067,295.33312300684025,39.15240234698556,169.50904392764858,0.6323529411764706,0.05681820027341248,0.2621917724609375,0.28431372549019607,0.7156862745098039,0.09816576540470123,0.06837225705385208,3.392294645020596,0.008005000650882721
14b01Ac,C:/Project/AI-STRESS-DETECTOR/data/public/emodb/wav/14b01Ac.wav,C:\Project\AI-STRESS-DETECTOR\data\public\emodb\wav\14b01Ac.wav,high,2,speaker_14,train,de,emodb_b01,studio,controlled,"Was sind denn das fuer Tueten, die da unter dem Tisch stehen.",emodb_emotion=fear; variation=c,2.344375,0.09125512093305588,0.07748709619045258,0.1988578587770462,0.18347593120732866,0.2145031818712523,2252.2127302780705,1360.4632574492748,1734.434907147009,341.22155282679756,4094.4827586206898,1659.9035830056964,0.36391934752464294,0.17111821472644806,-18.1766357421875,5.227843284606934,-0.19421905279159546,1.3799967765808105,-2.350940465927124,-1.2549734115600586,-2.8933348655700684,-1.4560210704803467,-1.6608494520187378,-0.5680126547813416,-0.4105939567089081,-0.2912006378173828,0.4224212169647217,14.129945755004883,7.388826370239258,3.5703396797180176,2.4704771041870117,2.61531400680542,2.1170406341552734,2.3094019889831543,1.6719434261322021,1.784673810005188,1.832950234413147,1.4463592767715454,1.4296923875808716,1.344472050666809,0.0662691742181778,-0.0029990694019943476,-0.035420630127191544,0.0051152026280760765,-0.0027901858557015657,0.009819556958973408,-0.0007903134101070464,0.002873359015211463,0.003449623007327318,-0.016223324462771416,-0.023004332557320595,-0.019845621660351753,-0.0033803624100983143,5.001373291015625,1.9488800764083862,1.6609152555465698,1.0176713466644287,1.0988116264343262,0.9191473722457886,0.9162194728851318,0.7077586650848389,0.7034630179405212,0.6361947059631348,0.6034680604934692,0.5158345103263855,0.6124380826950073,312.16293851321683,38.29854814132881,171.64750957854406,0.6724137931034483,0.05330035174488669,0.22289982438087463,0.2068965517241379,0.7931034482758621,0.11264395713806152,0.0731264129281044,2.9858704345507867,-0.027447596192359924
14b01Eb,C:/Project/AI-STRESS-DETECTOR/data/public/emodb/wav/14b01Eb.wav,C:\Project\AI-STRESS-DETECTOR\data\public\emodb\wav\14b01Eb.wav,high,2,speaker_14,train,de,emodb_b01,studio,controlled,"Was sind denn das fuer Tueten, die da unter dem Tisch stehen.",emodb_emotion=disgust; variation=b,3.29175,0.09334868937730789,0.0774654895067215,0.22622492909431458,0.13914756309734583,0.20347359659744615,1736.591075948861,1427.5745368987084,1556.6100155797637,442.6856446454468,3070.2140672782875,2045.9652881443048,0.2820759117603302,0.1734948456287384,-19.881868362426758,9.885025024414062,2.286661148071289,3.2728850841522217,0.09614723175764084,0.3830753266811371,-1.8228222131729126,-0.7543711066246033,-1.0425236225128174,0.44958287477493286,-0.06312594562768936,-0.5891494750976562,-0.2951301634311676,16.076282501220703,7.676130771636963,3.4074230194091797,2.8245818614959717,1.9879173040390015,2.1993913650512695,2.2268006801605225,1.3180923461914062,1.676329493522644,1.3776496648788452,1.2275328636169434,1.4370759725570679,0.900217592716217,-0.005081748589873314,-0.007022261153906584,0.002062250627204776,0.0012938695726916194,-0.0024711634032428265,-0.0010903304209932685,-0.000733200169634074,-0.0011208202922716737,0.0017911221366375685,0.0010306055191904306,-0.006733451038599014,-0.0036440554540604353,-0.003912848420441151,5.0549397468566895,2.291720151901245,1.3142986297607422,0.9315752983093262,0.7117002606391907,0.7598920464515686,0.7458179593086243,0.562640905380249,0.6476902365684509,0.5168721079826355,0.49266403913497925,0.581335186958313,0.489670991897583,206.9079152900558,38.02417105352915,227.55555555555554,0.581039755351682,0.07721010642960399,0.17087793350219727,0.23241590214067276,0.7675840978593272,0.11838815361261368,0.07145977020263672,2.126528442317916,-0.05471400171518326
14b01Fa,C:/Project/AI-STRESS-DETECTOR/data/public/emodb/wav/14b01Fa.wav,C:\Project\AI-STRESS-DETECTOR\data\public\emodb\wav\14b01Fa.wav,moderate,1,speaker_14,train,de,emodb_b01,studio,controlled,"Was sind denn das fuer Tueten, die da unter dem Tisch stehen.",emodb_emotion=happiness; variation=a,2.56025,0.05828401818871498,0.05804194137454033,0.1242908462882042,0.15754938527420914,0.21150688496495879,1983.1005106979505,1449.7933318119442,1637.0023915411398,402.6158510801129,3562.834645669291,1964.6204969579733,0.3001250624656677,0.16956765949726105,-26.07367706298828,7.6652512550354,0.918632447719574,2.556091547012329,-1.2998770475387573,-0.8711654543876648,-2.485743522644043,-0.5481665134429932,-1.4828100204467773,-0.698562741279602,-0.2245173156261444,-0.7087205648422241,0.0325591079890728,18.056055068969727,7.773434638977051,4.327182769775391,2.8069937229156494,2.6842267513275146,2.1477737426757812,2.5152711868286133,1.4170540571212769,1.8778595924377441,1.5674179792404175,1.1854000091552734,1.7165013551712036,1.3231955766677856,0.0028689077589660883,0.00091695407172665,0.0021649261470884085,0.002044167136773467,0.0066152107901871204,0.001990789547562599,0.00039553266833536327,-0.0004969741567038,0.003309478983283043,0.008003129623830318,-0.0052079265005886555,-0.0002594036341179162,-0.001973202917724848,6.024651527404785,2.317615032196045,1.8162128925323486,0.9554089307785034,1.1215747594833374,0.7712740302085876,0.964097797870636,0.6746590733528137,0.7056865096092224,0.603456437587738,0.5422977209091187,0.7151909470558167,0.6145056486129761,254.98809909407908,52.006634084664114,187.13450292397658,0.6141732283464567,0.04479079516697248,0.2220885306596756,0.27952755905511806,0.7204724409448819,0.07811830192804337,0.05703885108232498,4.296455424274973,-0.032992057502269745
14b01Fc,C:/Project/AI-STRESS-DETECTOR/data/public/emodb/wav/14b01Fc.wav,C:\Project\AI-STRESS-DETECTOR\data\public\emodb\wav\14b01Fc.wav,moderate,1,speaker_14,train,de,emodb_b01,studio,controlled,"Was sind denn das fuer Tueten, die da unter dem Tisch stehen.",emodb_emotion=happiness; variation=c,2.540875,0.06343996524810791,0.06825459003448486,0.1624164879322052,0.16348410709312966,0.1877297965474965,2026.1069816214244,1331.7104300211138,1618.4401774951855,427.04518001789853,3589.0476190476193,1935.6703562050943,0.3006990849971771,0.18891312181949615,-27.145999908447266,6.75920295715332,-1.1474499702453613,1.8832662105560303,-1.9394596815109253,-1.5977048873901367,-2.801623582839966,-1.1539264917373657,-1.1940864324569702,-0.9455404281616211,-0.03019488789141178,-0.20051471889019012,0.9223875999450684,19.44584846496582,7.204562664031982,5.549066066741943,2.916625499725342,3.160362720489502,2.6225457191467285,2.3414530754089355,1.498618483543396,1.3023840188980103,1.874968409538269,1.600803017616272,1.9258766174316406,1.954776406288147,0.012205714359879494,0.001205677050165832,0.00971267931163311,0.014120075851678848,0.006187154911458492,0.0024367286823689938,0.00889882817864418,0.00019399230950511992,-0.0016280990093946457,0.0024169248063117266,0.0023221634328365326,0.003170239506289363,0.0021857779938727617,6.049849510192871,2.3440914154052734,2.1399447917938232,1.0110924243927002,1.154063105583191,0.9341043829917908,0.8770759105682373,0.6619815230369568,0.6087056398391724,0.727948009967804,0.6819603443145752,0.7002078890800476,0.7528862357139587,266.5968224279308,51.82405682781731,171.64750957854406,0.623015873015873,0.08783191095665786,0.31168991327285767,0.31746031746031744,0.6825396825396826,0.09004995226860046,0.06767267733812332,3.935652088355389,-0.018938034772872925
14b01Na,C:/Project/AI-STRESS-DETECTOR/data/public/emodb/wav/14b01Na.wav,C:\Project\AI-STRESS-DETECTOR\data\public\emodb\wav\14b01Na.wav,low,0,speaker_14,train,de,emodb_b01,studio,controlled,"Was sind denn das fuer Tueten, die da unter dem Tisch stehen.",emodb_emotion=neutral; variation=a,2.572625,0.15732930600643158,0.1248575747013092,0.3561817705631256,0.11455108359133126,0.1819632223726316,1455.9171617652394,1392.9282123048217,1402.1020722139906,432.8534621101417,2538.3529411764707,2030.5360136878899,0.22840158641338348,0.16489456593990326,-17.852569580078125,11.27072811126709,3.9385008811950684,4.545036792755127,-0.898190438747406,0.26094526052474976,-1.3963162899017334,0.006918155588209629,-0.6355822682380676,0.24866916239261627,0.47086912393569946,0.1770094931125641,-0.014884802512824535,13.143177032470703,8.627607345581055,2.743783950805664,2.9245429039001465,2.3887035846710205,2.060159206390381,2.302598476409912,1.2684543132781982,1.638745665550232,1.4070944786071777,1.0497702360153198,1.3432804346084595,0.895412266254425,0.013300585560500622,0.010072954930365086,0.0019474778091534972,-0.0037716771475970745,0.00262308306992054,0.007392480503767729,-0.006502562668174505,-0.0059302509762346745,0.0048283799551427364,0.0070493086241185665,0.002287463517859578,0.00035975960781797767,-0.0029648495838046074,4.930356979370117,2.5246307849884033,1.3911192417144775,1.0644632577896118,1.0428075790405273,0.9389269351959229,0.8565114140510559,0.6011475324630737,0.5828433632850647,0.5787655115127563,0.5027151107788086,0.5041987299919128,0.5155956745147705,186.02623309001265,47.596467224003085,229.5713035870516,0.6509803921568628,0.07907079602503235,0.23490625619888306,0.2431372549019608,0.7568627450980392,0.20154739916324615,0.1118793785572052,3.887080316797046,-0.0957375019788742
14b01Wc,C:/Project/AI-STRESS-DETECTOR/data/public/emodb/wav/14b01Wc.wav,C:\Project\AI-STRESS-DETECTOR\data\public\emodb\wav\14b01Wc.wav,severe,3,speaker_14,train,de,emodb_b01,studio,controlled,"Was sind denn das fuer Tueten, die da unter dem Tisch stehen.",emodb_emotion=anger; variation=c,2.9583125,0.09079930931329727,0.07530726492404938,0.19010229408740997,0.18254820725282594,0.20544433598930717,2202.137705239944,1401.2076849745104,1652.1519006877,416.8371627449623,3861.496598639456,1902.0176733091275,0.3264584541320801,0.17788641154766083,-19.472061157226562,6.289852142333984,-0.3885132074356079,1.9599581956863403,-2.2763257026672363,-1.13889479637146,-2.1335465908050537,-0.7098793983459473,-1.829380989074707,-1.1125205755233765,-0.3581891655921936,-0.6808544993400574,-0.1180153414607048,17.7507266998291,8.083391189575195,4.298950672149658,3.084129810333252,3.1751692295074463,2.5587308406829834,2.151245355606079,1.5216554403305054,1.9726942777633667,1.8942348957061768,1.41377854347229,1.6865229606628418,1.5440716743469238,0.020878901705145836,0.011072058230638504,-0.0081147700548172,0.009976851753890514,0.006761631928384304,0.005539527628570795,7.130661742849043e-06,0.008342528715729713,0.0005625510821118951,-0.00217944267205894,-0.0011055530048906803,0.005813499912619591,0.003500289749354124,5.311236381530762,2.2325313091278076,1.8058887720108032,1.0293686389923096,1.1199473142623901,0.7966500520706177,0.786811888217926,0.7139731645584106,0.7567295432090759,0.6726366877555847,0.5748704075813293,0.6736176013946533,0.6391331553459167,259.6165996535332,52.277829425533206,217.6245210727969,0.6564625850340136,0.07683754150933238,0.22958716750144958,0.23809523809523814,0.7619047619047619,0.11589697748422623,0.06909619271755219,3.3803054951091207,-0.007039308547973633
14b02Aa,C:/Project/AI-STRESS-DETECTOR/data/public/emodb/wav/14b02Aa.wav,C:\Project\AI-STRESS-DETECTOR\data\public\emodb\wav\14b02Aa.wav,high,2,speaker_14,train,de,emodb_b02,studio,controlled,Sie haben es gerade hochgetragen und jetzt gehen sie wieder runter.,emodb_emotion=fear; variation=a,2.84025,0.06764433532953262,0.06289192289113998,0.1569191813468933,0.15243783216907517,0.17581027877785374,2033.7980864837325,1225.3203869180245,1810.658283686361,366.52661376624815,3967.2340425531916,1757.2444201977942,0.3635985851287842,0.16731925308704376,-21.7838134765625,7.625836372375488,0.9397763609886169,0.7637156248092651,-1.4830001592636108,-0.011850749142467976,-2.048535108566284,-1.118322491645813,-1.4892903566360474,0.15618668496608734,-0.46667447686195374,-0.614395022392273,-0.12628361582756042,17.025171279907227,5.489035129547119,3.6248779296875,2.6373138427734375,3.380746603012085,2.478484869003296,2.0832014083862305,1.807217001914978,1.9240745306015015,1.6385639905929565,1.469792127609253,1.3985532522201538,1.2378942966461182,-0.016401465982198715,-0.007590628694742918,0.013650038279592991,0.01596848852932453,0.004410731140524149,0.0016125246183946729,0.0035854214802384377,0.001334686647169292,0.0025355934631079435,-0.0031368618365377188,0.003158694365993142,0.0008969645132310688,-0.005708114709705114,4.769418239593506,1.661131501197815,1.6697090864181519,1.0612672567367554,1.1002132892608643,0.951759397983551,0.7913164496421814,0.6553971767425537,0.667356550693512,0.5621873140335083,0.5639486312866211,0.530785083770752,0.6075909733772278,267.73617388276165,40.5206861108442,230.55555555555554,0.6737588652482269,0.0651352100933695,0.20414599776268005,0.24113475177304966,0.7588652482269503,0.08734700083732605,0.05995450168848038,1.408326731801778,0.043464407324790955
14b02Fb,C:/Project/AI-STRESS-DETECTOR/data/public/emodb/wav/14b02Fb.wav,C:\Project\AI-STRESS-DETECTOR\data\public\emodb\wav\14b02Fb.wav,moderate,1,speaker_14,train,de,emodb_b02,studio,controlled,Sie haben es gerade hochgetragen und jetzt gehen sie wieder runter.,emodb_emotion=happiness; variation=b,2.8371875,0.0701705738902092,0.06484252214431763,0.15210379660129547,0.1618141097424412,0.1669362034546711,2083.680083693697,1209.6754974636237,1714.683293519697,401.44694999426156,3809.3617021276596,1742.5644315920101,0.344279408454895,0.17697729170322418,-22.05717658996582,7.022654056549072,-1.452231764793396,0.07966708391904831,-2.1539387702941895,-0.5783418416976929,-1.8037985563278198,-1.394020676612854,-1.348503828048706,-0.2566172182559967,-0.38587087392807007,-0.0828847661614418,0.5981144905090332,17.411888122558594,5.633079528808594,4.733421325683594,3.1656334400177,3.9639484882354736,2.747657299041748,2.2024269104003906,1.8736475706100464,1.7481669187545776,1.4430058002471924,1.5366212129592896,1.7013728618621826,1.668278455734253,-0.020037589594721794,-0.015257344581186771,0.0003252249152865261,0.0066748070530593395,0.0009058451978489757,0.021768879145383835,0.0020611954387277365,-0.00616439851000905,0.01349109411239624,-0.0010907116811722517,0.00022967952827457339,-0.008935478515923023,-0.0018525250488892198,5.7668986320495605,2.1754584312438965,1.9222240447998047,1.1965664625167847,1.2114613056182861,1.069188117980957,0.8512759208679199,0.710991621017456,0.6642167568206787,0.6167610287666321,0.6478319764137268,0.6492035388946533,0.7484726905822754,269.06582225306397,58.646252037101576,208.76656472986747,0.6347517730496454,0.11145770321779636,0.254254013299942,0.26595744680851063,0.7340425531914894,0.09342608600854874,0.060687579214572906,2.819693798876528,0.002181321382522583
14b02Na,C:/Project/AI-STRESS-DETECTOR/data/public/emodb/wav/14b02Na.wav,C:\Project\AI-STRESS-DETECTOR\data\public\emodb\wav\14b02Na.wav,low,0,speaker_14,train,de,emodb_b02,studio,controlled,Sie haben es gerade hochgetragen und jetzt gehen sie wieder runter.,emodb_emotion=neutral; variation=a,2.8994375,0.11210862547159195,0.08841129392385483,0.24718108773231506,0.07809454191033138,0.1229928801682217,1295.044049080456,1139.0538902909232,1463.8017687533402,555.9687342096228,2408.472222222222,2051.3925891413255,0.20916122198104858,0.15614952147006989,-20.330120086669922,13.407466888427734,4.322317600250244,2.35418438911438,-1.2520756721496582,1.1171214580535889,-1.3360389471054077,0.15833793580532074,-1.1775472164154053,1.031994342803955,0.41826948523521423,-0.18511618673801422,-0.2856920659542084,13.86829948425293,6.882910251617432,3.816643714904785,3.3088042736053467,3.0995988845825195,2.160637617111206,2.1858227252960205,1.3590391874313354,1.656803011894226,1.4055757522583008,1.2047882080078125,1.3319594860076904,1.239017367362976,0.02497570961713791,0.0065806228667497635,-0.012722432613372803,-0.009191025048494339,-0.0065749650821089745,-0.0003306865692138672,-0.007320420816540718,-0.00428629107773304,0.0032986062578856945,0.004151242319494486,0.0006186605896800756,-0.005950257182121277,-0.004990839399397373,5.648551940917969,2.36437726020813,1.56581449508667,1.264546513557434,1.0288344621658325,0.9317216277122498,0.8803786039352417,0.7139380574226379,0.7044870853424072,0.5730780363082886,0.546803891658783,0.5692208409309387,0.49585291743278503,174.78448926944304,36.54028500348563,233.41815097540285,0.6527777777777778,0.04691341595200869,0.2003580927848816,0.2743055555555556,0.7256944444444444,0.14763237535953522,0.0783778503537178,4.483628289970038,-0.06336560845375061
14b02Tc,C:/Project/AI-STRESS-DETECTOR/data/public/emodb/wav/14b02Tc.wav,C:\Project\AI-STRESS-DETECTOR\data\public\emodb\wav\14b02Tc.wav,moderate,1,speaker_14,train,de,emodb_b02,studio,controlled,Sie haben es gerade hochgetragen und jetzt gehen sie wieder runter.,emodb_emotion=sadness; variation=c,6.2154375,0.08049129694700241,0.0841904878616333,0.21527093648910522,0.07340528741207857,0.13473481222200615,1407.844628196211,1055.6411866199799,1743.677011703633,359.23140422680603,2908.3225806451615,1761.0393995903298,0.2818048596382141,0.13448581099510193,-25.36042022705078,9.101353645324707,3.6175215244293213,2.9776899814605713,1.2675416469573975,2.1456897258758545,0.34396231174468994,0.6127933263778687,-0.08993589133024216,1.1726958751678467,0.5288809537887573,0.5034965872764587,0.4740195572376251,16.637981414794922,4.797260284423828,2.5161995887756348,2.814908981323242,1.8889765739440918,1.7235251665115356,1.5153229236602783,1.146735429763794,1.4335660934448242,1.0613631010055542,1.0129075050354004,0.9650458693504333,0.9820069670677185,0.0224891547113657,-0.012269947677850723,0.0004548084398265928,0.004493554122745991,-0.0029379124753177166,0.0007310111541301012,-0.00010220735566690564,-0.0023981225676834583,0.0010408791713416576,0.00011138300760649145,-0.0004289275093469769,0.0022989436984062195,-0.004663297440856695,3.841010570526123,1.5315524339675903,1.0417991876602173,0.8819518089294434,0.7652701735496521,0.6893399357795715,0.595350444316864,0.522550642490387,0.5587433576583862,0.5208670496940613,0.5072887539863586,0.4711913764476776,0.49685001373291016,206.15651363414253,88.02728781834259,268.1238615664845,0.36612903225806454,0.1149966589859466,0.20250190794467926,0.3725806451612903,0.6274193548387097,0.12158332765102386,0.08218850940465927,4.0222430038110755,-0.05538973957300186
14b02Wb,C:/Project/AI-STRESS-DETECTOR/data/public/emodb/wav/14b02Wb.wav,C:\Project\AI-STRESS-DETECTOR\data\public\emodb\wav\14b02Wb.wav,severe,3,speaker_14,train,de,emodb_b02,studio,controlled,Sie haben es gerade hochgetragen und jetzt gehen sie wieder runter.,emodb_emotion=anger; variation=b,2.748125,0.06733614206314087,0.06393816322088242,0.1510297805070877,0.17923012659854765,0.17689904411627647,2226.5057211831754,1205.293572774405,1789.366927726296,396.49825771725455,4126.739926739927,1748.7355961119888,0.3933074474334717,0.18422125279903412,-19.541194915771484,6.981444358825684,-0.3138900399208069,0.1342460662126541,-2.001185417175293,-0.1499839723110199,-1.2490900754928589,-0.628059446811676,-1.491929531097412,-0.6802953481674194,-0.5839228630065918,-0.4759010076522827,-0.15444202721118927,14.961162567138672,5.860928535461426,4.292323589324951,3.1629116535186768,3.8057732582092285,2.318676710128784,2.168743848800659,1.647660255432129,1.712852120399475,1.503504991531372,1.5243322849273682,1.297959804534912,1.277268648147583,-0.039203811436891556,0.013593142852187157,0.0007588400621898472,-0.013180255889892578,0.0015156540321186185,0.014460098929703236,0.009899094700813293,0.00639880308881402,-0.005611180327832699,0.0001968202122952789,-0.0034469023812562227,0.0011220851447433233,-0.00013852075790055096,5.127256393432617,2.045462131500244,1.7140700817108154,1.244242787361145,1.1637771129608154,0.9044375419616699,0.8718714714050293,0.6674181222915649,0.7067475914955139,0.6746803522109985,0.6320434212684631,0.5911868810653687,0.5921463966369629,253.39336077838942,58.57907669090974,198.69281045751632,0.6336996336996337,0.06836349520889876,0.2708832919597626,0.2417582417582418,0.7582417582417582,0.0862492099404335,0.06244611740112305,2.5471912667727996,-0.0025589540600776672
14b02Wd,C:/Project/AI-STRESS-DETECTOR/data/public/emodb/wav/14b02Wd.wav,C:\Project\AI-STRESS-DETECTOR\data\public\emodb\wav\14b02Wd.wav,severe,3,speaker_14,train,de,emodb_b02,studio,controlled,Sie haben es gerade hochgetragen und jetzt gehen sie wieder runter.,emodb_emotion=anger; variation=d,2.2923125,0.08373253792524338,0.07971659302711487,0.18336336314678192,0.15091693992690977,0.1497460690427053,2133.5965359754755,1148.17548688165,1804.631682471471,407.4512292970483,4191.541850220265,1666.2196527072722,0.33639493584632874,0.1712247133255005,-18.935409545898438,8.55164909362793,0.12650232017040253,0.7600007653236389,-2.3153183460235596,0.500562846660614,-2.5155892372131348,-0.021465150639414787,-1.7058590650558472,-0.26019376516342163,-0.09346984326839447,-1.0542690753936768,-0.36036768555641174,18.789867401123047,5.25676965713501,4.632049560546875,3.092773675918579,3.9880521297454834,1.8613829612731934,2.5148489475250244,1.4661539793014526,1.7601354122161865,1.3543829917907715,1.3235257863998413,1.7164585590362549,1.1409881114959717,-0.006022079382091761,-0.016144365072250366,-0.005912679713219404,-0.005350568797439337,-0.0013388809747993946,-0.0006775992806069553,0.0016609393060207367,-0.0035029712598770857,0.0008069429313763976,-0.00347814685665071,0.003004360944032669,-0.0014348765835165977,-0.006779443938285112,5.93147611618042,2.4192726612091064,1.8229446411132812,1.2523629665374756,1.2874912023544312,0.8013933897018433,0.9088989496231079,0.6131065487861633,0.806976854801178,0.6122329831123352,0.5993899703025818,0.6653764247894287,0.5407464504241943,212.37438150327708,33.058783999993835,187.60107816711593,0.6828193832599119,0.04023480957449448,0.24325934052467346,0.2555066079295154,0.7444933920704846,0.109739288687706,0.0766129121184349,3.9261662622351885,-0.052599020302295685
14b03Ad,C:/Project/AI-STRESS-DETECTOR/data/public/emodb/wav/14b03Ad.wav,C:\Project\AI-STRESS-DETECTOR\data\public\emodb\wav\14b03Ad.wav,high,2,speaker_14,train,de,emodb_b03,studio,controlled,An den Wochenenden bin ich jetzt immer nach Hause gefahren und habe Agnes besucht.,emodb_emotion=fear; variation=d,3.5028125,0.08790934830904007,0.06814367324113846,0.1736326515674591,0.1434116901449025,0.15636763196125908,1826.8232612610284,1156.8200745212118,1653.0729722561239,465.2102125323699,3474.712643678161,1866.9982294289173,0.31790581345558167,0.19072866439819336,-19.695898056030273,8.822598457336426,0.6384071111679077,1.2517343759536743,-1.800235390663147,0.29288139939308167,-2.711448907852173,-1.7015794515609741,-2.0276288986206055,0.12676197290420532,-0.7144535779953003,-1.0770938396453857,-0.5851757526397705,19.69623565673828,5.203310966491699,3.985629081726074,2.8646016120910645,2.942365884780884,2.245729446411133,2.506805419921875,1.8033612966537476,2.0553126335144043,1.3757836818695068,1.5208845138549805,1.4693204164505005,1.3083088397979736,0.07412601262331009,-0.0007954657776281238,-0.02179374173283577,0.002997090108692646,-0.007303745020180941,-0.001773613621480763,-0.01023908145725727,-0.011148826219141483,0.005525802727788687,-0.0031867651268839836,4.5228280214359984e-05,0.003116160398349166,-0.0007169164600782096,5.632103443145752,1.8515692949295044,1.4705365896224976,0.9985575079917908,1.1264790296554565,0.7826290726661682,0.9513766169548035,0.6726293563842773,0.7494268417358398,0.5728709101676941,0.5595510005950928,0.5520744323730469,0.5232944488525391,252.6500045896183,30.829738127766277,181.64251207729467,0.7126436781609196,0.0394796278999575,0.1776154786348343,0.20977011494252873,0.7902298850574713,0.10906526446342468,0.06102753430604935,2.283879025782853,-0.028826817870140076
14b03Ed,C:/Project/AI-STRESS-DETECTOR/data/public/emodb/wav/14b03Ed.wav,C:\Project\AI-STRESS-DETECTOR\data\public\emodb\wav\14b03Ed.wav,high,2,speaker_14,train,de,emodb_b03,studio,controlled,An den Wochenenden bin ich jetzt immer nach Hause gefahren und habe Agnes besucht.,emodb_emotion=disgust; variation=d,5.0500625,0.09554628282785416,0.07399709522724152,0.20708270370960236,0.14249341046453112,0.1567372675318948,1844.4639402742825,1173.4948304373847,1679.1023166863397,487.05206648218046,3438.0119284294233,1983.7380682730682,0.3271833658218384,0.1947324275970459,-17.33325958251953,9.706233024597168,0.7061426043510437,0.6298828125,-0.9248500466346741,0.3582741618156433,-1.8785792589187622,-1.5192465782165527,-1.8113303184509277,0.3507215678691864,-0.7219239473342896,-1.1800915002822876,-0.655386209487915,15.392542839050293,6.202216148376465,3.9739391803741455,2.5350377559661865,2.2806568145751953,2.0880141258239746,2.377826452255249,1.805103063583374,2.140789031982422,1.210878849029541,1.2566357851028442,1.5137969255447388,1.3010202646255493,0.00080293690552935,0.0014230147935450077,0.0003962990886066109,-0.00234745885245502,-0.002916876459494233,-0.0017341155325993896,-0.0011151495855301619,-0.006443437654525042,-0.0026387106627225876,-0.0015756207285448909,-0.0017423501703888178,-0.002027671318501234,-0.0007704072049818933,4.1636810302734375,1.8675756454467773,1.3459924459457397,0.9156120419502258,0.8034706711769104,0.7397981286048889,0.7302263975143433,0.6207204461097717,0.6370982527732849,0.5393862724304199,0.48546451330184937,0.5518531799316406,0.4859998822212219,230.95581287461604,31.136167515267307,211.073950204385,0.679920477137177,0.038804281791700895,0.1480250358581543,0.2345924453280318,0.7654075546719682,0.12194734811782837,0.06451041251420975,2.178190863974456,-0.05301975458860397
14b03Lb,C:/Project/AI-STRESS-DETECTOR/data/public/emodb/wav/14b03Lb.wav,C:\Project\AI-STRESS-DETECTOR\data\public\emodb\wav\14b03Lb.wav,low,0,speaker_14,train,de,emodb_b03,studio,controlled,An den Wochenenden bin ich jetzt immer nach Hause gefahren und habe Agnes besucht.,emodb_emotion=boredom; variation=b,3.580125,0.07966769486665726,0.0742175355553627,0.176236093044281,0.08205204021289178,0.10984224937774037,1333.3300704508895,959.6481116687579,1500.6417832465063,497.9895424318335,2482.696629213483,1906.3918293054473,0.2421393245458603,0.1853654533624649,-22.980390548706055,12.852827072143555,3.3291337490081787,2.1107382774353027,-1.549239993095398,1.2438386678695679,-1.3298649787902832,-0.8657587170600891,-1.0665565729141235,1.058219313621521,-0.2837708592414856,-0.23421251773834229,-0.6261278390884399,13.349030494689941,6.162720680236816,3.200079917907715,2.620640277862549,2.559873104095459,1.9844744205474854,2.373056411743164,1.7020148038864136,1.5409218072891235,1.152385950088501,1.4437564611434937,1.266530156135559,1.2184200286865234,0.0284300334751606,-0.010157116688787937,0.0031173578463494778,-0.0030454390216618776,-0.003479802282527089,-0.00228549144230783,-0.006082047242671251,-0.005823401268571615,-0.0025468459352850914,0.0002742895158007741,-0.0007207564194686711,-0.002245288109406829,-0.00144362379796803,4.225069522857666,2.1190578937530518,1.2418818473815918,0.9994133114814758,0.9168798327445984,0.6758915185928345,0.7400327920913696,0.6014431715011597,0.5851026773452759,0.5193809866905212,0.4868873357772827,0.507087767124176,0.4393167793750763,185.2544211116944,47.83144448572471,262.53229974160206,0.6938202247191011,0.04919123998758266,0.15582731366157532,0.2556179775280899,0.7443820224719101,0.10415448993444443,0.07099971920251846,3.3518382738032892,-0.08613087236881256
14b03Ta,C:/Project/AI-STRESS-DETECTOR/data/public/emodb/wav/14b03Ta.wav,C:\Project\AI-STRESS-DETECTOR\data\public\emodb\wav\14b03Ta.wav,moderate,1,speaker_14,train,de,emodb_b03,studio,controlled,An den Wochenenden bin ich jetzt immer nach Hause gefahren und habe Agnes besucht.,emodb_emotion=sadness; variation=a,5.4973125,0.08698178082704544,0.07163707911968231,0.1783919483423233,0.09928104933867517,0.1531529250726708,1467.0305927229572,1156.5811828515957,1621.2608568227874,358.6211661468886,2802.5547445255474,1846.8128115409127,0.2716805338859558,0.15721362829208374,-21.136856079101562,9.968554496765137,3.161919355392456,2.781233310699463,0.6415392160415649,1.8005372285842896,-0.12029631435871124,0.12770718336105347,-0.4975963532924652,1.1143134832382202,0.47410333156585693,0.09336439520120621,-0.04696930944919586,15.091758728027344,5.87803840637207,2.8023602962493896,2.8818702697753906,1.8439326286315918,2.0979442596435547,1.764650583267212,1.3881558179855347,1.4899104833602905,1.1552397012710571,1.0268548727035522,1.1690037250518799,1.1745610237121582,0.0020698560401797295,0.011052086018025875,0.0006396174430847168,-0.004297750070691109,0.0021919168066233397,0.0008603021269664168,0.0025975073222070932,0.002373224589973688,0.0020020054653286934,-0.0020862137898802757,-0.004283587448298931,-0.0012507212813943624,-0.0007565865525975823,3.949753761291504,1.8002759218215942,1.1728812456130981,0.9641737937927246,0.768347978591919,0.6715884208679199,0.6405553221702576,0.6268894672393799,0.5902354717254639,0.5684678554534912,0.47902366518974304,0.5178157687187195,0.4669763743877411,182.82469553855378,50.294573074510275,269.99405822935233,0.4233576642335766,0.17346898479845227,0.17421077191829681,0.30839416058394165,0.6916058394160584,0.11989001929759979,0.062438368797302246,2.546698955171277,0.0002530887722969055
14b03Wb,C:/Project/AI-STRESS-DETECTOR/data/public/emodb/wav/14b03Wb.wav,C:\Project\AI-STRESS-DETECTOR\data\public\emodb\wav\14b03Wb.wav,severe,3,speaker_14,train,de,emodb_b03,studio,controlled,An den Wochenenden bin ich jetzt immer nach Hause gefahren und habe Agnes besucht.,emodb_emotion=anger; variation=b,3.8861875,0.06477959454059601,0.07594617456197739,0.16439655423164368,0.14560950179065232,0.13828964391726994,2022.0387862819741,1044.9222290140049,1722.4996606586278,418.9917983973992,3885.2713178294575,1762.345487948687,0.32697755098342896,0.19592423737049103,-23.96363067626953,7.020613670349121,-1.2601503133773804,0.6169586181640625,-3.1124372482299805,0.2079218178987503,-2.2587203979492188,-1.0514070987701416,-2.0279793739318848,-0.47608280181884766,-0.8588896989822388,-0.4151296615600586,0.03193017095327377,17.382984161376953,5.67520809173584,5.789370059967041,3.8063676357269287,3.7808315753936768,2.733126401901245,2.476508855819702,1.7781709432601929,2.0372421741485596,1.5771881341934204,1.463748812675476,1.477006435394287,1.2977927923202515,-0.03164077550172806,-0.004501925781369209,0.024514302611351013,0.004767694976180792,-0.006665498483926058,-0.0005856515490449965,-9.608576510800049e-05,0.004418728407472372,-0.0013688424369320273,0.0032391452696174383,0.006382931023836136,-0.0005342319491319358,-0.002246446441859007,5.254258632659912,2.0784201622009277,1.771466612815857,1.197511076927185,1.1860377788543701,0.7874207496643066,0.8418059349060059,0.7145435810089111,0.7768889665603638,0.5943229794502258,0.6315979957580566,0.6140472292900085,0.6118353009223938,280.60919405272153,55.97712029085293,198.69281045751632,0.6201550387596899,0.061049408098025205,0.2395227700471878,0.32041343669250644,0.6795865633074936,0.09174703806638718,0.07875033468008041,3.6025024525965357,0.027292143553495407
14b09Ac,C:/Project/AI-STRESS-DETECTOR/data/public/emodb/wav/14b09Ac.wav,C:\Project\AI-STRESS-DETECTOR\data\public\emodb\wav\14b09Ac.wav,high,2,speaker_14,train,de,emodb_b09,studio,controlled,Ich will das eben wegbringen und dann mit Karl was trinken gehen.,emodb_emotion=fear; variation=c,2.2876875,0.14273755252361298,0.09792955219745636,0.2676562964916229,0.13301977410486568,0.16568429128856024,1766.7154065051961,1177.4706066739307,1618.1905633859812,394.3261814298339,3307.3127753303966,1824.9743958048832,0.3169715106487274,0.19770392775535583,-13.19903564453125,9.415982246398926,0.683063805103302,2.6247074604034424,-1.735636830329895,-1.097341775894165,-2.9373581409454346,-1.4035148620605469,-2.130756378173828,-0.40144872665405273,-0.9631261825561523,-0.9161174893379211,-0.2960096597671509,10.609536170959473,5.8371782302856445,2.9679808616638184,3.0799715518951416,2.5455121994018555,2.245467185974121,2.2933530807495117,1.522179365158081,2.024712562561035,1.3498382568359375,1.4711405038833618,1.2071746587753296,0.98453289270401,-0.0403757318854332,0.014235761016607285,0.02192891389131546,-0.028658192604780197,0.01072320993989706,0.012291071005165577,-0.00940543320029974,-0.008510134182870388,-0.0014453312614932656,0.0008903463603928685,-0.008342279121279716,-0.0033476741518825293,-0.0025466487277299166,3.4221343994140625,1.9524976015090942,1.5068482160568237,1.0595186948776245,1.1653178930282593,0.9471665024757385,0.8747082948684692,0.6458567976951599,0.7936401963233948,0.5748655200004578,0.6323966979980469,0.5434760451316833,0.5278031826019287,255.26391387970517,26.358566425885115,150.2952227589909,0.7048458149779736,0.03804976155295587,0.20171502232551575,0.2555066079295154,0.7444933920704846,0.18409772217273712,0.07827408611774445,3.0598584815452283,-0.014733999967575073
14b09Ea,C:/Project/AI-STRESS-DETECTOR/data/public/emodb/wav/14b09Ea.wav,C:\Project\AI-STRESS-DETECTOR\data\public\emodb\wav\14b09Ea.wav,high,2,speaker_14,train,de,emodb_b09,studio,controlled,Ich will das eben wegbringen und dann mit Karl was trinken gehen.,emodb_emotion=disgust; variation=a,4.243625,0.0676063820719719,0.07313910871744156,0.16773419082164764,0.12158951882074855,0.18471775200150306,1722.7724891956989,1313.3668323679997,1655.657575452431,459.5538631551939,3284.170616113744,1911.6399870489356,0.310062438249588,0.17099972069263458,-26.880130767822266,9.535436630249023,2.31380033493042,2.909996747970581,0.2510315477848053,-0.06442980468273163,-1.9689915180206299,-0.6735191941261292,-0.6887440085411072,0.5077232718467712,0.4324426054954529,-0.3296043872833252,-0.15246164798736572,18.809558868408203,6.765778541564941,3.136244535446167,2.5211122035980225,1.9171570539474487,2.166098117828369,2.5357303619384766,1.4685598611831665,1.719132423400879,1.3177101612091064,1.1614209413528442,1.5026189088821411,1.1908419132232666,-0.0028053391724824905,0.0014981025597080588,0.0019699521362781525,0.00036417250521481037,-0.0027014745865017176,-0.0027061626315116882,-0.0014251600950956345,0.0012536263093352318,-0.00175569299608469,-3.4358829452685313e-06,0.0029648616909980774,2.5610223019612022e-05,-0.001231289585120976,5.041062831878662,1.904311180114746,1.2935212850570679,0.8798445463180542,0.7365140914916992,0.7149582505226135,0.8201847672462463,0.5912737846374512,0.6115446090698242,0.48878908157348633,0.5021705031394958,0.5206258296966553,0.46893957257270813,205.2253379341584,35.15001101129094,241.26984126984127,0.5,0.0760756410428883,0.16676026582717896,0.3436018957345972,0.6563981042654028,0.10013460367918015,0.07111185789108276,2.3564758903060476,-0.052997834980487823
14b09Fc,C:/Project/AI-STRESS-DETECTOR/data/public/emodb/wav/14b09Fc.wav,C:\Project\AI-STRESS-DETECTOR\data\public\emodb\wav\14b09Fc.wav,moderate,1,speaker_14,train,de,emodb_b09,studio,controlled,Ich will das eben wegbringen und dann mit Karl was trinken gehen.,emodb_emotion=happiness; variation=c,2.5295,0.04862998053431511,0.05930263176560402,0.11171242594718933,0.12682103665538347,0.1372453963201535,1888.7407784022791,1027.5840518725765,1667.1598363011005,420.77298757960835,3657.5298804780878,1645.7479542106173,0.31320884823799133,0.17488950490951538,-26.207534790039062,8.776701927185059,-0.6787290573120117,2.7226510047912598,-1.9508110284805298,-0.72789466381073,-2.6047637462615967,-0.40378594398498535,-2.0706863403320312,0.034587323665618896,-0.19613739848136902,-0.6831503510475159,-0.021801115944981575,18.795780181884766,5.690423965454102,4.473184108734131,3.4798407554626465,2.7939321994781494,2.148113250732422,2.4707770347595215,1.6035076379776,1.717005729675293,1.3550385236740112,1.4830213785171509,1.4479602575302124,1.2852094173431396,-0.0046856640838086605,0.00583661999553442,0.004677084740251303,0.0007342988392338157,-0.003193215001374483,5.1797622290905565e-05,0.0025649715680629015,-0.00015652892761863768,0.0007104427204467356,-0.006081849802285433,-0.0011861114762723446,0.006464382633566856,0.009370511397719383,6.278671741485596,2.340369701385498,1.774293065071106,1.0586450099945068,1.0349229574203491,0.8025926947593689,0.875053882598877,0.7440705895423889,0.7204231023788452,0.6375154256820679,0.6146922707557678,0.6295044422149658,0.6296679973602295,229.98842581577082,45.7413904579967,212.4255319148936,0.6175298804780877,0.04900786019657077,0.253629207611084,0.3745019920318725,0.6254980079681275,0.07276641577482224,0.06357083469629288,3.9533504645186794,-0.006416629999876022
14b09Lb,C:/Project/AI-STRESS-DETECTOR/data/public/emodb/wav/14b09Lb.wav,C:\Project\AI-STRESS-DETECTOR\data\public\emodb\wav\14b09Lb.wav,low,0,speaker_14,train,de,emodb_b09,studio,controlled,Ich will das eben wegbringen und dann mit Karl was trinken gehen.,emodb_emotion=boredom; variation=b,3.0503125,0.09921924769878387,0.08375769108533859,0.20656108856201172,0.07466686518275886,0.11673545210663003,1245.5564182188098,922.2016139904574,1428.2870991245313,396.45058839374434,2370.825082508251,1574.92866801575,0.2166549563407898,0.14405694603919983,-20.654945373535156,13.215303421020508,2.2173585891723633,2.305048704147339,-1.1285998821258545,0.056399960070848465,-1.8099298477172852,-0.16367439925670624,-1.3007261753082275,0.6367899775505066,-0.17319436371326447,0.04768603295087814,-0.7549982666969299,15.092975616455078,5.837303161621094,3.1234629154205322,2.8239951133728027,2.5531442165374756,2.1090304851531982,2.1845271587371826,1.470983624458313,1.5143673419952393,1.2659012079238892,1.1546958684921265,1.095323085784912,1.3126826286315918,0.03502976521849632,-0.002465679310262203,-0.0034200288355350494,-0.0077646654099226,-0.008496000431478024,-0.006725710351020098,-0.0026730129029601812,-0.0018193414434790611,-0.005064944736659527,-0.0009636485483497381,-0.003299604170024395,-0.001621590810827911,0.0032568126916885376,4.606870651245117,1.8737934827804565,1.390665888786316,0.9851003289222717,0.9060854315757751,0.7312639951705933,0.6913312077522278,0.5532619953155518,0.5489946007728577,0.4890366792678833,0.4310292899608612,0.4816204607486725,0.48354560136795044,189.78276650257166,46.097310659116566,238.76723438767232,0.7227722772277227,0.04714023423527737,0.17719882726669312,0.22112211221122113,0.7788778877887789,0.12466929852962494,0.07784205675125122,2.6226821022436226,-0.07250197231769562
14b09Td,C:/Project/AI-STRESS-DETECTOR/data/public/emodb/wav/14b09Td.wav,C:\Project\AI-STRESS-DETECTOR\data\public\emodb\wav\14b09Td.wav,moderate,1,speaker_14,train,de,emodb_b09,studio,controlled,Ich will das eben wegbringen und dann mit Karl was trinken gehen.,emodb_emotion=sadness; variation=d,3.7651875,0.0892707109451294,0.06882210820913315,0.20791974663734436,0.0960066833751044,0.15642394814145572,1432.171335143274,1184.6662024968698,1565.532128537326,365.491790705226,2695.5733333333333,1867.2614183938526,0.260419636964798,0.15683947503566742,-20.284074783325195,10.020904541015625,2.6951072216033936,3.5766680240631104,0.8673630952835083,1.5285608768463135,-0.7088093161582947,0.22739540040493011,-0.4410625100135803,0.8462064862251282,0.6462358832359314,0.36836913228034973,-0.06758490204811096,13.611283302307129,6.039394378662109,2.8461971282958984,2.714951276779175,1.7528156042099,1.8652784824371338,1.974092960357666,1.3167943954467773,1.3612966537475586,1.1923823356628418,1.1708393096923828,1.2386808395385742,1.2669090032577515,0.020903732627630234,-0.002338823862373829,-0.004166885279119015,0.003967683296650648,0.00811157375574112,0.008696121163666248,-0.006558275781571865,-0.00537584675475955,-0.00296089518815279,-0.005118705797940493,-0.0055429064668715,-0.002861705143004656,-0.0017734839348122478,4.438909530639648,1.842095971107483,1.2440552711486816,0.9964703321456909,0.8611840605735779,0.7754130363464355,0.6850878000259399,0.6321202516555786,0.5859580039978027,0.5209810733795166,0.5232232213020325,0.5026967525482178,0.5017843842506409,209.7941650853044,75.27372305532639,267.15776550030694,0.56,0.11449412020465058,0.1883017122745514,0.17600000000000005,0.824,0.10515528172254562,0.06563790887594223,4.249456368374749,-0.015051707625389099
14b09Wa,C:/Project/AI-STRESS-DETECTOR/data/public/emodb/wav/14b09Wa.wav,C:\Project\AI-STRESS-DETECTOR\data\public\emodb\wav\14b09Wa.wav,severe,3,speaker_14,train,de,emodb_b09,studio,controlled,Ich will das eben wegbringen und dann mit Karl was trinken gehen.,emodb_emotion=anger; variation=a,3.5453125,0.06628460437059402,0.06546766310930252,0.15731346607208252,0.14653489247197315,0.14313593904982605,2044.1325656111542,996.4584622183585,1685.6271985485869,343.2538143268914,3875.2407932011333,1511.1581253117386,0.31121760606765747,0.17369988560676575,-22.14032554626465,7.043905258178711,-1.8862954378128052,2.3195085525512695,-3.0838584899902344,-1.0391570329666138,-2.6964364051818848,-0.7489850521087646,-2.128779411315918,-0.9422403573989868,-0.12562403082847595,-1.0967514514923096,-0.1151551827788353,19.203357696533203,5.537754058837891,4.432919979095459,3.385493755340576,3.336886167526245,2.710461139678955,2.5487558841705322,1.3495423793792725,1.872507095336914,1.5931142568588257,1.6530613899230957,1.678327202796936,1.371259331703186,0.00018519112200010568,0.0029286257922649384,0.0002004877314902842,-0.008601522073149681,-0.0018517397111281753,0.0016410647658631206,0.002525781746953726,0.004547061864286661,-0.0032115327194333076,-0.006256784312427044,-0.010172593407332897,-0.003490951843559742,-0.0012120113242417574,5.566852569580078,2.018571376800537,1.5247670412063599,0.96596759557724,1.052518367767334,0.858137309551239,0.8799218535423279,0.6625130772590637,0.7086242437362671,0.619638979434967,0.5674743056297302,0.5595665574073792,0.5533396005630493,264.3218411478309,47.218833246401076,217.6245210727969,0.7025495750708215,0.04696050268439855,0.2117021530866623,0.2662889518413598,0.7337110481586402,0.08761531114578247,0.06416670233011246,3.384750991626267,0.016662105917930603
14b09Wc,C:/Project/AI-STRESS-DETECTOR/data/public/emodb/wav/14b09Wc.wav,C:\Project\AI-STRESS-DETECTOR\data\public\emodb\wav\14b09Wc.wav,severe,3,speaker_14,train,de,emodb_b09,studio,controlled,Ich will das eben wegbringen und dann mit Karl was trinken gehen.,emodb_emotion=anger; variation=c,2.7706875,0.08505906909704208,0.07646951824426651,0.21536362171173096,0.17233082706766917,0.15115150196050528,2182.61429009356,1001.772323175936,1695.4977270477787,323.7260509208864,4040.7272727272725,1462.580353093873,0.3196849524974823,0.17300882935523987,-18.907855987548828,5.4265570640563965,-3.145692825317383,1.272381067276001,-3.7241742610931396,-1.2224860191345215,-3.133883237838745,-1.1951665878295898,-2.152484178543091,-1.420776128768921,0.11182762682437897,-0.932002067565918,0.6166960597038269,17.603185653686523,5.955018997192383,4.81445837020874,3.414496660232544,3.5656545162200928,2.3307623863220215,2.2371811866760254,1.5154449939727783,1.8153845071792603,1.8149337768554688,1.6750816106796265,1.3865536451339722,1.636884331703186,-0.053761277347803116,0.007729155942797661,0.013479572720825672,-0.00606746319681406,0.009484649635851383,0.01136444415897131,-0.0019501131027936935,-0.00976902898401022,-0.010259495116770267,-0.010764389298856258,-0.004916908219456673,0.0007368538645096123,0.010040828958153725,4.887991428375244,2.131530523300171,1.6501531600952148,0.9878934621810913,1.2234952449798584,0.8913304805755615,0.8027486205101013,0.6862358450889587,0.743445634841919,0.6680217981338501,0.6012426018714905,0.566200852394104,0.7193612456321716,284.27621045712516,63.896466758923076,203.17460317460316,0.7018181818181818,0.0959309429603955,0.2316635400056839,0.2727272727272727,0.7272727272727273,0.11324811726808548,0.07141575217247009,3.6092125149443954,-0.010074391961097717
14b10Ad,C:/Project/AI-STRESS-DETECTOR/data/public/emodb/wav/14b10Ad.wav,C:\Project\AI-STRESS-DETECTOR\data\public\emodb\wav\14b10Ad.wav,high,2,speaker_14,train,de,emodb_b10,studio,controlled,"Die wird auf dem Platz sein, wo wir sie immer hinlegen.",emodb_emotion=fear; variation=d,1.9655625,0.12518659234046936,0.07634451985359192,0.22348888218402863,0.10751237067026541,0.124907504284864,1641.5258932338784,995.4271023322385,1649.65278457044,443.7437934906671,3283.897435897436,1749.89910031278,0.300298810005188,0.1860826313495636,-13.630038261413574,10.337848663330078,1.393455147743225,3.3785440921783447,-1.6948461532592773,-0.964311957359314,-2.927154779434204,-1.054911732673645,-2.158815622329712,-0.7367425560951233,-1.1187007427215576,-1.1336274147033691,-0.8634725213050842,9.681886672973633,5.143150329589844,3.5303330421447754,2.744804859161377,2.561192512512207,1.9497989416122437,2.0462799072265625,1.3783427476882935,1.709118366241455,1.276544451713562,1.3834813833236694,1.1161255836486816,1.0804967880249023,0.1429903209209442,0.000853895500767976,-0.05011800676584244,-0.02630060724914074,-0.011769399046897888,0.000666351814288646,-0.021845588460564613,0.006849510129541159,0.01234582532197237,-0.006707110907882452,-0.007389113772660494,0.0017198025016114116,-0.0005624660989269614,4.416966915130615,1.8655873537063599,1.526859164237976,0.9420683979988098,1.0252341032028198,0.7456645965576172,0.8960461616516113,0.6338582634925842,0.6944539546966553,0.5700821876525879,0.617089569568634,0.5142857432365417,0.5117062926292419,229.38387442408916,26.969421614129182,142.22222222222223,0.7897435897435897,0.03031820319645981,0.16191032528877258,0.19999999999999996,0.8,0.1507536619901657,0.06308554857969284,2.543801074755954,0.06939934194087982
14b10Eb,C:/Project/AI-STRESS-DETECTOR/data/public/emodb/wav/14b10Eb.wav,C:\Project\AI-STRESS-DETECTOR\data\public\emodb\wav\14b10Eb.wav,high,2,speaker_14,train,de,emodb_b10,studio,controlled,"Die wird auf dem Platz sein, wo wir sie immer hinlegen.",emodb_emotion=disgust; variation=b,3.6788125,0.1050245389342308,0.08762340247631073,0.23003427684307098,0.09850445786597642,0.1644696599094369,1527.4282543790353,1206.8232117167674,1630.8294378781534,454.70435839346595,2948.415300546448,1903.3514307808505,0.26993727684020996,0.1620997190475464,-20.778491973876953,10.566227912902832,2.9027507305145264,3.537198066711426,0.05412633344531059,-0.029159609228372574,-1.7804725170135498,-0.8679600358009338,-1.1988762617111206,0.4810054898262024,0.32287460565567017,-0.3863075077533722,-0.44279900193214417,18.28826141357422,5.721527099609375,3.2029709815979004,3.0584237575531006,2.1607625484466553,2.022390842437744,2.4479315280914307,1.6233195066452026,1.9247715473175049,1.3386048078536987,1.2966115474700928,1.4396564960479736,1.2334866523742676,-0.02037608064711094,-0.006422199308872223,0.0014420695370063186,0.0003991785051766783,0.006680514197796583,0.0006945133209228516,0.0023103554267436266,0.002242900663986802,-0.005739958491176367,-0.0014837583294138312,0.0020264778286218643,-0.0001153568082372658,-0.006483044940978289,4.858633518218994,1.704864501953125,1.2989449501037598,0.9197571873664856,0.8341941237449646,0.713161289691925,0.7323611378669739,0.6296291947364807,0.6721042394638062,0.5192589163780212,0.4845777750015259,0.5117326974868774,0.4262911379337311,194.8816333618734,45.911862017625054,260.3174603174603,0.6092896174863388,0.07741279711013191,0.17049364745616913,0.2704918032786885,0.7295081967213115,0.14056606590747833,0.07639027386903763,2.174614770391261,-0.007933303713798523
14b10Lb,C:/Project/AI-STRESS-DETECTOR/data/public/emodb/wav/14b10Lb.wav,C:\Project\AI-STRESS-DETECTOR\data\public\emodb\wav\14b10Lb.wav,low,0,speaker_14,train,de,emodb_b10,studio,controlled,"Die wird auf dem Platz sein, wo wir sie immer hinlegen.",emodb_emotion=boredom; variation=b,2.1375,0.0864996537566185,0.06885148584842682,0.17410536110401154,0.09299191374663074,0.13902282132359736,1412.433909476927,1141.685901000418,1466.244043488638,502.509655528717,2666.0377358490564,1884.7514621423438,0.2193165123462677,0.16122449934482574,-20.506662368774414,13.188481330871582,2.1652591228485107,1.9485127925872803,-1.1823997497558594,0.11092710494995117,-2.5658247470855713,-0.5747676491737366,-1.3154221773147583,0.4839506447315216,-0.14321497082710266,-0.7084808349609375,-0.1816176176071167,13.643486976623535,6.180023670196533,4.27695369720459,2.9471800327301025,2.8910253047943115,1.6055774688720703,2.1956095695495605,1.3932141065597534,1.4843627214431763,1.2693911790847778,1.4634783267974854,1.474729061126709,1.0966724157333374,0.0015304223634302616,-0.01579783856868744,0.014253491535782814,-0.008621850982308388,-0.007125065661966801,-0.0033363373950123787,-0.001076697139069438,0.011539438739418983,-0.004007728770375252,-0.00759550416842103,-0.009967675432562828,-0.006536339409649372,0.00366545794531703,3.739567518234253,1.9735289812088013,1.5400980710983276,1.095242977142334,0.9288740158081055,0.683041512966156,0.8565393686294556,0.557803750038147,0.6077172160148621,0.5799391865730286,0.5115906596183777,0.5558599233627319,0.49935030937194824,196.4423249838396,51.96249309892275,215.20467836257308,0.8160377358490566,0.028121533118743693,0.17311502993106842,0.1556603773584906,0.8443396226415094,0.10090336948633194,0.06533657014369965,2.807017543859649,-0.04678766429424286
14b10Nb,C:/Project/AI-STRESS-DETECTOR/data/public/emodb/wav/14b10Nb.wav,C:\Project\AI-STRESS-DETECTOR\data\public\emodb\wav\14b10Nb.wav,low,0,speaker_14,train,de,emodb_b10,studio,controlled,"Die wird auf dem Platz sein, wo wir sie immer hinlegen.",emodb_emotion=neutral; variation=b,2.0579375,0.13365571200847626,0.09201304614543915,0.2566881775856018,0.0745859747407735,0.1292140952185468,1272.459217818724,1067.7558416011561,1442.7717308969386,478.10363269879565,2394.3137254901962,1818.8228846949453,0.2146395891904831,0.1559092253446579,-17.10558319091797,13.398192405700684,3.6757988929748535,4.432225704193115,-0.9162040948867798,0.09593784809112549,-1.822698712348938,0.03224756196141243,-1.307905912399292,0.1768697053194046,0.275724321603775,-0.009760351851582527,-0.217186838388443,11.999581336975098,6.004911422729492,3.358227014541626,3.018395185470581,2.679027557373047,1.7572457790374756,2.157258987426758,1.3227978944778442,1.342505931854248,1.081315279006958,1.0441417694091797,1.1611069440841675,1.1197783946990967,-0.022543663159012794,0.007898648269474506,0.0035800770856440067,0.013367393054068089,-0.003804107429459691,0.002678442280739546,-0.005693822633475065,-0.005688278470188379,-0.019490443170070648,-0.0037965381052345037,-0.014607609249651432,-0.0057364958338439465,0.0006464304751716554,5.074712753295898,2.339912176132202,1.5861306190490723,1.0990633964538574,1.1539113521575928,0.8089109659194946,0.8573811054229736,0.6308909058570862,0.6744069457054138,0.49193650484085083,0.45489227771759033,0.5242973566055298,0.5097033977508545,177.27498993332742,29.83141469035847,221.1017740429505,0.7205882352941176,0.04465677576586358,0.19617260992527008,0.196078431372549,0.803921568627451,0.16197693347930908,0.0800439715385437,2.91554043793847,-0.041812315583229065
14b10Tc,C:/Project/AI-STRESS-DETECTOR/data/public/emodb/wav/14b10Tc.wav,C:\Project\AI-STRESS-DETECTOR\data\public\emodb\wav\14b10Tc.wav,moderate,1,speaker_14,train,de,emodb_b10,studio,controlled,"Die wird auf dem Platz sein, wo wir sie immer hinlegen.",emodb_emotion=sadness; variation=c,3.4114375,0.09572486579418182,0.08707807958126068,0.22579197585582733,0.07787167032625812,0.15099386211107924,1282.4104672453147,1120.9565084601247,1557.1982407672504,370.01940737335326,2456.4011799410027,1775.8285360634152,0.236434668302536,0.13656432926654816,-22.3622989654541,10.937894821166992,3.935279607772827,4.378815650939941,1.3147196769714355,0.856055498123169,-0.4236484467983246,0.27558478713035583,-0.41913414001464844,0.6112079620361328,0.5654810070991516,0.7146658897399902,-0.08689354360103607,15.234761238098145,5.394461631774902,2.415081024169922,2.6531999111175537,1.94047212600708,1.724662184715271,1.7647069692611694,1.2305493354797363,1.2959179878234863,1.1633825302124023,1.026064395904541,1.1341352462768555,0.9647496938705444,0.006176670081913471,0.006721549201756716,0.0004983433755114675,0.0006171408458612859,-0.00608422327786684,-0.0013259132392704487,0.005792271811515093,-0.0019023228669539094,-0.0034466423094272614,-0.007300903555005789,-0.004289099480956793,0.0031774663366377354,0.003086172044277191,5.100471496582031,1.9238862991333008,1.113612413406372,0.9312147498130798,0.850994884967804,0.7554659843444824,0.7579858899116516,0.6199575066566467,0.6290994882583618,0.5500507950782776,0.4795215427875519,0.487901896238327,0.44764554500579834,162.4811000386488,50.63721092069982,252.99145299145297,0.5132743362831859,0.1164157877003071,0.2094142735004425,0.2831858407079646,0.7168141592920354,0.12822479009628296,0.0826905369758606,3.8107102944140117,-0.05227044224739075
14b10Wc,C:/Project/AI-STRESS-DETECTOR/data/public/emodb/wav/14b10Wc.wav,C:\Project\AI-STRESS-DETECTOR\data\public\emodb\wav\14b10Wc.wav,severe,3,speaker_14,train,de,emodb_b10,studio,controlled,"Die wird auf dem Platz sein, wo wir sie immer hinlegen.",emodb_emotion=anger; variation=c,2.6553125,0.06300024688243866,0.05728936567902565,0.1590500921010971,0.1089845826687932,0.11078456469485629,1830.8764862061114,878.3644575187955,1720.625460626473,431.1672479176771,3706.3636363636365,1488.7524127793965,0.2995459735393524,0.1552623063325882,-23.25566291809082,8.361420631408691,-0.2850097119808197,2.8670523166656494,-2.4996585845947266,-1.1309758424758911,-2.283684730529785,-0.8248167634010315,-1.7529102563858032,-0.8987888693809509,0.05574015527963638,-0.671651303768158,-0.23715533316135406,17.927043914794922,5.365988731384277,4.613568305969238,3.633049964904785,2.997581720352173,2.3375370502471924,2.0565760135650635,1.5771721601486206,1.5785995721817017,1.6281769275665283,1.5670099258422852,1.3562942743301392,1.2698980569839478,-0.0252230241894722,0.01604078710079193,0.024767305701971054,-0.007781615946441889,0.007190834265202284,0.016186198219656944,-0.0005921477568335831,0.001646304619498551,-0.005437563639134169,0.001262986334040761,-0.0025162473320961,-0.008073785342276096,-0.005854408722370863,5.301945686340332,2.0880000591278076,1.6965923309326172,1.0233237743377686,1.163771152496338,0.9411373138427734,0.8584500551223755,0.6798785328865051,0.6780372858047485,0.6292373538017273,0.6347370743751526,0.5951651930809021,0.5327702760696411,264.67424089471854,52.33923775688846,211.4114114114114,0.7272727272727273,0.049702421594136854,0.24305520951747894,0.25757575757575757,0.7424242424242424,0.08229630440473557,0.054411955177783966,3.7660350712016006,-0.0240863598883152
15a01Ea,C:/Project/AI-STRESS-DETECTOR/data/public/emodb/wav/15a01Ea.wav,C:\Project\AI-STRESS-DETECTOR\data\public\emodb\wav\15a01Ea.wav,high,2,speaker_15,test,de,emodb_a01,studio,controlled,Der Lappen liegt auf dem Eisschrank.,emodb_emotion=disgust; variation=a,2.5521875,0.08396898210048676,0.0693737342953682,0.18440259993076324,0.16554231428373303,0.1499833347894249,2067.717289616683,1066.2513102147175,1797.1268195147647,376.4499823815488,4068.7747035573125,1451.593808751315,0.3702123165130615,0.16095848381519318,-16.78092384338379,7.145077705383301,0.9431654810905457,3.17792010307312,0.3450719118118286,0.8594340085983276,-1.4763463735580444,-0.10870320349931717,-0.20953218638896942,0.7759084701538086,-0.18900252878665924,0.49809256196022034,-0.16934734582901,16.758617401123047,6.49380350112915,4.472009181976318,3.0517473220825195,2.048621892929077,2.055105686187744,2.4750399589538574,1.6299861669540405,1.4757522344589233,1.3654770851135254,1.1448578834533691,1.1192975044250488,1.1000010967254639,-0.03276175260543823,-0.03252452239394188,0.007069133687764406,0.007557590026408434,-0.004471433814615011,0.02088358998298645,0.005240453407168388,0.0007403632043860853,-0.0037948754616081715,0.009735160507261753,0.015013041906058788,0.012948013842105865,0.00480391550809145,5.537917137145996,1.7812492847442627,1.3905746936798096,1.005971074104309,0.7512231469154358,0.6983939409255981,0.7427712082862854,0.6667391657829285,0.5618662238121033,0.5588983297348022,0.5036267042160034,0.5057398080825806,0.46444016695022583,169.8650581183388,77.1421847252304,254.28973277074542,0.4980237154150198,0.24311090277412278,0.15899240970611572,0.22924901185770752,0.7707509881422925,0.10657763481140137,0.06326017528772354,2.350924452063181,-0.02550705522298813
15a01Fb,C:/Project/AI-STRESS-DETECTOR/data/public/emodb/wav/15a01Fb.wav,C:\Project\AI-STRESS-DETECTOR\data\public\emodb\wav\15a01Fb.wav,moderate,1,speaker_15,test,de,emodb_a01,studio,controlled,Der Lappen liegt auf dem Eisschrank.,emodb_emotion=happiness; variation=b,1.626625,0.06430968642234802,0.06145510450005531,0.16047105193138123,0.15837730973396222,0.14677116800939113,1993.5792334524197,1027.9452585617262,1630.1885495592742,316.19542075748427,3643.726708074534,1442.095102813948,0.34305381774902344,0.1575390249490738,-23.248184204101562,7.189783096313477,-1.5767256021499634,1.6386961936950684,-1.025064468383789,0.08602066338062286,-1.0379639863967896,-1.237086534500122,-0.7508530616760254,-0.03293202072381973,0.5556110739707947,-0.3221331238746643,-0.6868463754653931,20.21678352355957,6.662222862243652,4.694521903991699,3.526310443878174,2.43558669090271,2.5105857849121094,2.090980291366577,2.0677101612091064,1.7904714345932007,1.6088542938232422,1.3903367519378662,1.2262845039367676,1.7345095872879028,-0.007876425981521606,-0.0001626044395379722,0.0056563313119113445,-0.0037086468655616045,-0.012756811454892159,-0.007040706463158131,-0.002372815040871501,-0.006340009160339832,-0.0017030431190505624,0.0008005592389963567,8.644524496048689e-05,-0.011753003112971783,-1.3031574326305417e-06,5.419289588928223,1.9894953966140747,1.667129635810852,1.0982791185379028,0.9214774966239929,0.9960231184959412,0.798205554485321,0.8504217267036438,0.7517117857933044,0.6239793300628662,0.6462779641151428,0.6067020893096924,0.6521331071853638,207.19266038843054,52.10127326955103,252.99145299145297,0.577639751552795,0.08099084589566807,0.2227969616651535,0.2981366459627329,0.7018633540372671,0.08941681683063507,0.0570250004529953,2.4590793821563053,-0.021839287132024765
15a01La,C:/Project/AI-STRESS-DETECTOR/data/public/emodb/wav/15a01La.wav,C:\Project\AI-STRESS-DETECTOR\data\public\emodb\wav\15a01La.wav,low,0,speaker_15,test,de,emodb_a01,studio,controlled,Der Lappen liegt auf dem Eisschrank.,emodb_emotion=boredom; variation=a,1.562625,0.13937577605247498,0.11608617752790451,0.3325650095939636,0.1019757185170719,0.1360958569115914,1509.9354614854053,1008.5080656265352,1545.4349210880118,306.28491033552405,2919.220779220779,1507.8907313694988,0.2892237603664398,0.16041432321071625,-13.353128433227539,10.29038143157959,1.1214890480041504,3.5789084434509277,1.0935072898864746,1.3615587949752808,0.37810391187667847,0.16505464911460876,-0.11029645055532455,0.7661775946617126,1.1017024517059326,0.29907140135765076,-0.5084574222564697,12.99373722076416,6.825754642486572,2.752281904220581,2.6179473400115967,2.3694536685943604,1.4460700750350952,1.4535435438156128,1.7293891906738281,1.381086826324463,1.3219034671783447,0.9339126348495483,1.0800976753234863,1.1244958639144897,0.0836334079504013,0.02769319713115692,-0.006419300567358732,-0.0027556985151022673,0.008001653477549553,-0.011356956325471401,-0.014349507167935371,-0.003082532435655594,-0.017756056040525436,-0.018871471285820007,-0.006436024326831102,-0.0010430736001580954,-0.00036484235897660255,4.914378643035889,2.0293285846710205,1.2149966955184937,0.9370049238204956,0.9570053219795227,0.6958310604095459,0.75429368019104,0.6366741061210632,0.6099510192871094,0.4587462544441223,0.45633888244628906,0.4931393265724182,0.4239780604839325,177.94140708142734,87.59085209306404,269.5340501792115,0.3246753246753247,0.23001068284340984,0.17355552315711975,0.2012987012987013,0.7987012987012987,0.1705484241247177,0.10967744886875153,3.199744020478362,-0.10887977480888367
15a01Nb,C:/Project/AI-STRESS-DETECTOR/data/public/emodb/wav/15a01Nb.wav,C:\Project\AI-STRESS-DETECTOR\data\public\emodb\wav\15a01Nb.wav,low,0,speaker_15,test,de,emodb_a01,studio,controlled,Der Lappen liegt auf dem Eisschrank.,emodb_emotion=neutral; variation=b,1.62825,0.09304355829954147,0.07679442316293716,0.20036549866199493,0.12378773019505283,0.14613305123642964,1662.7934973056433,1088.200409259958,1576.1104087415677,419.97916719478786,3318.0124223602484,1617.9232221093546,0.3082202076911926,0.18314684927463531,-19.338064193725586,10.07531452178955,0.633894145488739,4.072826862335205,0.3226258158683777,1.2875003814697266,0.44689518213272095,-0.31913208961486816,-0.1329704374074936,0.7168543338775635,0.8205537796020508,0.5610595941543579,-0.35497185587882996,17.07842254638672,7.293450355529785,3.3870766162872314,3.031580924987793,1.909566879272461,1.45072340965271,1.4650315046310425,1.9245991706848145,1.2973402738571167,1.712637186050415,1.0945565700531006,0.8121639490127563,1.0630234479904175,-0.0064746905118227005,0.004772049840539694,1.3013804164074827e-05,0.0018832446075975895,0.007856708019971848,0.00658499076962471,0.014241411350667477,0.010239762254059315,-0.008317435160279274,-0.009792882017791271,0.0035584834404289722,0.0024789690505713224,0.011815903708338737,6.030291557312012,2.2620556354522705,1.563218355178833,0.9897909760475159,0.8752844333648682,0.6863391995429993,0.6594900488853455,0.7781254053115845,0.621355414390564,0.6360825896263123,0.5536013841629028,0.5151959657669067,0.520609974861145,150.41531138341583,78.71674052305079,271.34502923976606,0.2857142857142857,0.2872191050642296,0.2416209876537323,0.2981366459627329,0.7018633540372671,0.12877041101455688,0.06401025503873825,3.684937816674344,-0.034331679344177246
15a01Wa,C:/Project/AI-STRESS-DETECTOR/data/public/emodb/wav/15a01Wa.wav,C:\Project\AI-STRESS-DETECTOR\data\public\emodb\wav\15a01Wa.wav,severe,3,speaker_15,test,de,emodb_a01,studio,controlled,Der Lappen liegt auf dem Eisschrank.,emodb_emotion=anger; variation=a,1.8313125,0.07287053018808365,0.08788105845451355,0.23675289750099182,0.1892299810299229,0.13110757637471684,2384.944437192783,919.4291952766555,1786.7830771744466,315.1254481377872,4395.580110497238,1277.1646430082003,0.4021276831626892,0.1531752347946167,-23.62422752380371,4.130050182342529,-2.7459466457366943,0.07963275164365768,-1.6936938762664795,-0.7139471173286438,-2.2338645458221436,-0.6181732416152954,-1.3431233167648315,-1.1557796001434326,-0.30702468752861023,-0.23429280519485474,-0.9897611141204834,22.70890235900879,6.1423516273498535,4.993037700653076,3.6402528285980225,2.7522692680358887,2.6655001640319824,2.192772388458252,1.7243858575820923,2.025796890258789,1.61313796043396,1.2342921495437622,1.0712615251541138,1.2258776426315308,0.02112971432507038,-0.018599120900034904,0.031790636479854584,0.003400279674679041,-0.004759127274155617,0.011748503893613815,0.0035546498838812113,0.001188926282338798,0.004105171654373407,-0.0028226072899997234,-0.0002806015545502305,0.0001523751561762765,-0.005560685880482197,6.266716480255127,2.107292652130127,1.617656946182251,1.1244409084320068,1.0800071954727173,1.0429103374481201,0.8402994871139526,0.7076097726821899,0.7620944380760193,0.6856887936592102,0.5560010075569153,0.5653475522994995,0.5436083078384399,256.1491952113881,48.064794601816494,213.96263520157325,0.580110497237569,0.06314329690507153,0.21525511145591736,0.33149171270718236,0.6685082872928176,0.10688948631286621,0.08970341086387634,2.7302822429268625,0.020125478506088257
15a02Ac,C:/Project/AI-STRESS-DETECTOR/data/public/emodb/wav/15a02Ac.wav,C:\Project\AI-STRESS-DETECTOR\data\public\emodb\wav\15a02Ac.wav,high,2,speaker_15,test,de,emodb_a02,studio,controlled,Das will sie am Mittwoch abgeben.,emodb_emotion=fear; variation=c,1.89275,0.08380073308944702,0.08180795609951019,0.2151447832584381,0.13855494350850386,0.14998362624695505,1988.872799932539,1102.443768769644,1763.6075654920473,417.37463083704876,3858.609625668449,1695.1305511894343,0.3646070659160614,0.18776650726795197,-20.12529945373535,7.922021865844727,1.3995461463928223,3.247678756713867,0.2503190338611603,0.6183866858482361,-1.0808730125427246,-0.7080485820770264,-0.9721013307571411,-0.4231770634651184,-0.263911634683609,0.08810273557901382,-0.9575639367103577,16.916105270385742,5.905267715454102,3.0502476692199707,4.041180610656738,2.7211995124816895,2.4325358867645264,1.9525296688079834,1.7794181108474731,1.7561458349227905,1.5333445072174072,1.4890146255493164,1.2806984186172485,1.3380308151245117,-0.08974028378725052,0.03324282541871071,0.027491126209497452,-0.0017833581659942865,-0.008515163324773312,0.0057961661368608475,0.02517472766339779,0.005731400102376938,0.00048060339759103954,-0.0022038111928850412,0.0016493962612003088,-0.004857796709984541,0.0034613353200256824,5.606770992279053,2.175258159637451,1.3646854162216187,1.1337803602218628,0.9796866774559021,0.8223437070846558,0.706213116645813,0.6824967265129089,0.6983151435852051,0.5645158290863037,0.5199357271194458,0.5692418217658997,0.5652415156364441,190.94153606888523,51.803705580871586,279.7261716692996,0.6042780748663101,0.09549078854972866,0.22208207845687866,0.25668449197860965,0.7433155080213903,0.11065389215946198,0.07863466441631317,2.1133271694624223,0.0018635541200637817
15a02Ea,C:/Project/AI-STRESS-DETECTOR/data/public/emodb/wav/15a02Ea.wav,C:\Project\AI-STRESS-DETECTOR\data\public\emodb\wav\15a02Ea.wav,high,2,speaker_15,test,de,emodb_a02,studio,controlled,Das will sie am Mittwoch abgeben.,emodb_emotion=disgust; variation=a,2.4498125,0.1028653085231781,0.07728756964206696,0.20702023804187775,0.14158853924935794,0.17647024435734596,2000.131916779122,1247.505962345265,1854.200141416624,474.82289196475625,3951.440329218107,1929.1668555953017,0.3599884808063507,0.1798083782196045,-17.126909255981445,7.644754886627197,3.4178028106689453,4.301959991455078,1.2273808717727661,0.8749603033065796,-0.6423027515411377,-0.23123537003993988,-0.38765907287597656,0.5437483191490173,0.17859207093715668,0.17064334452152252,-0.28234970569610596,17.36207389831543,6.380202770233154,3.568986177444458,4.105160236358643,2.7040822505950928,1.8975101709365845,1.958742380142212,1.5276051759719849,1.1427109241485596,1.2207248210906982,1.327351450920105,1.0282622575759888,1.2002445459365845,-0.013791779056191444,-0.04310128837823868,-0.025878991931676865,-0.012859652750194073,-0.014737316407263279,0.00790812261402607,0.01116174180060625,0.00701074069365859,0.00474194809794426,0.0032124528661370277,0.008312713354825974,0.011446820572018623,0.0013793244725093246,5.488085746765137,1.8228402137756348,1.3330825567245483,0.9749902486801147,0.7933105826377869,0.7309763431549072,0.65839022397995,0.533197283744812,0.5820395946502686,0.5492837429046631,0.5611853003501892,0.4653627872467041,0.4918574392795563,165.93546161437195,73.62770850757666,267.6434676434676,0.5061728395061729,0.12267305485604986,0.14881782233715057,0.21399176954732513,0.7860082304526749,0.12846608459949493,0.06724344193935394,2.449167028088884,-0.06079909950494766
15a02La,C:/Project/AI-STRESS-DETECTOR/data/public/emodb/wav/15a02La.wav,C:\Project\AI-STRESS-DETECTOR\data\public\emodb\wav\15a02La.wav,low,0,speaker_15,test,de,emodb_a02,studio,controlled,Das will sie am Mittwoch abgeben.,emodb_emotion=boredom; variation=a,1.696875,0.13480189442634583,0.09843667596578598,0.2639938294887543,0.09516350399809047,0.13835290892097563,1401.2746413460607,1013.0919527828975,1541.929506205767,353.57708302155334,2811.6666666666665,1603.7358419620266,0.2714989185333252,0.1743052452802658,-14.320354461669922,10.816450119018555,1.9951012134552002,4.908229351043701,1.0752607583999634,1.4649728536605835,0.41124334931373596,-0.23829178512096405,-0.5536870360374451,0.5093802213668823,1.0001180171966553,0.5884032249450684,0.02081984654068947,11.774311065673828,6.073782444000244,2.4865012168884277,3.516916513442993,2.3424594402313232,1.6003698110580444,1.628126621246338,1.801030158996582,1.2925732135772705,1.1195454597473145,0.8096221685409546,0.8667805790901184,0.8521583676338196,0.027977829799056053,-0.027681341394782066,0.024972205981612206,0.009259126149117947,0.006255473475903273,0.003378870664164424,-0.007235876750200987,0.017150383442640305,-0.011757541447877884,-0.01457422785460949,-0.011666948907077312,-0.0026909809093922377,-0.001024161116220057,4.1899943351745605,2.0063047409057617,1.2121367454528809,0.9163552522659302,0.6456992626190186,0.6646628379821777,0.533551037311554,0.6255747079849243,0.5973400473594666,0.5871327519416809,0.4339466989040375,0.3691464364528656,0.39715495705604553,127.71529116219389,55.908008548084204,256.65589840704024,0.23214285714285715,0.13680904600570468,0.13533078134059906,0.26190476190476186,0.7380952380952381,0.1743914633989334,0.08419531583786011,4.125230202578269,-0.0848713368177414
15a02Na,C:/Project/AI-STRESS-DETECTOR/data/public/emodb/wav/15a02Na.wav,C:\Project\AI-STRESS-DETECTOR\data\public\emodb\wav\15a02Na.wav,low,0,speaker_15,test,de,emodb_a02,studio,controlled,Das will sie am Mittwoch abgeben.,emodb_emotion=neutral; variation=a,1.613875,0.06004210561513901,0.0542631633579731,0.13442353904247284,0.124556674705632,0.1477120314344678,1825.935933669649,1104.7342821937355,1748.9364338933171,449.5094994784859,3736.603773584906,1615.486697771784,0.35055094957351685,0.18602176010608673,-23.298357009887695,8.517659187316895,1.837943196296692,4.379829406738281,0.5718416571617126,1.2297000885009766,0.11577010899782181,-0.16604460775852203,-0.4349827766418457,0.6640163660049438,0.7811888456344604,0.75898677110672,0.10357636213302612,14.406604766845703,6.1741766929626465,3.1903367042541504,3.6843605041503906,2.3401999473571777,1.7302974462509155,1.5079100131988525,1.8677990436553955,1.2914143800735474,1.389572024345398,0.7825671434402466,0.8502386212348938,0.9985636472702026,0.024535514414310455,0.015386317856609821,-0.03781159967184067,-0.006452128756791353,-0.02116771787405014,0.0047859810292720795,0.0035622059367597103,0.011413514614105225,0.016436409205198288,0.002156967530027032,-0.0018827210878953338,-0.0017641979502514005,-0.0051368363201618195,5.185606002807617,2.2847888469696045,1.581337809562683,0.9992132186889648,0.895258367061615,0.7592127919197083,0.5980310440063477,0.6386076807975769,0.6356967091560364,0.5337814688682556,0.4475202262401581,0.4793403744697571,0.5138870477676392,161.2019820817359,96.8006783313514,268.1238615664845,0.13836477987421383,0.4681405504440016,0.2649858295917511,0.35220125786163525,0.6477987421383647,0.08876235038042068,0.04679776728153229,3.717760049570134,-0.01701413094997406
15a02Ta,C:/Project/AI-STRESS-DETECTOR/data/public/emodb/wav/15a02Ta.wav,C:\Project\AI-STRESS-DETECTOR\data\public\emodb\wav\15a02Ta.wav,moderate,1,speaker_15,test,de,emodb_a02,studio,controlled,Das will sie am Mittwoch abgeben.,emodb_emotion=sadness; variation=a,2.2666875,0.1350851207971573,0.10978756844997406,0.26665329933166504,0.10993038150932888,0.1537761619772417,1572.469470563965,1216.3067485018378,1640.0471655022252,476.14799494132257,3101.688888888889,1963.4778194963956,0.29729315638542175,0.19131030142307281,-17.722654342651367,9.288514137268066,3.51904034614563,5.376866340637207,1.8338441848754883,1.5914241075515747,-0.04896053671836853,-0.1660069227218628,-0.4964470863342285,0.39982104301452637,0.9827632904052734,0.289081871509552,-0.16869722306728363,13.37423038482666,6.577643394470215,2.9947431087493896,3.5870728492736816,2.60121750831604,1.6909027099609375,1.824823021888733,1.3241145610809326,1.2358828783035278,1.2072519063949585,1.010048508644104,0.8502598404884338,0.9381014704704285,0.08013038337230682,-0.016969002783298492,-0.008788768202066422,-0.0035134018398821354,0.0013727049808949232,-0.004929643590003252,-0.009167958982288837,-0.012625433504581451,-0.006828607060015202,-0.004798613954335451,-0.011197427287697792,0.00350763276219368,0.005220300052314997,5.156184196472168,2.0634799003601074,1.2842302322387695,1.0578770637512207,0.8354758024215698,0.7487457394599915,0.5994095802307129,0.5829067230224609,0.6374983191490173,0.49581748247146606,0.4050651788711548,0.4101038873195648,0.4265149235725403,126.44023264892216,50.56068514143971,264.64646464646466,0.3288888888888889,0.16643812960355664,0.19542285799980164,0.33777777777777773,0.6622222222222223,0.1945781260728836,0.08753453195095062,4.852896572641795,-0.056481510400772095
15a02Wb,C:/Project/AI-STRESS-DETECTOR/data/public/emodb/wav/15a02Wb.wav,C:\Project\AI-STRESS-DETECTOR\data\public\emodb\wav\15a02Wb.wav,severe,3,speaker_15,test,de,emodb_a02,studio,controlled,Das will sie am Mittwoch abgeben.,emodb_emotion=anger; variation=b,1.8071875,0.0631871223449707,0.07138657569885254,0.17086711525917053,0.15905686002716285,0.13721201302145516,2139.4764208084857,1003.4260745771488,1711.5945851983472,425.8338096885702,3973.854748603352,1563.6785882992015,0.357744961977005,0.1719551682472229,-25.0032901763916,6.015721797943115,-2.6198298931121826,0.9795376062393188,-1.5572097301483154,-0.8174829483032227,-2.350334405899048,-1.0502099990844727,-1.7337322235107422,-1.208717703819275,0.1004318818449974,-0.3254919946193695,-0.8127549886703491,21.913787841796875,6.094740390777588,5.428315162658691,3.589068651199341,3.2671773433685303,3.536466598510742,2.4926881790161133,1.487538456916809,1.6236531734466553,1.5091203451156616,1.1298892498016357,1.2630451917648315,1.196550965309143,0.007182542234659195,0.00674224691465497,0.0072429911233484745,0.0022637697402387857,-0.005020775832235813,-0.004044909495860338,0.002305884612724185,0.0047385310754179955,0.0043505518697202206,-0.002402328187599778,-0.0023483929689973593,0.001308949664235115,-0.0071534765884280205,6.473026275634766,2.1996185779571533,1.7700903415679932,1.0107135772705078,1.0510374307632446,0.89688640832901,0.8259193897247314,0.6589628458023071,0.7286295890808105,0.6640006899833679,0.558821439743042,0.6068392992019653,0.6348806619644165,270.69270984622494,58.31073101415078,223.32415059687787,0.553072625698324,0.07657934529723096,0.2447977364063263,0.3798882681564246,0.6201117318435754,0.09707249701023102,0.0718875303864479,3.8734220992564414,0.006122946739196777
15a02Wd,C:/Project/AI-STRESS-DETECTOR/data/public/emodb/wav/15a02Wd.wav,C:\Project\AI-STRESS-DETECTOR\data\public\emodb\wav\15a02Wd.wav,severe,3,speaker_15,test,de,emodb_a02,studio,controlled,Das will sie am Mittwoch abgeben.,emodb_emotion=anger; variation=d,1.8206875,0.057623978704214096,0.06564030051231384,0.15363475680351257,0.14798106377053744,0.15021057979106575,2087.535635754987,1077.1071101416455,1732.4046145478665,403.42404137871563,3921.3333333333335,1553.1868314318576,0.35034850239753723,0.1663980931043625,-25.720876693725586,6.539949417114258,-0.3888651430606842,2.783691883087158,-0.4995070695877075,-0.35953402519226074,-1.7054938077926636,-0.9413869380950928,-1.4719797372817993,-0.33515822887420654,-0.07913064956665039,0.026019901037216187,-1.1922763586044312,21.357666015625,6.259909152984619,4.267861366271973,3.8140857219696045,3.4744181632995605,3.293212413787842,2.355172872543335,1.6147663593292236,1.66743803024292,1.3708676099777222,1.0436820983886719,1.162637710571289,1.3115075826644897,0.0036999809090048075,-0.005778519436717033,-0.0060665421187877655,0.0068232775665819645,0.0015664418460801244,-0.0005705170915462077,-0.005548815708607435,0.0034394939430058002,0.004621491301804781,0.008515874855220318,0.009536883793771267,-0.005365559831261635,0.008601616136729717,5.714148044586182,2.1323611736297607,1.5207595825195312,1.1141471862792969,1.0416938066482544,0.991543173789978,0.8088284730911255,0.6821409463882446,0.6905443668365479,0.5952184200286865,0.4821943938732147,0.5394512414932251,0.5266191959381104,213.7036778766249,39.682089852903005,230.55555555555554,0.5666666666666667,0.06776572388261361,0.21525220572948456,0.3944444444444445,0.6055555555555555,0.09006521105766296,0.06649301201105118,2.7462153719405444,0.022162698209285736
15a04Ab,C:/Project/AI-STRESS-DETECTOR/data/public/emodb/wav/15a04Ab.wav,C:\Project\AI-STRESS-DETECTOR\data\public\emodb\wav\15a04Ab.wav,high,2,speaker_15,test,de,emodb_a04,studio,controlled,Heute abend koennte ich es ihm sagen.,emodb_emotion=fear; variation=b,1.8296875,0.11113113909959793,0.0719771608710289,0.20670084655284882,0.14829892410584475,0.1532785595692835,1916.7346034300606,1141.3134243884576,1733.8362569752258,396.4865823657301,3667.182320441989,1699.0329764772214,0.3362230658531189,0.16678765416145325,-13.692702293395996,8.606858253479004,1.9414573907852173,3.00972318649292,0.8089495301246643,1.2750821113586426,-0.5710322856903076,-0.25229552388191223,-0.5272408723831177,0.09482181072235107,0.4651487469673157,-0.382912814617157,-0.7085679173469543,14.368017196655273,6.545277118682861,3.718876838684082,3.475612163543701,1.8389354944229126,2.1211862564086914,1.866520881652832,1.8988217115402222,1.9639132022857666,1.8742705583572388,1.0500266551971436,0.8470385670661926,1.0292497873306274,-0.13943248987197876,-0.0320124551653862,0.04880651831626892,0.0003568217216525227,0.010054025799036026,0.010008732788264751,0.00417920108884573,0.023262018337845802,0.01863870769739151,0.004562304355204105,0.010953161865472794,0.009569142945110798,0.006493461783975363,4.786025524139404,2.3075478076934814,1.6916581392288208,1.1903116703033447,0.8001459240913391,0.9033240675926208,0.839630663394928,0.8047909140586853,0.7670800089836121,0.7030112147331238,0.6163425445556641,0.44894328713417053,0.5409316420555115,165.6198703997704,34.655194450825846,221.840490797546,0.6353591160220995,0.08049309547749024,0.1705256551504135,0.18232044198895025,0.8176795580110497,0.13358689844608307,0.059630386531353,1.6396242527754057,-0.014312423765659332
15a04Ac,C:/Project/AI-STRESS-DETECTOR/data/public/emodb/wav/15a04Ac.wav,C:\Project\AI-STRESS-DETECTOR\data\public\emodb\wav\15a04Ac.wav,high,2,speaker_15,test,de,emodb_a04,studio,controlled,Heute abend koennte ich es ihm sagen.,emodb_emotion=fear; variation=c,1.8441875,0.1429964154958725,0.10582379251718521,0.25378307700157166,0.12006665014183811,0.12589133964762786,1727.2762688397763,999.8977271673617,1692.5621625427166,397.87680508968884,3332.5274725274726,1544.900575346776,0.2938528060913086,0.14230051636695862,-13.31571102142334,9.062073707580566,1.101919412612915,2.494492530822754,0.5577807426452637,0.8706897497177124,-0.5712864398956299,-0.2102692425251007,-0.7112727165222168,-0.03634672984480858,0.515730619430542,-0.23691026866436005,-0.6853710412979126,18.51631736755371,6.276184558868408,4.0266432762146,4.098445892333984,2.2724804878234863,2.5312724113464355,1.9323903322219849,1.88346266746521,1.8731629848480225,1.374498963356018,1.1301671266555786,1.2877237796783447,1.345753788948059,0.1909145563840866,0.04858152195811272,-0.005179272964596748,-0.002570461481809616,-0.0073494622483849525,0.004035863094031811,-0.014861593954265118,-0.009101469069719315,-0.0015099532902240753,-0.004675370641052723,-0.00431414507329464,-0.006846914067864418,-0.010660538449883461,5.460763454437256,2.301429510116577,1.7599469423294067,1.0931123495101929,0.9307965040206909,1.0727245807647705,0.8823421597480774,0.7734162211418152,0.7014487385749817,0.5831851959228516,0.5669443011283875,0.5464649200439453,0.5844902396202087,203.39986811786983,51.61283938728655,264.1269841269841,0.6703296703296703,0.08622270094238406,0.19861681759357452,0.1648351648351648,0.8351648351648352,0.1684017777442932,0.09727198630571365,2.168976852950147,-0.007828325033187866
15a04Fd,C:/Project/AI-STRESS-DETECTOR/data/public/emodb/wav/15a04Fd.wav,C:\Project\AI-STRESS-DETECTOR\data\public\emodb\wav\15a04Fd.wav,moderate,1,speaker_15,test,de,emodb_a04,studio,controlled,Heute abend koennte ich es ihm sagen.,emodb_emotion=happiness; variation=d,1.7911875,0.09275142103433609,0.0769805908203125,0.20874415338039398,0.13304447559576907,0.13011511801577508,1953.0859782578052,968.3712188478545,1760.612256683586,364.837820930013,3804.5197740112994,1417.0925598052218,0.3414630591869354,0.15696096420288086,-17.346080780029297,7.5205559730529785,-0.43502625823020935,1.7425066232681274,0.10505637526512146,-0.3858427107334137,-1.3059402704238892,-0.4074326753616333,-1.4440414905548096,-0.499743789434433,0.08125719428062439,-0.9076780080795288,-0.6961108446121216,17.6490535736084,5.377744197845459,4.400002479553223,4.0882062911987305,2.1216213703155518,2.612643003463745,2.150533437728882,1.9527767896652222,1.6543136835098267,1.4686920642852783,1.6565604209899902,1.0593304634094238,1.0922783613204956,-0.00522266561165452,-0.029231788590550423,0.0022039441391825676,-0.004433429799973965,-0.00917825847864151,0.0011639331933110952,-0.004961242433637381,0.02108788676559925,0.003961267415434122,-0.006851262412965298,-0.006394632160663605,-0.004324974957853556,-0.0017186066834256053,4.6583251953125,1.884877324104309,1.6047033071517944,1.0611969232559204,0.8176700472831726,0.9704704880714417,0.7443393468856812,0.68730229139328,0.7133675217628479,0.5423074960708618,0.5542298555374146,0.5635151863098145,0.5641869902610779,225.52718296973987,71.51115904166616,262.53229974160206,0.6779661016949152,0.07835739892815805,0.2288026511669159,0.1807909604519774,0.8192090395480226,0.11195763200521469,0.07199572771787643,1.6748665340730662,-0.017975077033042908
15a04Nc,C:/Project/AI-STRESS-DETECTOR/data/public/emodb/wav/15a04Nc.wav,C:\Project\AI-STRESS-DETECTOR\data\public\emodb\wav\15a04Nc.wav,low,0,speaker_15,test,de,emodb_a04,studio,controlled,Heute abend koennte ich es ihm sagen.,emodb_emotion=neutral; variation=c,1.698125,0.07603233307600021,0.05906738340854645,0.14234867691993713,0.1214047022317699,0.15883055875436014,1661.7003839729614,1194.210653940602,1508.3765524489415,369.6081854744527,3102.1428571428573,1570.0880104453436,0.2714107930660248,0.1398352086544037,-19.47125244140625,10.582124710083008,0.9360626935958862,3.868781566619873,0.1124219000339508,1.374814510345459,0.628542423248291,0.4531792998313904,-0.6979625225067139,0.5606616735458374,1.034449815750122,0.05317243933677673,-0.27197232842445374,15.5778169631958,7.191575527191162,4.159375190734863,3.2686574459075928,1.78370201587677,1.4721649885177612,1.4782246351242065,1.7587354183197021,1.3206446170806885,1.5530329942703247,0.8464233875274658,0.9946431517601013,1.0335489511489868,0.030157679691910744,0.019171420484781265,-0.007224162574857473,-0.011018116027116776,0.005353865213692188,0.010866852477192879,0.011960236355662346,0.010806347243487835,-0.002188920509070158,0.010377790778875351,0.006348174996674061,0.002771130995824933,0.0016645051073282957,5.068111419677734,2.7074105739593506,1.9113928079605103,1.1019401550292969,0.8762903213500977,0.7997477650642395,0.6337596774101257,0.672356903553009,0.5505185127258301,0.5475932359695435,0.5200154185295105,0.4300821125507355,0.4208008050918579,139.28413668724022,69.58919770438744,272.65400115141045,0.23214285714285715,0.1965645851522104,0.21593505144119263,0.2142857142857143,0.7857142857142857,0.09454315900802612,0.053206365555524826,2.3555391976444606,-0.026959724724292755
15a04Wa,C:/Project/AI-STRESS-DETECTOR/data/public/emodb/wav/15a04Wa.wav,C:\Project\AI-STRESS-DETECTOR\data\public\emodb\wav\15a04Wa.wav,severe,3,speaker_15,test,de,emodb_a04,studio,controlled,Heute abend koennte ich es ihm sagen.,emodb_emotion=anger; variation=a,1.945375,0.08148819953203201,0.09882532805204391,0.2769962549209595,0.16617969794953705,0.13806684000652047,2156.1437205212596,1034.0828426822766,1731.975991060086,381.25383739591365,3957.9274611398964,1491.9569702091715,0.3434491455554962,0.14489930868148804,-22.913328170776367,6.052131175994873,-1.5036779642105103,1.3413347005844116,-1.4008804559707642,-0.313455194234848,-1.803780198097229,-0.8878231048583984,-1.4336813688278198,-0.9443145990371704,-0.13665413856506348,-0.8278116583824158,-1.100325584411621,22.718852996826172,6.352179050445557,5.781810760498047,4.097410678863525,3.1895999908447266,2.707782745361328,2.2477457523345947,1.8307791948318481,1.8062739372253418,1.5602028369903564,1.179760217666626,1.029282569885254,1.2206898927688599,0.0053582265973091125,0.002453198656439781,0.0007079524802975357,-0.005058675073087215,-0.0011992701329290867,0.007232715375721455,0.0016643148846924305,-0.007593946531414986,0.007803680840879679,0.005608498118817806,-0.0035109743475914,-0.0007215682417154312,-0.0031602035742253065,5.5349297523498535,2.237093687057495,1.782012701034546,1.1596970558166504,0.8331644535064697,0.9495352506637573,0.8439909815788269,0.7551670074462891,0.7399346232414246,0.6483455896377563,0.492744505405426,0.4852120280265808,0.49859094619750977,235.2572368344321,33.252670957294406,169.5813460519343,0.6321243523316062,0.03714724608254762,0.2000560611486435,0.34196891191709844,0.6580310880829016,0.1199028491973877,0.10248683393001556,3.0842382574053846,-0.002682402729988098
15a04Wb,C:/Project/AI-STRESS-DETECTOR/data/public/emodb/wav/15a04Wb.wav,C:\Project\AI-STRESS-DETECTOR\data\public\emodb\wav\15a04Wb.wav,severe,3,speaker_15,test,de,emodb_a04,studio,controlled,Heute abend koennte ich es ihm sagen.,emodb_emotion=anger; variation=b,1.8111875,0.08447854965925217,0.10040923953056335,0.25605979561805725,0.14568544265692163,0.11267877037163687,2039.983086543665,934.945095290616,1701.5874915237891,423.45796387658675,3843.575418994413,1499.6776408398173,0.3355766236782074,0.15822318196296692,-22.47099494934082,6.609671115875244,-2.173321008682251,0.9707353711128235,-1.306658387184143,-0.17142413556575775,-2.048327684402466,-1.0787352323532104,-1.3935195207595825,-0.8670269250869751,-0.1720016747713089,-0.7585427761077881,-1.345310091972351,22.47150993347168,6.0695295333862305,6.309213638305664,4.034145355224609,3.2428536415100098,2.4961860179901123,2.258779287338257,1.5521564483642578,1.5901943445205688,1.4506213665008545,1.2201331853866577,1.0536854267120361,1.453216314315796,0.0032626104075461626,0.0024683275260031223,0.008121397346258163,0.009595537558197975,-0.0015993730630725622,-0.0009883582824841142,-0.0012269886210560799,-0.008989069610834122,0.003558587748557329,0.0007302548037841916,-0.002970237284898758,-0.0061261882074177265,-0.00010455520532559603,4.837132453918457,2.225510835647583,1.8363473415374756,1.1551436185836792,0.8457861542701721,0.9197700619697571,0.7961456179618835,0.6751566529273987,0.6829856634140015,0.6194218397140503,0.517949104309082,0.4959090054035187,0.4838307201862335,246.02919228890735,53.85920608972068,215.20467836257308,0.659217877094972,0.051479896648507176,0.20368610322475433,0.3128491620111732,0.6871508379888268,0.11977247148752213,0.10330222547054291,3.3127437109631113,-0.011837773025035858
15a05Eb,C:/Project/AI-STRESS-DETECTOR/data/public/emodb/wav/15a05Eb.wav,C:\Project\AI-STRESS-DETECTOR\data\public\emodb\wav\15a05Eb.wav,high,2,speaker_15,test,de,emodb_a05,studio,controlled,Das schwarze Blatt Papier befindet sich da oben neben dem Holzstueck.,emodb_emotion=disgust; variation=b,3.9935625,0.09457868337631226,0.08249436318874359,0.2006760537624359,0.15762327733691914,0.19493881113091288,1925.3984554754306,1442.2239637356188,1592.4117481628168,453.7972182704234,3450.6801007556674,2059.4584382486437,0.3065616190433502,0.18963055312633514,-19.72268295288086,8.131117820739746,2.2703633308410645,3.8311758041381836,0.47211727499961853,0.1292160004377365,-0.6521556377410889,-0.4396013021469116,-0.435280442237854,0.5098763704299927,0.3353905975818634,0.3968863785266876,-0.21754708886146545,17.431962966918945,9.611748695373535,4.0355353355407715,2.8312153816223145,2.50864577293396,2.1679301261901855,1.735562801361084,1.6849433183670044,1.5308713912963867,1.3589372634887695,1.05164635181427,1.0265222787857056,1.3092166185379028,0.0038855718448758125,0.0004704088787548244,-0.005030859727412462,-0.001977604581043124,-0.0033636868465691805,0.0013312879018485546,0.004652430769056082,-0.001804401632398367,-0.00199898611754179,0.0028916990850120783,0.0034111218992620707,0.0036306041292846203,0.001096400897949934,5.6616363525390625,2.464712619781494,1.558096170425415,0.8891926407814026,0.7870252132415771,0.7403311133384705,0.7184176445007324,0.633221447467804,0.6097403168678284,0.5229889750480652,0.4696420729160309,0.486970990896225,0.5257126092910767,155.73120663210037,57.88255554983733,254.28973277074542,0.5465994962216625,0.13319898124847765,0.1968751698732376,0.19395465994962213,0.8060453400503779,0.11562986671924591,0.0784129649400711,2.2536269308418238,0.00038129836320877075
15a05Fb,C:/Project/AI-STRESS-DETECTOR/data/public/emodb/wav/15a05Fb.wav,C:\Project\AI-STRESS-DETECTOR\data\public\emodb\wav\15a05Fb.wav,moderate,1,speaker_15,test,de,emodb_a05,studio,controlled,Das schwarze Blatt Papier befindet sich da oben neben dem Holzstueck.,emodb_emotion=happiness; variation=b,2.6961875,0.07973361015319824,0.07174788415431976,0.1847608983516693,0.15420080050873453,0.17677301219034572,2021.7463030681251,1273.6675719167413,1684.2015665736928,377.7708972628136,3609.402985074627,1815.9331145196397,0.3274862468242645,0.18420544266700745,-21.557889938354492,7.080784320831299,0.8317642211914062,2.1436097621917725,-0.560816764831543,-1.0720362663269043,-1.3214150667190552,-1.3939993381500244,-1.3832648992538452,-0.2151302844285965,-0.24106979370117188,-0.20216873288154602,-0.9391232132911682,17.222246170043945,7.5100250244140625,4.399030685424805,3.2786974906921387,2.506669521331787,2.831608533859253,2.0988636016845703,1.857828140258789,2.166689157485962,1.69123113155365,1.2668392658233643,1.4857540130615234,1.6109260320663452,-0.05113475024700165,0.028739819303154945,0.022465037181973457,-0.019110508263111115,-0.0013004629872739315,-0.0003167897812090814,0.01663607358932495,0.0029388631228357553,0.0025341652799397707,-0.0003434241807553917,-0.004914829041808844,-0.0014653215184807777,-0.009096089750528336,6.539052486419678,2.710575819015503,1.8158077001571655,1.1165117025375366,0.8493671417236328,0.8471747636795044,0.8832045793533325,0.7843680381774902,0.7440741658210754,0.6281493902206421,0.6108109354972839,0.5957589745521545,0.6578260660171509,247.2661077115996,54.97632706862061,252.99145299145297,0.6082089552238806,0.09679536479216229,0.2437283992767334,0.2649253731343284,0.7350746268656716,0.10539199411869049,0.06706777215003967,4.079834952131482,0.013552479445934296
15a05Lb,C:/Project/AI-STRESS-DETECTOR/data/public/emodb/wav/15a05Lb.wav,C:\Project\AI-STRESS-DETECTOR\data\public\emodb\wav\15a05Lb.wav,low,0,speaker_15,test,de,emodb_a05,studio,controlled,Das schwarze Blatt Papier befindet sich da oben neben dem Holzstueck.,emodb_emotion=boredom; variation=b,3.3200625,0.06657415628433228,0.0626022219657898,0.14816369116306305,0.11537935748462064,0.16685437748508414,1538.5889686563062,1316.2418094799457,1428.2768185224784,480.85881756117357,2791.3939393939395,2043.6375462809763,0.2737630307674408,0.21700026094913483,-25.026687622070312,10.745054244995117,2.0743870735168457,4.758185386657715,0.7106732130050659,1.0766549110412598,0.4946672022342682,-0.09153686463832855,-0.18582867085933685,0.2853960394859314,1.1122673749923706,0.7367818355560303,0.21561674773693085,14.35975456237793,8.85789966583252,3.4560165405273438,3.032952070236206,2.366381883621216,1.7117170095443726,1.6003187894821167,1.2898180484771729,1.248044490814209,1.3121687173843384,0.9058213233947754,0.8397729992866516,0.922351062297821,-0.01999293826520443,-0.0027658953331410885,0.013970152474939823,0.002108706859871745,-0.004066468682140112,-0.007867862470448017,0.00023057532962411642,-0.004782853182405233,-0.007574760355055332,-0.007717065513134003,-0.004168691113591194,-0.0067343027330935,0.0007235458469949663,5.34108829498291,2.4075770378112793,1.4711360931396484,0.8947959542274475,0.8220618963241577,0.7167845964431763,0.639397382736206,0.6282454133033752,0.5769715309143066,0.4966076612472534,0.4637903869152069,0.4373835623264313,0.43240877985954285,137.7315131343026,72.6508493416962,271.34502923976606,0.2727272727272727,0.1606929557528654,0.18775822222232819,0.24545454545454548,0.7545454545454545,0.08535090833902359,0.061224233359098434,4.2167880875736525,-0.03904426842927933
15a05Na,C:/Project/AI-STRESS-DETECTOR/data/public/emodb/wav/15a05Na.wav,C:\Project\AI-STRESS-DETECTOR\data\public\emodb\wav\15a05Na.wav,low,0,speaker_15,test,de,emodb_a05,studio,controlled,Das schwarze Blatt Papier befindet sich da oben neben dem Holzstueck.,emodb_emotion=neutral; variation=a,3.1209375,0.06422790139913559,0.05328963324427605,0.12025187909603119,0.12540221521545802,0.16801803096186754,1689.44535041801,1303.7222499992115,1520.887041955361,448.4971434454674,3152.1290322580644,1915.2535373633787,0.2842704653739929,0.19278988242149353,-23.634510040283203,9.918587684631348,2.4155383110046387,4.990773677825928,0.17671018838882446,0.49885129928588867,0.46420976519584656,-0.6169407963752747,-0.29548919200897217,0.44073206186294556,0.9556784629821777,0.5154130458831787,-0.19830723106861115,15.606181144714355,8.655902862548828,3.8861827850341797,3.3737969398498535,2.058358669281006,1.881752848625183,1.546415090560913,1.6359546184539795,1.3115475177764893,1.5031414031982422,0.9062368869781494,0.8437913656234741,0.9892284274101257,0.011867424473166466,0.0012165438383817673,0.00042057345854118466,0.0015019694110378623,0.0004955372423864901,0.0002449522144161165,6.435647810576484e-05,0.00486006448045373,-0.0035911137238144875,-0.0039720735512673855,0.0028012350667268038,-0.002386272419244051,-0.007005959749221802,6.099967956542969,2.69083833694458,1.7240723371505737,1.117374062538147,0.8737263679504395,0.7166311144828796,0.68450927734375,0.7069017887115479,0.6510893106460571,0.5221267342567444,0.5132142305374146,0.43636074662208557,0.42414042353630066,119.38225508023787,32.85269395103998,267.15776550030694,0.4258064516129032,0.08533200007814766,0.19573353230953217,0.23225806451612907,0.7677419354838709,0.08134608715772629,0.04927455261349678,3.5245819565435066,-0.006697129458189011
15a05Wa,C:/Project/AI-STRESS-DETECTOR/data/public/emodb/wav/15a05Wa.wav,C:\Project\AI-STRESS-DETECTOR\data\public\emodb\wav\15a05Wa.wav,severe,3,speaker_15,test,de,emodb_a05,studio,controlled,Das schwarze Blatt Papier befindet sich da oben neben dem Holzstueck.,emodb_emotion=anger; variation=a,3.0985,0.06970027834177017,0.06526259332895279,0.16881123185157776,0.19593626924453994,0.17107802073590067,2353.416413695776,1139.740030490535,1789.687825053931,371.72312508791083,4351.818181818182,1545.38628573472,0.38351887464523315,0.16635793447494507,-21.593576431274414,5.096541404724121,-0.9240389466285706,1.0358916521072388,-1.4296979904174805,-0.8517518639564514,-1.912449836730957,-0.9256430268287659,-1.3767917156219482,-0.537116527557373,-0.23380564153194427,-0.4636023938655853,-1.2310491800308228,20.042957305908203,7.145054817199707,4.3881096839904785,3.6483514308929443,3.0325708389282227,2.6942038536071777,2.4186172485351562,1.8122498989105225,1.8890348672866821,1.4763333797454834,1.1876671314239502,1.349756121635437,1.3465051651000977,0.003752646502107382,0.001822244026698172,0.0006800023256801069,0.0019494523294270039,0.0011991808423772454,0.0012417938560247421,-0.002223007148131728,0.004004616290330887,0.004682913888245821,0.005650653503835201,0.003465258749201894,0.004160238429903984,0.002591243712231517,6.912230491638184,2.6624674797058105,1.7659659385681152,1.106070876121521,0.951145589351654,0.9233478307723999,0.9077492356300354,0.7019684314727783,0.7341776490211487,0.6162693500518799,0.6409602165222168,0.6287167072296143,0.6142997145652771,239.75004929079023,44.43691580365429,226.52329749103941,0.6493506493506493,0.05195621118537546,0.2655569911003113,0.26948051948051943,0.7305194805194806,0.09295416623353958,0.06170285865664482,3.5501048894626432,0.01679474487900734
15a07Ac,C:/Project/AI-STRESS-DETECTOR/data/public/emodb/wav/15a07Ac.wav,C:\Project\AI-STRESS-DETECTOR\data\public\emodb\wav\15a07Ac.wav,high,2,speaker_15,test,de,emodb_a07,studio,controlled,In sieben Stunden wird es soweit sein.,emodb_emotion=fear; variation=c,1.810875,0.10622382909059525,0.07641340792179108,0.20803801715373993,0.16215118802593073,0.19117000011190396,2029.1069330817518,1376.546260950315,1714.965746471286,396.5348053098279,3643.575418994413,1967.800166609563,0.32857027649879456,0.18252934515476227,-15.725126266479492,7.866546630859375,2.3100337982177734,3.4196391105651855,0.628307044506073,-0.6705983281135559,-1.1170628070831299,-1.2180211544036865,-1.5472677946090698,-0.4627392292022705,-0.1028372049331665,-0.009268829599022865,-1.106061577796936,12.931079864501953,7.644130706787109,4.642562389373779,3.589726209640503,2.4274003505706787,2.204697370529175,1.7553929090499878,2.1391403675079346,1.5355732440948486,1.4172675609588623,1.244231104850769,1.1962240934371948,1.5612075328826904,0.060360562056303024,-0.04355759918689728,-0.03681162744760513,-0.02205209620296955,-0.012055996805429459,-0.003949830774217844,-0.0030224735382944345,-0.0006382225546985865,-0.010837801732122898,-0.004274464678019285,0.008802645839750767,0.002106141997501254,-0.0036444643046706915,5.329360485076904,2.4971234798431396,1.6145800352096558,1.1261769533157349,0.9402806162834167,0.781075656414032,0.7090276479721069,0.7832135558128357,0.6786313652992249,0.6014149188995361,0.588960587978363,0.6137108206748962,0.5947831869125366,191.3955136428937,43.95400783000589,233.41815097540285,0.6703910614525139,0.08859472006244566,0.20731468498706818,0.2011173184357542,0.7988826815642458,0.12895287573337555,0.06860923022031784,3.3133153862083247,0.03364577889442444
15a07Eb,C:/Project/AI-STRESS-DETECTOR/data/public/emodb/wav/15a07Eb.wav,C:\Project\AI-STRESS-DETECTOR\data\public\emodb\wav\15a07Eb.wav,high,2,speaker_15,test,de,emodb_a07,studio,controlled,In sieben Stunden wird es soweit sein.,emodb_emotion=disgust; variation=b,2.397125,0.10421978682279587,0.08291737735271454,0.22905893623828888,0.17026810724289715,0.21507918030997902,1993.1226378958238,1470.0177975080524,1845.2770834873995,460.0224599161946,3789.075630252101,2151.4228208197314,0.3158355951309204,0.17453405261039734,-18.136676788330078,8.135879516601562,4.985672950744629,3.7367453575134277,1.7843815088272095,0.0486333929002285,-0.2835147976875305,-0.44056978821754456,-1.177422046661377,0.7119278907775879,0.2943131625652313,0.3167232573032379,-0.1612803339958191,15.79414176940918,7.667864799499512,3.2786457538604736,3.4923689365386963,2.33813738822937,2.291936159133911,1.6043421030044556,1.5477689504623413,1.7945635318756104,1.2373826503753662,1.089272141456604,1.053267478942871,1.014524221420288,-0.007832551375031471,0.005928993225097656,0.014463718980550766,0.0021858245600014925,0.001467504887841642,-0.005254767369478941,0.00330628571100533,-0.0005460075917653739,-0.008587257005274296,-0.007000813260674477,-0.0076364814303815365,-0.005493215285241604,-0.003465926041826606,4.787542819976807,2.237361431121826,1.3028857707977295,1.0021699666976929,0.8079261183738708,0.8261553049087524,0.6656467914581299,0.6570487022399902,0.6176581382751465,0.48661431670188904,0.47367241978645325,0.45608991384506226,0.4367149770259857,143.32480573269953,44.140370098590076,256.7901234567901,0.5378151260504201,0.1346913707655844,0.15742167830467224,0.2226890756302521,0.7773109243697479,0.13045485317707062,0.07570355385541916,2.9201647807269127,-0.033381447196006775
15a07Fa,C:/Project/AI-STRESS-DETECTOR/data/public/emodb/wav/15a07Fa.wav,C:\Project\AI-STRESS-DETECTOR\data\public\emodb\wav\15a07Fa.wav,moderate,1,speaker_15,test,de,emodb_a07,studio,controlled,In sieben Stunden wird es soweit sein.,emodb_emotion=happiness; variation=a,1.9641875,0.09168662875890732,0.08876604586839676,0.24597203731536865,0.16655039661008192,0.19390003984298593,2188.68744781142,1300.8400718979303,1758.6743056311639,368.6650060688637,4027.216494845361,1680.9672855191598,0.3268126845359802,0.16911090910434723,-20.11272430419922,6.088630676269531,-0.23928482830524445,1.7068737745285034,-0.4087354242801666,-1.6170860528945923,-1.9113636016845703,-1.2227050065994263,-1.887619137763977,-0.47644007205963135,-0.2563936412334442,-0.5888786315917969,-1.2817238569259644,19.041698455810547,6.867323398590088,4.514521598815918,4.081480979919434,3.225407361984253,2.546816110610962,2.4752755165100098,1.9812453985214233,2.0082955360412598,1.3665646314620972,1.2941350936889648,1.5224026441574097,1.5704213380813599,0.010492383502423763,-0.008111611939966679,-0.004804478492587805,0.016799170523881912,0.008811328560113907,0.011460031382739544,-0.0018588058883324265,0.003183878492563963,0.004864110145717859,-0.006492880638688803,-0.005231135059148073,-0.004599729552865028,-0.006544619332998991,5.539027690887451,2.374901294708252,1.5876952409744263,1.0821733474731445,0.9385837316513062,0.8200628161430359,0.8727906942367554,0.662290096282959,0.6651901006698608,0.6007799506187439,0.5909513235092163,0.6110334396362305,0.6945924758911133,248.7773563043629,54.53755233227283,232.41296518607442,0.6597938144329897,0.04661013570166673,0.2229645848274231,0.2680412371134021,0.7319587628865979,0.12191291898488998,0.0856405571103096,3.0546981894549274,0.01994701474905014
15a07Fb,C:/Project/AI-STRESS-DETECTOR/data/public/emodb/wav/15a07Fb.wav,C:\Project\AI-STRESS-DETECTOR\data\public\emodb\wav\15a07Fb.wav,moderate,1,speaker_15,test,de,emodb_a07,studio,controlled,In sieben Stunden wird es soweit sein.,emodb_emotion=happiness; variation=b,1.93525,0.062207937240600586,0.05390603467822075,0.12702272832393646,0.14148652882205515,0.15273871889503032,1968.8503485559265,1176.7665030014848,1764.6162905920908,432.273438421454,3735.0,1780.4470412417963,0.33529913425445557,0.186612069606781,-21.949432373046875,7.760653018951416,1.0984926223754883,2.2414731979370117,0.5973862409591675,-1.1834598779678345,-1.1116666793823242,-0.8642666339874268,-1.8675340414047241,-0.26086753606796265,0.16660752892494202,-0.4890685975551605,-0.5178617835044861,14.589115142822266,6.738803386688232,4.176061630249023,3.996769666671753,2.9131455421447754,2.482973098754883,1.8265331983566284,1.8493213653564453,2.0464584827423096,1.4162943363189697,1.217590093612671,1.1980127096176147,1.3845793008804321,0.044374268501996994,-0.029164329171180725,0.016890129074454308,-0.0034199312794953585,0.004807645920664072,0.022622382268309593,0.0022647257428616285,-0.0025845367927104235,-0.015820756554603577,0.002896757097914815,0.01735731214284897,-0.0008634825353510678,-0.0029018905479460955,4.766448497772217,2.3613829612731934,1.4061203002929688,1.0922203063964844,0.8243779540061951,0.9075918197631836,0.8312878608703613,0.7229145169258118,0.7382170557975769,0.6159692406654358,0.559755265712738,0.55166095495224,0.5929098725318909,220.8136681938499,72.60103682737548,250.98039215686273,0.6927083333333334,0.09297199103730831,0.21835565567016602,0.21875,0.78125,0.07797685265541077,0.05074658617377281,2.58364552383413,0.0014748908579349518
15a07Ld,C:/Project/AI-STRESS-DETECTOR/data/public/emodb/wav/15a07Ld.wav,C:\Project\AI-STRESS-DETECTOR\data\public\emodb\wav\15a07Ld.wav,low,0,speaker_15,test,de,emodb_a07,studio,controlled,In sieben Stunden wird es soweit sein.,emodb_emotion=boredom; variation=d,1.8018125,0.12417225539684296,0.10342882573604584,0.2992251515388489,0.11851257356875335,0.17231029689220964,1677.1262129248414,1301.8003532114376,1643.0508537186768,447.2928555167,3217.078651685393,1953.7565097605918,0.2983444333076477,0.1947239339351654,-16.095813751220703,9.796209335327148,2.794670820236206,4.326869487762451,1.8972382545471191,1.0848623514175415,-0.032812513411045074,-0.31136554479599,-0.4403924345970154,0.18667812645435333,0.8935443162918091,0.015179923735558987,-0.12239784002304077,12.102761268615723,7.352161884307861,2.7436118125915527,2.350001335144043,1.770431399345398,1.7831599712371826,1.8045586347579956,1.7229375839233398,1.3131226301193237,1.6824181079864502,1.1288732290267944,1.161463975906372,0.9789034128189087,0.08110679686069489,-0.027803609147667885,-0.006551644764840603,-0.012254323810338974,-0.0061650932766497135,-0.014436211436986923,-0.014157435856759548,-0.0066533880308270454,-0.025009067729115486,-0.019444111734628677,0.012279893271625042,0.010732298716902733,0.0009289149311371148,4.484079360961914,2.380366563796997,1.196173071861267,0.827006459236145,0.8059200048446655,0.6741475462913513,0.710111677646637,0.646877110004425,0.5189664363861084,0.5868096351623535,0.4371349513530731,0.5021291375160217,0.4414149522781372,150.28520534397762,50.492285230624425,264.64646464646466,0.38202247191011235,0.056222649965925554,0.170026957988739,0.1910112359550562,0.8089887640449438,0.1500416100025177,0.09851598739624023,1.6649901141211974,-0.1270671710371971
15a07Nc,C:/Project/AI-STRESS-DETECTOR/data/public/emodb/wav/15a07Nc.wav,C:\Project\AI-STRESS-DETECTOR\data\public\emodb\wav\15a07Nc.wav,low,0,speaker_15,test,de,emodb_a07,studio,controlled,In sieben Stunden wird es soweit sein.,emodb_emotion=neutral; variation=c,1.8811875,0.13314419984817505,0.09874960780143738,0.2651360332965851,0.11725550435227855,0.174360534881575,1669.1534096282048,1352.5464117198405,1571.6253032212576,477.52278455284363,3214.8387096774195,1926.609151708721,0.2719002664089203,0.1856127679347992,-16.85002326965332,10.211319923400879,2.967442750930786,5.292581558227539,1.025105595588684,0.9235156774520874,0.09975215047597885,-0.5043005347251892,-0.6370769739151001,0.24439649283885956,1.0623222589492798,0.3157154321670532,-0.33724114298820496,15.079333305358887,8.0901517868042,4.183023929595947,2.918924570083618,2.0997071266174316,1.6402045488357544,1.7491899728775024,1.9129276275634766,1.3328760862350464,1.5138928890228271,0.9662421345710754,1.1872690916061401,0.9716528058052063,0.024222301319241524,0.0060268244706094265,-0.015500606968998909,-0.008999528363347054,0.001516822841949761,0.018368694931268692,0.005169257055968046,0.004539464134722948,-0.01053068321198225,-0.006885060574859381,0.001420890912413597,0.00800060760229826,0.0053589073941111565,5.313506603240967,2.6817455291748047,1.7394964694976807,1.0596821308135986,0.8607527613639832,0.7713760733604431,0.7129027843475342,0.7474061250686646,0.6288751363754272,0.5315586924552917,0.47938162088394165,0.5587685704231262,0.4808613359928131,117.73199505005857,17.285855258173598,110.0155682407888,0.3172043010752688,0.056141820354223756,0.22499927878379822,0.19892473118279574,0.8010752688172043,0.1633431613445282,0.0869731605052948,3.1894747333798463,-0.01996428519487381
15b01Ec,C:/Project/AI-STRESS-DETECTOR/data/public/emodb/wav/15b01Ec.wav,C:\Project\AI-STRESS-DETECTOR\data\public\emodb\wav\15b01Ec.wav,high,2,speaker_15,test,de,emodb_b01,studio,controlled,"Was sind denn das fuer Tueten, die da unter dem Tisch stehen.",emodb_emotion=disgust; variation=c,2.9709375,0.1324593722820282,0.09260293841362,0.25753921270370483,0.20991461705110234,0.22469274810620354,2380.1517926023234,1501.0704150433571,1778.1537813618802,404.80858847251216,4213.830508474576,2015.3697322608825,0.3781285285949707,0.19205771386623383,-13.03186321258545,5.603430271148682,2.6779441833496094,3.93135142326355,1.4956097602844238,-0.7346466779708862,-1.3407361507415771,-0.37225157022476196,-0.9729647636413574,0.011810056865215302,-0.06802336126565933,0.16201664507389069,-0.1790473312139511,14.702309608459473,8.816207885742188,3.4507205486297607,3.1951699256896973,2.19563889503479,2.2103002071380615,1.9913455247879028,1.4983818531036377,1.4798166751861572,1.285752296447754,1.3220398426055908,0.9976724982261658,1.0081897974014282,-0.0108040114864707,0.0020826791878789663,0.015564026311039925,0.0010032475693151355,-0.0014227604260668159,-0.005349777638912201,0.0015661449870094657,-0.0033589971717447042,0.0022403409238904715,-0.0011386402184143662,0.0006665694527328014,-0.0006714764167554677,-0.0025283610448241234,4.990527153015137,2.2747976779937744,1.4652714729309082,0.9438889026641846,0.908432126045227,0.9042141437530518,0.750301718711853,0.6149388551712036,0.6314535737037659,0.5760037899017334,0.5953078866004944,0.5070093274116516,0.4596196115016937,184.38009194319835,58.98241195752798,250.29239766081872,0.4576271186440678,0.11819073746802504,0.18018276989459991,0.1932203389830508,0.8067796610169492,0.1607048064470291,0.08039121329784393,3.365940885663196,0.05549606680870056
15b01Lb,C:/Project/AI-STRESS-DETECTOR/data/public/emodb/wav/15b01Lb.wav,C:\Project\AI-STRESS-DETECTOR\data\public\emodb\wav\15b01Lb.wav,low,0,speaker_15,test,de,emodb_b01,studio,controlled,"Was sind denn das fuer Tueten, die da unter dem Tisch stehen.",emodb_emotion=boredom; variation=b,2.326625,0.16589751839637756,0.09864220023155212,0.30015701055526733,0.12733131530124012,0.1707442554721284,1589.0908859016433,1280.2240183846307,1505.547765471232,381.5227910332107,3016.969696969697,1847.8065606718178,0.2810622453689575,0.20071955025196075,-12.79517936706543,9.374345779418945,2.681858777999878,7.006433486938477,1.2773489952087402,0.9528989791870117,-0.2044590264558792,-0.3010742962360382,-0.4672330319881439,0.6169850826263428,0.5126736760139465,0.2006463259458542,0.34277257323265076,11.141729354858398,7.788661956787109,2.6779911518096924,3.1231443881988525,1.8396339416503906,1.515753149986267,1.259946584701538,1.296600341796875,1.1734488010406494,1.3609564304351807,1.035420298576355,0.9940033555030823,0.7735012173652649,0.011091339401900768,-0.013802994973957539,-0.0014722213381901383,0.025489648804068565,0.014176428318023682,-0.008141523227095604,-0.012749290093779564,-0.011685317382216454,-0.01013147458434105,0.008014057762920856,-0.004676849115639925,-0.010480339638888836,0.003922687377780676,4.998205661773682,2.380547285079956,1.3873200416564941,0.9571558237075806,0.7822864651679993,0.6665825247764587,0.6095250844955444,0.6199891567230225,0.5395006537437439,0.5467115640640259,0.49603337049484253,0.5101922154426575,0.43253445625305176,115.12017449849023,38.80931252700024,242.32008592910847,0.329004329004329,0.08533215217430347,0.14724275469779968,0.17316017316017318,0.8268398268398268,0.195514976978302,0.08149850368499756,3.4384569924246495,-0.06967392563819885
15b01Na,C:/Project/AI-STRESS-DETECTOR/data/public/emodb/wav/15b01Na.wav,C:\Project\AI-STRESS-DETECTOR\data\public\emodb\wav\15b01Na.wav,low,0,speaker_15,test,de,emodb_b01,studio,controlled,"Was sind denn das fuer Tueten, die da unter dem Tisch stehen.",emodb_emotion=neutral; variation=a,2.35725,0.09434153884649277,0.0732741728425026,0.20513591170310974,0.15166120429278324,0.1945658810314334,1857.116167858639,1382.4206479584218,1581.2253486567672,360.063420722495,3445.811965811966,1800.8527131771975,0.29860082268714905,0.1839883029460907,-18.93008041381836,8.427716255187988,1.9527232646942139,5.698962211608887,0.8205628991127014,0.2065027356147766,-0.16548819839954376,-0.8098358511924744,-0.26857444643974304,0.15985877811908722,0.5727187991142273,0.6791823506355286,-0.3859623372554779,16.123193740844727,8.223938941955566,2.9580976963043213,3.6615965366363525,2.082054853439331,1.8952810764312744,1.4942078590393066,1.7864534854888916,1.1199426651000977,1.6445428133010864,1.004282832145691,1.0799065828323364,1.254218339920044,0.002298681065440178,0.003932492341846228,-0.007040025666356087,-0.009091665036976337,0.010308387689292431,0.003800689708441496,-0.005748799070715904,-0.008923253044486046,0.006124354898929596,-0.00019822773174382746,-0.010539509356021881,0.0032969641033560038,0.00433781323954463,5.5159759521484375,2.7853541374206543,1.61318039894104,1.1753357648849487,0.9423955082893372,0.9004101753234863,0.6077537536621094,0.730043351650238,0.6403889656066895,0.5969839692115784,0.5342092514038086,0.612384021282196,0.48742783069610596,152.40904948768693,52.5562348888012,238.23704586063133,0.41025641025641024,0.10632216981466859,0.2628803253173828,0.2136752136752137,0.7863247863247863,0.11727139353752136,0.06596577912569046,2.969561989606533,-0.019534602761268616
15b01Wc,C:/Project/AI-STRESS-DETECTOR/data/public/emodb/wav/15b01Wc.wav,C:\Project\AI-STRESS-DETECTOR\data\public\emodb\wav\15b01Wc.wav,severe,3,speaker_15,test,de,emodb_b01,studio,controlled,"Was sind denn das fuer Tueten, die da unter dem Tisch stehen.",emodb_emotion=anger; variation=c,2.631375,0.11620974540710449,0.10224741697311401,0.27612677216529846,0.18063357627785942,0.2071704339922962,2181.654651647544,1388.0449225191874,1701.3588217166498,345.4410232531489,3878.6206896551726,1858.1425895080242,0.3531864583492279,0.18401415646076202,-16.544084548950195,6.328701019287109,1.1496787071228027,4.097889423370361,0.6788648962974548,-0.8994567394256592,-1.6496367454528809,-0.4801243543624878,-0.9622631072998047,-0.6013643145561218,-0.02413901686668396,0.2816430330276489,-0.3326120376586914,19.205890655517578,7.944819927215576,3.359707832336426,3.6483731269836426,2.2116899490356445,2.346553087234497,2.115345001220703,1.4581221342086792,1.6715573072433472,1.522557258605957,1.3214420080184937,1.3994606733322144,1.1117883920669556,0.0010651482734829187,0.0029644144233316183,0.006223239935934544,0.0020409305579960346,0.0033694684971123934,0.00820852816104889,0.0019055271986871958,0.005497973412275314,-0.0011276458390057087,0.0046202135272324085,0.0009137515444308519,0.004286466632038355,0.00045309303095564246,5.593289375305176,2.3927900791168213,1.6353474855422974,1.0501822233200073,0.8455139398574829,0.933938205242157,0.7840993404388428,0.6173720955848694,0.6705242395401001,0.6548324227333069,0.5604971051216125,0.621672511100769,0.5318532586097717,188.21829227895753,44.70836033959257,226.53061224489795,0.6053639846743295,0.06865407837053919,0.2401261031627655,0.1954022988505747,0.8045977011494253,0.14212457835674286,0.09762826561927795,2.6602061659778635,-0.014601930975914001
15b02Aa,C:/Project/AI-STRESS-DETECTOR/data/public/emodb/wav/15b02Aa.wav,C:\Project\AI-STRESS-DETECTOR\data\public\emodb\wav\15b02Aa.wav,high,2,speaker_15,test,de,emodb_b02,studio,controlled,Sie haben es gerade hochgetragen und jetzt gehen sie wieder runter.,emodb_emotion=fear; variation=a,2.9655625,0.10173767805099487,0.0861382707953453,0.2397264838218689,0.154317998385795,0.17542865507650998,2016.597686308631,1248.5185749617513,1732.5413894569533,381.25640718024744,3730.9830508474574,1700.078178576517,0.33584797382354736,0.16676077246665955,-17.291839599609375,8.3932466506958,1.7929099798202515,2.650294303894043,-0.5306366682052612,0.4511417746543884,-0.3985402286052704,-1.1047472953796387,-0.8512939214706421,-0.35204070806503296,-0.06587909907102585,0.1696477085351944,-1.276001214981079,18.598907470703125,6.510186195373535,4.060375213623047,3.10115909576416,2.7114057540893555,2.7239041328430176,2.025087594985962,1.8943744897842407,1.5428074598312378,1.5836224555969238,1.3021483421325684,1.1449236869812012,1.5256328582763672,0.0025599333457648754,-0.004365704488009214,-0.001091444748453796,-0.007899646647274494,-0.007348337210714817,0.00030336863710545003,0.0036183276679366827,-0.0008899098611436784,0.0004611467884387821,0.00420846464112401,-0.002302821259945631,0.0028259672690182924,0.00603659451007843,5.716940402984619,2.2707884311676025,1.5604515075683594,1.132433533668518,0.931053876876831,0.9952148795127869,0.8073726892471313,0.7473545074462891,0.6498315930366516,0.57590651512146,0.5147843360900879,0.5675361752510071,0.5655618906021118,186.44986309128714,34.83030416966714,223.63721074701039,0.6406779661016949,0.052885109256761806,0.2060806155204773,0.21355932203389827,0.7864406779661017,0.1272723376750946,0.07977166771888733,2.697633248329786,-0.017331868410110474
15b02Lb,C:/Project/AI-STRESS-DETECTOR/data/public/emodb/wav/15b02Lb.wav,C:\Project\AI-STRESS-DETECTOR\data\public\emodb\wav\15b02Lb.wav,low,0,speaker_15,test,de,emodb_b02,studio,controlled,Sie haben es gerade hochgetragen und jetzt gehen sie wieder runter.,emodb_emotion=boredom; variation=b,2.955625,0.13325300812721252,0.10903949290513992,0.28380072116851807,0.102006717473957,0.13376792224009987,1466.2729286800252,1062.7690017842774,1552.9823589358734,370.3185549948645,2771.700680272109,1679.3987319525672,0.27279552817344666,0.1606706827878952,-15.277081489562988,10.741287231445312,2.726876735687256,3.9308202266693115,0.25245144963264465,1.456878900527954,1.4589465856552124,0.2236870676279068,-0.11060364544391632,0.6136834621429443,1.083881139755249,0.399350106716156,-0.07147899270057678,10.22946834564209,6.561157703399658,2.7989964485168457,3.1435070037841797,2.3474738597869873,1.9036744832992554,2.0782904624938965,1.4382866621017456,1.2733105421066284,1.1857340335845947,1.0920449495315552,0.8645246028900146,1.1143094301223755,0.055324703454971313,-0.00151627731975168,-0.022521909326314926,0.002157741691917181,0.002265624003484845,-0.007426714524626732,-0.007787632290273905,0.003780002472922206,-0.012246493250131607,-0.0006941660540178418,0.0018064689356833696,-0.001671926467679441,0.0039611398242414,3.9426162242889404,2.0374553203582764,1.135537028312683,1.0033258199691772,0.8734236359596252,0.7546753883361816,0.7155424952507019,0.6198093295097351,0.5852700471878052,0.5670302510261536,0.5919898152351379,0.4558470547199249,0.42832276225090027,159.42492566429374,84.59872625882925,268.1238615664845,0.3129251700680272,0.15862219894418175,0.15742945671081543,0.19047619047619047,0.8095238095238095,0.16081936657428741,0.10334519296884537,3.04504123493339,-0.12209245562553406
15b02Nd,C:/Project/AI-STRESS-DETECTOR/data/public/emodb/wav/15b02Nd.wav,C:\Project\AI-STRESS-DETECTOR\data\public\emodb\wav\15b02Nd.wav,low,0,speaker_15,test,de,emodb_b02,studio,controlled,Sie haben es gerade hochgetragen und jetzt gehen sie wieder runter.,emodb_emotion=neutral; variation=d,2.79025,0.07625185698270798,0.06139414384961128,0.15556155145168304,0.09973489680880902,0.14346493728830487,1556.0056720696607,1138.1760854379224,1572.7467669018956,442.6148062964055,3073.7906137184114,1684.892866207765,0.2672297954559326,0.1449289321899414,-21.471458435058594,10.876436233520508,2.3721673488616943,4.123529434204102,0.2721610367298126,1.4320683479309082,0.645128607749939,-0.12866543233394623,-0.18467414379119873,0.26979705691337585,1.223203420639038,0.3875054717063904,-0.27775299549102783,16.155685424804688,6.846231937408447,3.712251663208008,3.286125898361206,2.360225200653076,2.125617027282715,1.6003423929214478,1.663209080696106,1.341260552406311,1.5628843307495117,1.091984748840332,1.0485830307006836,1.0992764234542847,0.005544531624764204,-0.0006203152006492019,0.00014721012848895043,-0.0023322347551584244,0.003460667096078396,-7.004277722444385e-05,-0.003261215751990676,0.0002557641710154712,0.0016301452415063977,-0.003385493066161871,-0.004651988856494427,-0.005039461888372898,-0.0041100624948740005,5.634081840515137,2.3659985065460205,1.7222163677215576,1.149922251701355,0.8590306639671326,0.9026927351951599,0.6852429509162903,0.737312912940979,0.6095297932624817,0.6348584890365601,0.5226508378982544,0.5070760250091553,0.5048160552978516,143.07797809894154,77.11929179570647,269.5340501792115,0.33574007220216606,0.22324742675839807,0.23772773146629333,0.223826714801444,0.776173285198556,0.09603294730186462,0.05566287785768509,2.8671266015590002,-0.030233632773160934
15b02Tc,C:/Project/AI-STRESS-DETECTOR/data/public/emodb/wav/15b02Tc.wav,C:\Project\AI-STRESS-DETECTOR\data\public\emodb\wav\15b02Tc.wav,moderate,1,speaker_15,test,de,emodb_b02,studio,controlled,Sie haben es gerade hochgetragen und jetzt gehen sie wieder runter.,emodb_emotion=sadness; variation=c,3.892,0.15885503590106964,0.11878231167793274,0.31985393166542053,0.08884614637368615,0.14003943224394486,1416.8011347851657,1161.819137954315,1565.3986048989334,485.38366548341037,2769.922480620155,1923.6766971958712,0.2480538934469223,0.1629391461610794,-17.048381805419922,10.37519645690918,3.8300154209136963,4.677162170410156,1.0797315835952759,2.240124225616455,0.7059956789016724,0.2658372223377228,-0.12230401486158371,0.11572407931089401,1.1005711555480957,0.2425977736711502,0.052787259221076965,14.313647270202637,6.889771938323975,3.197711944580078,3.485391855239868,2.4263226985931396,1.857469081878662,1.8712706565856934,1.4477744102478027,1.3681389093399048,1.5286623239517212,1.024591326713562,1.0613242387771606,1.0867692232131958,0.049593716859817505,-0.023200485855340958,-0.010792962275445461,-0.0019353624666109681,-0.005793082527816296,0.002445228397846222,0.005808666814118624,0.006482779048383236,4.2308976844651625e-05,-0.004632668104022741,-0.001444909255951643,-0.002941179322078824,0.001114748534746468,4.959773540496826,1.9703725576400757,1.3697843551635742,1.063955545425415,0.7830212712287903,0.7488471269607544,0.7055723071098328,0.6665420532226562,0.5925199389457703,0.6174935102462769,0.48287254571914673,0.48541539907455444,0.44743356108665466,129.41434240700718,63.83779542277563,266.17008069522035,0.4883720930232558,0.11478677235373395,0.16836906969547272,0.27648578811369506,0.7235142118863049,0.21145983040332794,0.09709418565034866,3.0832476875642345,-0.03095109760761261
15b02Wa,C:/Project/AI-STRESS-DETECTOR/data/public/emodb/wav/15b02Wa.wav,C:\Project\AI-STRESS-DETECTOR\data\public\emodb\wav\15b02Wa.wav,severe,3,speaker_15,test,de,emodb_b02,studio,controlled,Sie haben es gerade hochgetragen und jetzt gehen sie wieder runter.,emodb_emotion=anger; variation=a,2.7650625,0.08458057790994644,0.08733932673931122,0.1826951503753662,0.1635816814764183,0.14898943757676278,2150.5046374290655,1073.9453226157154,1784.5448614339582,357.3728927317115,4056.4363636363637,1477.835404337726,0.35799479484558105,0.14621847867965698,-17.573572158813477,7.241297721862793,0.30467042326927185,1.1881431341171265,-1.1843260526657104,0.06912411749362946,-0.932651162147522,-0.4585058093070984,-1.4461981058120728,-0.16261088848114014,-0.4124484956264496,-0.08814425766468048,-1.2791417837142944,17.528932571411133,5.668706893920898,4.772433280944824,3.7517690658569336,3.2375755310058594,3.0716216564178467,1.904524803161621,1.7020354270935059,1.8146013021469116,1.5577352046966553,1.4239401817321777,1.2491888999938965,1.388916015625,-0.06546487659215927,0.030434798449277878,0.045956049114465714,-0.020913302898406982,0.012506849132478237,-0.01412946917116642,0.015735965222120285,0.004008572082966566,-0.0005224011256359518,0.000702391960658133,0.00940074771642685,0.008679934777319431,0.0004699772107414901,4.948747158050537,2.300257444381714,1.7446606159210205,1.2607544660568237,0.9348934888839722,0.9927351474761963,0.730761706829071,0.6592388153076172,0.7123368382453918,0.633014440536499,0.5622937679290771,0.6047776341438293,0.557762622833252,200.20769907248024,40.36266676882387,240.4476418864908,0.6909090909090909,0.07562094200525923,0.22444242238998413,0.20727272727272728,0.7927272727272727,0.10481829196214676,0.08738500624895096,2.893243823602541,-0.026241779327392578
15b02Wc,C:/Project/AI-STRESS-DETECTOR/data/public/emodb/wav/15b02Wc.wav,C:\Project\AI-STRESS-DETECTOR\data\public\emodb\wav\15b02Wc.wav,severe,3,speaker_15,test,de,emodb_b02,studio,controlled,Sie haben es gerade hochgetragen und jetzt gehen sie wieder runter.,emodb_emotion=anger; variation=c,2.6233125,0.08178915083408356,0.09592889249324799,0.2238796353340149,0.17453248505880084,0.15463835808629495,2218.9329506286563,1107.430855547055,1786.0758087449005,364.2119721199326,4195.692307692308,1556.6689972065049,0.3577113747596741,0.16182631254196167,-19.500682830810547,6.838535308837891,-0.5712007880210876,0.02946137636899948,-1.5270836353302002,-0.6446172595024109,-1.3009511232376099,-0.5237507820129395,-1.4497272968292236,-0.40207770466804504,-0.3826054632663727,-0.11034764349460602,-1.3990375995635986,18.07319450378418,6.360347270965576,5.106453895568848,4.0255255699157715,3.3365492820739746,3.0206873416900635,2.165022611618042,1.678269863128662,1.8300318717956543,1.4788730144500732,1.4345462322235107,1.3088692426681519,1.3588833808898926,-0.05101413652300835,0.0013450081460177898,0.023367537185549736,-0.0020772896241396666,0.0029940989334136248,0.0007560133817605674,0.0011696687433868647,-0.007937762886285782,-0.01933504268527031,-0.0019418322481215,0.0067017232067883015,-0.008320925757288933,-0.00733100064098835,5.512289524078369,2.4763591289520264,1.686832308769226,1.1956963539123535,0.8759101629257202,0.9505053758621216,0.7887193560600281,0.6776111721992493,0.6847231388092041,0.6480470895767212,0.5659043192863464,0.5512720942497253,0.5584551095962524,218.07558875572485,54.34787275478288,248.17300521998507,0.6807692307692308,0.06321048035279984,0.21626245975494385,0.25384615384615383,0.7461538461538462,0.10690613090991974,0.0991634726524353,4.193171800919639,-0.08469129726290703
15b03Aa,C:/Project/AI-STRESS-DETECTOR/data/public/emodb/wav/15b03Aa.wav,C:\Project\AI-STRESS-DETECTOR\data\public\emodb\wav\15b03Aa.wav,high,2,speaker_15,test,de,emodb_b03,studio,controlled,An den Wochenenden bin ich jetzt immer nach Hause gefahren und habe Agnes besucht.,emodb_emotion=fear; variation=a,2.6274375,0.14822793006896973,0.07645194977521896,0.24299809336662292,0.16825588876405576,0.17755677361439795,2050.9684901044407,1293.5644971513814,1812.84429464897,387.5288058199785,3894.0996168582374,1914.7430761195471,0.3711462616920471,0.19041167199611664,-8.545804023742676,7.55810546875,3.333132743835449,3.345587968826294,0.9390555620193481,2.4664642810821533,0.768137514591217,0.06972715258598328,-0.4704085886478424,0.26786190271377563,0.522168755531311,0.23177936673164368,-0.39028680324554443,8.21418571472168,6.538093090057373,3.308274507522583,3.1881046295166016,2.1345467567443848,1.8612077236175537,1.8513396978378296,1.5893718004226685,1.6571619510650635,1.37409508228302,1.0688518285751343,1.0513204336166382,0.9752330780029297,0.06764858216047287,0.047845810651779175,-0.02178078517317772,0.010783826000988483,-0.005100770853459835,-0.003395358333364129,-0.008264213800430298,0.0008067500311881304,0.01623048633337021,0.0007564829429611564,0.0009841873543336987,0.003358999500051141,0.005821287631988525,3.981616973876953,2.311680555343628,1.3791321516036987,1.160804271697998,0.8941664695739746,0.8505156636238098,0.7056083679199219,0.6763438582420349,0.671204149723053,0.5691967010498047,0.5527655482292175,0.48856136202812195,0.4748263955116272,140.29436141026264,47.278501525930395,260.3174603174603,0.5823754789272031,0.08790623976634745,0.17278145253658295,0.08812260536398464,0.9118773946360154,0.15958039462566376,0.0702177882194519,2.6641927733771023,-0.05505325645208359
15b03Lc,C:/Project/AI-STRESS-DETECTOR/data/public/emodb/wav/15b03Lc.wav,C:\Project\AI-STRESS-DETECTOR\data\public\emodb\wav\15b03Lc.wav,low,0,speaker_15,test,de,emodb_b03,studio,controlled,An den Wochenenden bin ich jetzt immer nach Hause gefahren und habe Agnes besucht.,emodb_emotion=boredom; variation=c,3.666375,0.11314495652914047,0.08829323947429657,0.2449205070734024,0.09177738867717238,0.1264334230383176,1356.536689690992,970.5400089935947,1510.0728446283754,397.6453379419581,2646.3561643835615,1604.8102808526912,0.24907849729061127,0.15501801669597626,-17.195655822753906,11.616273880004883,2.3773398399353027,3.7405858039855957,-0.020959217101335526,1.9804646968841553,1.0555306673049927,0.0594613179564476,-0.5584539175033569,0.2662566602230072,1.1366273164749146,0.4534318447113037,-0.19616076350212097,13.697751998901367,6.577127456665039,3.251392364501953,2.945254325866699,2.4787447452545166,1.6971633434295654,1.5154948234558105,1.5826678276062012,1.3768590688705444,1.2589911222457886,0.9230760931968689,0.9385397434234619,1.14241623878479,0.0018539219163358212,0.0015270063886418939,-0.0010035880841314793,0.004213498439639807,0.0030670068226754665,-0.0053315903060138226,-0.005814118776470423,-0.008799109607934952,-0.005465133115649223,0.0011237503495067358,-0.0003108661330770701,0.0013090460561215878,0.001819951576180756,3.5730223655700684,2.1230132579803467,1.2754353284835815,0.8758942484855652,0.8905422687530518,0.6831067204475403,0.5845950841903687,0.5792191028594971,0.6185140013694763,0.5285143256187439,0.46976882219314575,0.41625794768333435,0.4159414768218994,134.8089234641291,61.944885785347225,266.66666666666663,0.32602739726027397,0.10210601640931594,0.1485491245985031,0.26027397260273977,0.7397260273972602,0.14708852767944336,0.07800652831792831,3.545736592683509,-0.07959713786840439
15b03Nb,C:/Project/AI-STRESS-DETECTOR/data/public/emodb/wav/15b03Nb.wav,C:\Project\AI-STRESS-DETECTOR\data\public\emodb\wav\15b03Nb.wav,low,0,speaker_15,test,de,emodb_b03,studio,controlled,An den Wochenenden bin ich jetzt immer nach Hause gefahren und habe Agnes besucht.,emodb_emotion=neutral; variation=b,3.2004375,0.10037527978420258,0.07219526171684265,0.20104484260082245,0.10377358490566038,0.13154089900712423,1483.3039365525995,1083.7216302567838,1505.1171175529444,470.78475605786133,2864.6540880503144,1768.272717189716,0.25503474473953247,0.16546253859996796,-17.56464385986328,11.727799415588379,2.2760016918182373,3.936443567276001,-0.2519732415676117,1.6449028253555298,0.7888545393943787,-0.05410836637020111,-0.7203515768051147,0.13380390405654907,1.1997677087783813,0.3942052125930786,-0.27896973490715027,13.50446605682373,7.442569255828857,3.906203031539917,2.936925172805786,2.4000802040100098,2.102022409439087,1.5836626291275024,1.702866792678833,1.4281169176101685,1.579645037651062,0.9844149947166443,0.9179682731628418,1.075242042541504,-0.06823320686817169,0.03981112688779831,0.012244750745594501,-0.007145088631659746,-0.0019574016332626343,0.010180979035794735,0.0007544538239017129,-0.009093578904867172,-0.0012135646538808942,0.0021434593945741653,0.0013209900353103876,0.0014409595169126987,0.0014072769554331899,4.652642250061035,2.5639262199401855,1.5873644351959229,1.0405211448669434,0.9033738970756531,0.8318263292312622,0.6509346961975098,0.761081874370575,0.6972863078117371,0.6683619022369385,0.5674982070922852,0.49864307045936584,0.48420780897140503,135.57554647235054,63.133884064236376,274.33728144388044,0.33962264150943394,0.16918147682342138,0.1819695085287094,0.19182389937106914,0.8081761006289309,0.12128252536058426,0.06445121765136719,1.87474368738649,-0.054571010172367096
15b03Tc,C:/Project/AI-STRESS-DETECTOR/data/public/emodb/wav/15b03Tc.wav,C:\Project\AI-STRESS-DETECTOR\data\public\emodb\wav\15b03Tc.wav,moderate,1,speaker_15,test,de,emodb_b03,studio,controlled,An den Wochenenden bin ich jetzt immer nach Hause gefahren und habe Agnes besucht.,emodb_emotion=sadness; variation=c,5.3410625,0.12176014482975006,0.0987195074558258,0.2597881257534027,0.07225771194904554,0.1331178464873684,1183.2632750535868,1121.4594711666075,1448.442116359579,475.3877283254239,2190.3007518796994,1991.5835841626638,0.21674957871437073,0.1654835194349289,-24.038061141967773,10.054906845092773,3.868650436401367,4.554487228393555,1.467746376991272,2.7467095851898193,1.3498055934906006,0.7909384965896606,-0.19783277809619904,0.7072833180427551,1.1288464069366455,0.5441350936889648,0.17200984060764313,14.294733047485352,6.644857883453369,2.994704246520996,3.226609468460083,2.5880746841430664,1.422166109085083,1.691235065460205,1.4507006406784058,1.5209307670593262,1.3118232488632202,1.0572057962417603,1.0448154211044312,1.0588219165802002,-0.04253597557544708,-0.005663147661834955,0.014991271309554577,0.002769195009022951,-0.005015982780605555,-0.00397642282769084,0.002512593986466527,0.0008798219496384263,0.006480845622718334,0.00552852638065815,0.0003035648842342198,0.0023910184390842915,0.0005661912146024406,4.40169620513916,2.0514729022979736,1.2659040689468384,0.9984927177429199,0.8827953934669495,0.7233916521072388,0.7003155946731567,0.6829479336738586,0.6809858083724976,0.5807573199272156,0.5202150344848633,0.5238116979598999,0.47533005475997925,163.9553878034042,100.15709808361503,265.16007532956684,0.45300751879699247,0.18318254204811807,0.20305338501930237,0.29323308270676696,0.706766917293233,0.16536852717399597,0.08529867231845856,3.1828873000456372,-0.020624563097953796
15b03Wa,C:/Project/AI-STRESS-DETECTOR/data/public/emodb/wav/15b03Wa.wav,C:\Project\AI-STRESS-DETECTOR\data\public\emodb\wav\15b03Wa.wav,severe,3,speaker_15,test,de,emodb_b03,studio,controlled,An den Wochenenden bin ich jetzt immer nach Hause gefahren und habe Agnes besucht.,emodb_emotion=anger; variation=a,3.3629375,0.07466413825750351,0.0774235725402832,0.21388210356235504,0.1668242462443534,0.14775466756973563,2138.152514796596,1072.9936534379865,1758.5856153441796,402.73860859757787,3983.2335329341317,1678.0846186585873,0.3480669856071472,0.1752682328224182,-18.976085662841797,6.884005546569824,-0.4233671724796295,0.7175911664962769,-1.7993204593658447,0.33069026470184326,-1.103495717048645,-0.9983885288238525,-1.4528439044952393,-0.8505826592445374,-0.198695108294487,-0.24276481568813324,-1.2441232204437256,16.140470504760742,5.692543029785156,5.113880634307861,3.8102104663848877,3.930148124694824,2.836738109588623,2.4087111949920654,1.4884542226791382,1.7356055974960327,1.554391622543335,1.1900336742401123,1.2508621215820312,1.5674585103988647,-0.06451023370027542,0.015163378790020943,0.033738404512405396,0.007546509150415659,0.01359877921640873,-0.00506101967766881,0.005113197024911642,0.009201915934681892,-0.001277551637031138,0.0014284170465543866,0.006428403779864311,0.007776102051138878,0.0029939713422209024,4.304963111877441,2.195380210876465,1.5905534029006958,1.1913259029388428,1.1578819751739502,0.9332425594329834,0.7720944285392761,0.6813731789588928,0.7179273962974548,0.5486270785331726,0.5708296298980713,0.5491966605186462,0.5982317924499512,216.023330376267,50.92936207996938,239.6135265700483,0.7065868263473054,0.044158591899808274,0.21238434314727783,0.2305389221556886,0.7694610778443114,0.09451080858707428,0.07792665809392929,2.081513557715539,0.0011213049292564392
15b03Wb,C:/Project/AI-STRESS-DETECTOR/data/public/emodb/wav/15b03Wb.wav,C:\Project\AI-STRESS-DETECTOR\data\public\emodb\wav\15b03Wb.wav,severe,3,speaker_15,test,de,emodb_b03,studio,controlled,An den Wochenenden bin ich jetzt immer nach Hause gefahren und habe Agnes besucht.,emodb_emotion=anger; variation=b,3.021625,0.09336095303297043,0.08981440216302872,0.23549139499664307,0.16874686716791978,0.13290049860739042,2165.5934513136817,977.2725580049691,1809.0815563191081,403.35285465804066,4178.8,1481.8991958519534,0.36580032110214233,0.16005240380764008,-16.371540069580078,7.322946548461914,-0.1483404040336609,0.34069007635116577,-1.9473071098327637,0.4667176902294159,-1.2951282262802124,-0.8032385110855103,-1.452222228050232,-1.092552661895752,-0.17905959486961365,-0.18165718019008636,-1.42655348777771,17.36603355407715,5.323543548583984,5.152453899383545,3.048200845718384,3.2192044258117676,2.826180934906006,2.4725775718688965,1.4625346660614014,1.6553839445114136,1.4571119546890259,1.1623754501342773,1.4328256845474243,1.3693180084228516,3.173828008584678e-05,0.0052159992046654224,0.017636151984333992,0.01084178313612938,-0.00798320583999157,-0.0009918351424857974,0.00456080911681056,0.004507576581090689,0.0064657824113965034,-0.0063439360819756985,0.012382937595248222,0.006218197289854288,-0.00438837893307209,4.7186689376831055,2.092087984085083,1.6410794258117676,1.1617025136947632,1.1446771621704102,0.8955989480018616,0.815598726272583,0.7059958577156067,0.7239805459976196,0.6201327443122864,0.600292444229126,0.6170817613601685,0.5971695780754089,206.27807818540296,47.9804019158969,247.44744744744742,0.7133333333333334,0.047354057337072944,0.23526929318904877,0.20666666666666667,0.7933333333333333,0.115691639482975,0.08798631280660629,1.6547387581185622,-0.017381206154823303
15b09Ac,C:/Project/AI-STRESS-DETECTOR/data/public/emodb/wav/15b09Ac.wav,C:\Project\AI-STRESS-DETECTOR\data\public\emodb\wav\15b09Ac.wav,high,2,speaker_15,test,de,emodb_b09,studio,controlled,Ich will das eben wegbringen und dann mit Karl was trinken gehen.,emodb_emotion=fear; variation=c,2.41875,0.10390744358301163,0.07266706973314285,0.19703075289726257,0.13755221386800331,0.16897407271131665,1846.929982107752,1193.9211121227033,1670.7243368573445,350.4077797591314,3472.3333333333335,1631.0021118591137,0.3174595534801483,0.16118863224983215,-15.422018051147461,8.828943252563477,1.9822609424591064,4.158186912536621,0.9984180331230164,-0.08934230357408524,-1.262207269668579,-0.7273426055908203,-0.9078162908554077,-0.37097424268722534,0.39510446786880493,-0.027316244319081306,-0.6192827224731445,14.818624496459961,7.139681339263916,3.2183518409729004,3.643308162689209,2.1388814449310303,2.4261982440948486,1.6601626873016357,1.616898775100708,1.7933722734451294,1.5318901538848877,0.9210944771766663,1.0076684951782227,1.3576691150665283,-0.08550017327070236,0.013240710832178593,0.025744324550032616,-0.01197075005620718,0.010636523365974426,-0.0014131704811006784,0.0034761587157845497,-0.00263576814904809,-0.00439763069152832,0.013106001541018486,0.0019147639395669103,-0.0016499459743499756,-0.0009650597930885851,5.585293292999268,2.325802803039551,1.718743085861206,1.1242961883544922,1.0038113594055176,0.9446284174919128,0.805409848690033,0.6546013951301575,0.660765528678894,0.6383760571479797,0.4856986105442047,0.5129415392875671,0.5602092146873474,162.33902745248932,39.63315336688375,257.39604635310155,0.65,0.05957202566057787,0.22253213822841644,0.1875,0.8125,0.12507693469524384,0.0639013797044754,3.3074935400516794,0.00016221404075622559
15b09Fa,C:/Project/AI-STRESS-DETECTOR/data/public/emodb/wav/15b09Fa.wav,C:\Project\AI-STRESS-DETECTOR\data\public\emodb\wav\15b09Fa.wav,moderate,1,speaker_15,test,de,emodb_b09,studio,controlled,Ich will das eben wegbringen und dann mit Karl was trinken gehen.,emodb_emotion=happiness; variation=a,2.4509375,0.05619555711746216,0.055771250277757645,0.13182269036769867,0.1469517414936518,0.15363843726754037,1964.38528796956,1128.14572803168,1676.9836779754276,338.4575144265014,3682.962962962963,1564.9003263946456,0.3266124725341797,0.16309094429016113,-24.06812858581543,7.891658306121826,0.12734900414943695,3.6084365844726562,0.028105927631258965,-0.9435547590255737,-1.4839508533477783,-0.9919837713241577,-1.1620973348617554,-0.6053608655929565,0.18658007681369781,-0.34911927580833435,-0.7122661471366882,18.887786865234375,6.223066806793213,4.082526206970215,4.326525688171387,2.2364418506622314,2.518470048904419,1.800080418586731,1.9275485277175903,1.9161207675933838,1.5307806730270386,1.3834567070007324,1.293400764465332,1.3319603204727173,-0.017984138801693916,-0.003852393012493849,0.02197815105319023,-0.0006384928128682077,-0.003809876972809434,0.006991158705204725,0.005871552973985672,0.00831427238881588,0.003124508773908019,-0.00018019735580310225,0.012516378425061703,0.0012709711445495486,0.0009810718474909663,6.589982986450195,2.2088067531585693,1.666513442993164,1.1279220581054688,0.8640491962432861,0.9135136604309082,0.7807422280311584,0.7238083481788635,0.7074047923088074,0.6032975912094116,0.579264760017395,0.545562207698822,0.4924856126308441,212.4629300527671,58.396936018864764,266.17008069522035,0.5802469135802469,0.08733055823257231,0.24753861129283905,0.30452674897119336,0.6954732510288066,0.07767731696367264,0.054225385189056396,3.6720642611245693,-0.03213602676987648
15b09La,C:/Project/AI-STRESS-DETECTOR/data/public/emodb/wav/15b09La.wav,C:\Project\AI-STRESS-DETECTOR\data\public\emodb\wav\15b09La.wav,low,0,speaker_15,test,de,emodb_b09,studio,controlled,Ich will das eben wegbringen und dann mit Karl was trinken gehen.,emodb_emotion=boredom; variation=a,3.21775,0.08043012768030167,0.06652259081602097,0.16913479566574097,0.0913533834586466,0.12450469074991126,1432.1840671006696,1041.293976734862,1535.420047569857,465.9261928786574,2881.125,1794.2613339129282,0.2798535227775574,0.2003769427537918,-21.714200973510742,11.22148609161377,1.8794523477554321,4.996439456939697,1.4481443166732788,0.9769119024276733,0.3296363949775696,0.07653455436229706,-0.5930821299552917,0.32850632071495056,0.9958207011222839,0.23661991953849792,-0.22265227138996124,12.759653091430664,6.698558330535889,2.8171136379241943,2.477025032043457,2.0577921867370605,1.8412030935287476,1.2687827348709106,1.640962839126587,1.3046544790267944,1.3486377000808716,1.0654340982437134,1.0174444913864136,0.9360740780830383,0.007968762889504433,-0.012772698886692524,0.0009276032214984298,-0.005063344724476337,-0.009139494970440865,-0.014185759238898754,-0.01000988483428955,0.0007165089482441545,-0.0026855613104999065,-0.005101015325635672,-0.004735038615763187,0.0018082049209624529,0.004277338739484549,4.33788537979126,2.0245115756988525,1.2778105735778809,0.7981306314468384,0.7612020969390869,0.7139686346054077,0.6022830605506897,0.6216279864311218,0.5435231924057007,0.525894820690155,0.4578110873699188,0.426465779542923,0.409158319234848,131.19255406460067,48.35906574277489,273.08132875143184,0.321875,0.09986478788227596,0.14491724967956543,0.28125,0.71875,0.10815746337175369,0.05832268297672272,2.7969854712143576,-0.04863858222961426
15b09Nb,C:/Project/AI-STRESS-DETECTOR/data/public/emodb/wav/15b09Nb.wav,C:\Project\AI-STRESS-DETECTOR\data\public\emodb\wav\15b09Nb.wav,low,0,speaker_15,test,de,emodb_b09,studio,controlled,Ich will das eben wegbringen und dann mit Karl was trinken gehen.,emodb_emotion=neutral; variation=b,2.452375,0.08001787215471268,0.06318463385105133,0.1691012978553772,0.08927668966655321,0.13562236334004102,1365.4647551200053,1128.0403055403547,1426.160723926115,355.1930550684429,2596.872427983539,1680.4026842564388,0.22277358174324036,0.15098077058792114,-21.741315841674805,11.165916442871094,1.465937852859497,6.0550923347473145,1.1198081970214844,1.1421592235565186,-0.13241222500801086,0.05579520761966705,-0.08418767154216766,0.27804815769195557,1.3589086532592773,0.4942000210285187,0.07466763257980347,15.789424896240234,7.020971775054932,3.9927334785461426,3.1659295558929443,2.0964298248291016,1.842983365058899,1.4820467233657837,1.8448750972747803,1.5154359340667725,1.5099637508392334,0.9328145384788513,0.8674941062927246,1.0768020153045654,0.004234110005199909,-0.003838201519101858,-0.009138759225606918,-0.014151690527796745,-0.004456424154341221,-0.0028844184707850218,-0.007427271921187639,-0.004059403203427792,-0.004318694584071636,-0.003991073928773403,-0.006519448012113571,-0.001206762040965259,0.004368767142295837,5.219642162322998,2.4227867126464844,1.6791805028915405,1.080403208732605,0.934008002281189,0.7905876636505127,0.6758309006690979,0.6535266637802124,0.6424750089645386,0.5551354885101318,0.4963245689868927,0.4274599850177765,0.4662489891052246,162.19376185339794,99.64728212470318,271.34502923976606,0.23045267489711935,0.48716345252406024,0.21409645676612854,0.18518518518518523,0.8148148148148148,0.09540252387523651,0.06014566123485565,2.446607880116214,-0.03442176431417465
15b09Ta,C:/Project/AI-STRESS-DETECTOR/data/public/emodb/wav/15b09Ta.wav,C:\Project\AI-STRESS-DETECTOR\data\public\emodb\wav\15b09Ta.wav,moderate,1,speaker_15,test,de,emodb_b09,studio,controlled,Ich will das eben wegbringen und dann mit Karl was trinken gehen.,emodb_emotion=sadness; variation=a,4.01575,0.10717517882585526,0.08905866742134094,0.22804340720176697,0.08117167919799499,0.13499183673797482,1314.611435021208,1106.743018977106,1485.3206213545034,478.96135439763697,2565.6,1886.5144155293378,0.2388024926185608,0.17159880697727203,-23.29633331298828,10.58814811706543,3.013181686401367,5.822740077972412,1.7488164901733398,1.8824810981750488,0.22593407332897186,0.203745499253273,-0.5150347948074341,0.09008331596851349,1.2327079772949219,0.45099446177482605,-0.06960125267505646,15.378110885620117,7.384797096252441,3.3108479976654053,3.0909221172332764,1.8855551481246948,1.7388100624084473,1.5059973001480103,1.7990212440490723,1.3777257204055786,1.5975611209869385,0.9220932722091675,1.0489990711212158,0.9668770432472229,0.013252368196845055,-0.018764033913612366,-0.009143194183707237,0.009324799291789532,0.008727829903364182,0.006024020258337259,-0.006407047621905804,-0.0053093875758349895,-0.00513552175834775,-0.0022796927951276302,0.005511782132089138,-0.005827372893691063,0.00017399548960383981,4.992105960845947,2.198989152908325,1.4446969032287598,1.0068671703338623,0.7686398029327393,0.7631999254226685,0.6670520305633545,0.6243785619735718,0.5528144836425781,0.5489274859428406,0.4733157753944397,0.44485604763031006,0.4218357503414154,130.9033565171011,58.30862976559401,269.5340501792115,0.43,0.14366010384161304,0.1818113923072815,0.2825,0.7175,0.14518611133098602,0.07695498317480087,3.2372533150719045,0.002156972885131836
15b09Wb,C:/Project/AI-STRESS-DETECTOR/data/public/emodb/wav/15b09Wb.wav,C:\Project\AI-STRESS-DETECTOR\data\public\emodb\wav\15b09Wb.wav,severe,3,speaker_15,test,de,emodb_b09,studio,controlled,Ich will das eben wegbringen und dann mit Karl was trinken gehen.,emodb_emotion=anger; variation=b,2.655875,0.05392682924866676,0.05747750774025917,0.1316545009613037,0.17882775119617225,0.16584063549813235,2235.762484128653,1118.605357229458,1768.739623409925,352.3246072363368,4126.666666666667,1524.1225327871427,0.377356618642807,0.1616867333650589,-23.261140823364258,6.341867923736572,0.0501757375895977,3.1136183738708496,-0.156696155667305,-0.7161306738853455,-1.842956304550171,-0.19383153319358826,-1.496970772743225,-0.7377834916114807,-0.00911583099514246,-0.37361156940460205,-0.7703725695610046,19.410144805908203,6.160947799682617,4.440967559814453,3.6746602058410645,2.6808159351348877,2.7032289505004883,1.9679181575775146,1.3027331829071045,2.0154166221618652,1.3030078411102295,1.048819899559021,1.2576359510421753,1.298559546470642,-0.002687945496290922,-0.003989086020737886,-0.0014046755386516452,-0.0043561095371842384,-0.006812790874391794,0.0015888530761003494,-0.0010784557089209557,-0.002553998026996851,-0.0012945695780217648,-0.005503211636096239,-0.008356107398867607,-0.0011820404324680567,-0.0001242386642843485,6.086566925048828,2.276237964630127,1.7053242921829224,1.1719063520431519,0.9201260805130005,0.9565762877464294,0.7657613754272461,0.5896724462509155,0.6852309703826904,0.5876901745796204,0.5197393894195557,0.5334120392799377,0.5419354438781738,204.21749809576704,46.22674698743381,227.74947557686545,0.5946969696969697,0.04941227587690487,0.23598183691501617,0.33333333333333337,0.6666666666666666,0.07703885436058044,0.05773216485977173,3.388713700757754,0.006073314696550369
15b10Ac,C:/Project/AI-STRESS-DETECTOR/data/public/emodb/wav/15b10Ac.wav,C:\Project\AI-STRESS-DETECTOR\data\public\emodb\wav\15b10Ac.wav,high,2,speaker_15,test,de,emodb_b10,studio,controlled,"Die wird auf dem Platz sein, wo wir sie immer hinlegen.",emodb_emotion=fear; variation=c,2.0220625,0.09296175092458725,0.06809236854314804,0.1748063713312149,0.13548872180451127,0.15246268089238366,1951.8970980650797,1098.8784339162892,1775.2346710364927,394.24010357136655,3781.8,1661.964127170018,0.3503810167312622,0.1663094162940979,-14.8277587890625,8.406270980834961,1.6938748359680176,3.499765396118164,0.6732836365699768,-0.6074073314666748,-1.495959758758545,-0.9584119915962219,-1.1497893333435059,-0.6986967325210571,-0.42664191126823425,0.15559494495391846,-1.0677987337112427,12.989940643310547,5.721820831298828,3.765402317047119,3.8158812522888184,2.230964183807373,2.018864870071411,1.7887908220291138,1.708802342414856,1.271928310394287,1.4569556713104248,1.2926303148269653,1.1505041122436523,1.313338041305542,-0.08995682001113892,-0.015184717252850533,0.016061851754784584,-0.014682406559586525,-0.0031940890476107597,0.0002525377203710377,-0.002174472901970148,0.008597280830144882,-0.013706512749195099,-0.009949668310582638,0.014505039900541306,0.002963413018733263,-0.011153597384691238,4.3615593910217285,2.113647222518921,1.5379228591918945,1.1239374876022339,0.8549017310142517,0.8186972737312317,0.7224429845809937,0.6916986107826233,0.7213189005851746,0.6044944524765015,0.5376797914505005,0.5163546800613403,0.5823658108711243,194.82984239747955,40.9503801570418,213.03258145363407,0.775,0.06429039888610061,0.22517716884613037,0.19499999999999995,0.805,0.11164813488721848,0.0628228411078453,3.956356442988285,0.007571578025817871
15b10Lc,C:/Project/AI-STRESS-DETECTOR/data/public/emodb/wav/15b10Lc.wav,C:\Project\AI-STRESS-DETECTOR\data\public\emodb\wav\15b10Lc.wav,low,0,speaker_15,test,de,emodb_b10,studio,controlled,"Die wird auf dem Platz sein, wo wir sie immer hinlegen.",emodb_emotion=boredom; variation=c,2.467625,0.13444754481315613,0.08868388831615448,0.2559633255004883,0.08490614290829114,0.13605991721339886,1366.840303465278,1124.914351340414,1493.7606761415152,464.7866206891153,2676.081632653061,1804.4980514885312,0.2430652529001236,0.16255109012126923,-16.127216339111328,11.72403621673584,2.9121670722961426,5.4869279861450195,1.061328411102295,0.9509853720664978,0.15188564360141754,-0.17884843051433563,-0.43672889471054077,0.3602050840854645,0.8175455927848816,0.4902559220790863,-0.1261540949344635,13.187949180603027,6.734078407287598,3.0191073417663574,3.2418015003204346,1.9451321363449097,1.5861468315124512,1.391932725906372,1.5839091539382935,1.0467270612716675,1.368617296218872,0.9958151578903198,0.9518755674362183,1.0357081890106201,0.049484096467494965,-0.005396006163209677,-0.001060265931300819,0.00978169497102499,-0.0002124942111549899,-0.012836712412536144,-0.009132426232099533,0.005356080364435911,-0.01091738510876894,-0.0063794744201004505,-0.0031861562747508287,-0.006491777952760458,-0.004768175072968006,3.8284451961517334,2.179333448410034,1.1967905759811401,0.8459488153457642,0.7711308598518372,0.6776807308197021,0.561225414276123,0.5757628083229065,0.5065354108810425,0.5094860792160034,0.4654376804828644,0.4709273874759674,0.4129925072193146,145.7082678193309,74.8796814642067,269.5340501792115,0.3020408163265306,0.1565432364149318,0.14424660801887512,0.16326530612244894,0.8367346938775511,0.15838706493377686,0.0766201987862587,1.620991844384783,-0.053658805787563324
15b10Nb,C:/Project/AI-STRESS-DETECTOR/data/public/emodb/wav/15b10Nb.wav,C:\Project\AI-STRESS-DETECTOR\data\public\emodb\wav\15b10Nb.wav,low,0,speaker_15,test,de,emodb_b10,studio,controlled,"Die wird auf dem Platz sein, wo wir sie immer hinlegen.",emodb_emotion=neutral; variation=b,2.21325,0.1251627653837204,0.07488635927438736,0.22918443381786346,0.07210949748801226,0.11616590203503589,1272.230778885633,1020.4851821982793,1469.1831080946304,409.8344090906897,2538.4474885844747,1617.2956063418892,0.21984776854515076,0.13988250494003296,-16.457277297973633,11.844244956970215,2.5208330154418945,6.457733154296875,1.1184388399124146,0.9478165507316589,0.2367156744003296,-0.20209893584251404,-0.14560039341449738,-0.06460890173912048,0.8071327805519104,0.4278107285499573,-0.1733303964138031,13.503488540649414,6.075865268707275,3.6360440254211426,3.106828451156616,1.9460139274597168,1.5895582437515259,1.437432885169983,1.7682169675827026,1.13091242313385,1.5605076551437378,1.0125694274902344,0.8431487679481506,0.9370912313461304,0.020711541175842285,-0.0022080696653574705,-0.007319891359657049,-0.002513272687792778,-0.00390809029340744,0.007321235723793507,0.008606472983956337,-0.0020485338754951954,-0.00631630839779973,0.006588531192392111,-5.5640801292611286e-05,-0.004371702205389738,0.008564401417970657,4.5673298835754395,2.224479913711548,1.4850283861160278,0.9794490337371826,0.8506419062614441,0.7395212054252625,0.5834298729896545,0.6355181336402893,0.5793782472610474,0.5690522789955139,0.5034206509590149,0.42818453907966614,0.4227818250656128,116.84789818821967,48.47035608610016,272.65400115141045,0.3378995433789954,0.17221969663580752,0.1466078758239746,0.182648401826484,0.817351598173516,0.1485264003276825,0.061984337866306305,3.162769682593471,-0.006723292171955109
15b10Nc,C:/Project/AI-STRESS-DETECTOR/data/public/emodb/wav/15b10Nc.wav,C:\Project\AI-STRESS-DETECTOR\data\public\emodb\wav\15b10Nc.wav,low,0,speaker_15,test,de,emodb_b10,studio,controlled,"Die wird auf dem Platz sein, wo wir sie immer hinlegen.",emodb_emotion=neutral; variation=c,2.20275,0.10782010853290558,0.07171392440795898,0.19382502138614655,0.06858890345128878,0.10077360115835624,1314.9279434996804,906.5524063355846,1517.0622925123616,388.53763760724945,2791.1926605504586,1510.3494490662604,0.2364267110824585,0.14529791474342346,-18.04038429260254,11.749018669128418,2.381044626235962,6.444175720214844,0.840124785900116,0.6908392906188965,-0.010642996989190578,-0.623458743095398,-0.1821170449256897,-0.05837269127368927,0.8783066272735596,0.562243640422821,-0.29656922817230225,14.584515571594238,5.319036483764648,3.4490244388580322,2.930215835571289,2.04049015045166,1.5680031776428223,1.465072512626648,2.025895118713379,1.2040796279907227,1.5377066135406494,1.0451194047927856,0.9042323231697083,1.0513468980789185,0.021410075947642326,-0.0033676689490675926,-0.0013151448220014572,0.00552805420011282,0.0012321537360548973,-0.010014161467552185,-0.00212589418515563,3.0681629141326994e-05,-0.00361027498729527,-0.0015542857581749558,0.0016835632268339396,-0.0007993934559635818,-0.0005506309680640697,5.200096130371094,2.2908740043640137,1.5673924684524536,0.9451226592063904,0.8650254607200623,0.706716001033783,0.5615487098693848,0.697517991065979,0.6466062664985657,0.5307958722114563,0.5514094829559326,0.48867180943489075,0.4833261966705322,125.84356631107592,53.82147440970696,264.1269841269841,0.3577981651376147,0.14913978428672087,0.18653714656829834,0.2018348623853211,0.7981651376146789,0.13191302120685577,0.05954514816403389,2.723867892407218,-0.009935982525348663
15b10Wa,C:/Project/AI-STRESS-DETECTOR/data/public/emodb/wav/15b10Wa.wav,C:\Project\AI-STRESS-DETECTOR\data\public\emodb\wav\15b10Wa.wav,severe,3,speaker_15,test,de,emodb_b10,studio,controlled,"Die wird auf dem Platz sein, wo wir sie immer hinlegen.",emodb_emotion=anger; variation=a,2.63375,0.07848469167947769,0.06658390909433365,0.16704371571540833,0.1627248197121155,0.129765966770348,2206.7321617844555,921.2249786682955,1815.0699078727048,368.08046375129834,4216.551724137931,1466.7279200267228,0.35653290152549744,0.14895613491535187,-17.91290855407715,5.911746978759766,-0.7974740266799927,2.01556658744812,-1.058282732963562,-2.024770975112915,-2.5581507682800293,-0.747945249080658,-2.409982681274414,-1.1409441232681274,-0.4961667060852051,-0.5673415064811707,-1.2977688312530518,17.98604393005371,5.2116804122924805,4.721532821655273,3.4222769737243652,2.5720138549804688,2.6916189193725586,2.310492992401123,1.779224157333374,1.8562613725662231,1.4006718397140503,1.4485342502593994,1.326417326927185,1.2154779434204102,0.003644278272986412,-0.000805184303317219,0.003106824355199933,0.0011731440899893641,0.007802164647728205,0.006445426028221846,-0.0018079673172906041,-0.00817861594259739,-0.004064393695443869,-0.0013779361033812165,-0.0020723133347928524,-0.003524568397551775,-0.0035608788020908833,4.607263088226318,1.8031156063079834,1.597333312034607,0.9751222729682922,0.8892370462417603,0.8189710378646851,0.743144154548645,0.6488210558891296,0.6774288415908813,0.5967332720756531,0.5628779530525208,0.5558121800422668,0.5043964982032776,231.1904638770935,43.28379210019442,231.52454780361757,0.7471264367816092,0.05176850012435384,0.21292370557785034,0.24521072796934862,0.7547892720306514,0.10120581835508347,0.06127191707491875,2.6578073089700998,0.022002555429935455
16a01Ec,C:/Project/AI-STRESS-DETECTOR/data/public/emodb/wav/16a01Ec.wav,C:\Project\AI-STRESS-DETECTOR\data\public\emodb\wav\16a01Ec.wav,high,2,speaker_16,test,de,emodb_a01,studio,controlled,Der Lappen liegt auf dem Eisschrank.,emodb_emotion=disgust; variation=c,2.4304375,0.11415328085422516,0.09666012227535248,0.244602769613266,0.17193398433843946,0.14575838774982333,2015.675195813832,1092.3517531568637,1578.6169776909537,417.5535439395145,3629.2116182572613,1686.5343559029416,0.33470407128334045,0.1968584656715393,-15.80990219116211,7.749709606170654,-2.1347579956054688,1.6738190650939941,-1.0653009414672852,-0.9566495418548584,-3.2846102714538574,-0.8972811698913574,-1.399023175239563,-0.3702382743358612,-0.1434904932975769,-1.1506333351135254,-0.7560269832611084,16.170543670654297,7.854215621948242,3.999680280685425,3.0570504665374756,2.045942544937134,2.342557430267334,2.6893911361694336,1.5878276824951172,2.0349249839782715,1.6091511249542236,1.1249024868011475,1.4277963638305664,1.622766375541687,0.002006356604397297,0.0010828180238604546,-0.012321277521550655,-0.02015613205730915,-0.01049010083079338,0.01647908426821232,0.004691519774496555,0.009176560677587986,5.3302874221117236e-06,-0.00010262089926982298,-0.014329315163195133,-0.005476587451994419,0.011632845737040043,4.963935375213623,1.9454760551452637,1.4694432020187378,0.8688191771507263,0.7468345165252686,0.7963539958000183,0.8510855436325073,0.6692157983779907,0.6803390383720398,0.595372200012207,0.5335149765014648,0.5167635679244995,0.5133786201477051,241.11980764273056,49.91425624981296,274.4315915436777,0.6348547717842323,0.05620731589711771,0.17631317675113678,0.24896265560165975,0.7510373443983402,0.14849725365638733,0.08760198205709457,2.468691336436341,0.030306339263916016
16a01Fc,C:/Project/AI-STRESS-DETECTOR/data/public/emodb/wav/16a01Fc.wav,C:\Project\AI-STRESS-DETECTOR\data\public\emodb\wav\16a01Fc.wav,moderate,1,speaker_16,test,de,emodb_a01,studio,controlled,Der Lappen liegt auf dem Eisschrank.,emodb_emotion=happiness; variation=c,2.096375,0.07925602048635483,0.06802194565534592,0.17721247673034668,0.18488529014844804,0.16424012105913963,2310.4468815125974,1048.6738507979715,1730.6362981285697,349.32836262491975,4170.192307692308,1368.1922244398816,0.3513340950012207,0.1749652475118637,-19.07867431640625,3.8566713333129883,-3.062448740005493,1.3552935123443604,-2.3267476558685303,-0.6581453680992126,-1.8094992637634277,-0.8710876703262329,-1.0342987775802612,-0.45764589309692383,0.29171884059906006,0.7234811782836914,0.7316926717758179,15.716386795043945,5.990992546081543,5.618861198425293,3.4006032943725586,2.821700096130371,2.652993679046631,2.589005708694458,1.6817030906677246,2.1102123260498047,1.5608553886413574,1.427127480506897,1.8836034536361694,1.77449631690979,-0.012397362850606441,0.003549027955159545,-0.009258116595447063,-0.011574351228773594,0.004845811985433102,-0.011431231163442135,0.0036710454151034355,-0.005315254908055067,0.004852324724197388,0.0112228412181139,0.00374366226606071,-0.006909292656928301,-0.000404270802391693,4.843882083892822,1.5623890161514282,1.797453761100769,1.0866351127624512,0.9199622273445129,0.9791002869606018,0.830005943775177,0.6603161096572876,0.7476677894592285,0.5735803842544556,0.6479914784431458,0.6793872117996216,0.6667289137840271,272.47122057527844,63.885584739616284,171.64750957854406,0.6682692307692307,0.07419968441709272,0.21226045489311218,0.22596153846153844,0.7740384615384616,0.10030074417591095,0.06330599635839462,2.3850694651481725,-0.004678018391132355
16a01Lb,C:/Project/AI-STRESS-DETECTOR/data/public/emodb/wav/16a01Lb.wav,C:\Project\AI-STRESS-DETECTOR\data\public\emodb\wav\16a01Lb.wav,low,0,speaker_16,test,de,emodb_a01,studio,controlled,Der Lappen liegt auf dem Eisschrank.,emodb_emotion=boredom; variation=b,2.0335625,0.06600432097911835,0.07453729957342148,0.15830253064632416,0.17866806319280787,0.1406901649149395,2120.3369903122643,1014.3909999072808,1636.4798833593595,276.2880234403404,3967.7611940298507,1312.7205667069024,0.29718875885009766,0.1727638989686966,-21.19953155517578,7.305682182312012,-0.8336837291717529,4.66962194442749,-2.9101450443267822,0.41082489490509033,-3.28891921043396,-0.12206823378801346,-0.2809155583381653,0.500102162361145,-0.47027695178985596,-1.2189908027648926,-0.14421391487121582,14.578081130981445,7.051833152770996,4.414597511291504,2.9121124744415283,2.8966193199157715,2.252657890319824,2.4430596828460693,1.80274498462677,1.893232822418213,1.8038077354431152,1.4042729139328003,1.6513499021530151,1.0265699625015259,0.018736274912953377,0.03266351670026779,-0.01485147513449192,-0.010326869785785675,-0.007924188859760761,-0.004677478224039078,-0.006440537516027689,-0.0036798317451030016,-0.00029703040490858257,-0.0027229192201048136,-0.0051084039732813835,-0.01241983100771904,-0.004781736060976982,4.312030792236328,2.2179770469665527,1.5803202390670776,1.0173243284225464,1.046302080154419,0.7012296915054321,0.7460653781890869,0.7016347050666809,0.6162024736404419,0.4881504774093628,0.5044496059417725,0.5340151786804199,0.465389609336853,211.18524047557548,55.67351504491905,206.34293986050798,0.6169154228855721,0.042808251841991954,0.1870960295200348,0.3084577114427861,0.6915422885572139,0.0918116495013237,0.07653956115245819,3.442234994006823,-0.07443848997354507
16a01Nc,C:/Project/AI-STRESS-DETECTOR/data/public/emodb/wav/16a01Nc.wav,C:\Project\AI-STRESS-DETECTOR\data\public\emodb\wav\16a01Nc.wav,low,0,speaker_16,test,de,emodb_a01,studio,controlled,Der Lappen liegt auf dem Eisschrank.,emodb_emotion=neutral; variation=c,1.7719375,0.10105320811271667,0.08465876430273056,0.24038897454738617,0.16081632653061223,0.1558004994674141,1986.1545289149594,1184.9756623446697,1631.7512563064256,418.26783441805065,3747.657142857143,1690.5879609998267,0.3215644955635071,0.19410547614097595,-16.796554565429688,8.717915534973145,0.2787468731403351,3.7908823490142822,-1.6824744939804077,1.3780865669250488,-1.851689100265503,-0.5381328463554382,-0.9974802732467651,0.44016197323799133,0.10509587079286575,-0.7248993515968323,-0.6260949969291687,14.811023712158203,7.760373115539551,3.7912240028381348,3.0145299434661865,2.3138587474823,2.3483726978302,2.50087833404541,1.6663851737976074,1.8137134313583374,1.7544472217559814,1.2979066371917725,1.4438598155975342,1.2949260473251343,0.040093984454870224,0.00609523756429553,-0.012820085510611534,-0.0012177085736766458,0.0024704933166503906,0.011071516200900078,0.011328482069075108,-0.002765889745205641,0.00955218356102705,0.03563909977674484,0.008126788772642612,-0.0027587823569774628,0.0012402309803292155,4.978940963745117,2.245058536529541,1.657525658607483,1.2048836946487427,1.017187237739563,0.8786202669143677,0.9186438322067261,0.7520772218704224,0.7069647312164307,0.6345181465148926,0.5877103805541992,0.5645506978034973,0.5394635200500488,189.51049262173234,41.95038129111811,227.74947557686545,0.5942857142857143,0.08191227223153097,0.14724229276180267,0.29714285714285715,0.7028571428571428,0.13861432671546936,0.07354038208723068,2.821769955204402,-0.05057992786169052
16a01Tb,C:/Project/AI-STRESS-DETECTOR/data/public/emodb/wav/16a01Tb.wav,C:\Project\AI-STRESS-DETECTOR\data\public\emodb\wav\16a01Tb.wav,moderate,1,speaker_16,test,de,emodb_a01,studio,controlled,Der Lappen liegt auf dem Eisschrank.,emodb_emotion=sadness; variation=b,2.6075625,0.06640815734863281,0.07578431814908981,0.18708200752735138,0.13049999516164928,0.14379556539549804,1897.977614122845,1016.0986714020928,1827.2911364845029,383.0033592078753,3918.610038610039,1599.6074562070785,0.37230491638183594,0.16161565482616425,-23.61020851135254,6.882998943328857,1.3964605331420898,3.8861989974975586,0.7130172252655029,1.828839659690857,-0.6618847846984863,-0.32023242115974426,-0.28313153982162476,0.5591183304786682,0.14264115691184998,-1.0424329042434692,-0.4487730860710144,12.701177597045898,5.950469493865967,2.688523292541504,2.2272789478302,1.6869627237319946,1.3567501306533813,1.8511173725128174,1.7160320281982422,2.0470023155212402,1.3359044790267944,1.3511366844177246,1.5846654176712036,1.3200688362121582,0.008215289562940598,-0.0011497262166813016,-0.002207218436524272,0.0062716808170080185,-0.00529166916385293,-0.00700359744951129,0.0011917605297639966,0.002714606234803796,0.007227711845189333,5.697007509297691e-05,0.002780989743769169,0.007724824361503124,0.004204381722956896,4.112830638885498,1.6677671670913696,1.1683939695358276,0.8793588280677795,0.7897288203239441,0.6917484998703003,0.6997255086898804,0.5984913110733032,0.6466634273529053,0.5310782194137573,0.519885241985321,0.5880592465400696,0.4543136954307556,199.9988490507514,31.61459755044665,254.40402653854954,0.444015444015444,0.06119348730898317,0.2513245642185211,0.4054054054054054,0.5945945945945946,0.10494467616081238,0.07735123485326767,3.834999161093934,-0.0036964192986488342
16a01Wb,C:/Project/AI-STRESS-DETECTOR/data/public/emodb/wav/16a01Wb.wav,C:\Project\AI-STRESS-DETECTOR\data\public\emodb\wav\16a01Wb.wav,severe,3,speaker_16,test,de,emodb_a01,studio,controlled,Der Lappen liegt auf dem Eisschrank.,emodb_emotion=anger; variation=b,2.199875,0.0740405023097992,0.08076199889183044,0.20133817195892334,0.23645121979260078,0.15007127680329846,2605.892529338981,966.1257945083337,1668.2205589417708,356.36609815810334,4478.165137614679,1151.151131197815,0.34215784072875977,0.17327581346035004,-23.097131729125977,1.742141842842102,-4.877570152282715,1.287746548652649,-3.6634459495544434,0.140621155500412,-1.9091482162475586,-0.8198334574699402,-1.2882827520370483,-0.6669117212295532,-0.08103577047586441,-0.3603549301624298,0.5437526702880859,17.295854568481445,6.946110725402832,7.017899990081787,2.733952045440674,3.325143575668335,2.99067759513855,2.920884609222412,1.9644099473953247,1.7471116781234741,1.6939046382904053,1.4113562107086182,1.8046451807022095,1.7407398223876953,-0.0020251667592674494,-0.0012839912669733167,0.00487208366394043,-0.0011723380303010345,0.018392059952020645,0.020617561414837837,-0.01733836904168129,0.0023543485440313816,0.01342758908867836,0.019516024738550186,0.0030304943211376667,0.012234052643179893,0.008067472837865353,4.833198070526123,1.869266390800476,1.890028953552246,1.0746781826019287,1.2016606330871582,1.0468095541000366,0.9233632683753967,0.6922556757926941,0.65763920545578,0.7008131146430969,0.6500852704048157,0.5699590444564819,0.6179662942886353,273.5227776589415,57.38143287465483,233.41815097540285,0.5504587155963303,0.07561370792683463,0.21360930800437927,0.3486238532110092,0.6513761467889908,0.11068516224622726,0.07840334624052048,2.727427694755384,0.037203267216682434
16a02Ea,C:/Project/AI-STRESS-DETECTOR/data/public/emodb/wav/16a02Ea.wav,C:\Project\AI-STRESS-DETECTOR\data\public\emodb\wav\16a02Ea.wav,high,2,speaker_16,test,de,emodb_a02,studio,controlled,Das will sie am Mittwoch abgeben.,emodb_emotion=disgust; variation=a,2.9485,0.07826125621795654,0.0779496431350708,0.19686929881572723,0.16833038226966732,0.16023733655788952,2183.3847644062434,1111.1451533066302,1790.9027938374822,460.0549960793701,4016.518771331058,1830.4829265874573,0.3848155736923218,0.21342408657073975,-23.3148250579834,6.31023645401001,-1.0526000261306763,1.5018471479415894,-0.3545285165309906,-1.505043864250183,-2.4637210369110107,-1.5033800601959229,-1.696969747543335,-0.5228495597839355,0.16703444719314575,-1.1572184562683105,-0.5351398587226868,19.139480590820312,6.4051899909973145,3.954123020172119,3.3852062225341797,1.8653736114501953,3.14005446434021,2.5586729049682617,1.9147834777832031,1.960294246673584,1.7541028261184692,1.2598141431808472,1.4292443990707397,1.3375215530395508,0.03005630522966385,0.0009397321264259517,-0.012555536814033985,0.002178771421313286,-0.0004374808049760759,-0.004517477937042713,-0.004317120648920536,0.002969280816614628,-0.0018276495393365622,0.004272243939340115,0.001626671408303082,-0.006425610743463039,0.0030941246077418327,5.192289352416992,1.718215823173523,1.4746943712234497,0.9631383419036865,0.6971747279167175,0.82673180103302,0.6891125440597534,0.580878496170044,0.6320440769195557,0.5684736967086792,0.5355269312858582,0.496552437543869,0.49859556555747986,265.4539465645871,45.79326206502766,188.88888888888889,0.5665529010238908,0.03449339500017693,0.18146206438541412,0.32081911262798635,0.6791808873720137,0.1130814254283905,0.07178059220314026,2.034933016788197,-0.041573673486709595
16a02Ec,C:/Project/AI-STRESS-DETECTOR/data/public/emodb/wav/16a02Ec.wav,C:\Project\AI-STRESS-DETECTOR\data\public\emodb\wav\16a02Ec.wav,high,2,speaker_16,test,de,emodb_a02,studio,controlled,Das will sie am Mittwoch abgeben.,emodb_emotion=disgust; variation=c,2.4875,0.10565721243619919,0.08859316259622574,0.24302753806114197,0.15331851896948848,0.1633175040081056,2011.1030080054486,1186.6873029397555,1699.5834434651642,478.6716555186533,3687.1255060728745,1886.9286776268611,0.3530147671699524,0.20137326419353485,-18.126419067382812,7.9899163246154785,-0.38891011476516724,2.6287155151367188,0.6046144962310791,-1.1934462785720825,-1.6579513549804688,-1.4495635032653809,-1.4693865776062012,-0.42162182927131653,-0.01523769274353981,-1.0940709114074707,-0.9122487306594849,16.571962356567383,6.80765962600708,3.932554006576538,3.5405433177948,1.669097900390625,2.9414708614349365,2.1296496391296387,1.7010053396224976,1.6503138542175293,1.6618396043777466,1.6001163721084595,1.2451872825622559,1.2760313749313354,0.004540740512311459,-0.005471847485750914,-0.0215341504663229,-0.0051987990736961365,0.007771316450089216,-0.001709192874841392,-0.0044003999792039394,-0.004917898681014776,-0.0045776753686368465,0.005222745705395937,0.002856480423361063,0.0003046024066861719,0.0015656662872061133,5.110508441925049,1.9689934253692627,1.612456202507019,1.0811169147491455,0.7151385545730591,0.8386478424072266,0.6782017946243286,0.6257538199424744,0.5785766243934631,0.5820750594139099,0.5339229702949524,0.49895235896110535,0.49221861362457275,230.58852282114808,48.75895550661984,238.23704586063133,0.5951417004048583,0.06335147768086642,0.19000627100467682,0.29554655870445345,0.7044534412955465,0.14608806371688843,0.0746631920337677,2.814070351758794,-0.0612260103225708
16a02Lb,C:/Project/AI-STRESS-DETECTOR/data/public/emodb/wav/16a02Lb.wav,C:\Project\AI-STRESS-DETECTOR\data\public\emodb\wav\16a02Lb.wav,low,0,speaker_16,test,de,emodb_a02,studio,controlled,Das will sie am Mittwoch abgeben.,emodb_emotion=boredom; variation=b,2.081125,0.09659867733716965,0.08758119493722916,0.22350472211837769,0.14965812589726743,0.14056754255591306,2134.62035897547,972.4888892974437,1822.9929819247218,326.0772973616294,4178.446601941748,1356.2403467736126,0.361375093460083,0.16639727354049683,-17.097959518432617,6.421394348144531,0.9220181703567505,3.5797677040100098,-1.5502535104751587,0.24022570252418518,-2.1314971446990967,-0.39616498351097107,-1.2009438276290894,0.27126365900039673,-1.2795385122299194,-0.7606775164604187,-1.036983609199524,15.40239429473877,5.130490303039551,4.442837715148926,3.0651180744171143,2.7839269638061523,2.500105857849121,3.358489990234375,1.7995679378509521,1.47768235206604,1.3568166494369507,1.5998257398605347,1.211277961730957,1.2843496799468994,0.08255652338266373,-0.02799154445528984,-0.01625380665063858,0.0069653792306780815,-0.003023283090442419,0.004853478167206049,-0.005257703829556704,-0.014710985124111176,-0.01038200780749321,0.0031053642742335796,0.003234350588172674,0.0134361507371068,0.0023613409139215946,4.367939472198486,1.6140185594558716,1.4485347270965576,0.8659743666648865,0.9126265645027161,0.7138580083847046,0.7760663032531738,0.5989066958427429,0.6366353034973145,0.5594803094863892,0.5091021060943604,0.4708346128463745,0.4462678134441376,225.79641874554395,55.38942801220328,202.18579234972677,0.6699029126213593,0.028631064134985004,0.1480766087770462,0.22815533980582525,0.7718446601941747,0.1229608878493309,0.0829411968588829,1.922037359601177,-0.09366757050156593
16a02Nb,C:/Project/AI-STRESS-DETECTOR/data/public/emodb/wav/16a02Nb.wav,C:\Project\AI-STRESS-DETECTOR\data\public\emodb\wav\16a02Nb.wav,low,0,speaker_16,test,de,emodb_a02,studio,controlled,Das will sie am Mittwoch abgeben.,emodb_emotion=neutral; variation=b,1.6604375,0.09923167526721954,0.08803991973400116,0.22513286769390106,0.1251298979155205,0.1487473605141216,1830.671242162398,1069.2015984709292,1708.394865795813,466.3772106398243,3657.8048780487807,1726.7211451612377,0.3088175654411316,0.1831076741218567,-19.109750747680664,9.079334259033203,0.9269978404045105,3.973106622695923,-1.1408863067626953,0.001004707533866167,-2.2309134006500244,-0.7655377984046936,-1.3728331327438354,-0.0674692839384079,-0.2699302136898041,-0.9057838916778564,-0.8731102347373962,17.00299072265625,5.3958635330200195,4.02787971496582,3.523742914199829,2.6523025035858154,2.3377013206481934,3.057044744491577,1.3239665031433105,1.5101929903030396,1.3547159433364868,1.303202748298645,1.4088925123214722,1.1598535776138306,0.01217676978558302,0.03586246445775032,-0.026245325803756714,-0.003661760361865163,-0.0034529182594269514,-0.01148900855332613,0.007699497509747744,0.0015197978354990482,0.00527021661400795,0.005679791327565908,-0.001151686068624258,0.007139813620597124,-0.002493547275662422,5.528729438781738,1.9107979536056519,1.7852181196212769,1.0760786533355713,1.113015055656433,0.7570683360099792,0.8559070825576782,0.640195906162262,0.6020215749740601,0.5340850353240967,0.49383455514907837,0.5699464678764343,0.5054799318313599,202.1118509182244,41.619998687517395,201.53061224489795,0.676829268292683,0.04359244732876888,0.19930128753185272,0.2621951219512195,0.7378048780487805,0.13203439116477966,0.07990505546331406,2.4090036511461586,-0.07846833765506744
16a02Tc,C:/Project/AI-STRESS-DETECTOR/data/public/emodb/wav/16a02Tc.wav,C:\Project\AI-STRESS-DETECTOR\data\public\emodb\wav\16a02Tc.wav,moderate,1,speaker_16,test,de,emodb_a02,studio,controlled,Das will sie am Mittwoch abgeben.,emodb_emotion=sadness; variation=c,2.1919375,0.1481924206018448,0.15180279314517975,0.37504854798316956,0.17760992342607668,0.20291739217535426,2119.584776810279,1295.862876259952,1794.8203752083862,410.8940919917749,4058.064516129032,1813.2695564413284,0.3899054229259491,0.19421322643756866,-14.936004638671875,6.7899489402771,1.6753182411193848,4.002133846282959,0.5680728554725647,1.1606160402297974,-1.216728687286377,-0.16896837949752808,-0.34015119075775146,0.0013120097573846579,-0.0027443054132163525,-1.2441236972808838,-1.022568702697754,10.640337944030762,6.360629558563232,2.9919464588165283,3.089262008666992,1.6152772903442383,1.7417610883712769,2.0479400157928467,1.269291877746582,1.388171672821045,1.5342140197753906,1.1050605773925781,1.4796487092971802,1.3582179546356201,0.012559187598526478,-0.0018368997843936086,-0.005004524253308773,0.014166539534926414,0.00921531580388546,-0.015827400609850883,-0.02059544436633587,-0.0028498161118477583,0.01136059034615755,0.003309287130832672,0.0007205383153632283,-0.009412996470928192,-0.0015608506510034204,3.4162909984588623,1.4745436906814575,1.2068901062011719,0.7043477296829224,0.6105446219444275,0.5582810640335083,0.6204666495323181,0.5811048746109009,0.6008493900299072,0.5070319175720215,0.46021583676338196,0.47211137413978577,0.4363991320133209,196.57273233190207,26.205657124031593,181.64251207729467,0.4976958525345622,0.040902824748054234,0.16193437576293945,0.3410138248847926,0.6589861751152074,0.21722733974456787,0.14478635787963867,3.1935217130962905,-0.080515556037426
16a02Wb,C:/Project/AI-STRESS-DETECTOR/data/public/emodb/wav/16a02Wb.wav,C:\Project\AI-STRESS-DETECTOR\data\public\emodb\wav\16a02Wb.wav,severe,3,speaker_16,test,de,emodb_a02,studio,controlled,Das will sie am Mittwoch abgeben.,emodb_emotion=anger; variation=b,1.7700625,0.044784002006053925,0.05452500283718109,0.14583633840084076,0.20962406015037593,0.10868565631217672,2549.867203866898,784.5678259119436,1750.3562320851554,342.77960552302636,4563.657142857143,1048.006705072802,0.3275938332080841,0.19325394928455353,-30.673431396484375,2.4223153591156006,-4.5703301429748535,1.5601694583892822,-4.739396572113037,-0.5516823530197144,-3.290358781814575,-1.1570955514907837,-1.6698144674301147,-1.214869737625122,0.3020022511482239,-0.8735823035240173,0.885032057762146,20.32141876220703,6.076629161834717,6.721203327178955,3.648918867111206,4.008091926574707,2.9347026348114014,2.5226831436157227,1.604894757270813,1.3178664445877075,1.4851710796356201,1.5607479810714722,2.116034507751465,1.8653068542480469,-0.03141477331519127,0.005763906519860029,0.033763591200113297,-0.007998380810022354,0.0002755546593107283,0.0018336091889068484,-0.008376840502023697,-0.010727825574576855,-0.011104322969913483,-0.0008403307874687016,0.003581020049750805,0.005676641594618559,0.010821744799613953,5.588499069213867,1.9055842161178589,1.9863649606704712,0.9309245944023132,1.2151482105255127,0.8212883472442627,0.7707793116569519,0.7556402683258057,0.6420478820800781,0.6449088454246521,0.6613336205482483,0.6343350410461426,0.6541706323623657,261.0364200355132,51.93450908376948,190.6071019473081,0.5028571428571429,0.06717850059302186,0.25317680835723877,0.48571428571428577,0.5142857142857142,0.0823201835155487,0.053445715457201004,3.9546626178454147,-0.01641542837023735
16a04Ab,C:/Project/AI-STRESS-DETECTOR/data/public/emodb/wav/16a04Ab.wav,C:\Project\AI-STRESS-DETECTOR\data\public\emodb\wav\16a04Ab.wav,high,2,speaker_16,test,de,emodb_a04,studio,controlled,Heute abend koennte ich es ihm sagen.,emodb_emotion=fear; variation=b,1.48,0.09507660567760468,0.07563284784555435,0.19450315833091736,0.17585058536752843,0.16483929707401848,2219.1838577503167,1101.6589627334415,1755.2538486804833,353.93902748911836,4149.86301369863,1436.5164229097934,0.3535218834877014,0.17495939135551453,-15.261479377746582,5.837612628936768,-1.7681410312652588,1.1097559928894043,-2.8846893310546875,-0.6372513175010681,-3.183821201324463,-1.0576709508895874,-2.2619874477386475,-0.7736483216285706,-1.1736853122711182,-1.4463670253753662,-0.4459354877471924,14.174230575561523,5.198861598968506,5.855562210083008,2.9494502544403076,2.340993881225586,2.367737054824829,2.3616600036621094,1.706329107284546,2.0033445358276367,1.1501569747924805,1.2261173725128174,1.023414134979248,1.0017033815383911,-0.0017556751845404506,-0.0004291338555049151,-0.0192261952906847,-0.003139655804261565,0.03792784363031387,0.02826639451086521,-0.000978460069745779,-0.01708952896296978,0.005163702182471752,0.014834828674793243,0.019912436604499817,-0.002474982524290681,-0.00239675329066813,3.3499948978424072,1.8879495859146118,1.9034417867660522,1.0181963443756104,0.9480885863304138,0.9002424478530884,0.9545487761497498,0.6686135530471802,0.7978461980819702,0.5650956630706787,0.6073288321495056,0.43991830945014954,0.5597987771034241,295.39493117398763,30.620869608488274,128.64800476474093,0.7602739726027398,0.03894200438399277,0.20065003633499146,0.13013698630136983,0.8698630136986302,0.10808121412992477,0.07256151735782623,2.027027027027027,-0.04313387721776962
16a04Ea,C:/Project/AI-STRESS-DETECTOR/data/public/emodb/wav/16a04Ea.wav,C:\Project\AI-STRESS-DETECTOR\data\public\emodb\wav\16a04Ea.wav,high,2,speaker_16,test,de,emodb_a04,studio,controlled,Heute abend koennte ich es ihm sagen.,emodb_emotion=disgust; variation=a,2.65,0.09371950477361679,0.07694704830646515,0.20887239277362823,0.13634847575211792,0.12927417362966456,1751.9044392414482,1068.2051149084875,1528.8280015538112,480.3026363756141,3109.0494296577945,1809.538376061375,0.29120707511901855,0.18753619492053986,-17.61151695251465,10.60752010345459,-0.6513515114784241,2.38956356048584,0.2874366044998169,-0.27940258383750916,-2.2592926025390625,-0.6248540282249451,-1.420985221862793,-0.4689098298549652,0.23136445879936218,-1.4038140773773193,-1.093582034111023,14.09113883972168,6.7305097579956055,4.813135623931885,3.5667855739593506,1.8218506574630737,2.428366184234619,2.567352533340454,1.581161618232727,1.5826334953308105,1.2197380065917969,1.0433435440063477,1.3455911874771118,1.2781797647476196,-0.013896666467189789,-0.009306211024522781,0.005663278978317976,0.008251291699707508,0.004960905760526657,-0.002378903329372406,-0.0069304462522268295,0.004232789855450392,0.00534400949254632,-0.003196246223524213,-0.0013119684299454093,-0.002865695161744952,0.0014846950070932508,3.8446309566497803,2.031175374984741,1.4398486614227295,0.8861263394355774,0.712434709072113,0.868573009967804,0.7988776564598083,0.594464123249054,0.5735796689987183,0.5294369459152222,0.5040424466133118,0.5074719190597534,0.47664812207221985,203.38347778178814,33.29928712157954,224.408014571949,0.7072243346007605,0.05883799435489931,0.16963495314121246,0.21292775665399244,0.7870722433460076,0.11662104725837708,0.07100972533226013,1.8867924528301887,-0.006745830178260803
16a04Fa,C:/Project/AI-STRESS-DETECTOR/data/public/emodb/wav/16a04Fa.wav,C:\Project\AI-STRESS-DETECTOR\data\public\emodb\wav\16a04Fa.wav,moderate,1,speaker_16,test,de,emodb_a04,studio,controlled,Heute abend koennte ich es ihm sagen.,emodb_emotion=happiness; variation=a,2.043875,0.0789254903793335,0.09234276413917542,0.23105043172836304,0.18429737710613167,0.14682696983617322,2329.056575712759,1003.732940921701,1705.5936457809432,406.8625372459589,4275.841584158416,1425.8513297354607,0.30763670802116394,0.1691623479127884,-22.983089447021484,3.157721519470215,-4.759599208831787,0.4977279603481293,-3.421022653579712,-0.9934441447257996,-2.6032819747924805,-0.8435689806938171,-2.0523853302001953,-1.518575668334961,-0.2796785831451416,-0.3166423738002777,0.5625394582748413,17.569881439208984,6.568312168121338,7.311145305633545,3.4430603981018066,3.3543801307678223,2.9026241302490234,2.092698574066162,1.9522298574447632,1.5037338733673096,2.011708974838257,1.647150993347168,1.8283271789550781,1.779390811920166,-0.06053352355957031,-0.006525053642690182,0.03206850588321686,0.022566378116607666,0.0030863946303725243,-0.003427694318816066,-0.00781316589564085,0.009431997314095497,0.0018712293822318316,-0.009662983007729053,0.0029857689514756203,0.0003717034123837948,0.005686507560312748,4.278955459594727,1.9012901782989502,1.7761437892913818,0.9455279111862183,1.1503089666366577,0.9684309959411621,0.7893292307853699,0.7160217761993408,0.6852917075157166,0.66522616147995,0.6088281273841858,0.5353327393531799,0.6737403869628906,274.5752149031294,64.28405071056801,173.73737373737373,0.6435643564356436,0.09099152043294345,0.21725298464298248,0.33168316831683164,0.6683168316831684,0.11438364535570145,0.09463836252689362,3.914133692128922,-0.08253549784421921
16a04La,C:/Project/AI-STRESS-DETECTOR/data/public/emodb/wav/16a04La.wav,C:\Project\AI-STRESS-DETECTOR\data\public\emodb\wav\16a04La.wav,low,0,speaker_16,test,de,emodb_a04,studio,controlled,Heute abend koennte ich es ihm sagen.,emodb_emotion=boredom; variation=a,2.0289375,0.090036541223526,0.08566468209028244,0.22634951770305634,0.1233681217970299,0.1266997608790597,1670.6129960182577,970.8487421275717,1521.5717441892623,401.6251028596499,3141.2935323383085,1540.7797723469737,0.27048853039741516,0.16800355911254883,-18.949848175048828,10.392980575561523,0.16521473228931427,4.213441371917725,-0.5627540946006775,0.9433618187904358,-2.418825149536133,-1.1046020984649658,-0.4257369935512543,0.9969353079795837,-0.8953297138214111,-0.6315796971321106,-0.676106333732605,14.377692222595215,6.705954074859619,4.830780982971191,3.3982887268066406,2.240833282470703,1.4533449411392212,2.2971789836883545,1.6130805015563965,1.7745280265808105,1.1482237577438354,1.187761664390564,1.3967167139053345,1.3170156478881836,0.05241338908672333,0.0023916822392493486,0.023519549518823624,0.01094051357358694,-0.007852364331483841,-0.011016229167580605,-0.012315317988395691,-0.001721115200780332,-0.008937990292906761,-0.00948863010853529,-0.01710689067840576,-0.004262467380613089,-0.00413083378225565,4.293347358703613,2.119913339614868,1.7568402290344238,0.8712643980979919,0.7910069823265076,0.6866553425788879,0.8277756571769714,0.6712765097618103,0.6423423290252686,0.5602459907531738,0.5451018810272217,0.5295209288597107,0.5003300905227661,186.80028708257697,43.50877946694095,205.97175040228856,0.7313432835820896,0.05308825558029821,0.16811510920524597,0.17910447761194026,0.8208955223880597,0.1084490716457367,0.0839047059416771,2.4643440224255304,-0.08417745307087898
16a04Lc,C:/Project/AI-STRESS-DETECTOR/data/public/emodb/wav/16a04Lc.wav,C:\Project\AI-STRESS-DETECTOR\data\public\emodb\wav\16a04Lc.wav,low,0,speaker_16,test,de,emodb_a04,studio,controlled,Heute abend koennte ich es ihm sagen.,emodb_emotion=boredom; variation=c,2.65375,0.08506783843040466,0.07935341447591782,0.17413027584552765,0.14091311930015152,0.14055389343871594,1814.700493639965,956.4082166107141,1603.5468453290478,273.74324494182696,3476.3498098859313,1237.6988580363054,0.29962652921676636,0.14854580163955688,-15.837596893310547,9.546422958374023,0.33097100257873535,4.993643760681152,-1.0538748502731323,1.1612825393676758,-0.8129136562347412,-0.6397740840911865,-0.624358594417572,0.8105382919311523,-0.8019168972969055,-1.206286907196045,-0.06007341668009758,12.611339569091797,5.775697231292725,3.9662563800811768,3.193202495574951,2.086498260498047,1.4848188161849976,2.0759289264678955,1.2083770036697388,1.43973708152771,1.195960521697998,1.2001115083694458,1.2224262952804565,1.5101001262664795,0.027861634269356728,0.007771992590278387,-0.024098750203847885,-0.005086677614599466,0.006372273899614811,0.0066363089717924595,-0.002178730210289359,-0.0023099188692867756,0.0012932209065183997,-0.003958979621529579,-0.008388770744204521,0.002135398332029581,0.004804975353181362,3.347378730773926,1.799776554107666,1.2865746021270752,0.8841240406036377,0.7397832274436951,0.5848572254180908,0.668206512928009,0.5342456698417664,0.5143297910690308,0.4837549328804016,0.49609261751174927,0.4203914999961853,0.4499236047267914,168.7681493698116,29.824406435501267,220.84195997239476,0.7490494296577946,0.044467615573073056,0.1248716190457344,0.14828897338403046,0.8517110266159695,0.09892652183771133,0.0780695378780365,1.1304757418747056,-0.07765931263566017
16a04Nc,C:/Project/AI-STRESS-DETECTOR/data/public/emodb/wav/16a04Nc.wav,C:\Project\AI-STRESS-DETECTOR\data\public\emodb\wav\16a04Nc.wav,low,0,speaker_16,test,de,emodb_a04,studio,controlled,Heute abend koennte ich es ihm sagen.,emodb_emotion=neutral; variation=c,1.8259375,0.11299926042556763,0.07467503100633621,0.2164333462715149,0.142940223486894,0.15533930748456146,1872.8647949592196,1171.0137417783733,1612.2282044827264,425.79090513624794,3499.2265193370167,1670.3886663753703,0.2981397807598114,0.17017745971679688,-14.382434844970703,9.743057250976562,0.6047994494438171,4.019013404846191,-1.4937413930892944,0.3692170977592468,-2.0043649673461914,-0.4169829189777374,-1.2765767574310303,0.17314375936985016,-0.562059223651886,-1.3799326419830322,-0.9263169765472412,13.398643493652344,6.39128303527832,4.4073076248168945,3.0938193798065186,2.6547739505767822,2.0471384525299072,2.3518567085266113,1.318466305732727,1.4505057334899902,1.5617302656173706,1.1338164806365967,1.2266098260879517,1.1486101150512695,0.03704134374856949,0.05195371434092522,-0.01795816235244274,0.0008579643908888102,-0.01178744900971651,0.016787728294730186,0.000947211985476315,-0.010418934747576714,-0.01049746572971344,-0.0045324042439460754,-0.0027195527218282223,-0.00884734746068716,0.01773092895746231,3.9423980712890625,2.121004581451416,1.7148536443710327,1.0688917636871338,0.9825072884559631,0.8689641356468201,0.8810471892356873,0.7012887001037598,0.6353961825370789,0.6176812648773193,0.5725127458572388,0.5278139710426331,0.577343225479126,189.94185935123056,32.34116248098874,193.1972789115646,0.6961325966850829,0.03852477596301591,0.1761467009782791,0.18784530386740328,0.8121546961325967,0.13675960898399353,0.061920177191495895,2.738319356494951,-0.050502680242061615
16a04Tc,C:/Project/AI-STRESS-DETECTOR/data/public/emodb/wav/16a04Tc.wav,C:\Project\AI-STRESS-DETECTOR\data\public\emodb\wav\16a04Tc.wav,moderate,1,speaker_16,test,de,emodb_a04,studio,controlled,Heute abend koennte ich es ihm sagen.,emodb_emotion=sadness; variation=c,3.1656875,0.1059563159942627,0.11697257310152054,0.31297826766967773,0.13673867207701793,0.14514867842860912,1890.823539450747,1004.6437182343205,1790.8738027594718,438.66496773365867,3764.9523809523807,1727.3128725384954,0.3855018615722656,0.19126005470752716,-19.95006561279297,7.778308868408203,1.302708387374878,3.979017972946167,0.8063227534294128,1.7659051418304443,-0.927275538444519,-0.2117813378572464,-0.7274957299232483,-0.1411733776330948,-0.3270246684551239,-1.3616493940353394,-0.4465394616127014,11.562047004699707,5.461787223815918,2.88059663772583,2.498049020767212,1.541034460067749,1.4095795154571533,1.6690555810928345,1.2329161167144775,1.6915109157562256,1.4434218406677246,1.648160457611084,1.689663052558899,1.4237544536590576,0.02091165818274021,-0.006019532680511475,-0.014109686017036438,0.003420175053179264,-0.0011802763910964131,0.0005305770901031792,0.006185122765600681,0.0033078768756240606,0.0007364749908447266,0.007073310203850269,-0.0004714905226137489,0.0049882810562849045,0.009838325902819633,3.4870455265045166,1.5848063230514526,1.07045316696167,0.7742241024971008,0.6196514368057251,0.5562940239906311,0.6128021478652954,0.5058435201644897,0.55666184425354,0.49276846647262573,0.5352813601493835,0.5226576924324036,0.46398624777793884,199.97654108911266,21.931841273224016,229.5713035870516,0.49523809523809526,0.04836689827237063,0.27210891246795654,0.3492063492063492,0.6507936507936508,0.15909118950366974,0.11373278498649597,1.8953228958954411,0.05848333239555359
16a04Wb,C:/Project/AI-STRESS-DETECTOR/data/public/emodb/wav/16a04Wb.wav,C:\Project\AI-STRESS-DETECTOR\data\public\emodb\wav\16a04Wb.wav,severe,3,speaker_16,test,de,emodb_a04,studio,controlled,Heute abend koennte ich es ihm sagen.,emodb_emotion=anger; variation=b,2.5619375,0.038823194801807404,0.056746676564216614,0.08863800764083862,0.23996013656187712,0.1513584920187091,2657.773242858056,970.7886199431534,1739.6001093781597,369.69114027259036,4663.622047244095,1179.7702093693897,0.3629424571990967,0.17546184360980988,-29.5952205657959,1.8020139932632446,-3.9928817749023438,0.8922656774520874,-2.9816396236419678,-0.48134922981262207,-2.0637121200561523,-0.5314912796020508,-1.835726261138916,-0.9725199341773987,0.18822544813156128,-0.30442532896995544,0.8590012192726135,16.43834686279297,6.359273433685303,6.346129894256592,2.8194386959075928,3.283388614654541,2.7871034145355225,2.3629651069641113,1.9874039888381958,1.906907558441162,1.5052165985107422,1.6932412385940552,1.8718770742416382,2.1641578674316406,-0.004107287619262934,0.00690460205078125,0.008925708010792732,0.006383380386978388,-0.001840685261413455,-0.0009602073696441948,-0.0022109963465481997,0.0021167853847146034,8.755405724514276e-05,-0.01255744881927967,0.0012507353676483035,0.003571677953004837,0.002264163224026561,4.807229042053223,1.9358456134796143,1.7400585412979126,1.024510383605957,1.0890523195266724,0.9265481233596802,0.774074375629425,0.7809440493583679,0.6446355581283569,0.5814599394798279,0.6544756889343262,0.723950207233429,0.717923104763031,253.11702605536527,47.745754127026956,173.73737373737373,0.4330708661417323,0.09584883658726207,0.20205959677696228,0.5354330708661417,0.4645669291338583,0.0746336504817009,0.06704520434141159,4.293625429972433,0.02844279445707798
16a04Wc,C:/Project/AI-STRESS-DETECTOR/data/public/emodb/wav/16a04Wc.wav,C:\Project\AI-STRESS-DETECTOR\data\public\emodb\wav\16a04Wc.wav,severe,3,speaker_16,test,de,emodb_a04,studio,controlled,Heute abend koennte ich es ihm sagen.,emodb_emotion=anger; variation=c,1.9440625,0.060522958636283875,0.07027314603328705,0.1531877964735031,0.20363408521303258,0.1127369839794303,2380.0692796950075,774.369778837068,1701.9283194024592,353.0223327916136,4326.25,1106.9903360764567,0.3249445855617523,0.17162586748600006,-24.25172996520996,3.6620142459869385,-4.839176654815674,1.0275295972824097,-3.6559505462646484,-0.17034952342510223,-2.8377864360809326,-0.7910125851631165,-1.8152084350585938,-1.6267714500427246,-0.021742617711424828,-1.3307300806045532,0.36170336604118347,16.565052032470703,6.288512706756592,7.067547798156738,2.6260316371917725,3.1765809059143066,2.5623269081115723,2.5704662799835205,2.4120335578918457,1.8315069675445557,1.8941075801849365,1.581145167350769,1.96715247631073,1.5794963836669922,-0.08140917867422104,0.017622925341129303,0.04824545979499817,0.015345901250839233,0.015007813461124897,-0.015338811092078686,-0.006359905004501343,0.00583195174112916,-0.019999099895358086,-0.009043793193995953,0.005990748759359121,0.0030545517802238464,0.004678188357502222,4.247937202453613,1.7824985980987549,1.7973742485046387,0.8871082663536072,1.1773436069488525,0.8652929663658142,0.7876085638999939,0.7155182957649231,0.6499567031860352,0.715295135974884,0.6728250980377197,0.5891048908233643,0.6292454600334167,282.0345963735323,47.61323083983738,185.34278959810874,0.5885416666666666,0.08498587273396523,0.22669771313667297,0.39583333333333337,0.6041666666666666,0.09529254585504532,0.0714067593216896,3.600707281787494,-0.0405709333717823
16a05Ab,C:/Project/AI-STRESS-DETECTOR/data/public/emodb/wav/16a05Ab.wav,C:\Project\AI-STRESS-DETECTOR\data\public\emodb\wav\16a05Ab.wav,high,2,speaker_16,test,de,emodb_a05,studio,controlled,Das schwarze Blatt Papier befindet sich da oben neben dem Holzstueck.,emodb_emotion=fear; variation=b,2.9013125,0.09945971518754959,0.07927684485912323,0.20217759907245636,0.20003132832080203,0.17133507210186757,2423.916797839929,1143.9089006591678,1749.0220988957328,328.20025013855735,4400.555555555556,1456.704699054312,0.36940833926200867,0.20543928444385529,-16.373079299926758,4.045701026916504,-2.1063244342803955,1.6768466234207153,-3.3514797687530518,-0.8914065957069397,-2.955820083618164,-1.365600347518921,-1.8157958984375,-0.3902471363544464,-0.4116755723953247,-0.5116446018218994,-0.1569371223449707,16.327329635620117,6.60161018371582,4.680801868438721,3.0205819606781006,3.3312342166900635,2.1456005573272705,2.786268472671509,1.7404862642288208,2.188692808151245,1.5210226774215698,1.097307562828064,1.3658967018127441,1.475488305091858,-0.0030345122795552015,-0.011175332590937614,0.012700974941253662,-0.0029916290659457445,-0.0029724272899329662,-0.01394447311758995,-0.0009177873726002872,0.0012056223349645734,-0.002288599731400609,-0.000600565632339567,-0.0013565155677497387,-0.008660765364766121,0.0010535294422879815,6.1967926025390625,2.262782096862793,2.0572640895843506,0.9606213569641113,1.100504755973816,0.8984073996543884,0.965735912322998,0.7608010768890381,0.8066482543945312,0.6447164416313171,0.5742046236991882,0.5739472508430481,0.6012925505638123,298.56652066994326,45.34380934888558,171.64750957854406,0.6041666666666666,0.06229259593885483,0.22870321571826935,0.26736111111111116,0.7326388888888888,0.13153642416000366,0.0685209259390831,3.4467159259817755,0.02491593360900879
16a05Ea,C:/Project/AI-STRESS-DETECTOR/data/public/emodb/wav/16a05Ea.wav,C:\Project\AI-STRESS-DETECTOR\data\public\emodb\wav\16a05Ea.wav,high,2,speaker_16,test,de,emodb_a05,studio,controlled,Das schwarze Blatt Papier befindet sich da oben neben dem Holzstueck.,emodb_emotion=disgust; variation=a,5.48875,0.05909493938088417,0.062465861439704895,0.13579224050045013,0.17487044851617162,0.17873399224910994,2120.8224664074132,1247.0754940583774,1687.796252081398,494.81022587505447,3869.7623400365633,1910.5405061878832,0.3559853136539459,0.21243955194950104,-27.398523330688477,6.962007999420166,-0.38151317834854126,2.2917370796203613,-0.806533694267273,-0.7681646943092346,-2.607123613357544,-1.338273048400879,-0.9068995118141174,-0.11920029670000076,-0.1942518949508667,-1.4556607007980347,-0.6183567047119141,19.676565170288086,8.029342651367188,4.307865619659424,2.7268505096435547,2.7641313076019287,2.235382556915283,2.5637807846069336,1.7431070804595947,2.073167562484741,1.5006473064422607,1.1534322500228882,1.6501599550247192,1.390912652015686,0.002144466619938612,-0.0012985235080122948,0.0029855340253561735,0.0030428562313318253,-0.0031307332683354616,-0.0041001420468091965,-0.0016961237415671349,0.0006289930897764862,-0.00362946093082428,-0.0008046620641835034,-0.00013034914445597678,0.000152953143697232,0.0026994687505066395,5.38839864730835,2.015275478363037,1.475969910621643,0.8296332359313965,0.773314356803894,0.7064117193222046,0.8035658001899719,0.6880697011947632,0.6246246695518494,0.5300257205963135,0.5484232902526855,0.5284835696220398,0.4803658723831177,244.25596036649233,39.76726144392669,219.96233521657248,0.5283363802559415,0.04407608283027434,0.18084539473056793,0.36197440585009144,0.6380255941499086,0.08963612467050552,0.05933619663119316,2.550671828740606,0.010095376521348953
16a05Fc,C:/Project/AI-STRESS-DETECTOR/data/public/emodb/wav/16a05Fc.wav,C:\Project\AI-STRESS-DETECTOR\data\public\emodb\wav\16a05Fc.wav,moderate,1,speaker_16,test,de,emodb_a05,studio,controlled,Das schwarze Blatt Papier befindet sich da oben neben dem Holzstueck.,emodb_emotion=happiness; variation=c,3.612375,0.06275814771652222,0.06291063874959946,0.12339897453784943,0.2253684350151144,0.17923763556713587,2516.674145761465,1148.601195231087,1689.278315469074,343.06749110559724,4380.16713091922,1491.427304236492,0.3564320206642151,0.2004845142364502,-21.90864372253418,2.795524835586548,-2.9635653495788574,1.6892164945602417,-3.531937837600708,-1.829337239265442,-2.627678394317627,-0.8581879734992981,-1.7394497394561768,-0.9562239646911621,-0.568228006362915,-0.14485037326812744,0.3632201850414276,15.738839149475098,7.25147008895874,5.425044059753418,3.2361905574798584,3.4034461975097656,2.094391345977783,2.4731850624084473,1.7288762331008911,1.703945517539978,1.4537363052368164,1.3807710409164429,1.5742979049682617,1.7725791931152344,-0.007115759886801243,-0.008884835988283157,-0.012452244758605957,-0.007397386245429516,-0.0029523512348532677,-0.0018419887637719512,0.002307326765730977,0.006398952100425959,0.00508625665679574,0.004105248488485813,0.006560064852237701,0.004034317098557949,0.005357167683541775,5.159029483795166,2.217315435409546,1.9070535898208618,0.9665758609771729,1.0060172080993652,0.8280296325683594,0.8855819702148438,0.7345623970031738,0.6895833015441895,0.6085729598999023,0.6315427422523499,0.5592746734619141,0.6391496658325195,283.6467977918662,52.19077170236154,173.73737373737373,0.6323119777158774,0.06306823898275035,0.21675118803977966,0.2813370473537604,0.7186629526462396,0.08442757278680801,0.06185772269964218,3.0450880653309804,0.03287658467888832
16a05La,C:/Project/AI-STRESS-DETECTOR/data/public/emodb/wav/16a05La.wav,C:\Project\AI-STRESS-DETECTOR\data\public\emodb\wav\16a05La.wav,low,0,speaker_16,test,de,emodb_a05,studio,controlled,Das schwarze Blatt Papier befindet sich da oben neben dem Holzstueck.,emodb_emotion=boredom; variation=a,4.0509375,0.06044319272041321,0.06400103867053986,0.1341870278120041,0.12655086848635236,0.14568273342308333,1809.4200764051755,1106.8450205594422,1679.0284604444585,429.5299460441097,3555.632754342432,1861.374604554522,0.32073861360549927,0.20725958049297333,-25.35944366455078,8.74622917175293,2.250248908996582,3.9833686351776123,-1.7820416688919067,0.258766770362854,-1.8437840938568115,-0.9165273904800415,-0.8593049645423889,0.5040086507797241,-0.4021618664264679,-0.8004917502403259,-0.33483853936195374,16.125703811645508,6.98916482925415,3.6683270931243896,3.1674201488494873,3.1949775218963623,1.8402891159057617,2.443319797515869,1.6072638034820557,1.8381860256195068,1.4029185771942139,1.3689343929290771,1.4764593839645386,1.1873222589492798,-0.002019281033426523,0.0025291680358350277,-0.0017651825910434127,0.004814231768250465,0.002528521930798888,-0.0020540528930723667,0.0014730198308825493,-0.003174746874719858,-0.005710090510547161,-0.004551236052066088,-0.004128187894821167,-0.0068065328523516655,-0.004564011935144663,5.501173973083496,2.003852367401123,1.3098887205123901,0.9365198016166687,0.9897556304931641,0.7007888555526733,0.7984336018562317,0.6867285370826721,0.6412274837493896,0.5106645226478577,0.5361969470977783,0.5116602182388306,0.4463806748390198,201.6921405605749,46.49127625876437,211.16138763197588,0.6253101736972705,0.02842557554464747,0.15495643019676208,0.29528535980148884,0.7047146401985112,0.08306451886892319,0.06375043839216232,2.7154208130833912,-0.043479930609464645
16a05Tb,C:/Project/AI-STRESS-DETECTOR/data/public/emodb/wav/16a05Tb.wav,C:\Project\AI-STRESS-DETECTOR\data\public\emodb\wav\16a05Tb.wav,moderate,1,speaker_16,test,de,emodb_a05,studio,controlled,Das schwarze Blatt Papier befindet sich da oben neben dem Holzstueck.,emodb_emotion=sadness; variation=b,6.788,0.0940198302268982,0.11986690014600754,0.27141445875167847,0.11525860441354492,0.14891406174648644,1906.7228941649378,1031.9822179065852,1932.2900093283388,421.24206858655333,4087.6218611521417,1727.9219985525715,0.4059308171272278,0.18042242527008057,-22.19001007080078,7.1741719245910645,2.8280394077301025,4.013852119445801,1.0952556133270264,1.5526400804519653,-0.20084074139595032,-0.07946991175413132,0.043262362480163574,0.41575944423675537,0.21425218880176544,-0.5449506044387817,-0.06125675141811371,12.175704002380371,5.704320907592773,2.522402763366699,2.5636260509490967,1.4043116569519043,1.3745877742767334,1.275451898574829,1.3174324035644531,1.5882004499435425,1.1531997919082642,1.012194037437439,1.4097460508346558,1.0195374488830566,-0.002333125565201044,-0.0020025265403091908,0.001307362806983292,0.0014335912419483066,0.0001518015778856352,-0.0012907948112115264,-0.0017805069219321012,-0.0026760632172226906,-0.0009756251238286495,-2.557470725150779e-05,5.5736945796525106e-05,-0.0019005660433322191,-0.0021166650112718344,3.433877944946289,1.5202850103378296,1.058039665222168,0.7779442071914673,0.6362422108650208,0.5767515897750854,0.5124844312667847,0.5518779158592224,0.5698656439781189,0.44593632221221924,0.44812533259391785,0.4750045835971832,0.40467092394828796,195.53458379891984,47.214915059885705,204.61215932914044,0.38995568685376664,0.07346332306873725,0.24994048476219177,0.465288035450517,0.534711964549483,0.16667966544628143,0.12453138828277588,3.2410135533294047,0.029679223895072937
16a05Wb,C:/Project/AI-STRESS-DETECTOR/data/public/emodb/wav/16a05Wb.wav,C:\Project\AI-STRESS-DETECTOR\data\public\emodb\wav\16a05Wb.wav,severe,3,speaker_16,test,de,emodb_a05,studio,controlled,Das schwarze Blatt Papier befindet sich da oben neben dem Holzstueck.,emodb_emotion=anger; variation=b,3.7410625,0.08036109805107117,0.07795566320419312,0.1873125582933426,0.20430781254210795,0.16383627368629672,2422.542171668343,1103.8152165445165,1698.4613166815102,345.70158418187873,4290.967741935484,1478.9709183936109,0.3466600775718689,0.18988974392414093,-20.41396141052246,3.377476453781128,-2.580678701400757,1.4077945947647095,-3.633413553237915,-1.4576829671859741,-2.6308858394622803,-1.5634766817092896,-1.6646121740341187,-0.6548399329185486,-0.3614856004714966,-0.9160904288291931,0.4685966670513153,16.191909790039062,6.953141689300537,6.18584680557251,3.2004780769348145,3.3713200092315674,2.301379919052124,2.5072381496429443,1.5428788661956787,1.8468408584594727,1.6853307485580444,1.4680665731430054,1.8403306007385254,1.749393343925476,-0.04379299283027649,0.008186789229512215,0.019706744700670242,-0.01447275374084711,0.0019825773779302835,0.0014227218925952911,0.00021212331193964928,-0.006695144809782505,-0.002867606468498707,0.006434908602386713,0.001366680720821023,0.007387627847492695,0.0023229001089930534,5.948606967926025,2.213341474533081,1.9598816633224487,0.9867453575134277,1.010427474975586,0.8541035056114197,0.8655010461807251,0.6776355504989624,0.7178174257278442,0.6240087747573853,0.7039470672607422,0.6746156811714172,0.6195783019065857,265.86420529333543,48.854172884059764,173.73737373737373,0.6397849462365591,0.08017149790059724,0.23766374588012695,0.26881720430107525,0.7311827956989247,0.10719909518957138,0.07494216412305832,3.7422523681440767,0.014130093157291412
16a05Wc,C:/Project/AI-STRESS-DETECTOR/data/public/emodb/wav/16a05Wc.wav,C:\Project\AI-STRESS-DETECTOR\data\public\emodb\wav\16a05Wc.wav,severe,3,speaker_16,test,de,emodb_a05,studio,controlled,Das schwarze Blatt Papier befindet sich da oben neben dem Holzstueck.,emodb_emotion=anger; variation=c,3.80075,0.05527705326676369,0.06459849327802658,0.13098272681236267,0.24490458951611835,0.15577131360226407,2689.0651326977695,1002.7037479353133,1748.453038982463,327.68263029998184,4668.042328042328,1235.3954782280555,0.3828703761100769,0.1886662095785141,-24.851625442504883,1.2652236223220825,-3.568218469619751,0.5962855219841003,-4.177204608917236,-0.8772043585777283,-1.9930543899536133,-0.6653479933738708,-1.4758155345916748,-0.7885645031929016,-0.624674916267395,-0.14104801416397095,0.6528263092041016,17.759540557861328,6.596560001373291,5.623269081115723,3.4368975162506104,3.8280205726623535,2.09213924407959,2.567523241043091,1.4526569843292236,1.729123830795288,1.2936931848526,1.5315899848937988,1.3700406551361084,1.7446317672729492,-0.020486246794462204,0.01590871438384056,-0.002505142241716385,-0.0025331962388008833,0.010336799547076225,-0.0011488848831504583,-0.002379615558311343,0.007969177328050137,-0.003142491914331913,-0.0015857049729675055,-0.004506328143179417,-0.005245388951152563,-0.00010978528734995052,6.187702178955078,2.348628520965576,1.9593656063079834,0.9710372686386108,1.040814757347107,0.8583651185035706,0.9316864013671875,0.7220087051391602,0.6978603601455688,0.5873252153396606,0.6802824139595032,0.6066253185272217,0.6927439570426941,274.7876867463046,65.38896310361463,226.52329749103941,0.5291005291005291,0.11547556763588566,0.233415886759758,0.36243386243386244,0.6375661375661376,0.08315084129571915,0.06622440367937088,3.4203775570611064,0.02692684531211853
16a07Ea,C:/Project/AI-STRESS-DETECTOR/data/public/emodb/wav/16a07Ea.wav,C:\Project\AI-STRESS-DETECTOR\data\public\emodb\wav\16a07Ea.wav,high,2,speaker_16,test,de,emodb_a07,studio,controlled,In sieben Stunden wird es soweit sein.,emodb_emotion=disgust; variation=a,2.9964375,0.12766489386558533,0.09481987357139587,0.24150969088077545,0.1483490605708903,0.1930727689942951,1883.1817557763763,1362.3245053716596,1671.5796872665971,506.1005104343241,3464.026845637584,2185.130321690046,0.3076744079589844,0.20914685726165771,-16.96950340270996,8.817159652709961,1.5637221336364746,3.1231846809387207,-0.0019325410248711705,-1.136285424232483,-2.6015424728393555,-1.5985376834869385,-1.7134978771209717,-0.21924975514411926,-0.5678168535232544,-2.0392091274261475,-0.8276123404502869,15.116863250732422,8.024953842163086,3.7840631008148193,2.3028416633605957,2.302694797515869,1.8780238628387451,2.051182985305786,1.7989250421524048,1.9583752155303955,1.4956436157226562,1.4060136079788208,1.7006244659423828,1.328237533569336,0.0291814673691988,-0.009440111927688122,-0.020844200626015663,0.014977401122450829,0.006440786179155111,-0.014362056739628315,-0.0057031684555113316,-0.002099887700751424,0.00039614926208741963,0.0017582266591489315,0.0072362422943115234,-0.005396585445851088,0.00292372377589345,4.374349594116211,1.9890129566192627,1.3438016176223755,0.7899528741836548,0.7364314794540405,0.6913849711418152,0.6943278908729553,0.6106759905815125,0.5864518284797668,0.5370337963104248,0.5535963177680969,0.5362463593482971,0.44482430815696716,216.6185735250293,33.05827462864844,207.4074074074074,0.7281879194630873,0.03311144876490285,0.13907386362552643,0.18120805369127513,0.8187919463087249,0.15328122675418854,0.08560274541378021,2.002377823665603,-0.01734267920255661
16a07Fa,C:/Project/AI-STRESS-DETECTOR/data/public/emodb/wav/16a07Fa.wav,C:\Project\AI-STRESS-DETECTOR\data\public\emodb\wav\16a07Fa.wav,moderate,1,speaker_16,test,de,emodb_a07,studio,controlled,In sieben Stunden wird es soweit sein.,emodb_emotion=happiness; variation=a,2.37125,0.07475254684686661,0.0780613124370575,0.19487786293029785,0.1959793099770703,0.1641999824257201,2337.241544011152,1090.2541057257502,1742.7744263341199,390.3700677620742,4297.36170212766,1495.4517772592137,0.30584287643432617,0.17896834015846252,-21.273208618164062,3.6747214794158936,-3.0102405548095703,1.879492163658142,-3.1971702575683594,-1.3276004791259766,-3.0516581535339355,-0.955249547958374,-1.5888768434524536,-0.052224140614271164,-0.0472094751894474,-0.2863481342792511,1.1211854219436646,16.30486297607422,6.193768501281738,5.761894702911377,3.08901047706604,3.759183883666992,2.379357099533081,2.2527990341186523,2.08847713470459,1.6186573505401611,1.5597248077392578,1.7621800899505615,1.8762692213058472,1.8844084739685059,-0.05719783157110214,0.03456106036901474,0.020757954567670822,-0.01082636695355177,0.02146081253886223,0.020974183455109596,-0.015041426755487919,-0.0016738252015784383,-0.001371861551888287,-0.01562829501926899,-0.010899705812335014,0.0012386646121740341,-0.007669585756957531,4.923949718475342,2.0574183464050293,1.7067067623138428,0.8796834945678711,1.0349981784820557,0.8187636733055115,0.8090597987174988,0.7678447961807251,0.572036623954773,0.6266141533851624,0.5437581539154053,0.5877212285995483,0.6199520230293274,257.78027669207205,57.71928251909503,192.29024943310657,0.6468085106382979,0.053968223440091535,0.228891059756279,0.30638297872340425,0.6936170212765957,0.10372315347194672,0.07766176015138626,3.373748023194518,-0.016243070363998413
16a07Fb,C:/Project/AI-STRESS-DETECTOR/data/public/emodb/wav/16a07Fb.wav,C:\Project\AI-STRESS-DETECTOR\data\public\emodb\wav\16a07Fb.wav,moderate,1,speaker_16,test,de,emodb_a07,studio,controlled,In sieben Stunden wird es soweit sein.,emodb_emotion=happiness; variation=b,2.4268125,0.04848488047719002,0.05706825107336044,0.12387259304523468,0.20137480631038177,0.1580049425420696,2360.2397736863086,1106.0528133857702,1724.8629328208165,382.5340405684384,4268.215767634855,1544.8763298743863,0.29971736669540405,0.1890546679496765,-27.53964614868164,1.8447107076644897,-3.5045971870422363,1.5726903676986694,-3.1162281036376953,-1.8496407270431519,-2.868952512741089,-1.0910627841949463,-1.4385970830917358,0.028362227603793144,0.8542086482048035,0.48344236612319946,2.3843259811401367,16.00752830505371,7.030155658721924,6.445814609527588,3.080789566040039,3.070683240890503,2.814074993133545,2.2136354446411133,1.7947412729263306,1.55270516872406,1.9015483856201172,1.8769713640213013,2.4427497386932373,2.4667136669158936,-0.00011461503163445741,0.016095537692308426,-0.015143543481826782,0.0005011993926018476,0.008786599151790142,0.00523446686565876,-0.0024710551369935274,-0.005129923112690449,0.004699412267655134,-0.007258289027959108,0.0029826490208506584,0.00753788510337472,0.014142501167953014,4.3950605392456055,1.884995698928833,1.611616611480713,0.9205196499824524,0.8771690130233765,0.9522595405578613,0.8419935703277588,0.665814995765686,0.6549084186553955,0.6139534115791321,0.6205509305000305,0.642718493938446,0.7417027354240417,258.3808123162177,55.48992228492012,173.73737373737373,0.5601659751037344,0.07303018966771432,0.2025318592786789,0.4066390041493776,0.5933609958506224,0.07582765817642212,0.06023288518190384,4.120631486775348,0.011857308447360992
16a07La,C:/Project/AI-STRESS-DETECTOR/data/public/emodb/wav/16a07La.wav,C:\Project\AI-STRESS-DETECTOR\data\public\emodb\wav\16a07La.wav,low,0,speaker_16,test,de,emodb_a07,studio,controlled,In sieben Stunden wird es soweit sein.,emodb_emotion=boredom; variation=a,2.0746875,0.21487368643283844,0.13979916274547577,0.3819529712200165,0.15982639525643377,0.187976544854817,1973.2325639573892,1318.3904990740682,1631.3847908308041,381.9293800540063,3673.3658536585367,1806.9963995820026,0.3152272403240204,0.19942736625671387,-10.642601013183594,7.769229888916016,1.653471827507019,5.09984827041626,-1.0329111814498901,0.06937245279550552,-2.264389991760254,-1.36359441280365,-1.3642905950546265,0.3199778199195862,-0.9327064156532288,-1.4247506856918335,-0.7523301243782043,13.304586410522461,7.759763240814209,3.941939353942871,2.3342080116271973,2.8191657066345215,1.8101760149002075,1.759880781173706,1.980839490890503,1.7150611877441406,1.6088402271270752,1.3788299560546875,1.4916681051254272,1.1556365489959717,0.028218375518918037,0.009716198779642582,-0.012949658557772636,-1.563676960358862e-05,0.00901088211685419,0.003795006312429905,0.002544224029406905,-0.0017175092361867428,-0.007660523988306522,-0.0036127660423517227,0.0006003821617923677,-0.0016194424824789166,-0.008243232034146786,4.62467622756958,2.343238353729248,1.427341341972351,0.8242181539535522,0.9376865029335022,0.6557258367538452,0.6823549866676331,0.6047366261482239,0.6193597912788391,0.5387484431266785,0.4629072844982147,0.5186582207679749,0.4233916401863098,216.08536985112053,35.77724545089739,141.02564102564102,0.6341463414634146,0.025175958397779807,0.134837806224823,0.2292682926829268,0.7707317073170732,0.27173659205436707,0.10526002198457718,2.4100015062509414,-0.06053894758224487
16a07Lb,C:/Project/AI-STRESS-DETECTOR/data/public/emodb/wav/16a07Lb.wav,C:\Project\AI-STRESS-DETECTOR\data\public\emodb\wav\16a07Lb.wav,low,0,speaker_16,test,de,emodb_a07,studio,controlled,In sieben Stunden wird es soweit sein.,emodb_emotion=boredom; variation=b,2.1673125,0.09255139529705048,0.0872981920838356,0.23146171867847443,0.16593810106662005,0.19719112791241614,2068.43581113225,1331.4929318093466,1701.5725727145868,348.5731942487589,3899.3488372093025,1685.1564123625308,0.34090688824653625,0.19043086469173431,-17.804607391357422,7.592895030975342,2.0418035984039307,5.0165557861328125,-0.5731675028800964,0.35877716541290283,-1.832227110862732,-0.6335229873657227,-0.33350780606269836,0.7735071778297424,-0.7476837635040283,-1.0282771587371826,-0.4016319215297699,12.206892013549805,7.753027439117432,2.7445068359375,2.685290813446045,1.9611589908599854,1.5383551120758057,2.2225069999694824,1.8054217100143433,2.0873022079467773,1.875238060951233,1.2473556995391846,1.4057124853134155,1.3391236066818237,0.01872570998966694,0.0006861996953375638,-0.0026851054280996323,0.021675601601600647,0.00991078931838274,0.0011008837027475238,0.008046374656260014,-0.00493561290204525,-0.00862902496010065,0.0005019986419938505,-0.0019836502615362406,-0.004796295426785946,0.011898892000317574,3.9264631271362305,2.1920838356018066,1.178977131843567,0.8694431781768799,0.8084666132926941,0.604449987411499,0.7239366769790649,0.6250939965248108,0.5899876952171326,0.5145021080970764,0.43392640352249146,0.5072184801101685,0.42702770233154297,176.20353285456972,38.975858645680844,145.20218870946218,0.6511627906976745,0.03139735742802324,0.1322774440050125,0.1581395348837209,0.8418604651162791,0.10891585797071457,0.08575994521379471,2.307004642846844,-0.10435410961508751
16a07Nb,C:/Project/AI-STRESS-DETECTOR/data/public/emodb/wav/16a07Nb.wav,C:\Project\AI-STRESS-DETECTOR\data\public\emodb\wav\16a07Nb.wav,low,0,speaker_16,test,de,emodb_a07,studio,controlled,In sieben Stunden wird es soweit sein.,emodb_emotion=neutral; variation=b,2.0070625,0.1979086995124817,0.14076964557170868,0.36748793721199036,0.1705268195614665,0.20593447029123682,2094.0821973667903,1453.81404692906,1717.3453356445984,442.4544627025965,3831.1557788944724,2024.557317666471,0.32860368490219116,0.20201919972896576,-10.701789855957031,7.984886169433594,2.099463701248169,3.99251389503479,-0.863161563873291,0.08339858800172806,-2.0929386615753174,-0.9880563616752625,-1.5817667245864868,0.07004822790622711,-0.7635940313339233,-1.304769515991211,-0.8767493367195129,12.598596572875977,7.676453113555908,3.380565881729126,2.49324369430542,3.1094155311584473,1.3490548133850098,2.111586570739746,1.9709886312484741,1.844374418258667,1.8540846109390259,1.1501039266586304,1.570404052734375,1.339339017868042,0.012409402057528496,0.002945774234831333,0.008305276744067669,0.01173593383282423,0.00648717675358057,0.015453080646693707,0.003069021040573716,-0.013740433380007744,-0.009469503536820412,-0.002665160223841667,-0.0015696961199864745,-0.0034271639306098223,-0.00935704167932272,4.321035861968994,2.4022295475006104,1.3960967063903809,0.8749914765357971,1.1336675882339478,0.6801249980926514,0.8590840101242065,0.7223600745201111,0.599483072757721,0.605254590511322,0.5087694525718689,0.6009488701820374,0.4524247944355011,205.06946809889652,37.64086539778261,159.54415954415953,0.6884422110552764,0.03655251254566914,0.16996680200099945,0.20603015075376885,0.7939698492462312,0.24434086680412292,0.11993369460105896,2.491202939619469,-0.0931827574968338
16a07Td,C:/Project/AI-STRESS-DETECTOR/data/public/emodb/wav/16a07Td.wav,C:\Project\AI-STRESS-DETECTOR\data\public\emodb\wav\16a07Td.wav,moderate,1,speaker_16,test,de,emodb_a07,studio,controlled,In sieben Stunden wird es soweit sein.,emodb_emotion=sadness; variation=d,3.7295,0.06811875849962234,0.07813072204589844,0.1912607103586197,0.1621641705341521,0.18792715289534123,2099.167779516084,1217.3904629965052,1865.7564333988062,378.0865409756167,4126.684636118598,1739.2152257136686,0.40843749046325684,0.17055071890354156,-22.432815551757812,6.2679572105407715,2.510653018951416,3.94157075881958,1.0681378841400146,1.848786473274231,-0.5127544403076172,0.12995457649230957,0.2487284243106842,0.7628005743026733,-0.05009628087282181,-0.7001156806945801,-0.04758809506893158,10.1220064163208,6.6119513511657715,2.658930540084839,2.2057535648345947,1.1553421020507812,1.5893338918685913,1.1342118978500366,1.2392158508300781,1.499980092048645,1.13274085521698,1.139430284500122,1.4158376455307007,1.0489038228988647,0.020812634378671646,-0.0022354177199304104,-0.01699787937104702,-0.001345248194411397,0.005160184111446142,0.0027904349844902754,-0.003795981639996171,-0.0022691278718411922,-0.005783179309219122,-0.004923523869365454,-0.003797749988734722,-0.0041188085451722145,0.0015149881364777684,3.0483508110046387,1.592908263206482,0.9238883852958679,0.6953060626983643,0.6444229483604431,0.6037597060203552,0.5766746401786804,0.6041257977485657,0.5520877838134766,0.48446398973464966,0.4570330083370209,0.5373343825340271,0.45548656582832336,196.68642032651942,50.20566789912413,195.55555555555554,0.40161725067385445,0.060943485438260246,0.21088089048862457,0.4393530997304582,0.5606469002695418,0.11317945271730423,0.07908524572849274,2.681324574339724,-0.02151086926460266
16a07Wa,C:/Project/AI-STRESS-DETECTOR/data/public/emodb/wav/16a07Wa.wav,C:\Project\AI-STRESS-DETECTOR\data\public\emodb\wav\16a07Wa.wav,severe,3,speaker_16,test,de,emodb_a07,studio,controlled,In sieben Stunden wird es soweit sein.,emodb_emotion=anger; variation=a,2.3818125,0.0453299805521965,0.07014363259077072,0.1297815442085266,0.2275073276411367,0.16843802898382249,2640.9345664929665,1052.6451332633694,1833.4739101580317,391.40859764742464,4768.813559322034,1318.4442356535255,0.3581494987010956,0.19512230157852173,-30.59367561340332,1.8493261337280273,-2.72589373588562,1.0608508586883545,-3.6495420932769775,-0.7983680367469788,-2.5410890579223633,-0.9885361194610596,-1.4205678701400757,-1.6385786533355713,-0.4695263206958771,-0.5179105401039124,1.2191389799118042,18.19661521911621,6.906448841094971,6.745863437652588,3.1660211086273193,3.6623830795288086,2.1042799949645996,2.291625738143921,2.014868974685669,1.959845781326294,1.686097264289856,1.5326203107833862,1.5873931646347046,2.364372968673706,-0.025143105536699295,-0.003044835524633527,0.018211081624031067,-0.003843738464638591,0.0015703854151070118,0.011734277941286564,-0.004108954221010208,-0.009116457775235176,-0.007324481848627329,-0.004981872159987688,-0.003566952422261238,-0.0024566175416111946,-0.004107540473341942,5.1015777587890625,2.0087544918060303,1.6936357021331787,1.0017164945602417,1.1714707612991333,0.8532488346099854,0.882775068283081,0.7493636012077332,0.7159900665283203,0.6474506258964539,0.6651126742362976,0.5742491483688354,0.7179349660873413,266.3846719677412,52.65685924023454,169.50904392764858,0.4406779661016949,0.08835454216927632,0.22049182653427124,0.5254237288135593,0.4745762711864407,0.0876372680068016,0.08322311192750931,4.198483297908631,0.047790030017495155
16b01Aa,C:/Project/AI-STRESS-DETECTOR/data/public/emodb/wav/16b01Aa.wav,C:\Project\AI-STRESS-DETECTOR\data\public\emodb\wav\16b01Aa.wav,high,2,speaker_16,test,de,emodb_b01,studio,controlled,"Was sind denn das fuer Tueten, die da unter dem Tisch stehen.",emodb_emotion=fear; variation=a,2.0813125,0.1129927933216095,0.09137145429849625,0.2408391833305359,0.21814244348735917,0.18851869261436316,2600.4063582568197,1166.7205247260456,1824.1665344840221,281.56670359348277,4736.504854368932,1234.3432739467573,0.40405765175819397,0.17233654856681824,-14.872437477111816,2.749424695968628,-1.2053077220916748,2.1019794940948486,-2.5723562240600586,-1.2099659442901611,-3.5207579135894775,-0.9929733872413635,-1.6923748254776,-0.9212316274642944,-0.1952560395002365,-0.547150194644928,0.023916374891996384,15.386762619018555,6.568035125732422,4.331219673156738,2.29335355758667,2.4458186626434326,2.5624759197235107,2.6424219608306885,1.7554675340652466,2.0233912467956543,1.418062448501587,1.5000113248825073,1.5081778764724731,1.611252784729004,0.0627601221203804,0.0014146462781354785,-0.00170359096955508,0.006121593993157148,-0.019419297575950623,-0.0033593871630728245,-0.009441296570003033,0.008116938173770905,-0.005766595248132944,-0.0019527858821675181,0.007940413430333138,-0.003569256281480193,0.0055758110247552395,4.825803279876709,2.162782907485962,2.0796759128570557,0.835006058216095,1.0023417472839355,0.920802652835846,1.0202113389968872,0.7500520944595337,0.7551867961883545,0.6016708612442017,0.6225333213806152,0.6117419600486755,0.6225013136863708,295.0973827239016,45.5480013315214,165.07936507936506,0.6116504854368932,0.05872963783412592,0.24062129855155945,0.2038834951456311,0.7961165048543689,0.13956353068351746,0.08365020155906677,2.88279631242305,0.022801093757152557
16b01Eb,C:/Project/AI-STRESS-DETECTOR/data/public/emodb/wav/16b01Eb.wav,C:\Project\AI-STRESS-DETECTOR\data\public\emodb\wav\16b01Eb.wav,high,2,speaker_16,test,de,emodb_b01,studio,controlled,"Was sind denn das fuer Tueten, die da unter dem Tisch stehen.",emodb_emotion=disgust; variation=b,3.421625,0.1127546951174736,0.09402134269475937,0.2615521550178528,0.17787851982898423,0.2124565219088994,2139.7261438326273,1436.9082848897408,1672.4477513828226,442.0768029772309,3794.235294117647,1992.6168879851784,0.34199702739715576,0.2025054395198822,-18.90652084350586,6.677907943725586,1.1365373134613037,3.5952298641204834,-0.28271281719207764,-1.5435216426849365,-3.050198554992676,-0.7648301720619202,-1.2624465227127075,-0.3824375867843628,-0.07783913612365723,-0.8467319011688232,-0.42823782563209534,17.75506591796875,8.281647682189941,3.380283832550049,3.0173542499542236,2.1107470989227295,2.407482147216797,2.6718766689300537,1.7135403156280518,1.6918247938156128,1.588904619216919,1.1903544664382935,1.4391698837280273,1.1568796634674072,0.0009400311391800642,0.008978058584034443,0.006750822998583317,0.0031840733718127012,0.004962677136063576,0.004136896226555109,-0.001606795354746282,-0.001046234043315053,-0.002738934475928545,0.004146122373640537,0.0027140737511217594,-0.00026012377929873765,-0.0033723025117069483,4.978281497955322,2.2241578102111816,1.350709319114685,0.9067304134368896,0.7798213362693787,0.812087893486023,0.8242381811141968,0.5735272765159607,0.6015849113464355,0.5615248084068298,0.5211951732635498,0.5445622801780701,0.5092876553535461,229.41579128886002,50.75489134574877,201.7094017094017,0.6411764705882353,0.04509338418683619,0.17694556713104248,0.20882352941176474,0.7911764705882353,0.14045347273349762,0.08644423633813858,2.3380703613049354,0.04149889200925827
16b01Fa,C:/Project/AI-STRESS-DETECTOR/data/public/emodb/wav/16b01Fa.wav,C:\Project\AI-STRESS-DETECTOR\data\public\emodb\wav\16b01Fa.wav,moderate,1,speaker_16,test,de,emodb_b01,studio,controlled,"Was sind denn das fuer Tueten, die da unter dem Tisch stehen.",emodb_emotion=happiness; variation=a,2.64975,0.03455445542931557,0.03514443710446358,0.07157106697559357,0.19323975337583502,0.16918538930340057,2346.259474427512,1074.9105003262594,1733.1058677578717,348.58445263293095,4326.844106463878,1392.3403726602885,0.34382709860801697,0.1986723244190216,-29.187814712524414,3.166872501373291,-3.2436940670013428,1.7195359468460083,-2.92840313911438,-1.745934247970581,-3.06307315826416,-0.4175099730491638,-1.2753061056137085,-0.5662133693695068,0.8765263557434082,0.28374072909355164,1.523424744606018,17.432106018066406,5.788543701171875,5.738497734069824,3.178968667984009,2.880434036254883,2.462939977645874,2.4725019931793213,1.4536969661712646,1.5615309476852417,1.716176152229309,2.00774884223938,1.7230136394500732,1.885478138923645,-0.010066565126180649,0.0037237347569316626,0.005576376803219318,0.0002232622355222702,-0.005472708959132433,-0.008580820634961128,0.0018539029406383634,0.0074799684807658195,-0.0022869943641126156,-0.006616853643208742,0.004060573875904083,0.0019829915836453438,-0.010337982326745987,4.988536357879639,1.973153829574585,1.8559490442276,0.8927998542785645,0.9569430947303772,0.8886566758155823,0.8995031118392944,0.6473870277404785,0.5641528964042664,0.6090115904808044,0.6202026009559631,0.5972690582275391,0.6382372379302979,257.6721851739419,62.71905553114146,171.64750957854406,0.5703422053231939,0.09768516359819719,0.20025484263896942,0.3916349809885932,0.6083650190114068,0.05239907652139664,0.03458283096551895,4.151335031606755,0.013855146244168282
16b01La,C:/Project/AI-STRESS-DETECTOR/data/public/emodb/wav/16b01La.wav,C:\Project\AI-STRESS-DETECTOR\data\public\emodb\wav\16b01La.wav,low,0,speaker_16,test,de,emodb_b01,studio,controlled,"Was sind denn das fuer Tueten, die da unter dem Tisch stehen.",emodb_emotion=boredom; variation=a,2.9439375,0.12435422092676163,0.10175124555826187,0.3001686930656433,0.13847117794486216,0.1636907215684358,1895.034198880521,1141.9531624709252,1695.406322174005,359.27805427318873,3752.4657534246576,1579.1425459197853,0.31954002380371094,0.17870058119297028,-16.346426010131836,7.9072065353393555,1.8935896158218384,5.646634101867676,-0.42272937297821045,0.7506095767021179,-2.1393072605133057,-0.7265999913215637,-0.7040386199951172,-0.10557746887207031,-0.8754310607910156,-0.22618578374385834,-0.2819361388683319,14.965028762817383,7.100223064422607,3.1406381130218506,2.767943859100342,2.1689414978027344,1.543972373008728,2.489253044128418,1.6439507007598877,1.4906971454620361,1.4748822450637817,1.135102391242981,1.5043741464614868,1.1235920190811157,-0.010937357321381569,0.0028991077560931444,-0.0020051198080182076,-0.0045326752588152885,0.001658554538153112,0.007614508271217346,0.0048341937363147736,0.004851071629673243,-0.0010278127156198025,0.004678626544773579,-0.005165291950106621,0.0062305983155965805,0.01161998976022005,4.448659420013428,1.9775983095169067,1.3866654634475708,0.868774950504303,0.7798035144805908,0.65708327293396,0.7924551963806152,0.6270708441734314,0.5697826743125916,0.5192680358886719,0.45650720596313477,0.49975335597991943,0.460290789604187,185.30959317695562,43.397044535958976,195.40229885057468,0.6301369863013698,0.044534531357492906,0.17447218298912048,0.23630136986301364,0.7636986301369864,0.16008877754211426,0.09011960029602051,2.7174489947561726,-0.09215572476387024
16b01Lc,C:/Project/AI-STRESS-DETECTOR/data/public/emodb/wav/16b01Lc.wav,C:\Project\AI-STRESS-DETECTOR\data\public\emodb\wav\16b01Lc.wav,low,0,speaker_16,test,de,emodb_b01,studio,controlled,"Was sind denn das fuer Tueten, die da unter dem Tisch stehen.",emodb_emotion=boredom; variation=c,2.4656875,0.12899833917617798,0.08984198421239853,0.24386146664619446,0.15423252007569943,0.1792903694091882,2005.8826218274114,1248.6878155946495,1706.795582058715,364.1580356792629,3841.9591836734694,1749.4627275448659,0.33138948678970337,0.20012997090816498,-13.948498725891113,7.806380271911621,2.0622286796569824,5.644617080688477,-0.5746279954910278,0.18066832423210144,-3.304304599761963,-0.5501240491867065,-0.5137678980827332,-0.28563618659973145,-0.9176943302154541,-0.8806275725364685,-0.5301417708396912,11.488588333129883,7.039109706878662,2.8642773628234863,3.0217485427856445,2.008744716644287,1.59843909740448,2.621537685394287,1.4655091762542725,1.6462441682815552,1.4573248624801636,1.1670576333999634,1.3343437910079956,1.0878825187683105,-0.0333467535674572,0.017610600218176842,0.00577253382652998,-0.0036772270686924458,0.002194147789850831,0.008829002268612385,-0.0005053306231275201,-0.00448636244982481,0.0015877538826316595,-0.0029017527122050524,0.00781989749521017,-0.0027738248463720083,-0.0014166135806590319,3.9398605823516846,2.07207989692688,1.183502197265625,0.8848839998245239,0.7789260149002075,0.7163496017456055,0.8277194499969482,0.6024285554885864,0.6662722229957581,0.5228726863861084,0.48469001054763794,0.5272107720375061,0.4121801257133484,200.9169553700859,28.13710179022735,141.02564102564102,0.6489795918367347,0.026502279996506763,0.164780393242836,0.2204081632653061,0.7795918367346939,0.1606099158525467,0.07585994899272919,3.2445311905908594,-0.04898294061422348
16b01Tb,C:/Project/AI-STRESS-DETECTOR/data/public/emodb/wav/16b01Tb.wav,C:\Project\AI-STRESS-DETECTOR\data\public\emodb\wav\16b01Tb.wav,moderate,1,speaker_16,test,de,emodb_b01,studio,controlled,"Was sind denn das fuer Tueten, die da unter dem Tisch stehen.",emodb_emotion=sadness; variation=b,4.37775,0.08024822175502777,0.09993798285722733,0.20454394817352295,0.14425398358281022,0.16786245954718554,2053.5116893763366,1114.6002295103679,1906.081973771885,431.9877785976615,4190.917431192661,1721.4081292101628,0.4155498743057251,0.17672394216060638,-23.1533203125,6.456151008605957,2.597048759460449,4.417294502258301,1.1694635152816772,1.3409087657928467,-0.7602614164352417,-0.5418166518211365,0.08371984958648682,-0.10367451608181,-0.11166118830442429,-0.7212482690811157,-0.2928544580936432,11.951205253601074,6.0537285804748535,2.1778876781463623,2.1002442836761475,1.297689437866211,1.364317536354065,1.4234652519226074,1.4429535865783691,1.395883321762085,1.3489792346954346,1.081490397453308,1.4563894271850586,1.105712890625,-0.0063140238635241985,-0.0008675275603309274,-0.0027784097474068403,0.0008581756264902651,-0.004136896226555109,-0.0026938696391880512,-0.001446479232981801,5.10275895067025e-05,0.0001131312528741546,-5.5465676268795505e-05,-3.6118226489634253e-06,-0.007548478897660971,-0.0028882166370749474,3.5668349266052246,1.6068856716156006,1.0488426685333252,0.6573328375816345,0.6885983347892761,0.5792338848114014,0.5934885144233704,0.5399950742721558,0.5572269558906555,0.46586284041404724,0.4029037356376648,0.5051947832107544,0.4276038110256195,199.20908820440906,27.773257541473164,180.95238095238093,0.4243119266055046,0.04652148355926675,0.28416183590888977,0.4288990825688074,0.5711009174311926,0.13507138192653656,0.1023377850651741,2.0558506081891386,-0.030025571584701538
16b01Wa,C:/Project/AI-STRESS-DETECTOR/data/public/emodb/wav/16b01Wa.wav,C:\Project\AI-STRESS-DETECTOR\data\public\emodb\wav\16b01Wa.wav,severe,3,speaker_16,test,de,emodb_b01,studio,controlled,"Was sind denn das fuer Tueten, die da unter dem Tisch stehen.",emodb_emotion=anger; variation=a,2.609875,0.07927154004573822,0.06639517843723297,0.18361257016658783,0.2111553013808653,0.1737989370054391,2486.5006471799534,1128.1941976142314,1783.7883784462745,306.22627100918794,4615.752895752896,1238.0575896581497,0.3504475951194763,0.18845807015895844,-18.490154266357422,4.775280475616455,-0.6298502683639526,4.0188374519348145,-2.9202773571014404,-0.6238986849784851,-3.300018787384033,-0.41179877519607544,-1.4733530282974243,-1.36592435836792,-0.26791125535964966,-0.7642807960510254,-0.5209210515022278,17.290895462036133,6.673960208892822,4.2119364738464355,3.1481564044952393,3.1159427165985107,2.1558644771575928,2.9259026050567627,1.9112756252288818,1.723975658416748,1.7875816822052002,1.4112809896469116,1.542012333869934,1.2188390493392944,-0.06437043845653534,0.008794000372290611,0.038438957184553146,-0.0015383890131488442,-0.0034440106246620417,-0.004292760509997606,-0.0005395826883614063,-0.003638324560597539,0.002734577748924494,0.0003263407270424068,-0.0005958006368018687,0.0021538743749260902,0.003744234098121524,5.263072967529297,2.2898552417755127,1.79958975315094,0.9913084506988525,1.0283663272857666,0.8571035861968994,1.0360292196273804,0.7482494711875916,0.6209858655929565,0.655261218547821,0.6061486005783081,0.6049786806106567,0.526140034198761,233.5898733711032,43.434320784938045,203.17460317460316,0.6447876447876448,0.05068472745828036,0.24852609634399414,0.25482625482625487,0.7451737451737451,0.10341940820217133,0.060060132294893265,3.0652809042578664,0.01979057490825653
16b01Wb,C:/Project/AI-STRESS-DETECTOR/data/public/emodb/wav/16b01Wb.wav,C:\Project\AI-STRESS-DETECTOR\data\public\emodb\wav\16b01Wb.wav,severe,3,speaker_16,test,de,emodb_b01,studio,controlled,"Was sind denn das fuer Tueten, die da unter dem Tisch stehen.",emodb_emotion=anger; variation=b,2.6616875,0.06788402050733566,0.06222466379404068,0.1701553463935852,0.2543954583428268,0.16173550786741622,2737.1739294688823,1011.6417739563155,1724.318747451906,293.2648842748383,4646.060606060606,1176.2445102282336,0.34463709592819214,0.1858503818511963,-21.85746192932129,1.8303169012069702,-2.8134829998016357,3.2992711067199707,-4.110725402832031,-1.5455453395843506,-3.4891722202301025,-0.6552000045776367,-1.459521770477295,-1.5707080364227295,-0.21485009789466858,-0.5760034918785095,-0.24640393257141113,18.511606216430664,6.6592559814453125,5.172613143920898,2.8166632652282715,3.347851037979126,2.4990971088409424,3.001413583755493,1.915455937385559,1.6537518501281738,1.935549259185791,1.6478008031845093,1.6582305431365967,1.489389181137085,-0.044280096888542175,0.018932314589619637,0.01333674881607294,-0.017160702496767044,-0.0007607404259033501,0.004542708396911621,-0.007147962227463722,-0.0007214762736111879,-0.008793404325842857,-0.0035086798015981913,-0.0027857692912220955,0.003102495102211833,0.0021783809643238783,5.463294982910156,2.2878618240356445,1.9123800992965698,0.996897280216217,1.1579928398132324,0.9253243803977966,0.9951323866844177,0.7776802182197571,0.6504833102226257,0.7766245603561401,0.6712651252746582,0.6880233287811279,0.5880559086799622,286.68379903015637,39.168019580053134,165.07936507936506,0.6212121212121212,0.04580190396587555,0.25056007504463196,0.31060606060606055,0.6893939393939394,0.09499605745077133,0.05685066059231758,3.75701505154155,0.012670621275901794
16b02Aa,C:/Project/AI-STRESS-DETECTOR/data/public/emodb/wav/16b02Aa.wav,C:\Project\AI-STRESS-DETECTOR\data\public\emodb\wav\16b02Aa.wav,high,2,speaker_16,test,de,emodb_b02,studio,controlled,Sie haben es gerade hochgetragen und jetzt gehen sie wieder runter.,emodb_emotion=fear; variation=a,3.0035625,0.06207128241658211,0.06432468444108963,0.1272314488887787,0.1912751677852349,0.13683633152253172,2274.2790970782626,852.7550415734889,1739.0327301866585,347.49630771322467,4202.013422818792,1192.5321206911915,0.37655532360076904,0.17276236414909363,-21.53074073791504,4.61599063873291,-3.8571736812591553,-0.04152262210845947,-2.9341585636138916,-0.776123046875,-2.245213031768799,-1.5376709699630737,-1.3503631353378296,-0.26670771837234497,-0.221958726644516,-0.7445921301841736,0.1690903753042221,15.930765151977539,3.941277265548706,5.0112833976745605,2.9376988410949707,3.383181571960449,2.6797409057617188,2.502131938934326,1.7139337062835693,1.962428331375122,1.576657772064209,1.3177976608276367,1.222342848777771,1.5434640645980835,-0.020413558930158615,0.0032478978391736746,0.01564301736652851,-0.005267728120088577,0.0002991729124914855,0.005579641088843346,0.0038261942099779844,-0.001620165421627462,0.003911443054676056,0.005645604804158211,0.005179577972739935,0.00998269859701395,0.004764435347169638,5.46013069152832,1.8178247213363647,1.9767571687698364,1.06596040725708,1.1247186660766602,0.9176604747772217,0.8100454211235046,0.6860401034355164,0.7532908916473389,0.6063826084136963,0.6292145252227783,0.6257104873657227,0.6529648303985596,289.6806418111442,61.50318289052933,169.50904392764858,0.6241610738255033,0.07200335858701525,0.24094298481941223,0.2986577181208053,0.7013422818791947,0.08607369661331177,0.06290794163942337,2.663503755956468,-0.013711292296648026
16b02Eb,C:/Project/AI-STRESS-DETECTOR/data/public/emodb/wav/16b02Eb.wav,C:\Project\AI-STRESS-DETECTOR\data\public\emodb\wav\16b02Eb.wav,high,2,speaker_16,test,de,emodb_b02,studio,controlled,Sie haben es gerade hochgetragen und jetzt gehen sie wieder runter.,emodb_emotion=disgust; variation=b,4.1885625,0.1346929520368576,0.09123530983924866,0.2612232267856598,0.13669064748201437,0.16170283169381808,1867.7440827377393,1195.2981670697188,1669.9189487289125,457.2279632235331,3443.357314148681,1946.799439330841,0.31987953186035156,0.19879542291164398,-14.38124942779541,9.044963836669922,0.42386215925216675,2.2829461097717285,-0.6785123944282532,-0.4956701397895813,-2.3202292919158936,-1.5733903646469116,-1.400801658630371,-0.6498908996582031,-0.15311791002750397,-1.7894501686096191,-0.9696440696716309,15.386943817138672,6.861481666564941,4.098163604736328,3.1500179767608643,2.720984697341919,2.38354229927063,2.338846445083618,1.66885244846344,1.9890953302383423,1.6835689544677734,1.1977084875106812,1.4673477411270142,1.3376154899597168,0.008771809749305248,0.002142262412235141,-0.007210385985672474,-0.007402434945106506,0.0040979888290166855,0.007829757407307625,0.0011309823021292686,7.070454739732668e-05,0.0012892219237983227,0.0005185077898204327,-7.780135638313368e-05,0.004027592483907938,0.000444486562628299,4.738059043884277,1.9354147911071777,1.4736332893371582,0.9623551368713379,0.8325049877166748,0.7762389183044434,0.7355780005455017,0.6323784589767456,0.6110134720802307,0.5216391682624817,0.5366420149803162,0.5507757067680359,0.534603476524353,226.14150831719465,37.78302419404808,190.89282163451978,0.7218225419664268,0.030058192635016856,0.1331741362810135,0.2158273381294964,0.7841726618705036,0.16831645369529724,0.07300511747598648,1.909963143679962,-0.011896267533302307
16b02Fd,C:/Project/AI-STRESS-DETECTOR/data/public/emodb/wav/16b02Fd.wav,C:\Project\AI-STRESS-DETECTOR\data\public\emodb\wav\16b02Fd.wav,moderate,1,speaker_16,test,de,emodb_b02,studio,controlled,Sie haben es gerade hochgetragen und jetzt gehen sie wieder runter.,emodb_emotion=happiness; variation=d,3.5335625,0.06743977963924408,0.06284267455339432,0.15912102162837982,0.21023356111075409,0.15425316499525615,2403.0510417443807,998.236229426688,1697.3981494309494,328.93849547236067,4299.94301994302,1243.133160097232,0.3572111129760742,0.1797170341014862,-18.975566864013672,3.9226431846618652,-3.6168053150177,1.3158940076828003,-3.4299352169036865,-0.7721044421195984,-1.8096314668655396,-1.3004827499389648,-1.8403198719024658,-0.5731074213981628,-0.2173675000667572,-0.3512178659439087,0.45361801981925964,13.711295127868652,5.623425483703613,5.188674449920654,2.8009097576141357,3.9478073120117188,2.5055768489837646,2.412445306777954,1.8193899393081665,1.9216296672821045,1.553330659866333,1.467930555343628,1.5441229343414307,1.790883183479309,0.02750743366777897,-0.004874550271779299,-0.016306499019265175,-0.00666115852072835,-0.00022221970721147954,-6.57967320876196e-05,-0.0031270934268832207,-7.007196927588666e-06,0.0006366496090777218,-0.0010412364499643445,-0.0017174356617033482,-0.005143552552908659,-0.0013627272564917803,5.028564929962158,1.9647579193115234,1.7958807945251465,1.033479928970337,1.1765844821929932,0.8710992336273193,0.8388796448707581,0.7379367351531982,0.6626476645469666,0.6275879740715027,0.5809401273727417,0.5198279619216919,0.6645628213882446,268.09876750017355,55.45394724162098,206.0228452751817,0.6438746438746439,0.061531455891297306,0.20435607433319092,0.2222222222222222,0.7777777777777778,0.08414453268051147,0.061728235334157944,3.113005642322727,0.0047264620661735535
16b02Lb,C:/Project/AI-STRESS-DETECTOR/data/public/emodb/wav/16b02Lb.wav,C:\Project\AI-STRESS-DETECTOR\data\public\emodb\wav\16b02Lb.wav,low,0,speaker_16,test,de,emodb_b02,studio,controlled,Sie haben es gerade hochgetragen und jetzt gehen sie wieder runter.,emodb_emotion=boredom; variation=b,3.39875,0.1101803109049797,0.0908866822719574,0.22768422961235046,0.12478681911880292,0.13454205630718574,1662.8356746944862,979.9603419325771,1566.0052196382742,412.41065728646197,3192.662721893491,1622.6804141543598,0.27073758840560913,0.17312510311603546,-15.78085994720459,10.734879493713379,0.6305458545684814,3.125908613204956,-1.6468902826309204,-0.06878107786178589,-1.7499743700027466,-1.2172294855117798,-0.2631671130657196,0.6160885691642761,-0.4200415015220642,-1.1772329807281494,-0.7458016872406006,13.850516319274902,6.077885150909424,4.313109874725342,3.6065828800201416,2.6840977668762207,2.08514666557312,2.506157159805298,1.6293197870254517,1.6753419637680054,1.291958212852478,1.3393940925598145,1.4823354482650757,1.5066806077957153,0.0047275610268116,0.0067922319285571575,0.0023053130134940147,0.00724789360538125,0.004737138748168945,-0.002929654438048601,-0.005575742106884718,-0.013591454364359379,-0.014445535838603973,-0.006299677770584822,0.002237924374639988,0.0022532898001372814,-0.0031238349620252848,4.654773712158203,1.7404320240020752,1.5781359672546387,1.0204365253448486,0.7781177759170532,0.779013991355896,0.7657475471496582,0.6549628973007202,0.5872904658317566,0.5144802927970886,0.5049124360084534,0.5139327645301819,0.43207594752311707,194.26910537276476,48.66824624226802,236.15257048092866,0.7366863905325444,0.037290554988776176,0.13536882400512695,0.20710059171597628,0.7928994082840237,0.13596932590007782,0.08474935591220856,3.530709819786686,-0.03549128770828247
16b02Wb,C:/Project/AI-STRESS-DETECTOR/data/public/emodb/wav/16b02Wb.wav,C:\Project\AI-STRESS-DETECTOR\data\public\emodb\wav\16b02Wb.wav,severe,3,speaker_16,test,de,emodb_b02,studio,controlled,Sie haben es gerade hochgetragen und jetzt gehen sie wieder runter.,emodb_emotion=anger; variation=b,3.184375,0.05033326894044876,0.05354741960763931,0.10804158449172974,0.2243742267060055,0.116172676103201,2580.684960881055,769.8883377741407,1768.2851762203359,352.51885895167794,4638.481012658228,1060.698466568729,0.35024580359458923,0.18300823867321014,-23.997629165649414,1.812171220779419,-4.866450786590576,-0.22738982737064362,-4.364936351776123,-0.6859920620918274,-2.1660232543945312,-1.1879620552062988,-2.07342267036438,-1.022706389427185,-0.4139654040336609,-0.3493522107601166,0.5249151587486267,15.548126220703125,4.8367791175842285,6.275054931640625,3.5296380519866943,3.5972979068756104,2.705301523208618,2.574373722076416,1.7369863986968994,1.7274881601333618,1.6926349401474,1.5296236276626587,1.8750766515731812,1.8777912855148315,-0.003917235415428877,-0.002356782788410783,0.01145600713789463,-0.000429935083957389,-0.008321156725287437,-0.006999007426202297,-0.004555257968604565,-0.0031460218597203493,-0.0006710788584314287,-0.0016155424527823925,-0.00014439715596381575,-0.005024030804634094,-0.007279145531356335,4.597309112548828,1.9750255346298218,1.8156994581222534,1.1168168783187866,1.1301857233047485,0.967703104019165,0.9050285816192627,0.8313365578651428,0.7646062970161438,0.7196002006530762,0.6511605381965637,0.6497796177864075,0.6438305974006653,265.43633164242544,49.93636608290286,181.64251207729467,0.5981012658227848,0.06818877374185944,0.2168881893157959,0.379746835443038,0.620253164556962,0.0759049654006958,0.05360957980155945,5.024533856722276,0.0012757591903209686
16b03Ad,C:/Project/AI-STRESS-DETECTOR/data/public/emodb/wav/16b03Ad.wav,C:\Project\AI-STRESS-DETECTOR\data\public\emodb\wav\16b03Ad.wav,high,2,speaker_16,test,de,emodb_b03,studio,controlled,An den Wochenenden bin ich jetzt immer nach Hause gefahren und habe Agnes besucht.,emodb_emotion=fear; variation=d,3.2161875,0.07411771267652512,0.06942626088857651,0.16537387669086456,0.1642230576441103,0.13851779401097888,2115.3230905065634,976.7256705812237,1699.520831385113,365.77554336611263,3951.5,1406.0681882469285,0.34777507185935974,0.18751706182956696,-18.89617919921875,6.322565078735352,-2.2907204627990723,0.38455063104629517,-3.4423000812530518,-1.0242540836334229,-2.8722331523895264,-2.069246292114258,-2.146016836166382,-0.3138459622859955,-0.7947020530700684,-1.0691829919815063,-0.4501962661743164,13.41893196105957,4.707997798919678,4.992395877838135,3.075692892074585,2.8334171772003174,2.2968852519989014,2.166482448577881,1.8899308443069458,2.0441408157348633,1.4360963106155396,1.154710054397583,1.3817944526672363,1.363065242767334,0.0634600967168808,0.0030470117926597595,-0.02282530441880226,-0.00834347028285265,-0.010621081106364727,-0.001722823129966855,-0.012379618361592293,-0.0013780631124973297,-0.0057861777022480965,-0.0036753497552126646,0.0015791498590260744,0.0002988562046084553,0.0029207610059529543,4.082067966461182,1.76702082157135,1.8368597030639648,1.0738179683685303,1.0322281122207642,0.8298397660255432,0.8433928489685059,0.746943473815918,0.766793966293335,0.6460856199264526,0.5834259390830994,0.5736603736877441,0.5775793194770813,314.3670972644552,32.26513276861934,181.64251207729467,0.75625,0.04496030373466485,0.1872107833623886,0.171875,0.828125,0.08803335577249527,0.0684378519654274,1.5546357294156512,0.0010128244757652283
16b03Ea,C:/Project/AI-STRESS-DETECTOR/data/public/emodb/wav/16b03Ea.wav,C:\Project\AI-STRESS-DETECTOR\data\public\emodb\wav\16b03Ea.wav,high,2,speaker_16,test,de,emodb_b03,studio,controlled,An den Wochenenden bin ich jetzt immer nach Hause gefahren und habe Agnes besucht.,emodb_emotion=disgust; variation=a,5.9638125,0.08440037071704865,0.08089441061019897,0.2046101689338684,0.15265858248314387,0.1535428031538786,1921.4799505024473,1157.94001901114,1641.7712207254237,472.5737976890789,3555.3535353535353,1835.1120736413352,0.3257713317871094,0.20137618482112885,-21.05669403076172,9.001057624816895,0.09439264982938766,2.6882317066192627,-0.550636351108551,0.2611739933490753,-2.1298582553863525,-0.9294517636299133,-1.1533262729644775,0.17895139753818512,-0.07315944135189056,-1.3682469129562378,-0.9044341444969177,17.125612258911133,7.16376256942749,4.403017044067383,2.7853593826293945,2.56588077545166,2.3032705783843994,2.3858354091644287,1.5918740034103394,2.0831797122955322,1.46858811378479,1.1953145265579224,1.556328535079956,1.4262515306472778,-0.01671876572072506,0.007485920563340187,0.008075406774878502,0.003917539957910776,0.005290961358696222,-0.00722830556333065,-0.0007510458235628903,0.009830925613641739,-0.002647300250828266,-0.0010866894153878093,-0.0010288681369274855,0.0026445246767252684,0.0013621909311041236,4.177488327026367,1.8665602207183838,1.284603476524353,0.8464133739471436,0.8490371108055115,0.6872357726097107,0.6728819012641907,0.5956597328186035,0.6407915353775024,0.5104735493659973,0.5233005285263062,0.5376591086387634,0.4720452129840851,209.32360587891608,36.70250565395683,228.57142857142856,0.6296296296296297,0.04556456585721897,0.16765160858631134,0.25084175084175087,0.7491582491582491,0.11098889261484146,0.07686030864715576,1.5091017700506177,-0.03083892911672592
16b03Fa,C:/Project/AI-STRESS-DETECTOR/data/public/emodb/wav/16b03Fa.wav,C:\Project\AI-STRESS-DETECTOR\data\public\emodb\wav\16b03Fa.wav,moderate,1,speaker_16,test,de,emodb_b03,studio,controlled,An den Wochenenden bin ich jetzt immer nach Hause gefahren und habe Agnes besucht.,emodb_emotion=happiness; variation=a,3.8655,0.05011796951293945,0.058395545929670334,0.12984105944633484,0.1695537545161605,0.11677401108596636,2246.0674868353744,819.4312051284383,1759.9001857521741,457.42941230235357,4206.961038961039,1408.7803921432296,0.3348054885864258,0.18829241394996643,-25.732223510742188,4.228491306304932,-4.0750603675842285,0.25242796540260315,-2.8878979682922363,-0.771635115146637,-2.142456531524658,-1.6167900562286377,-1.8409870862960815,-0.7555850148200989,-0.3384169936180115,-0.6389531493186951,0.3039075434207916,17.339855194091797,5.086028099060059,6.698937892913818,3.1002755165100098,3.2034552097320557,2.7661943435668945,2.5570428371429443,1.6404650211334229,1.6444658041000366,1.7481318712234497,1.536422610282898,1.8819447755813599,2.059101104736328,-0.006889412645250559,-0.007560067810118198,0.013446622528135777,0.0009618709445931017,-0.011176742613315582,-0.0022356081753969193,0.00390084320679307,0.0024711943697184324,0.002651098882779479,-0.0029708619695156813,0.004758463241159916,0.0015330146998167038,-0.002221511211246252,4.135002613067627,1.7373806238174438,1.720984935760498,1.0323981046676636,0.9955928325653076,0.8313130736351013,0.8499962091445923,0.7031689286231995,0.6913191676139832,0.645365834236145,0.5994895696640015,0.6028066873550415,0.6630875468254089,264.54320876460065,56.513381366862596,270.44917257683215,0.5974025974025974,0.07538282480252058,0.20681026577949524,0.3922077922077922,0.6077922077922078,0.07695943117141724,0.061213623732328415,3.363083689044108,0.011329509317874908
16b03Fd,C:/Project/AI-STRESS-DETECTOR/data/public/emodb/wav/16b03Fd.wav,C:\Project\AI-STRESS-DETECTOR\data\public\emodb\wav\16b03Fd.wav,moderate,1,speaker_16,test,de,emodb_b03,studio,controlled,An den Wochenenden bin ich jetzt immer nach Hause gefahren und habe Agnes besucht.,emodb_emotion=happiness; variation=d,3.6574375,0.06256742775440216,0.06792322546243668,0.18384495377540588,0.16902145473574043,0.13404110548471,2205.183757434368,982.9416441040261,1721.318889352323,430.7102451046316,4060.769230769231,1485.6483623777438,0.3271576166152954,0.17879439890384674,-23.08871078491211,5.463954925537109,-3.0959577560424805,0.5340944528579712,-2.8822860717773438,-0.49181994795799255,-2.2602903842926025,-1.6747251749038696,-2.182339668273926,-0.8269841074943542,-0.6863186359405518,-0.9923017024993896,-0.43923890590667725,16.681663513183594,4.810970783233643,6.78682804107666,3.4774858951568604,3.265111207962036,2.324049949645996,2.5225884914398193,1.61750328540802,1.5234320163726807,1.7731990814208984,1.4312310218811035,1.4647552967071533,1.6579700708389282,-0.053363945335149765,0.0045484621077775955,0.036080501973629,0.0007964817923493683,-9.210030839312822e-05,-0.00686692725867033,0.002172010252252221,0.0038015921600162983,0.0015184642979875207,-0.0005925795412622392,0.0006085090572014451,0.005113002844154835,0.0030266125686466694,4.6115546226501465,1.9035608768463135,1.8085840940475464,1.0834059715270996,1.0257443189620972,0.8329340815544128,0.9140850901603699,0.7424296140670776,0.6470937728881836,0.6406641006469727,0.6329385638237,0.5949026346206665,0.6155136227607727,273.043194721527,51.043660387739116,169.50904392764858,0.6675824175824175,0.06489990023048232,0.20640523731708527,0.30494505494505497,0.695054945054945,0.08625955879688263,0.06911558657884598,2.7341547189801605,0.006272967904806137
16b03La,C:/Project/AI-STRESS-DETECTOR/data/public/emodb/wav/16b03La.wav,C:\Project\AI-STRESS-DETECTOR\data\public\emodb\wav\16b03La.wav,low,0,speaker_16,test,de,emodb_b03,studio,controlled,An den Wochenenden bin ich jetzt immer nach Hause gefahren und habe Agnes besucht.,emodb_emotion=boredom; variation=a,4.035625,0.12287750095129013,0.09173335134983063,0.23382167518138885,0.12155388471177943,0.14214993775898635,1723.7006607288015,1069.0628003606657,1598.7348845298293,384.57026727118756,3405.373134328358,1679.0079353119283,0.28528568148612976,0.1897798627614975,-15.209092140197754,9.904709815979004,1.240323543548584,3.8439900875091553,-2.03898286819458,0.6832530498504639,-2.015056610107422,-1.7209223508834839,-0.5039847493171692,0.012343354523181915,-0.7229334115982056,-1.6452174186706543,-0.936292290687561,12.850177764892578,6.252590179443359,3.908625602722168,3.1779518127441406,2.8952152729034424,1.8274849653244019,2.4213650226593018,1.6494773626327515,1.944070816040039,1.3413175344467163,1.2027055025100708,1.507493495941162,1.1314094066619873,0.01898840442299843,0.005396145395934582,-0.00021621599444188178,0.002961824182420969,0.0027470779605209827,0.002443157136440277,0.003847475629299879,-0.001273016445338726,0.0051596397534012794,0.008514323271811008,0.0018465750617906451,0.0025445406790822744,0.0019970396533608437,3.57771635055542,1.763240098953247,1.2631542682647705,0.8431383967399597,0.868778645992279,0.6801925897598267,0.7248572111129761,0.6490630507469177,0.6389954686164856,0.5166760683059692,0.4821382462978363,0.48656123876571655,0.4446110129356384,204.37952876202465,41.564874085706215,239.79660109728354,0.7313432835820896,0.034945437097412525,0.1203267052769661,0.21144278606965172,0.7885572139303483,0.1522902548313141,0.08089324831962585,1.4867585566052348,-0.06548286974430084
16b03Nb,C:/Project/AI-STRESS-DETECTOR/data/public/emodb/wav/16b03Nb.wav,C:\Project\AI-STRESS-DETECTOR\data\public\emodb\wav\16b03Nb.wav,low,0,speaker_16,test,de,emodb_b03,studio,controlled,An den Wochenenden bin ich jetzt immer nach Hause gefahren und habe Agnes besucht.,emodb_emotion=neutral; variation=b,3.8991875,0.12139742076396942,0.08741812407970428,0.23483386635780334,0.1300286799472909,0.1604638964342404,1773.4834306226744,1223.2429528217165,1585.2355896829608,476.7436856206811,3315.8762886597938,1906.613423739092,0.28648310899734497,0.19054637849330902,-15.080236434936523,10.551884651184082,1.3323452472686768,3.170121431350708,-1.4735771417617798,1.2289153337478638,-1.555646300315857,-0.7206120491027832,-1.342684268951416,0.3754987418651581,-0.263873815536499,-0.7436320781707764,-1.2445334196090698,13.588455200195312,7.324306488037109,4.1972174644470215,2.688265800476074,2.8093655109405518,2.0275216102600098,2.3679163455963135,1.5862690210342407,1.739352822303772,1.6723626852035522,1.1820124387741089,1.3930368423461914,1.352728247642517,-0.026604386046528816,-0.0046744863502681255,0.010445240885019302,0.0008663354092277586,0.00462212273851037,-0.00031939547625370324,0.009595093317329884,0.005069042555987835,0.0032576555386185646,0.004791956394910812,-0.003641771385446191,0.001836674753576517,0.0035250915680080652,4.183043003082275,2.1037988662719727,1.4036471843719482,0.9916736483573914,1.0738649368286133,0.7496136426925659,0.7673966884613037,0.6759551763534546,0.692929208278656,0.5448380708694458,0.5464763641357422,0.5184795260429382,0.46583661437034607,186.3364986377562,35.14112759402109,226.97674418604652,0.7242268041237113,0.04586493495140821,0.14358685910701752,0.21134020618556704,0.788659793814433,0.15023048222064972,0.07560689747333527,1.795245804414381,-0.0644807368516922
16b03Ta,C:/Project/AI-STRESS-DETECTOR/data/public/emodb/wav/16b03Ta.wav,C:\Project\AI-STRESS-DETECTOR\data\public\emodb\wav\16b03Ta.wav,moderate,1,speaker_16,test,de,emodb_b03,studio,controlled,An den Wochenenden bin ich jetzt immer nach Hause gefahren und habe Agnes besucht.,emodb_emotion=sadness; variation=a,5.975625,0.11552270501852036,0.10867217183113098,0.2922220826148987,0.10029688314746596,0.14978609081536595,1701.1531849695743,1099.320525308787,1776.9878572547764,437.4783011972368,3534.3624161073826,1855.6275091049881,0.324002206325531,0.18125173449516296,-20.91400718688965,8.860371589660645,3.10862135887146,4.193410873413086,0.7952214479446411,2.0722827911376953,-0.5330126285552979,-0.1446595937013626,-0.6402192711830139,0.6534221172332764,-0.3360494077205658,-0.5830820798873901,-0.7096795439720154,14.749479293823242,6.002472877502441,3.219963550567627,2.7840735912323,1.653847575187683,1.4813673496246338,1.8701773881912231,1.7260689735412598,1.6320018768310547,1.2168612480163574,1.3331232070922852,1.3023362159729004,1.2907288074493408,-0.0012226937105879188,-0.0006179457413963974,-0.0015456211986020207,-0.001961836125701666,-0.003361065173521638,-0.001255344832316041,0.0017031891038641334,0.001262833597138524,0.00014245029888115823,0.003025580197572708,0.0009150258847512305,1.065122978616273e-05,-0.0004975367919541895,3.3217568397521973,1.6790010929107666,1.171402931213379,0.7939496040344238,0.7226816415786743,0.5907173752784729,0.6592717170715332,0.6628935933113098,0.6459411382675171,0.5062742233276367,0.46687793731689453,0.47227028012275696,0.44419482350349426,177.0361371254361,23.12531258835692,235.2548036758563,0.5671140939597316,0.042024010136899895,0.1793372631072998,0.3523489932885906,0.6476510067114094,0.17350132763385773,0.09309647232294083,1.6734651187114318,-0.08075250685214996
16b03Wb,C:/Project/AI-STRESS-DETECTOR/data/public/emodb/wav/16b03Wb.wav,C:\Project\AI-STRESS-DETECTOR\data\public\emodb\wav\16b03Wb.wav,severe,3,speaker_16,test,de,emodb_b03,studio,controlled,An den Wochenenden bin ich jetzt immer nach Hause gefahren und habe Agnes besucht.,emodb_emotion=anger; variation=b,3.9245625,0.05671226978302002,0.06606732308864594,0.1705952286720276,0.2173832015937279,0.12030703059653883,2495.2390080576542,764.232744787857,1747.8588694555715,377.38565686191356,4494.051282051282,1167.6193168858688,0.33283162117004395,0.19272908568382263,-25.04936981201172,2.1510119438171387,-5.308804035186768,-0.36640816926956177,-4.432295799255371,-0.07594819366931915,-2.569580554962158,-1.8599820137023926,-1.7350598573684692,-0.9754558801651001,-0.3752599358558655,-0.869202733039856,0.3459552824497223,16.55219078063965,5.0272979736328125,6.889869689941406,3.2312614917755127,3.662153720855713,2.212635040283203,2.5227012634277344,1.8927899599075317,1.7786003351211548,1.7196797132492065,1.334877371788025,1.6604318618774414,1.6793360710144043,-0.0037806485779583454,0.0019588936120271683,0.00348454131744802,-0.0033321466762572527,0.003630693070590496,0.008253245614469051,0.0034384592436254025,-0.0009786984883248806,0.0013716722605749965,0.0017118781106546521,0.0002615350822452456,0.0008279751637019217,-0.0013187971198931336,3.9180827140808105,1.8417203426361084,1.8589837551116943,0.9315490126609802,1.023835301399231,0.758682131767273,0.8227376341819763,0.6845489144325256,0.7085800766944885,0.6550328731536865,0.6096324324607849,0.5790082216262817,0.6313387751579285,270.3066637473793,67.48407076556985,263.6015325670498,0.5948717948717949,0.12043054442180152,0.2345326989889145,0.3897435897435897,0.6102564102564103,0.08768514543771744,0.06825795024633408,4.331693023107671,-0.002910550683736801
16b09Ab,C:/Project/AI-STRESS-DETECTOR/data/public/emodb/wav/16b09Ab.wav,C:\Project\AI-STRESS-DETECTOR\data\public\emodb\wav\16b09Ab.wav,high,2,speaker_16,test,de,emodb_b09,studio,controlled,Ich will das eben wegbringen und dann mit Karl was trinken gehen.,emodb_emotion=fear; variation=b,2.0515625,0.06163782253861427,0.05427093431353569,0.12272315472364426,0.19474795362791217,0.14417054615704888,2342.5830699090757,915.8103979346405,1755.8074280499868,293.6901348226794,4359.211822660099,1157.193551538503,0.3685665726661682,0.18498241901397705,-19.490734100341797,4.145443916320801,-3.39481258392334,1.4978630542755127,-3.715374231338501,-1.8451510667800903,-3.0409798622131348,-1.1827070713043213,-2.2617108821868896,-1.0209490060806274,-0.6505504846572876,-0.8263052105903625,0.16588418185710907,14.936094284057617,4.882559776306152,5.193710803985596,3.36409592628479,3.2100629806518555,2.124162197113037,2.0242562294006348,1.8883742094039917,2.020484447479248,1.2384270429611206,1.2591396570205688,1.1907259225845337,1.369912028312683,0.09795783460140228,0.008388258516788483,-0.0026837275363504887,0.006538896355777979,-0.01599275693297386,-0.0063284109346568584,-0.02069365233182907,-0.0014612815575674176,-0.01464507170021534,-0.0037125214003026485,-0.006014249753206968,-0.005985001567751169,-0.0028366027399897575,5.311282157897949,1.7972484827041626,2.017010450363159,1.1490126848220825,1.1764615774154663,0.8727539777755737,0.9238579273223877,0.7464995980262756,0.7857595086097717,0.5779047608375549,0.6142423152923584,0.5057315230369568,0.6225932836532593,297.85412435361354,60.406838434487696,179.73137973137972,0.7044334975369458,0.09144087435493609,0.2417209893465042,0.2216748768472906,0.7783251231527094,0.07659008353948593,0.05255308002233505,3.4120335110434117,-0.009346984326839447
16b09Eb,C:/Project/AI-STRESS-DETECTOR/data/public/emodb/wav/16b09Eb.wav,C:\Project\AI-STRESS-DETECTOR\data\public\emodb\wav\16b09Eb.wav,high,2,speaker_16,test,de,emodb_b09,studio,controlled,Ich will das eben wegbringen und dann mit Karl was trinken gehen.,emodb_emotion=disgust; variation=b,5.0256875,0.06865326315164566,0.07616860419511795,0.1822836995124817,0.14397270621663938,0.16982284576010895,1856.573777502933,1182.5152772645347,1649.477810921716,477.5910077656218,3529.5808383233534,1872.6694961653961,0.3071710169315338,0.19808830320835114,-25.79579734802246,8.739620208740234,0.6303163170814514,3.489649534225464,-0.46432793140411377,-1.5900087356567383,-2.640082359313965,-1.0003442764282227,-1.5879440307617188,0.3533342182636261,-0.07912204414606094,-1.3203132152557373,-0.868287980556488,19.635042190551758,7.1402201652526855,4.408732891082764,2.978877305984497,2.2974605560302734,2.4864654541015625,2.517530679702759,1.7328343391418457,2.1460416316986084,1.2444424629211426,1.1846778392791748,1.5729897022247314,1.4742038249969482,-0.002230581361800432,0.0004982539103366435,0.0006462542805820704,0.0011195356491953135,0.004462402779608965,-0.0004884387599304318,-0.003385073272511363,-0.0018022673903033137,-0.006197063717991114,-0.003612163243815303,-0.005081190261989832,-0.0022618251387029886,0.0027454779483377934,4.491021633148193,1.784661889076233,1.2942018508911133,0.7831445336341858,0.7478123903274536,0.7194275259971619,0.7186959981918335,0.5458109378814697,0.5791663527488708,0.4857475161552429,0.5141636729240417,0.4942229986190796,0.48211735486984253,220.21717890191502,32.80369719768698,217.6245210727969,0.5888223552894212,0.0402070469623488,0.15667235851287842,0.30938123752495006,0.6906187624750499,0.09642525017261505,0.07673235237598419,2.1887552698013955,-0.03612940013408661
16b09Fb,C:/Project/AI-STRESS-DETECTOR/data/public/emodb/wav/16b09Fb.wav,C:\Project\AI-STRESS-DETECTOR\data\public\emodb\wav\16b09Fb.wav,moderate,1,speaker_16,test,de,emodb_b09,studio,controlled,Ich will das eben wegbringen und dann mit Karl was trinken gehen.,emodb_emotion=happiness; variation=b,3.5018125,0.04448212683200836,0.06029491126537323,0.10863866657018661,0.17560424048627313,0.14767640722355072,2166.9229793135405,948.1776362476006,1714.0902355733647,348.02600994107576,4008.8505747126437,1341.0340197175833,0.34939372539520264,0.17588871717453003,-28.543359756469727,5.015409469604492,-2.2056312561035156,2.2727956771850586,-2.4060962200164795,-1.4723833799362183,-1.9373326301574707,-0.7395430207252502,-1.8008862733840942,-0.905641496181488,-0.5307379364967346,-0.7228268384933472,-0.023273462429642677,18.848201751708984,5.489610195159912,6.111955165863037,3.356531858444214,2.9406960010528564,2.56708025932312,2.1366772651672363,1.5262110233306885,1.8553276062011719,1.5520867109298706,1.2854923009872437,1.3572267293930054,1.6529393196105957,-0.03198628127574921,-0.0017493785126134753,0.01675468683242798,0.0008455456700176001,0.010124885477125645,0.010573288425803185,-0.0028083070646971464,-0.004397348500788212,0.005073939450085163,0.005782388616353273,0.0007789285737089813,0.004334453027695417,0.004502665251493454,4.971919059753418,1.5639698505401611,1.8532252311706543,0.9389930963516235,1.078347086906433,0.8452463150024414,0.7717333436012268,0.6521196365356445,0.6727541089057922,0.6068919897079468,0.5870635509490967,0.5320269465446472,0.5595913529396057,285.8466358976908,62.91746600140578,197.13971397139713,0.49712643678160917,0.0730975972500723,0.21924130618572235,0.47126436781609193,0.5287356321839081,0.0775739848613739,0.06724097579717636,3.4267968373520854,0.038759710267186165
16b09La,C:/Project/AI-STRESS-DETECTOR/data/public/emodb/wav/16b09La.wav,C:\Project\AI-STRESS-DETECTOR\data\public\emodb\wav\16b09La.wav,low,0,speaker_16,test,de,emodb_b09,studio,controlled,Ich will das eben wegbringen und dann mit Karl was trinken gehen.,emodb_emotion=boredom; variation=a,3.0661875,0.13920247554779053,0.10034888237714767,0.2722342908382416,0.1301286001889971,0.15285304568786953,1790.3686623042777,1107.3955501565724,1599.6759110108771,364.00057656258025,3404.3278688524592,1758.785616077664,0.2964353859424591,0.19806411862373352,-14.26782512664795,9.033761978149414,0.6678033471107483,3.8769524097442627,-2.4825098514556885,0.08444293588399887,-2.344446897506714,-1.0684378147125244,-1.3899377584457397,-0.953210175037384,-0.7380614876747131,-0.735543966293335,-0.7118613123893738,12.301980972290039,6.704331398010254,3.8739216327667236,2.9453487396240234,3.1031007766723633,1.9058932065963745,2.1653237342834473,2.0784366130828857,1.6750128269195557,1.7158405780792236,1.5156949758529663,1.582190990447998,1.227786898612976,0.022607209160923958,0.001863867393694818,-0.00522777670994401,0.005528861191123724,-0.007776055485010147,-0.007609976921230555,-0.0019225558498874307,-0.005861480254679918,-0.002161930548027158,-0.002400120720267296,0.0034826076589524746,-0.004363903775811195,-0.002070740098133683,4.086944103240967,1.8230870962142944,1.5643576383590698,0.9034305810928345,1.0578714609146118,0.7236069440841675,0.849704384803772,0.6261285543441772,0.6224038004875183,0.5989059805870056,0.5980865955352783,0.5093240737915039,0.4748091697692871,230.37336509462028,50.28613066206773,212.69841269841268,0.6950819672131148,0.02855269728871654,0.14908361434936523,0.2295081967213115,0.7704918032786885,0.17561015486717224,0.08503538370132446,2.935241240139424,-0.016079947352409363
16b09Lb,C:/Project/AI-STRESS-DETECTOR/data/public/emodb/wav/16b09Lb.wav,C:\Project\AI-STRESS-DETECTOR\data\public\emodb\wav\16b09Lb.wav,low,0,speaker_16,test,de,emodb_b09,studio,controlled,Ich will das eben wegbringen und dann mit Karl was trinken gehen.,emodb_emotion=boredom; variation=b,3.1859375,0.08688057214021683,0.09677306562662125,0.2416945844888687,0.1519176490121202,0.16871467718367558,1954.624049616291,1111.9349533791503,1691.5205165579628,320.8287708565563,3762.902208201893,1582.0656245172117,0.3517071306705475,0.19859160482883453,-19.2655086517334,8.0512056350708,1.4927619695663452,4.742924690246582,-1.702065110206604,-0.437513530254364,-1.6357953548431396,0.08674506098031998,0.5082151889801025,-0.09593502432107925,-0.6383423209190369,-0.9157961010932922,-0.3396519422531128,13.82756233215332,6.295406818389893,3.6431620121002197,2.7791476249694824,2.3465516567230225,2.5486247539520264,2.4024040699005127,1.6097184419631958,1.3818941116333008,1.502866506576538,1.321867823600769,1.2644520998001099,1.2788983583450317,0.04964415729045868,0.0003363988362252712,-0.0077312714420259,-0.0029216986149549484,-0.003792853094637394,-0.004261682275682688,-0.0111279571428895,-0.004086182452738285,-0.001029874081723392,0.0024708611890673637,0.0004272912337910384,0.0009753655176609755,0.003940091002732515,3.276662826538086,1.7497886419296265,1.2114533185958862,0.8666950464248657,0.9335696697235107,0.798332691192627,0.7236281037330627,0.6045736074447632,0.5676587224006653,0.5230910181999207,0.4727042317390442,0.5323930382728577,0.4907098412513733,195.51959227680788,61.75243274335969,225.4742547425474,0.6624605678233438,0.046343224741613946,0.12863008677959442,0.19873817034700314,0.8012618296529969,0.10667115449905396,0.0985194519162178,2.1971554683668466,-0.10496502742171288
16b09Wb,C:/Project/AI-STRESS-DETECTOR/data/public/emodb/wav/16b09Wb.wav,C:\Project\AI-STRESS-DETECTOR\data\public\emodb\wav\16b09Wb.wav,severe,3,speaker_16,test,de,emodb_b09,studio,controlled,Ich will das eben wegbringen und dann mit Karl was trinken gehen.,emodb_emotion=anger; variation=b,3.69,0.048399366438388824,0.05674305930733681,0.12291911244392395,0.2626388860434465,0.1573939720506102,2697.396837760198,906.8767689018833,1689.3586842248817,346.5319007142101,4541.907356948229,1090.2209171048842,0.34555304050445557,0.17925786972045898,-26.641555786132812,1.5270663499832153,-3.8357059955596924,1.841572642326355,-4.889945030212402,-0.986091136932373,-2.119478940963745,-0.7671769857406616,-1.4743657112121582,-1.188249111175537,-0.07167954742908478,-0.26848161220550537,0.8527312874794006,17.577564239501953,5.7685160636901855,5.797396659851074,3.463942766189575,3.683014392852783,2.3400931358337402,2.249136209487915,1.9402250051498413,1.6177235841751099,1.6156915426254272,1.822566032409668,1.7708587646484375,1.9346920251846313,-0.04363591596484184,0.014300177805125713,0.013763027265667915,-0.0211271233856678,0.010113328695297241,0.00708326930180192,0.002065267413854599,0.0019578570500016212,0.0027967114001512527,-0.0022854304406791925,-0.0004326550115365535,0.00983482226729393,0.008481860160827637,4.882765293121338,1.7879297733306885,1.6431303024291992,1.060957431793213,1.0636658668518066,0.8407318592071533,0.8631174564361572,0.7424232363700867,0.6271084547042847,0.6457691192626953,0.6761893630027771,0.6008526086807251,0.7107361555099487,275.51149904496026,57.76182339162196,229.5713035870516,0.5395095367847411,0.08576248278873434,0.2217014878988266,0.40871934604904636,0.5912806539509536,0.07737962156534195,0.05805918574333191,3.252032520325203,0.030228834599256516
16b10Aa,C:/Project/AI-STRESS-DETECTOR/data/public/emodb/wav/16b10Aa.wav,C:\Project\AI-STRESS-DETECTOR\data\public\emodb\wav\16b10Aa.wav,high,2,speaker_16,test,de,emodb_b10,studio,controlled,"Die wird auf dem Platz sein, wo wir sie immer hinlegen.",emodb_emotion=fear; variation=a,2.5826875,0.12176628410816193,0.1044984832406044,0.27124452590942383,0.16195762844611528,0.14624557499931853,2174.8570862296074,939.3487132474486,1817.963489958281,344.75990263841584,4199.21875,1331.9133378896831,0.39080294966697693,0.1883421689271927,-15.553947448730469,6.014795303344727,-0.9265029430389404,2.0573763847351074,-2.0853703022003174,-1.2974457740783691,-2.57993221282959,-1.4374231100082397,-1.8532153367996216,-0.7253126502037048,-0.7468070387840271,-1.4119551181793213,-0.36231154203414917,16.23427963256836,4.6101155281066895,4.324868679046631,3.0885798931121826,2.4831395149230957,2.492286443710327,2.3531808853149414,1.8862465620040894,2.412334442138672,1.3344355821609497,1.1975123882293701,1.292680263519287,1.136427402496338,-0.020761460065841675,0.005650205537676811,0.00946282222867012,-0.003836069256067276,0.010269437916576862,0.0009104721248149872,-0.0029306896030902863,-0.0005065826699137688,-0.005359066184610128,-0.003905510064214468,-0.007492311764508486,-0.011098017916083336,-0.0012709586881101131,4.555362701416016,1.9059438705444336,1.5915989875793457,0.9711016416549683,0.877518892288208,0.776236891746521,0.8004566431045532,0.6304259300231934,0.7976074814796448,0.5363430976867676,0.5553402900695801,0.5337472558021545,0.46714723110198975,285.8461718253966,39.17260809256198,145.2944413869015,0.62890625,0.029314711149218825,0.19503767788410187,0.28125,0.71875,0.16629378497600555,0.0901118665933609,1.9359678629334753,0.04907485842704773
16b10Eb,C:/Project/AI-STRESS-DETECTOR/data/public/emodb/wav/16b10Eb.wav,C:\Project\AI-STRESS-DETECTOR\data\public\emodb\wav\16b10Eb.wav,high,2,speaker_16,test,de,emodb_b10,studio,controlled,"Die wird auf dem Platz sein, wo wir sie immer hinlegen.",emodb_emotion=disgust; variation=b,3.2245,0.09460906684398651,0.08404131233692169,0.20432235300540924,0.11985432330827066,0.14821380872808007,1829.3350724913034,1088.3117989445464,1706.8634874767074,425.7507287757843,3595.625,1638.2722177266512,0.31089669466018677,0.18612179160118103,-18.55623435974121,8.737082481384277,0.5698357820510864,3.7645633220672607,-0.716753363609314,-1.2222497463226318,-2.634030342102051,-1.3987140655517578,-1.867722749710083,-0.5982182025909424,-0.10534955561161041,-1.5472228527069092,-0.8555445671081543,15.573833465576172,5.9953155517578125,4.128636837005615,3.291370391845703,2.025876998901367,2.316314697265625,2.206573247909546,2.146125555038452,1.8129947185516357,1.5583093166351318,1.3270336389541626,1.4050363302230835,1.3209574222564697,-0.05558490753173828,-0.014788230881094933,0.021344054490327835,0.0063567995093762875,0.014340209774672985,0.009861201047897339,0.006516261491924524,0.003909354098141193,0.0005559533601626754,0.0033757355995476246,0.0020892154425382614,0.005309999454766512,-0.0016938827466219664,4.643352031707764,2.053189992904663,1.4225592613220215,0.8212824463844299,0.8504445552825928,0.6901993751525879,0.7378914952278137,0.5758911371231079,0.6316487789154053,0.5200356245040894,0.499329537153244,0.5060959458351135,0.4774305522441864,226.2120924854812,42.360717136834005,227.74947557686545,0.7375,0.04839882384494304,0.15182346105575562,0.19374999999999998,0.80625,0.11528854817152023,0.08084884285926819,2.4810048069468134,-0.0032933056354522705
16b10Fb,C:/Project/AI-STRESS-DETECTOR/data/public/emodb/wav/16b10Fb.wav,C:\Project\AI-STRESS-DETECTOR\data\public\emodb\wav\16b10Fb.wav,moderate,1,speaker_16,test,de,emodb_b10,studio,controlled,"Die wird auf dem Platz sein, wo wir sie immer hinlegen.",emodb_emotion=happiness; variation=b,2.5835,0.05856212228536606,0.05803714692592621,0.11365648359060287,0.19783834586466165,0.12650213400835938,2391.0022514150705,845.4774503888854,1732.8544446500553,329.39965265779676,4288.125,1105.4338444135858,0.3387610614299774,0.17665685713291168,-22.908618927001953,2.6934092044830322,-3.7380211353302,2.0298526287078857,-2.8250930309295654,-1.722875714302063,-2.016212224960327,-1.0669676065444946,-0.8398702144622803,-0.7400352358818054,1.0035524368286133,0.6057940721511841,1.733459711074829,15.60224437713623,4.999691009521484,5.844417095184326,3.4900588989257812,2.376436710357666,2.624854803085327,2.10327410697937,1.9391663074493408,1.6671826839447021,2.0672245025634766,1.8595974445343018,2.114441156387329,2.51497483253479,-0.0452742874622345,-0.004814771935343742,0.02378425933420658,-0.003757387399673462,0.005852207541465759,0.005107041448354721,-0.007493129000067711,-0.007108869031071663,-0.011481676250696182,0.0008948249742388725,-0.0015081055462360382,-0.004245534539222717,0.0027847960591316223,4.3582377433776855,1.6775497198104858,1.6257694959640503,0.952041506767273,0.79647296667099,0.895022451877594,0.7400326132774353,0.7307009696960449,0.6727766394615173,0.6003316044807434,0.6817327737808228,0.7325780391693115,0.7672980427742004,262.10055752908636,50.82434401148954,165.07936507936506,0.62109375,0.0549298193808593,0.24667586386203766,0.35546875,0.64453125,0.08629880100488663,0.055152419954538345,3.4836462163731374,0.021908771246671677
16b10Lb,C:/Project/AI-STRESS-DETECTOR/data/public/emodb/wav/16b10Lb.wav,C:\Project\AI-STRESS-DETECTOR\data\public\emodb\wav\16b10Lb.wav,low,0,speaker_16,test,de,emodb_b10,studio,controlled,"Die wird auf dem Platz sein, wo wir sie immer hinlegen.",emodb_emotion=boredom; variation=b,3.4426875,0.09342023730278015,0.08893782645463943,0.23692764341831207,0.11729616438757713,0.13884472084555044,1816.9112955956962,995.102406532677,1725.5715602859875,353.20978513618195,3627.0175438596493,1536.663011274277,0.3139244318008423,0.16721467673778534,-17.312633514404297,9.060075759887695,2.021026849746704,5.00277853012085,-1.1346889734268188,-0.1692321002483368,-1.7165793180465698,-0.1876310408115387,-0.5752505660057068,0.018133437260985374,-0.30938759446144104,-0.7095648050308228,-0.20838303864002228,14.191390037536621,5.411326885223389,4.164729595184326,3.4262006282806396,2.2022552490234375,2.1601243019104004,2.625164270401001,1.4269297122955322,1.406837821006775,1.165400505065918,1.367509365081787,1.3972671031951904,1.1146169900894165,-0.01823543570935726,-0.02148778736591339,-0.0112505704164505,-0.0011604173341766,0.013534747995436192,0.017360590398311615,0.007830411195755005,-0.006669624708592892,-0.015838826075196266,-0.010267212055623531,0.0018563835183158517,0.0034987451508641243,-0.0031895285937935114,3.481186866760254,1.711899995803833,1.2197850942611694,0.8048843741416931,0.8058539628982544,0.6488162279129028,0.6964619755744934,0.5350334644317627,0.5156170129776001,0.5092518329620361,0.46492844820022583,0.46459609270095825,0.4245622158050537,182.99113153702206,47.58586153391172,265.66791510611733,0.7309941520467836,0.0369026867024617,0.13436195254325867,0.18128654970760238,0.8187134502923976,0.11232936382293701,0.08764127641916275,1.7428244648984261,-0.0828787349164486
16b10Tb,C:/Project/AI-STRESS-DETECTOR/data/public/emodb/wav/16b10Tb.wav,C:\Project\AI-STRESS-DETECTOR\data\public\emodb\wav\16b10Tb.wav,moderate,1,speaker_16,test,de,emodb_b10,studio,controlled,"Die wird auf dem Platz sein, wo wir sie immer hinlegen.",emodb_emotion=sadness; variation=b,3.500625,0.12967298924922943,0.12711691856384277,0.3374195098876953,0.12389450638089475,0.15807282544425477,1850.3827529857078,1123.1757265535944,1787.4166434274462,441.5627779064798,3730.919540229885,1780.9426228012328,0.3520181477069855,0.19091981649398804,-18.688005447387695,8.123188972473145,1.9070658683776855,4.485190391540527,0.4405042231082916,1.0150035619735718,-1.2064285278320312,-0.28728726506233215,-0.6170546412467957,-0.37073078751564026,-0.33248406648635864,-1.4068810939788818,-0.8990713357925415,14.101821899414062,5.46539306640625,2.6244492530822754,2.5937654972076416,1.8440300226211548,1.6397573947906494,2.0176243782043457,1.8155769109725952,1.607723355293274,1.5271176099777222,1.5900218486785889,1.524633765220642,1.5608028173446655,-0.005247587338089943,0.010532564483582973,-0.0031200230587273836,-0.00022129526769276708,-0.0014930757461115718,0.0013254914665594697,0.006726077292114496,0.0009608101099729538,-0.007095769979059696,-0.004094962030649185,-0.0002098032127832994,0.007414697203785181,-0.00023025514383334666,3.9226412773132324,1.9175493717193604,1.127860188484192,0.7942647337913513,0.8005669116973877,0.6652454733848572,0.7059743404388428,0.653729259967804,0.6791484951972961,0.5690702795982361,0.5273138284683228,0.5278514623641968,0.4366205036640167,205.90706762675322,24.16123559114872,148.77703658783102,0.5574712643678161,0.03490666470845062,0.2193278819322586,0.3362068965517241,0.6637931034482759,0.19056041538715363,0.11529138684272766,2.285306195322264,-0.014379069209098816
16b10Td,C:/Project/AI-STRESS-DETECTOR/data/public/emodb/wav/16b10Td.wav,C:\Project\AI-STRESS-DETECTOR\data\public\emodb\wav\16b10Td.wav,moderate,1,speaker_16,test,de,emodb_b10,studio,controlled,"Die wird auf dem Platz sein, wo wir sie immer hinlegen.",emodb_emotion=sadness; variation=d,3.9341875,0.08471046388149261,0.08400677144527435,0.19381754100322723,0.09539193251671378,0.14176868675080714,1669.8678069497337,966.2127447662403,1811.2055495380482,380.38284859875716,3597.442455242967,1558.7435448156498,0.33824700117111206,0.1682089865207672,-22.773714065551758,8.34980297088623,2.880281448364258,5.490938663482666,1.06181800365448,1.3622952699661255,-0.35220101475715637,0.5783830881118774,-0.4228672385215759,0.37604740262031555,0.05696399509906769,-0.48893028497695923,-0.44703853130340576,12.90393352508545,4.733375072479248,2.5816633701324463,2.809805154800415,1.5625896453857422,1.6013450622558594,1.512843132019043,1.4507077932357788,1.423453688621521,1.2003425359725952,1.2698346376419067,1.1015537977218628,1.267741084098816,0.010812203399837017,0.002152533270418644,-0.008858554996550083,-0.0009781052358448505,-0.002771500963717699,-0.0054208762012422085,3.666889824671671e-05,0.0005770162679255009,-0.007175749633461237,-0.005179335828870535,-0.0003905799239873886,-0.0001783938059816137,-0.00020646865596063435,3.856353759765625,1.5474004745483398,0.9555963277816772,0.8084468841552734,0.7043163180351257,0.6059620976448059,0.547113299369812,0.5643832683563232,0.5026165246963501,0.47682827711105347,0.45947200059890747,0.4409206509590149,0.4522421360015869,172.66196072558708,25.92689146916472,213.96263520157325,0.5601023017902813,0.04145068904587363,0.16819703578948975,0.34271099744245526,0.6572890025575447,0.1247858852148056,0.07773730903863907,1.7792746278615341,-0.03190341591835022
16b10Wa,C:/Project/AI-STRESS-DETECTOR/data/public/emodb/wav/16b10Wa.wav,C:\Project\AI-STRESS-DETECTOR\data\public\emodb\wav\16b10Wa.wav,severe,3,speaker_16,test,de,emodb_b10,studio,controlled,"Die wird auf dem Platz sein, wo wir sie immer hinlegen.",emodb_emotion=anger; variation=a,2.414125,0.03624190762639046,0.04508887603878975,0.0982406884431839,0.19762796111617958,0.12972102338959052,2451.5853676256297,796.3761640938397,1788.9765044907488,342.64085499517887,4535.7322175732215,1016.4604408800974,0.35492485761642456,0.18214945495128632,-28.323381423950195,3.2888548374176025,-2.4202322959899902,2.268806219100952,-4.015829086303711,-1.352429747581482,-2.7953615188598633,-1.150647521018982,-2.4498674869537354,-1.6438965797424316,-0.250630646944046,-1.0701442956924438,0.09350229799747467,16.242300033569336,5.439992904663086,6.228783130645752,3.719987630844116,3.133580207824707,2.222761631011963,2.3243958950042725,1.6462939977645874,1.7571706771850586,1.8084207773208618,1.5959669351577759,1.546890377998352,1.4902048110961914,-0.04677361622452736,0.028465766459703445,0.033730436116456985,-0.02309579774737358,0.002079780213534832,0.015173626132309437,-0.003422065870836377,-0.0013706577010452747,-0.007551318965852261,0.003493591444566846,-0.002168710343539715,0.0077600181102752686,0.0040962304919958115,4.689638137817383,1.8515982627868652,1.9143235683441162,1.125684380531311,1.0470507144927979,0.8343278169631958,0.833881676197052,0.6826536655426025,0.6572146415710449,0.6165187358856201,0.7041628360748291,0.5714698433876038,0.6931114196777344,274.6457572153982,58.31355208199921,224.408014571949,0.5313807531380753,0.09664088358322406,0.2053706794977188,0.4476987447698745,0.5523012552301255,0.05979754775762558,0.0491333082318306,3.7280588204836125,0.004619292914867401
16b10Wb,C:/Project/AI-STRESS-DETECTOR/data/public/emodb/wav/16b10Wb.wav,C:\Project\AI-STRESS-DETECTOR\data\public\emodb\wav\16b10Wb.wav,severe,3,speaker_16,test,de,emodb_b10,studio,controlled,"Die wird auf dem Platz sein, wo wir sie immer hinlegen.",emodb_emotion=anger; variation=b,2.5225,0.0713542178273201,0.06431636214256287,0.1552695780992508,0.22295739348370927,0.12434792071804351,2607.571322215818,802.8178177207648,1796.9675003584566,370.3690888345567,4660.48,1035.6477053515835,0.38924548029899597,0.17861902713775635,-19.440473556518555,2.5523953437805176,-2.5760297775268555,2.081930637359619,-3.724621057510376,-1.2081340551376343,-2.044316291809082,-1.0941427946090698,-1.6968326568603516,-1.4455031156539917,0.05183367803692818,-0.6042996644973755,0.6186379194259644,15.41626262664795,4.868001937866211,5.797569274902344,3.2058305740356445,3.0866923332214355,2.742856502532959,2.1998493671417236,1.6493735313415527,1.9844690561294556,1.652012825012207,1.8504071235656738,1.5803886651992798,1.6936291456222534,0.025387465953826904,-0.013064819388091564,-0.02797832153737545,-0.014980306848883629,0.008435962721705437,0.005472421646118164,-0.009244104847311974,0.010337451472878456,0.0038449421990662813,0.0024279498029500246,0.005375312175601721,0.0015991907566785812,0.010472060181200504,4.655073642730713,1.641283631324768,1.8787484169006348,1.0576504468917847,1.0294243097305298,0.9634074568748474,0.8373546004295349,0.7121148705482483,0.6884289979934692,0.6574646234512329,0.6558797955513,0.6103180050849915,0.630581259727478,276.21951740790223,51.13882426924019,171.64750957854406,0.616,0.0784012464273339,0.2637281119823456,0.28800000000000003,0.712,0.09697579592466354,0.0592820830643177,3.1714568880079286,0.00914936512708664
