sample_id,audio_path,stress_label,stress_level,speaker_id,split,language,assignment_id,recording_device,environment,transcript,notes
03a01Fa,C:/Project/AI-STRESS-DETECTOR/data/public/emodb/wav/03a01Fa.wav,moderate,1,speaker_03,train,de,emodb_a01,studio,controlled,Der Lappen liegt auf dem Eisschrank.,emodb_emotion=happiness; variation=a
03a01Nc,C:/Project/AI-STRESS-DETECTOR/data/public/emodb/wav/03a01Nc.wav,low,0,speaker_03,train,de,emodb_a01,studio,controlled,Der Lappen liegt auf dem Eisschrank.,emodb_emotion=neutral; variation=c
03a01Wa,C:/Project/AI-STRESS-DETECTOR/data/public/emodb/wav/03a01Wa.wav,severe,3,speaker_03,train,de,emodb_a01,studio,controlled,Der Lappen liegt auf dem Eisschrank.,emodb_emotion=anger; variation=a
03a02Fc,C:/Project/AI-STRESS-DETECTOR/data/public/emodb/wav/03a02Fc.wav,moderate,1,speaker_03,train,de,emodb_a02,studio,controlled,Das will sie am Mittwoch abgeben.,emodb_emotion=happiness; variation=c
03a02Nc,C:/Project/AI-STRESS-DETECTOR/data/public/emodb/wav/03a02Nc.wav,low,0,speaker_03,train,de,emodb_a02,studio,controlled,Das will sie am Mittwoch abgeben.,emodb_emotion=neutral; variation=c
03a02Ta,C:/Project/AI-STRESS-DETECTOR/data/public/emodb/wav/03a02Ta.wav,moderate,1,speaker_03,train,de,emodb_a02,studio,controlled,Das will sie am Mittwoch abgeben.,emodb_emotion=sadness; variation=a
03a02Wb,C:/Project/AI-STRESS-DETECTOR/data/public/emodb/wav/03a02Wb.wav,severe,3,speaker_03,train,de,emodb_a02,studio,controlled,Das will sie am Mittwoch abgeben.,emodb_emotion=anger; variation=b
03a02Wc,C:/Project/AI-STRESS-DETECTOR/data/public/emodb/wav/03a02Wc.wav,severe,3,speaker_03,train,de,emodb_a02,studio,controlled,Das will sie am Mittwoch abgeben.,emodb_emotion=anger; variation=c
03a04Ad,C:/Project/AI-STRESS-DETECTOR/data/public/emodb/wav/03a04Ad.wav,high,2,speaker_03,train,de,emodb_a04,studio,controlled,Heute abend koennte ich es ihm sagen.,emodb_emotion=fear; variation=d
03a04Fd,C:/Project/AI-STRESS-DETECTOR/data/public/emodb/wav/03a04Fd.wav,moderate,1,speaker_03,train,de,emodb_a04,studio,controlled,Heute abend koennte ich es ihm sagen.,emodb_emotion=happiness; variation=d
03a04Lc,C:/Project/AI-STRESS-DETECTOR/data/public/emodb/wav/03a04Lc.wav,low,0,speaker_03,train,de,emodb_a04,studio,controlled,Heute abend koennte ich es ihm sagen.,emodb_emotion=boredom; variation=c
03a04Nc,C:/Project/AI-STRESS-DETECTOR/data/public/emodb/wav/03a04Nc.wav,low,0,speaker_03,train,de,emodb_a04,studio,controlled,Heute abend koennte ich es ihm sagen.,emodb_emotion=neutral; variation=c
03a04Ta,C:/Project/AI-STRESS-DETECTOR/data/public/emodb/wav/03a04Ta.wav,moderate,1,speaker_03,train,de,emodb_a04,studio,controlled,Heute abend koennte ich es ihm sagen.,emodb_emotion=sadness; variation=a
03a04Wc,C:/Project/AI-STRESS-DETECTOR/data/public/emodb/wav/03a04Wc.wav,severe,3,speaker_03,train,de,emodb_a04,studio,controlled,Heute abend koennte ich es ihm sagen.,emodb_emotion=anger; variation=c
03a05Aa,C:/Project/AI-STRESS-DETECTOR/data/public/emodb/wav/03a05Aa.wav,high,2,speaker_03,train,de,emodb_a05,studio,controlled,Das schwarze Blatt Papier befindet sich da oben neben dem Holzstueck.,emodb_emotion=fear; variation=a
03a05Fc,C:/Project/AI-STRESS-DETECTOR/data/public/emodb/wav/03a05Fc.wav,moderate,1,speaker_03,train,de,emodb_a05,studio,controlled,Das schwarze Blatt Papier befindet sich da oben neben dem Holzstueck.,emodb_emotion=happiness; variation=c
03a05Nd,C:/Project/AI-STRESS-DETECTOR/data/public/emodb/wav/03a05Nd.wav,low,0,speaker_03,train,de,emodb_a05,studio,controlled,Das schwarze Blatt Papier befindet sich da oben neben dem Holzstueck.,emodb_emotion=neutral; variation=d
03a05Tc,C:/Project/AI-STRESS-DETECTOR/data/public/emodb/wav/03a05Tc.wav,moderate,1,speaker_03,train,de,emodb_a05,studio,controlled,Das schwarze Blatt Papier befindet sich da oben neben dem Holzstueck.,emodb_emotion=sadness; variation=c
03a05Wa,C:/Project/AI-STRESS-DETECTOR/data/public/emodb/wav/03a05Wa.wav,severe,3,speaker_03,train,de,emodb_a05,studio,controlled,Das schwarze Blatt Papier befindet sich da oben neben dem Holzstueck.,emodb_emotion=anger; variation=a
03a05Wb,C:/Project/AI-STRESS-DETECTOR/data/public/emodb/wav/03a05Wb.wav,severe,3,speaker_03,train,de,emodb_a05,studio,controlled,Das schwarze Blatt Papier befindet sich da oben neben dem Holzstueck.,emodb_emotion=anger; variation=b
03a07Fa,C:/Project/AI-STRESS-DETECTOR/data/public/emodb/wav/03a07Fa.wav,moderate,1,speaker_03,train,de,emodb_a07,studio,controlled,In sieben Stunden wird es soweit sein.,emodb_emotion=happiness; variation=a
03a07Fb,C:/Project/AI-STRESS-DETECTOR/data/public/emodb/wav/03a07Fb.wav,moderate,1,speaker_03,train,de,emodb_a07,studio,controlled,In sieben Stunden wird es soweit sein.,emodb_emotion=happiness; variation=b
03a07La,C:/Project/AI-STRESS-DETECTOR/data/public/emodb/wav/03a07La.wav,low,0,speaker_03,train,de,emodb_a07,studio,controlled,In sieben Stunden wird es soweit sein.,emodb_emotion=boredom; variation=a
03a07Nc,C:/Project/AI-STRESS-DETECTOR/data/public/emodb/wav/03a07Nc.wav,low,0,speaker_03,train,de,emodb_a07,studio,controlled,In sieben Stunden wird es soweit sein.,emodb_emotion=neutral; variation=c
03a07Wc,C:/Project/AI-STRESS-DETECTOR/data/public/emodb/wav/03a07Wc.wav,severe,3,speaker_03,train,de,emodb_a07,studio,controlled,In sieben Stunden wird es soweit sein.,emodb_emotion=anger; variation=c
03b01Fa,C:/Project/AI-STRESS-DETECTOR/data/public/emodb/wav/03b01Fa.wav,moderate,1,speaker_03,train,de,emodb_b01,studio,controlled,"Was sind denn das fuer Tueten, die da unter dem Tisch stehen.",emodb_emotion=happiness; variation=a
03b01Lb,C:/Project/AI-STRESS-DETECTOR/data/public/emodb/wav/03b01Lb.wav,low,0,speaker_03,train,de,emodb_b01,studio,controlled,"Was sind denn das fuer Tueten, die da unter dem Tisch stehen.",emodb_emotion=boredom; variation=b
03b01Nb,C:/Project/AI-STRESS-DETECTOR/data/public/emodb/wav/03b01Nb.wav,low,0,speaker_03,train,de,emodb_b01,studio,controlled,"Was sind denn das fuer Tueten, die da unter dem Tisch stehen.",emodb_emotion=neutral; variation=b
03b01Td,C:/Project/AI-STRESS-DETECTOR/data/public/emodb/wav/03b01Td.wav,moderate,1,speaker_03,train,de,emodb_b01,studio,controlled,"Was sind denn das fuer Tueten, die da unter dem Tisch stehen.",emodb_emotion=sadness; variation=d
03b01Wa,C:/Project/AI-STRESS-DETECTOR/data/public/emodb/wav/03b01Wa.wav,severe,3,speaker_03,train,de,emodb_b01,studio,controlled,"Was sind denn das fuer Tueten, die da unter dem Tisch stehen.",emodb_emotion=anger; variation=a
03b01Wc,C:/Project/AI-STRESS-DETECTOR/data/public/emodb/wav/03b01Wc.wav,severe,3,speaker_03,train,de,emodb_b01,studio,controlled,"Was sind denn das fuer Tueten, die da unter dem Tisch stehen.",emodb_emotion=anger; variation=c
03b02Aa,C:/Project/AI-STRESS-DETECTOR/data/public/emodb/wav/03b02Aa.wav,high,2,speaker_03,train,de,emodb_b02,studio,controlled,Sie haben es gerade hochgetragen und jetzt gehen sie wieder runter.,emodb_emotion=fear; variation=a
03b02La,C:/Project/AI-STRESS-DETECTOR/data/public/emodb/wav/03b02La.wav,low,0,speaker_03,train,de,emodb_b02,studio,controlled,Sie haben es gerade hochgetragen und jetzt gehen sie wieder runter.,emodb_emotion=boredom; variation=a
03b02Na,C:/Project/AI-STRESS-DETECTOR/data/public/emodb/wav/03b02Na.wav,low,0,speaker_03,train,de,emodb_b02,studio,controlled,Sie haben es gerade hochgetragen und jetzt gehen sie wieder runter.,emodb_emotion=neutral; variation=a
03b02Tb,C:/Project/AI-STRESS-DETECTOR/data/public/emodb/wav/03b02Tb.wav,moderate,1,speaker_03,train,de,emodb_b02,studio,controlled,Sie haben es gerade hochgetragen und jetzt gehen sie wieder runter.,emodb_emotion=sadness; variation=b
03b02Wb,C:/Project/AI-STRESS-DETECTOR/data/public/emodb/wav/03b02Wb.wav,severe,3,speaker_03,train,de,emodb_b02,studio,controlled,Sie haben es gerade hochgetragen und jetzt gehen sie wieder runter.,emodb_emotion=anger; variation=b
03b03Nb,C:/Project/AI-STRESS-DETECTOR/data/public/emodb/wav/03b03Nb.wav,low,0,speaker_03,train,de,emodb_b03,studio,controlled,An den Wochenenden bin ich jetzt immer nach Hause gefahren und habe Agnes besucht.,emodb_emotion=neutral; variation=b
03b03Tc,C:/Project/AI-STRESS-DETECTOR/data/public/emodb/wav/03b03Tc.wav,moderate,1,speaker_03,train,de,emodb_b03,studio,controlled,An den Wochenenden bin ich jetzt immer nach Hause gefahren und habe Agnes besucht.,emodb_emotion=sadness; variation=c
03b03Wc,C:/Project/AI-STRESS-DETECTOR/data/public/emodb/wav/03b03Wc.wav,severe,3,speaker_03,train,de,emodb_b03,studio,controlled,An den Wochenenden bin ich jetzt immer nach Hause gefahren und habe Agnes besucht.,emodb_emotion=anger; variation=c
03b09La,C:/Project/AI-STRESS-DETECTOR/data/public/emodb/wav/03b09La.wav,low,0,speaker_03,train,de,emodb_b09,studio,controlled,Ich will das eben wegbringen und dann mit Karl was trinken gehen.,emodb_emotion=boredom; variation=a
03b09Nc,C:/Project/AI-STRESS-DETECTOR/data/public/emodb/wav/03b09Nc.wav,low,0,speaker_03,train,de,emodb_b09,studio,controlled,Ich will das eben wegbringen und dann mit Karl was trinken gehen.,emodb_emotion=neutral; variation=c
03b09Tc,C:/Project/AI-STRESS-DETECTOR/data/public/emodb/wav/03b09Tc.wav,moderate,1,speaker_03,train,de,emodb_b09,studio,controlled,Ich will das eben wegbringen und dann mit Karl was trinken gehen.,emodb_emotion=sadness; variation=c
03b09Wa,C:/Project/AI-STRESS-DETECTOR/data/public/emodb/wav/03b09Wa.wav,severe,3,speaker_03,train,de,emodb_b09,studio,controlled,Ich will das eben wegbringen und dann mit Karl was trinken gehen.,emodb_emotion=anger; variation=a
03b10Ab,C:/Project/AI-STRESS-DETECTOR/data/public/emodb/wav/03b10Ab.wav,high,2,speaker_03,train,de,emodb_b10,studio,controlled,"Die wird auf dem Platz sein, wo wir sie immer hinlegen.",emodb_emotion=fear; variation=b
03b10Ec,C:/Project/AI-STRESS-DETECTOR/data/public/emodb/wav/03b10Ec.wav,high,2,speaker_03,train,de,emodb_b10,studio,controlled,"Die wird auf dem Platz sein, wo wir sie immer hinlegen.",emodb_emotion=disgust; variation=c
03b10Na,C:/Project/AI-STRESS-DETECTOR/data/public/emodb/wav/03b10Na.wav,low,0,speaker_03,train,de,emodb_b10,studio,controlled,"Die wird auf dem Platz sein, wo wir sie immer hinlegen.",emodb_emotion=neutral; variation=a
03b10Nc,C:/Project/AI-STRESS-DETECTOR/data/public/emodb/wav/03b10Nc.wav,low,0,speaker_03,train,de,emodb_b10,studio,controlled,"Die wird auf dem Platz sein, wo wir sie immer hinlegen.",emodb_emotion=neutral; variation=c
03b10Wb,C:/Project/AI-STRESS-DETECTOR/data/public/emodb/wav/03b10Wb.wav,severe,3,speaker_03,train,de,emodb_b10,studio,controlled,"Die wird auf dem Platz sein, wo wir sie immer hinlegen.",emodb_emotion=anger; variation=b
03b10Wc,C:/Project/AI-STRESS-DETECTOR/data/public/emodb/wav/03b10Wc.wav,severe,3,speaker_03,train,de,emodb_b10,studio,controlled,"Die wird auf dem Platz sein, wo wir sie immer hinlegen.",emodb_emotion=anger; variation=c
08a01Ab,C:/Project/AI-STRESS-DETECTOR/data/public/emodb/wav/08a01Ab.wav,high,2,speaker_08,train,de,emodb_a01,studio,controlled,Der Lappen liegt auf dem Eisschrank.,emodb_emotion=fear; variation=b
08a01Fd,C:/Project/AI-STRESS-DETECTOR/data/public/emodb/wav/08a01Fd.wav,moderate,1,speaker_08,train,de,emodb_a01,studio,controlled,Der Lappen liegt auf dem Eisschrank.,emodb_emotion=happiness; variation=d
08a01Lc,C:/Project/AI-STRESS-DETECTOR/data/public/emodb/wav/08a01Lc.wav,low,0,speaker_08,train,de,emodb_a01,studio,controlled,Der Lappen liegt auf dem Eisschrank.,emodb_emotion=boredom; variation=c
08a01Na,C:/Project/AI-STRESS-DETECTOR/data/public/emodb/wav/08a01Na.wav,low,0,speaker_08,train,de,emodb_a01,studio,controlled,Der Lappen liegt auf dem Eisschrank.,emodb_emotion=neutral; variation=a
08a01Wa,C:/Project/AI-STRESS-DETECTOR/data/public/emodb/wav/08a01Wa.wav,severe,3,speaker_08,train,de,emodb_a01,studio,controlled,Der Lappen liegt auf dem Eisschrank.,emodb_emotion=anger; variation=a
08a01Wc,C:/Project/AI-STRESS-DETECTOR/data/public/emodb/wav/08a01Wc.wav,severe,3,speaker_08,train,de,emodb_a01,studio,controlled,Der Lappen liegt auf dem Eisschrank.,emodb_emotion=anger; variation=c
08a02Ab,C:/Project/AI-STRESS-DETECTOR/data/public/emodb/wav/08a02Ab.wav,high,2,speaker_08,train,de,emodb_a02,studio,controlled,Das will sie am Mittwoch abgeben.,emodb_emotion=fear; variation=b
08a02Ac,C:/Project/AI-STRESS-DETECTOR/data/public/emodb/wav/08a02Ac.wav,high,2,speaker_08,train,de,emodb_a02,studio,controlled,Das will sie am Mittwoch abgeben.,emodb_emotion=fear; variation=c
08a02Fe,C:/Project/AI-STRESS-DETECTOR/data/public/emodb/wav/08a02Fe.wav,moderate,1,speaker_08,train,de,emodb_a02,studio,controlled,Das will sie am Mittwoch abgeben.,emodb_emotion=happiness; variation=e
08a02La,C:/Project/AI-STRESS-DETECTOR/data/public/emodb/wav/08a02La.wav,low,0,speaker_08,train,de,emodb_a02,studio,controlled,Das will sie am Mittwoch abgeben.,emodb_emotion=boredom; variation=a
08a02Na,C:/Project/AI-STRESS-DETECTOR/data/public/emodb/wav/08a02Na.wav,low,0,speaker_08,train,de,emodb_a02,studio,controlled,Das will sie am Mittwoch abgeben.,emodb_emotion=neutral; variation=a
08a02Tb,C:/Project/AI-STRESS-DETECTOR/data/public/emodb/wav/08a02Tb.wav,moderate,1,speaker_08,train,de,emodb_a02,studio,controlled,Das will sie am Mittwoch abgeben.,emodb_emotion=sadness; variation=b
08a02Wc,C:/Project/AI-STRESS-DETECTOR/data/public/emodb/wav/08a02Wc.wav,severe,3,speaker_08,train,de,emodb_a02,studio,controlled,Das will sie am Mittwoch abgeben.,emodb_emotion=anger; variation=c
08a04Ff,C:/Project/AI-STRESS-DETECTOR/data/public/emodb/wav/08a04Ff.wav,moderate,1,speaker_08,train,de,emodb_a04,studio,controlled,Heute abend koennte ich es ihm sagen.,emodb_emotion=happiness; variation=f
08a04La,C:/Project/AI-STRESS-DETECTOR/data/public/emodb/wav/08a04La.wav,low,0,speaker_08,train,de,emodb_a04,studio,controlled,Heute abend koennte ich es ihm sagen.,emodb_emotion=boredom; variation=a
08a04Nc,C:/Project/AI-STRESS-DETECTOR/data/public/emodb/wav/08a04Nc.wav,low,0,speaker_08,train,de,emodb_a04,studio,controlled,Heute abend koennte ich es ihm sagen.,emodb_emotion=neutral; variation=c
08a04Tb,C:/Project/AI-STRESS-DETECTOR/data/public/emodb/wav/08a04Tb.wav,moderate,1,speaker_08,train,de,emodb_a04,studio,controlled,Heute abend koennte ich es ihm sagen.,emodb_emotion=sadness; variation=b
08a04Wc,C:/Project/AI-STRESS-DETECTOR/data/public/emodb/wav/08a04Wc.wav,severe,3,speaker_08,train,de,emodb_a04,studio,controlled,Heute abend koennte ich es ihm sagen.,emodb_emotion=anger; variation=c
08a05Fe,C:/Project/AI-STRESS-DETECTOR/data/public/emodb/wav/08a05Fe.wav,moderate,1,speaker_08,train,de,emodb_a05,studio,controlled,Das schwarze Blatt Papier befindet sich da oben neben dem Holzstueck.,emodb_emotion=happiness; variation=e
08a05Lc,C:/Project/AI-STRESS-DETECTOR/data/public/emodb/wav/08a05Lc.wav,low,0,speaker_08,train,de,emodb_a05,studio,controlled,Das schwarze Blatt Papier befindet sich da oben neben dem Holzstueck.,emodb_emotion=boredom; variation=c
08a05Nb,C:/Project/AI-STRESS-DETECTOR/data/public/emodb/wav/08a05Nb.wav,low,0,speaker_08,train,de,emodb_a05,studio,controlled,Das schwarze Blatt Papier befindet sich da oben neben dem Holzstueck.,emodb_emotion=neutral; variation=b
08a05Ta,C:/Project/AI-STRESS-DETECTOR/data/public/emodb/wav/08a05Ta.wav,moderate,1,speaker_08,train,de,emodb_a05,studio,controlled,Das schwarze Blatt Papier befindet sich da oben neben dem Holzstueck.,emodb_emotion=sadness; variation=a
08a05Wa,C:/Project/AI-STRESS-DETECTOR/data/public/emodb/wav/08a05Wa.wav,severe,3,speaker_08,train,de,emodb_a05,studio,controlled,Das schwarze Blatt Papier befindet sich da oben neben dem Holzstueck.,emodb_emotion=anger; variation=a
08a07Fd,C:/Project/AI-STRESS-DETECTOR/data/public/emodb/wav/08a07Fd.wav,moderate,1,speaker_08,train,de,emodb_a07,studio,controlled,In sieben Stunden wird es soweit sein.,emodb_emotion=happiness; variation=d
08a07La,C:/Project/AI-STRESS-DETECTOR/data/public/emodb/wav/08a07La.wav,low,0,speaker_08,train,de,emodb_a07,studio,controlled,In sieben Stunden wird es soweit sein.,emodb_emotion=boredom; variation=a
08a07Na,C:/Project/AI-STRESS-DETECTOR/data/public/emodb/wav/08a07Na.wav,low,0,speaker_08,train,de,emodb_a07,studio,controlled,In sieben Stunden wird es soweit sein.,emodb_emotion=neutral; variation=a
08a07Ta,C:/Project/AI-STRESS-DETECTOR/data/public/emodb/wav/08a07Ta.wav,moderate,1,speaker_08,train,de,emodb_a07,studio,controlled,In sieben Stunden wird es soweit sein.,emodb_emotion=sadness; variation=a
08a07Tb,C:/Project/AI-STRESS-DETECTOR/data/public/emodb/wav/08a07Tb.wav,moderate,1,speaker_08,train,de,emodb_a07,studio,controlled,In sieben Stunden wird es soweit sein.,emodb_emotion=sadness; variation=b
08a07Wc,C:/Project/AI-STRESS-DETECTOR/data/public/emodb/wav/08a07Wc.wav,severe,3,speaker_08,train,de,emodb_a07,studio,controlled,In sieben Stunden wird es soweit sein.,emodb_emotion=anger; variation=c
08b01Aa,C:/Project/AI-STRESS-DETECTOR/data/public/emodb/wav/08b01Aa.wav,high,2,speaker_08,train,de,emodb_b01,studio,controlled,"Was sind denn das fuer Tueten, die da unter dem Tisch stehen.",emodb_emotion=fear; variation=a
08b01Fd,C:/Project/AI-STRESS-DETECTOR/data/public/emodb/wav/08b01Fd.wav,moderate,1,speaker_08,train,de,emodb_b01,studio,controlled,"Was sind denn das fuer Tueten, die da unter dem Tisch stehen.",emodb_emotion=happiness; variation=d
08b01Fe,C:/Project/AI-STRESS-DETECTOR/data/public/emodb/wav/08b01Fe.wav,moderate,1,speaker_08,train,de,emodb_b01,studio,controlled,"Was sind denn das fuer Tueten, die da unter dem Tisch stehen.",emodb_emotion=happiness; variation=e
08b01Lb,C:/Project/AI-STRESS-DETECTOR/data/public/emodb/wav/08b01Lb.wav,low,0,speaker_08,train,de,emodb_b01,studio,controlled,"Was sind denn das fuer Tueten, die da unter dem Tisch stehen.",emodb_emotion=boredom; variation=b
08b01Na,C:/Project/AI-STRESS-DETECTOR/data/public/emodb/wav/08b01Na.wav,low,0,speaker_08,train,de,emodb_b01,studio,controlled,"Was sind denn das fuer Tueten, die da unter dem Tisch stehen.",emodb_emotion=neutral; variation=a
08b01Wa,C:/Project/AI-STRESS-DETECTOR/data/public/emodb/wav/08b01Wa.wav,severe,3,speaker_08,train,de,emodb_b01,studio,controlled,"Was sind denn das fuer Tueten, die da unter dem Tisch stehen.",emodb_emotion=anger; variation=a
08b02Ff,C:/Project/AI-STRESS-DETECTOR/data/public/emodb/wav/08b02Ff.wav,moderate,1,speaker_08,train,de,emodb_b02,studio,controlled,Sie haben es gerade hochgetragen und jetzt gehen sie wieder runter.,emodb_emotion=happiness; variation=f
08b02La,C:/Project/AI-STRESS-DETECTOR/data/public/emodb/wav/08b02La.wav,low,0,speaker_08,train,de,emodb_b02,studio,controlled,Sie haben es gerade hochgetragen und jetzt gehen sie wieder runter.,emodb_emotion=boredom; variation=a
08b02Nb,C:/Project/AI-STRESS-DETECTOR/data/public/emodb/wav/08b02Nb.wav,low,0,speaker_08,train,de,emodb_b02,studio,controlled,Sie haben es gerade hochgetragen und jetzt gehen sie wieder runter.,emodb_emotion=neutral; variation=b
08b02Tc,C:/Project/AI-STRESS-DETECTOR/data/public/emodb/wav/08b02Tc.wav,moderate,1,speaker_08,train,de,emodb_b02,studio,controlled,Sie haben es gerade hochgetragen und jetzt gehen sie wieder runter.,emodb_emotion=sadness; variation=c
08b02Wd,C:/Project/AI-STRESS-DETECTOR/data/public/emodb/wav/08b02Wd.wav,severe,3,speaker_08,train,de,emodb_b02,studio,controlled,Sie haben es gerade hochgetragen und jetzt gehen sie wieder runter.,emodb_emotion=anger; variation=d
08b03Fe,C:/Project/AI-STRESS-DETECTOR/data/public/emodb/wav/08b03Fe.wav,moderate,1,speaker_08,train,de,emodb_b03,studio,controlled,An den Wochenenden bin ich jetzt immer nach Hause gefahren und habe Agnes besucht.,emodb_emotion=happiness; variation=e
08b03Lc,C:/Project/AI-STRESS-DETECTOR/data/public/emodb/wav/08b03Lc.wav,low,0,speaker_08,train,de,emodb_b03,studio,controlled,An den Wochenenden bin ich jetzt immer nach Hause gefahren und habe Agnes besucht.,emodb_emotion=boredom; variation=c
08b03Nb,C:/Project/AI-STRESS-DETECTOR/data/public/emodb/wav/08b03Nb.wav,low,0,speaker_08,train,de,emodb_b03,studio,controlled,An den Wochenenden bin ich jetzt immer nach Hause gefahren und habe Agnes besucht.,emodb_emotion=neutral; variation=b
08b03Tc,C:/Project/AI-STRESS-DETECTOR/data/public/emodb/wav/08b03Tc.wav,moderate,1,speaker_08,train,de,emodb_b03,studio,controlled,An den Wochenenden bin ich jetzt immer nach Hause gefahren und habe Agnes besucht.,emodb_emotion=sadness; variation=c
08b03Wd,C:/Project/AI-STRESS-DETECTOR/data/public/emodb/wav/08b03Wd.wav,severe,3,speaker_08,train,de,emodb_b03,studio,controlled,An den Wochenenden bin ich jetzt immer nach Hause gefahren und habe Agnes besucht.,emodb_emotion=anger; variation=d
08b09Ab,C:/Project/AI-STRESS-DETECTOR/data/public/emodb/wav/08b09Ab.wav,high,2,speaker_08,train,de,emodb_b09,studio,controlled,Ich will das eben wegbringen und dann mit Karl was trinken gehen.,emodb_emotion=fear; variation=b
08b09Fd,C:/Project/AI-STRESS-DETECTOR/data/public/emodb/wav/08b09Fd.wav,moderate,1,speaker_08,train,de,emodb_b09,studio,controlled,Ich will das eben wegbringen und dann mit Karl was trinken gehen.,emodb_emotion=happiness; variation=d
08b09Lc,C:/Project/AI-STRESS-DETECTOR/data/public/emodb/wav/08b09Lc.wav,low,0,speaker_08,train,de,emodb_b09,studio,controlled,Ich will das eben wegbringen und dann mit Karl was trinken gehen.,emodb_emotion=boredom; variation=c
08b09Nb,C:/Project/AI-STRESS-DETECTOR/data/public/emodb/wav/08b09Nb.wav,low,0,speaker_08,train,de,emodb_b09,studio,controlled,Ich will das eben wegbringen und dann mit Karl was trinken gehen.,emodb_emotion=neutral; variation=b
08b09Tb,C:/Project/AI-STRESS-DETECTOR/data/public/emodb/wav/08b09Tb.wav,moderate,1,speaker_08,train,de,emodb_b09,studio,controlled,Ich will das eben wegbringen und dann mit Karl was trinken gehen.,emodb_emotion=sadness; variation=b
08b09Wa,C:/Project/AI-STRESS-DETECTOR/data/public/emodb/wav/08b09Wa.wav,severe,3,speaker_08,train,de,emodb_b09,studio,controlled,Ich will das eben wegbringen und dann mit Karl was trinken gehen.,emodb_emotion=anger; variation=a
08b09Wc,C:/Project/AI-STRESS-DETECTOR/data/public/emodb/wav/08b09Wc.wav,severe,3,speaker_08,train,de,emodb_b09,studio,controlled,Ich will das eben wegbringen und dann mit Karl was trinken gehen.,emodb_emotion=anger; variation=c
08b10Aa,C:/Project/AI-STRESS-DETECTOR/data/public/emodb/wav/08b10Aa.wav,high,2,speaker_08,train,de,emodb_b10,studio,controlled,"Die wird auf dem Platz sein, wo wir sie immer hinlegen.",emodb_emotion=fear; variation=a
08b10Fd,C:/Project/AI-STRESS-DETECTOR/data/public/emodb/wav/08b10Fd.wav,moderate,1,speaker_08,train,de,emodb_b10,studio,controlled,"Die wird auf dem Platz sein, wo wir sie immer hinlegen.",emodb_emotion=happiness; variation=d
08b10La,C:/Project/AI-STRESS-DETECTOR/data/public/emodb/wav/08b10La.wav,low,0,speaker_08,train,de,emodb_b10,studio,controlled,"Die wird auf dem Platz sein, wo wir sie immer hinlegen.",emodb_emotion=boredom; variation=a
08b10Nc,C:/Project/AI-STRESS-DETECTOR/data/public/emodb/wav/08b10Nc.wav,low,0,speaker_08,train,de,emodb_b10,studio,controlled,"Die wird auf dem Platz sein, wo wir sie immer hinlegen.",emodb_emotion=neutral; variation=c
08b10Tc,C:/Project/AI-STRESS-DETECTOR/data/public/emodb/wav/08b10Tc.wav,moderate,1,speaker_08,train,de,emodb_b10,studio,controlled,"Die wird auf dem Platz sein, wo wir sie immer hinlegen.",emodb_emotion=sadness; variation=c
08b10Wa,C:/Project/AI-STRESS-DETECTOR/data/public/emodb/wav/08b10Wa.wav,severe,3,speaker_08,train,de,emodb_b10,studio,controlled,"Die wird auf dem Platz sein, wo wir sie immer hinlegen.",emodb_emotion=anger; variation=a
09a01Ea,C:/Project/AI-STRESS-DETECTOR/data/public/emodb/wav/09a01Ea.wav,high,2,speaker_09,train,de,emodb_a01,studio,controlled,Der Lappen liegt auf dem Eisschrank.,emodb_emotion=disgust; variation=a
09a01Fa,C:/Project/AI-STRESS-DETECTOR/data/public/emodb/wav/09a01Fa.wav,moderate,1,speaker_09,train,de,emodb_a01,studio,controlled,Der Lappen liegt auf dem Eisschrank.,emodb_emotion=happiness; variation=a
09a01Nb,C:/Project/AI-STRESS-DETECTOR/data/public/emodb/wav/09a01Nb.wav,low,0,speaker_09,train,de,emodb_a01,studio,controlled,Der Lappen liegt auf dem Eisschrank.,emodb_emotion=neutral; variation=b
09a01Wb,C:/Project/AI-STRESS-DETECTOR/data/public/emodb/wav/09a01Wb.wav,severe,3,speaker_09,train,de,emodb_a01,studio,controlled,Der Lappen liegt auf dem Eisschrank.,emodb_emotion=anger; variation=b
09a02Ea,C:/Project/AI-STRESS-DETECTOR/data/public/emodb/wav/09a02Ea.wav,high,2,speaker_09,train,de,emodb_a02,studio,controlled,Das will sie am Mittwoch abgeben.,emodb_emotion=disgust; variation=a
09a02Eb,C:/Project/AI-STRESS-DETECTOR/data/public/emodb/wav/09a02Eb.wav,high,2,speaker_09,train,de,emodb_a02,studio,controlled,Das will sie am Mittwoch abgeben.,emodb_emotion=disgust; variation=b
09a02La,C:/Project/AI-STRESS-DETECTOR/data/public/emodb/wav/09a02La.wav,low,0,speaker_09,train,de,emodb_a02,studio,controlled,Das will sie am Mittwoch abgeben.,emodb_emotion=boredom; variation=a
09a02Wb,C:/Project/AI-STRESS-DETECTOR/data/public/emodb/wav/09a02Wb.wav,severe,3,speaker_09,train,de,emodb_a02,studio,controlled,Das will sie am Mittwoch abgeben.,emodb_emotion=anger; variation=b
09a04Fd,C:/Project/AI-STRESS-DETECTOR/data/public/emodb/wav/09a04Fd.wav,moderate,1,speaker_09,train,de,emodb_a04,studio,controlled,Heute abend koennte ich es ihm sagen.,emodb_emotion=happiness; variation=d
09a04La,C:/Project/AI-STRESS-DETECTOR/data/public/emodb/wav/09a04La.wav,low,0,speaker_09,train,de,emodb_a04,studio,controlled,Heute abend koennte ich es ihm sagen.,emodb_emotion=boredom; variation=a
09a04Nb,C:/Project/AI-STRESS-DETECTOR/data/public/emodb/wav/09a04Nb.wav,low,0,speaker_09,train,de,emodb_a04,studio,controlled,Heute abend koennte ich es ihm sagen.,emodb_emotion=neutral; variation=b
09a04Wa,C:/Project/AI-STRESS-DETECTOR/data/public/emodb/wav/09a04Wa.wav,severe,3,speaker_09,train,de,emodb_a04,studio,controlled,Heute abend koennte ich es ihm sagen.,emodb_emotion=anger; variation=a
09a05Ed,C:/Project/AI-STRESS-DETECTOR/data/public/emodb/wav/09a05Ed.wav,high,2,speaker_09,train,de,emodb_a05,studio,controlled,Das schwarze Blatt Papier befindet sich da oben neben dem Holzstueck.,emodb_emotion=disgust; variation=d
09a05Lc,C:/Project/AI-STRESS-DETECTOR/data/public/emodb/wav/09a05Lc.wav,low,0,speaker_09,train,de,emodb_a05,studio,controlled,Das schwarze Blatt Papier befindet sich da oben neben dem Holzstueck.,emodb_emotion=boredom; variation=c
09a05Nb,C:/Project/AI-STRESS-DETECTOR/data/public/emodb/wav/09a05Nb.wav,low,0,speaker_09,train,de,emodb_a05,studio,controlled,Das schwarze Blatt Papier befindet sich da oben neben dem Holzstueck.,emodb_emotion=neutral; variation=b
09a05Tb,C:/Project/AI-STRESS-DETECTOR/data/public/emodb/wav/09a05Tb.wav,moderate,1,speaker_09,train,de,emodb_a05,studio,controlled,Das schwarze Blatt Papier befindet sich da oben neben dem Holzstueck.,emodb_emotion=sadness; variation=b
09a05Wb,C:/Project/AI-STRESS-DETECTOR/data/public/emodb/wav/09a05Wb.wav,severe,3,speaker_09,train,de,emodb_a05,studio,controlled,Das schwarze Blatt Papier befindet sich da oben neben dem Holzstueck.,emodb_emotion=anger; variation=b
09a05Wc,C:/Project/AI-STRESS-DETECTOR/data/public/emodb/wav/09a05Wc.wav,severe,3,speaker_09,train,de,emodb_a05,studio,controlled,Das schwarze Blatt Papier befindet sich da oben neben dem Holzstueck.,emodb_emotion=anger; variation=c
09a07Eb,C:/Project/AI-STRESS-DETECTOR/data/public/emodb/wav/09a07Eb.wav,high,2,speaker_09,train,de,emodb_a07,studio,controlled,In sieben Stunden wird es soweit sein.,emodb_emotion=disgust; variation=b
09a07Na,C:/Project/AI-STRESS-DETECTOR/data/public/emodb/wav/09a07Na.wav,low,0,speaker_09,train,de,emodb_a07,studio,controlled,In sieben Stunden wird es soweit sein.,emodb_emotion=neutral; variation=a
09a07Ta,C:/Project/AI-STRESS-DETECTOR/data/public/emodb/wav/09a07Ta.wav,moderate,1,speaker_09,train,de,emodb_a07,studio,controlled,In sieben Stunden wird es soweit sein.,emodb_emotion=sadness; variation=a
09a07Wb,C:/Project/AI-STRESS-DETECTOR/data/public/emodb/wav/09a07Wb.wav,severe,3,speaker_09,train,de,emodb_a07,studio,controlled,In sieben Stunden wird es soweit sein.,emodb_emotion=anger; variation=b
09a07Wd,C:/Project/AI-STRESS-DETECTOR/data/public/emodb/wav/09a07Wd.wav,severe,3,speaker_09,train,de,emodb_a07,studio,controlled,In sieben Stunden wird es soweit sein.,emodb_emotion=anger; variation=d
09b01Ea,C:/Project/AI-STRESS-DETECTOR/data/public/emodb/wav/09b01Ea.wav,high,2,speaker_09,train,de,emodb_b01,studio,controlled,"Was sind denn das fuer Tueten, die da unter dem Tisch stehen.",emodb_emotion=disgust; variation=a
09b01Na,C:/Project/AI-STRESS-DETECTOR/data/public/emodb/wav/09b01Na.wav,low,0,speaker_09,train,de,emodb_b01,studio,controlled,"Was sind denn das fuer Tueten, die da unter dem Tisch stehen.",emodb_emotion=neutral; variation=a
09b01Wb,C:/Project/AI-STRESS-DETECTOR/data/public/emodb/wav/09b01Wb.wav,severe,3,speaker_09,train,de,emodb_b01,studio,controlled,"Was sind denn das fuer Tueten, die da unter dem Tisch stehen.",emodb_emotion=anger; variation=b
09b02Na,C:/Project/AI-STRESS-DETECTOR/data/public/emodb/wav/09b02Na.wav,low,0,speaker_09,train,de,emodb_b02,studio,controlled,Sie haben es gerade hochgetragen und jetzt gehen sie wieder runter.,emodb_emotion=neutral; variation=a
09b02Tb,C:/Project/AI-STRESS-DETECTOR/data/public/emodb/wav/09b02Tb.wav,moderate,1,speaker_09,train,de,emodb_b02,studio,controlled,Sie haben es gerade hochgetragen und jetzt gehen sie wieder runter.,emodb_emotion=sadness; variation=b
09b02Wc,C:/Project/AI-STRESS-DETECTOR/data/public/emodb/wav/09b02Wc.wav,severe,3,speaker_09,train,de,emodb_b02,studio,controlled,Sie haben es gerade hochgetragen und jetzt gehen sie wieder runter.,emodb_emotion=anger; variation=c
09b02Wd,C:/Project/AI-STRESS-DETECTOR/data/public/emodb/wav/09b02Wd.wav,severe,3,speaker_09,train,de,emodb_b02,studio,controlled,Sie haben es gerade hochgetragen und jetzt gehen sie wieder runter.,emodb_emotion=anger; variation=d
09b03Ed,C:/Project/AI-STRESS-DETECTOR/data/public/emodb/wav/09b03Ed.wav,high,2,speaker_09,train,de,emodb_b03,studio,controlled,An den Wochenenden bin ich jetzt immer nach Hause gefahren und habe Agnes besucht.,emodb_emotion=disgust; variation=d
09b03Fa,C:/Project/AI-STRESS-DETECTOR/data/public/emodb/wav/09b03Fa.wav,moderate,1,speaker_09,train,de,emodb_b03,studio,controlled,An den Wochenenden bin ich jetzt immer nach Hause gefahren und habe Agnes besucht.,emodb_emotion=happiness; variation=a
09b03Fd,C:/Project/AI-STRESS-DETECTOR/data/public/emodb/wav/09b03Fd.wav,moderate,1,speaker_09,train,de,emodb_b03,studio,controlled,An den Wochenenden bin ich jetzt immer nach Hause gefahren und habe Agnes besucht.,emodb_emotion=happiness; variation=d
09b03Lb,C:/Project/AI-STRESS-DETECTOR/data/public/emodb/wav/09b03Lb.wav,low,0,speaker_09,train,de,emodb_b03,studio,controlled,An den Wochenenden bin ich jetzt immer nach Hause gefahren und habe Agnes besucht.,emodb_emotion=boredom; variation=b
09b03Nb,C:/Project/AI-STRESS-DETECTOR/data/public/emodb/wav/09b03Nb.wav,low,0,speaker_09,train,de,emodb_b03,studio,controlled,An den Wochenenden bin ich jetzt immer nach Hause gefahren und habe Agnes besucht.,emodb_emotion=neutral; variation=b
09b03Ta,C:/Project/AI-STRESS-DETECTOR/data/public/emodb/wav/09b03Ta.wav,moderate,1,speaker_09,train,de,emodb_b03,studio,controlled,An den Wochenenden bin ich jetzt immer nach Hause gefahren und habe Agnes besucht.,emodb_emotion=sadness; variation=a
09b03Wb,C:/Project/AI-STRESS-DETECTOR/data/public/emodb/wav/09b03Wb.wav,severe,3,speaker_09,train,de,emodb_b03,studio,controlled,An den Wochenenden bin ich jetzt immer nach Hause gefahren und habe Agnes besucht.,emodb_emotion=anger; variation=b
09b09Ea,C:/Project/AI-STRESS-DETECTOR/data/public/emodb/wav/09b09Ea.wav,high,2,speaker_09,train,de,emodb_b09,studio,controlled,Ich will das eben wegbringen und dann mit Karl was trinken gehen.,emodb_emotion=disgust; variation=a
09b09Nd,C:/Project/AI-STRESS-DETECTOR/data/public/emodb/wav/09b09Nd.wav,low,0,speaker_09,train,de,emodb_b09,studio,controlled,Ich will das eben wegbringen und dann mit Karl was trinken gehen.,emodb_emotion=neutral; variation=d
09b09Wa,C:/Project/AI-STRESS-DETECTOR/data/public/emodb/wav/09b09Wa.wav,severe,3,speaker_09,train,de,emodb_b09,studio,controlled,Ich will das eben wegbringen und dann mit Karl was trinken gehen.,emodb_emotion=anger; variation=a
09b10Aa,C:/Project/AI-STRESS-DETECTOR/data/public/emodb/wav/09b10Aa.wav,high,2,speaker_09,train,de,emodb_b10,studio,controlled,"Die wird auf dem Platz sein, wo wir sie immer hinlegen.",emodb_emotion=fear; variation=a
09b10Nd,C:/Project/AI-STRESS-DETECTOR/data/public/emodb/wav/09b10Nd.wav,low,0,speaker_09,train,de,emodb_b10,studio,controlled,"Die wird auf dem Platz sein, wo wir sie immer hinlegen.",emodb_emotion=neutral; variation=d
09b10Wa,C:/Project/AI-STRESS-DETECTOR/data/public/emodb/wav/09b10Wa.wav,severe,3,speaker_09,train,de,emodb_b10,studio,controlled,"Die wird auf dem Platz sein, wo wir sie immer hinlegen.",emodb_emotion=anger; variation=a
10a01Ac,C:/Project/AI-STRESS-DETECTOR/data/public/emodb/wav/10a01Ac.wav,high,2,speaker_10,train,de,emodb_a01,studio,controlled,Der Lappen liegt auf dem Eisschrank.,emodb_emotion=fear; variation=c
10a01Nb,C:/Project/AI-STRESS-DETECTOR/data/public/emodb/wav/10a01Nb.wav,low,0,speaker_10,train,de,emodb_a01,studio,controlled,Der Lappen liegt auf dem Eisschrank.,emodb_emotion=neutral; variation=b
10a01Wa,C:/Project/AI-STRESS-DETECTOR/data/public/emodb/wav/10a01Wa.wav,severe,3,speaker_10,train,de,emodb_a01,studio,controlled,Der Lappen liegt auf dem Eisschrank.,emodb_emotion=anger; variation=a
10a02Ab,C:/Project/AI-STRESS-DETECTOR/data/public/emodb/wav/10a02Ab.wav,high,2,speaker_10,train,de,emodb_a02,studio,controlled,Das will sie am Mittwoch abgeben.,emodb_emotion=fear; variation=b
10a02Fa,C:/Project/AI-STRESS-DETECTOR/data/public/emodb/wav/10a02Fa.wav,moderate,1,speaker_10,train,de,emodb_a02,studio,controlled,Das will sie am Mittwoch abgeben.,emodb_emotion=happiness; variation=a
10a02Lb,C:/Project/AI-STRESS-DETECTOR/data/public/emodb/wav/10a02Lb.wav,low,0,speaker_10,train,de,emodb_a02,studio,controlled,Das will sie am Mittwoch abgeben.,emodb_emotion=boredom; variation=b
10a02Na,C:/Project/AI-STRESS-DETECTOR/data/public/emodb/wav/10a02Na.wav,low,0,speaker_10,train,de,emodb_a02,studio,controlled,Das will sie am Mittwoch abgeben.,emodb_emotion=neutral; variation=a
10a02Wa,C:/Project/AI-STRESS-DETECTOR/data/public/emodb/wav/10a02Wa.wav,severe,3,speaker_10,train,de,emodb_a02,studio,controlled,Das will sie am Mittwoch abgeben.,emodb_emotion=anger; variation=a
10a04Fd,C:/Project/AI-STRESS-DETECTOR/data/public/emodb/wav/10a04Fd.wav,moderate,1,speaker_10,train,de,emodb_a04,studio,controlled,Heute abend koennte ich es ihm sagen.,emodb_emotion=happiness; variation=d
10a04Nb,C:/Project/AI-STRESS-DETECTOR/data/public/emodb/wav/10a04Nb.wav,low,0,speaker_10,train,de,emodb_a04,studio,controlled,Heute abend koennte ich es ihm sagen.,emodb_emotion=neutral; variation=b
10a04Wa,C:/Project/AI-STRESS-DETECTOR/data/public/emodb/wav/10a04Wa.wav,severe,3,speaker_10,train,de,emodb_a04,studio,controlled,Heute abend koennte ich es ihm sagen.,emodb_emotion=anger; variation=a
10a04Wb,C:/Project/AI-STRESS-DETECTOR/data/public/emodb/wav/10a04Wb.wav,severe,3,speaker_10,train,de,emodb_a04,studio,controlled,Heute abend koennte ich es ihm sagen.,emodb_emotion=anger; variation=b
10a05Aa,C:/Project/AI-STRESS-DETECTOR/data/public/emodb/wav/10a05Aa.wav,high,2,speaker_10,train,de,emodb_a05,studio,controlled,Das schwarze Blatt Papier befindet sich da oben neben dem Holzstueck.,emodb_emotion=fear; variation=a
10a05Ld,C:/Project/AI-STRESS-DETECTOR/data/public/emodb/wav/10a05Ld.wav,low,0,speaker_10,train,de,emodb_a05,studio,controlled,Das schwarze Blatt Papier befindet sich da oben neben dem Holzstueck.,emodb_emotion=boredom; variation=d
10a05Tb,C:/Project/AI-STRESS-DETECTOR/data/public/emodb/wav/10a05Tb.wav,moderate,1,speaker_10,train,de,emodb_a05,studio,controlled,Das schwarze Blatt Papier befindet sich da oben neben dem Holzstueck.,emodb_emotion=sadness; variation=b
10a05Wb,C:/Project/AI-STRESS-DETECTOR/data/public/emodb/wav/10a05Wb.wav,severe,3,speaker_10,train,de,emodb_a05,studio,controlled,Das schwarze Blatt Papier befindet sich da oben neben dem Holzstueck.,emodb_emotion=anger; variation=b
10a07Aa,C:/Project/AI-STRESS-DETECTOR/data/public/emodb/wav/10a07Aa.wav,high,2,speaker_10,train,de,emodb_a07,studio,controlled,In sieben Stunden wird es soweit sein.,emodb_emotion=fear; variation=a
10a07Ad,C:/Project/AI-STRESS-DETECTOR/data/public/emodb/wav/10a07Ad.wav,high,2,speaker_10,train,de,emodb_a07,studio,controlled,In sieben Stunden wird es soweit sein.,emodb_emotion=fear; variation=d
10a07La,C:/Project/AI-STRESS-DETECTOR/data/public/emodb/wav/10a07La.wav,low,0,speaker_10,train,de,emodb_a07,studio,controlled,In sieben Stunden wird es soweit sein.,emodb_emotion=boredom; variation=a
10a07Ta,C:/Project/AI-STRESS-DETECTOR/data/public/emodb/wav/10a07Ta.wav,moderate,1,speaker_10,train,de,emodb_a07,studio,controlled,In sieben Stunden wird es soweit sein.,emodb_emotion=sadness; variation=a
10a07Wb,C:/Project/AI-STRESS-DETECTOR/data/public/emodb/wav/10a07Wb.wav,severe,3,speaker_10,train,de,emodb_a07,studio,controlled,In sieben Stunden wird es soweit sein.,emodb_emotion=anger; variation=b
10b01Aa,C:/Project/AI-STRESS-DETECTOR/data/public/emodb/wav/10b01Aa.wav,high,2,speaker_10,train,de,emodb_b01,studio,controlled,"Was sind denn das fuer Tueten, die da unter dem Tisch stehen.",emodb_emotion=fear; variation=a
10b01Ea,C:/Project/AI-STRESS-DETECTOR/data/public/emodb/wav/10b01Ea.wav,high,2,speaker_10,train,de,emodb_b01,studio,controlled,"Was sind denn das fuer Tueten, die da unter dem Tisch stehen.",emodb_emotion=disgust; variation=a
10b01Fa,C:/Project/AI-STRESS-DETECTOR/data/public/emodb/wav/10b01Fa.wav,moderate,1,speaker_10,train,de,emodb_b01,studio,controlled,"Was sind denn das fuer Tueten, die da unter dem Tisch stehen.",emodb_emotion=happiness; variation=a
10b01Lb,C:/Project/AI-STRESS-DETECTOR/data/public/emodb/wav/10b01Lb.wav,low,0,speaker_10,train,de,emodb_b01,studio,controlled,"Was sind denn das fuer Tueten, die da unter dem Tisch stehen.",emodb_emotion=boredom; variation=b
10b02Aa,C:/Project/AI-STRESS-DETECTOR/data/public/emodb/wav/10b02Aa.wav,high,2,speaker_10,train,de,emodb_b02,studio,controlled,Sie haben es gerade hochgetragen und jetzt gehen sie wieder runter.,emodb_emotion=fear; variation=a
10b02La,C:/Project/AI-STRESS-DETECTOR/data/public/emodb/wav/10b02La.wav,low,0,speaker_10,train,de,emodb_b02,studio,controlled,Sie haben es gerade hochgetragen und jetzt gehen sie wieder runter.,emodb_emotion=boredom; variation=a
10b02Na,C:/Project/AI-STRESS-DETECTOR/data/public/emodb/wav/10b02Na.wav,low,0,speaker_10,train,de,emodb_b02,studio,controlled,Sie haben es gerade hochgetragen und jetzt gehen sie wieder runter.,emodb_emotion=neutral; variation=a
10b02Wb,C:/Project/AI-STRESS-DETECTOR/data/public/emodb/wav/10b02Wb.wav,severe,3,speaker_10,train,de,emodb_b02,studio,controlled,Sie haben es gerade hochgetragen und jetzt gehen sie wieder runter.,emodb_emotion=anger; variation=b
10b03La,C:/Project/AI-STRESS-DETECTOR/data/public/emodb/wav/10b03La.wav,low,0,speaker_10,train,de,emodb_b03,studio,controlled,An den Wochenenden bin ich jetzt immer nach Hause gefahren und habe Agnes besucht.,emodb_emotion=boredom; variation=a
10b03Tb,C:/Project/AI-STRESS-DETECTOR/data/public/emodb/wav/10b03Tb.wav,moderate,1,speaker_10,train,de,emodb_b03,studio,controlled,An den Wochenenden bin ich jetzt immer nach Hause gefahren und habe Agnes besucht.,emodb_emotion=sadness; variation=b
10b03Wb,C:/Project/AI-STRESS-DETECTOR/data/public/emodb/wav/10b03Wb.wav,severe,3,speaker_10,train,de,emodb_b03,studio,controlled,An den Wochenenden bin ich jetzt immer nach Hause gefahren und habe Agnes besucht.,emodb_emotion=anger; variation=b
10b09Ad,C:/Project/AI-STRESS-DETECTOR/data/public/emodb/wav/10b09Ad.wav,high,2,speaker_10,train,de,emodb_b09,studio,controlled,Ich will das eben wegbringen und dann mit Karl was trinken gehen.,emodb_emotion=fear; variation=d
10b09Lb,C:/Project/AI-STRESS-DETECTOR/data/public/emodb/wav/10b09Lb.wav,low,0,speaker_10,train,de,emodb_b09,studio,controlled,Ich will das eben wegbringen und dann mit Karl was trinken gehen.,emodb_emotion=boredom; variation=b
10b09Wb,C:/Project/AI-STRESS-DETECTOR/data/public/emodb/wav/10b09Wb.wav,severe,3,speaker_10,train,de,emodb_b09,studio,controlled,Ich will das eben wegbringen und dann mit Karl was trinken gehen.,emodb_emotion=anger; variation=b
10b10Fc,C:/Project/AI-STRESS-DETECTOR/data/public/emodb/wav/10b10Fc.wav,moderate,1,speaker_10,train,de,emodb_b10,studio,controlled,"Die wird auf dem Platz sein, wo wir sie immer hinlegen.",emodb_emotion=happiness; variation=c
10b10Lc,C:/Project/AI-STRESS-DETECTOR/data/public/emodb/wav/10b10Lc.wav,low,0,speaker_10,train,de,emodb_b10,studio,controlled,"Die wird auf dem Platz sein, wo wir sie immer hinlegen.",emodb_emotion=boredom; variation=c
10b10Wa,C:/Project/AI-STRESS-DETECTOR/data/public/emodb/wav/10b10Wa.wav,severe,3,speaker_10,train,de,emodb_b10,studio,controlled,"Die wird auf dem Platz sein, wo wir sie immer hinlegen.",emodb_emotion=anger; variation=a
11a01Aa,C:/Project/AI-STRESS-DETECTOR/data/public/emodb/wav/11a01Aa.wav,high,2,speaker_11,train,de,emodb_a01,studio,controlled,Der Lappen liegt auf dem Eisschrank.,emodb_emotion=fear; variation=a
11a01Ab,C:/Project/AI-STRESS-DETECTOR/data/public/emodb/wav/11a01Ab.wav,high,2,speaker_11,train,de,emodb_a01,studio,controlled,Der Lappen liegt auf dem Eisschrank.,emodb_emotion=fear; variation=b
11a01Ld,C:/Project/AI-STRESS-DETECTOR/data/public/emodb/wav/11a01Ld.wav,low,0,speaker_11,train,de,emodb_a01,studio,controlled,Der Lappen liegt auf dem Eisschrank.,emodb_emotion=boredom; variation=d
11a01Nd,C:/Project/AI-STRESS-DETECTOR/data/public/emodb/wav/11a01Nd.wav,low,0,speaker_11,train,de,emodb_a01,studio,controlled,Der Lappen liegt auf dem Eisschrank.,emodb_emotion=neutral; variation=d
11a01Wc,C:/Project/AI-STRESS-DETECTOR/data/public/emodb/wav/11a01Wc.wav,severe,3,speaker_11,train,de,emodb_a01,studio,controlled,Der Lappen liegt auf dem Eisschrank.,emodb_emotion=anger; variation=c
11a02Ec,C:/Project/AI-STRESS-DETECTOR/data/public/emodb/wav/11a02Ec.wav,high,2,speaker_11,train,de,emodb_a02,studio,controlled,Das will sie am Mittwoch abgeben.,emodb_emotion=disgust; variation=c
11a02Fb,C:/Project/AI-STRESS-DETECTOR/data/public/emodb/wav/11a02Fb.wav,moderate,1,speaker_11,train,de,emodb_a02,studio,controlled,Das will sie am Mittwoch abgeben.,emodb_emotion=happiness; variation=b
11a02Ld,C:/Project/AI-STRESS-DETECTOR/data/public/emodb/wav/11a02Ld.wav,low,0,speaker_11,train,de,emodb_a02,studio,controlled,Das will sie am Mittwoch abgeben.,emodb_emotion=boredom; variation=d
11a02Nc,C:/Project/AI-STRESS-DETECTOR/data/public/emodb/wav/11a02Nc.wav,low,0,speaker_11,train,de,emodb_a02,studio,controlled,Das will sie am Mittwoch abgeben.,emodb_emotion=neutral; variation=c
11a02Tc,C:/Project/AI-STRESS-DETECTOR/data/public/emodb/wav/11a02Tc.wav,moderate,1,speaker_11,train,de,emodb_a02,studio,controlled,Das will sie am Mittwoch abgeben.,emodb_emotion=sadness; variation=c
11a02Wc,C:/Project/AI-STRESS-DETECTOR/data/public/emodb/wav/11a02Wc.wav,severe,3,speaker_11,train,de,emodb_a02,studio,controlled,Das will sie am Mittwoch abgeben.,emodb_emotion=anger; variation=c
11a04Ac,C:/Project/AI-STRESS-DETECTOR/data/public/emodb/wav/11a04Ac.wav,high,2,speaker_11,train,de,emodb_a04,studio,controlled,Heute abend koennte ich es ihm sagen.,emodb_emotion=fear; variation=c
11a04Fd,C:/Project/AI-STRESS-DETECTOR/data/public/emodb/wav/11a04Fd.wav,moderate,1,speaker_11,train,de,emodb_a04,studio,controlled,Heute abend koennte ich es ihm sagen.,emodb_emotion=happiness; variation=d
11a04Nd,C:/Project/AI-STRESS-DETECTOR/data/public/emodb/wav/11a04Nd.wav,low,0,speaker_11,train,de,emodb_a04,studio,controlled,Heute abend koennte ich es ihm sagen.,emodb_emotion=neutral; variation=d
11a04Wc,C:/Project/AI-STRESS-DETECTOR/data/public/emodb/wav/11a04Wc.wav,severe,3,speaker_11,train,de,emodb_a04,studio,controlled,Heute abend koennte ich es ihm sagen.,emodb_emotion=anger; variation=c
11a05Ad,C:/Project/AI-STRESS-DETECTOR/data/public/emodb/wav/11a05Ad.wav,high,2,speaker_11,train,de,emodb_a05,studio,controlled,Das schwarze Blatt Papier befindet sich da oben neben dem Holzstueck.,emodb_emotion=fear; variation=d
11a05Fb,C:/Project/AI-STRESS-DETECTOR/data/public/emodb/wav/11a05Fb.wav,moderate,1,speaker_11,train,de,emodb_a05,studio,controlled,Das schwarze Blatt Papier befindet sich da oben neben dem Holzstueck.,emodb_emotion=happiness; variation=b
11a05Fc,C:/Project/AI-STRESS-DETECTOR/data/public/emodb/wav/11a05Fc.wav,moderate,1,speaker_11,train,de,emodb_a05,studio,controlled,Das schwarze Blatt Papier befindet sich da oben neben dem Holzstueck.,emodb_emotion=happiness; variation=c
11a05Lc,C:/Project/AI-STRESS-DETECTOR/data/public/emodb/wav/11a05Lc.wav,low,0,speaker_11,train,de,emodb_a05,studio,controlled,Das schwarze Blatt Papier befindet sich da oben neben dem Holzstueck.,emodb_emotion=boredom; variation=c
11a05Na,C:/Project/AI-STRESS-DETECTOR/data/public/emodb/wav/11a05Na.wav,low,0,speaker_11,train,de,emodb_a05,studio,controlled,Das schwarze Blatt Papier befindet sich da oben neben dem Holzstueck.,emodb_emotion=neutral; variation=a
11a05Td,C:/Project/AI-STRESS-DETECTOR/data/public/emodb/wav/11a05Td.wav,moderate,1,speaker_11,train,de,emodb_a05,studio,controlled,Das schwarze Blatt Papier befindet sich da oben neben dem Holzstueck.,emodb_emotion=sadness; variation=d
11a05Wd,C:/Project/AI-STRESS-DETECTOR/data/public/emodb/wav/11a05Wd.wav,severe,3,speaker_11,train,de,emodb_a05,studio,controlled,Das schwarze Blatt Papier befindet sich da oben neben dem Holzstueck.,emodb_emotion=anger; variation=d
11a07Ac,C:/Project/AI-STRESS-DETECTOR/data/public/emodb/wav/11a07Ac.wav,high,2,speaker_11,train,de,emodb_a07,studio,controlled,In sieben Stunden wird es soweit sein.,emodb_emotion=fear; variation=c
11a07Ld,C:/Project/AI-STRESS-DETECTOR/data/public/emodb/wav/11a07Ld.wav,low,0,speaker_11,train,de,emodb_a07,studio,controlled,In sieben Stunden wird es soweit sein.,emodb_emotion=boredom; variation=d
11a07Ta,C:/Project/AI-STRESS-DETECTOR/data/public/emodb/wav/11a07Ta.wav,moderate,1,speaker_11,train,de,emodb_a07,studio,controlled,In sieben Stunden wird es soweit sein.,emodb_emotion=sadness; variation=a
11a07Wc,C:/Project/AI-STRESS-DETECTOR/data/public/emodb/wav/11a07Wc.wav,severe,3,speaker_11,train,de,emodb_a07,studio,controlled,In sieben Stunden wird es soweit sein.,emodb_emotion=anger; variation=c
11b01Ab,C:/Project/AI-STRESS-DETECTOR/data/public/emodb/wav/11b01Ab.wav,high,2,speaker_11,train,de,emodb_b01,studio,controlled,"Was sind denn das fuer Tueten, die da unter dem Tisch stehen.",emodb_emotion=fear; variation=b
11b01Eb,C:/Project/AI-STRESS-DETECTOR/data/public/emodb/wav/11b01Eb.wav,high,2,speaker_11,train,de,emodb_b01,studio,controlled,"Was sind denn das fuer Tueten, die da unter dem Tisch stehen.",emodb_emotion=disgust; variation=b
11b01Fc,C:/Project/AI-STRESS-DETECTOR/data/public/emodb/wav/11b01Fc.wav,moderate,1,speaker_11,train,de,emodb_b01,studio,controlled,"Was sind denn das fuer Tueten, die da unter dem Tisch stehen.",emodb_emotion=happiness; variation=c
11b01Lb,C:/Project/AI-STRESS-DETECTOR/data/public/emodb/wav/11b01Lb.wav,low,0,speaker_11,train,de,emodb_b01,studio,controlled,"Was sind denn das fuer Tueten, die da unter dem Tisch stehen.",emodb_emotion=boredom; variation=b
11b01Nc,C:/Project/AI-STRESS-DETECTOR/data/public/emodb/wav/11b01Nc.wav,low,0,speaker_11,train,de,emodb_b01,studio,controlled,"Was sind denn das fuer Tueten, die da unter dem Tisch stehen.",emodb_emotion=neutral; variation=c
11b01Wd,C:/Project/AI-STRESS-DETECTOR/data/public/emodb/wav/11b01Wd.wav,severe,3,speaker_11,train,de,emodb_b01,studio,controlled,"Was sind denn das fuer Tueten, die da unter dem Tisch stehen.",emodb_emotion=anger; variation=d
11b02Ab,C:/Project/AI-STRESS-DETECTOR/data/public/emodb/wav/11b02Ab.wav,high,2,speaker_11,train,de,emodb_b02,studio,controlled,Sie haben es gerade hochgetragen und jetzt gehen sie wieder runter.,emodb_emotion=fear; variation=b
11b02Fd,C:/Project/AI-STRESS-DETECTOR/data/public/emodb/wav/11b02Fd.wav,moderate,1,speaker_11,train,de,emodb_b02,studio,controlled,Sie haben es gerade hochgetragen und jetzt gehen sie wieder runter.,emodb_emotion=happiness; variation=d
11b02Na,C:/Project/AI-STRESS-DETECTOR/data/public/emodb/wav/11b02Na.wav,low,0,speaker_11,train,de,emodb_b02,studio,controlled,Sie haben es gerade hochgetragen und jetzt gehen sie wieder runter.,emodb_emotion=neutral; variation=a
11b02Td,C:/Project/AI-STRESS-DETECTOR/data/public/emodb/wav/11b02Td.wav,moderate,1,speaker_11,train,de,emodb_b02,studio,controlled,Sie haben es gerade hochgetragen und jetzt gehen sie wieder runter.,emodb_emotion=sadness; variation=d
11b02Wb,C:/Project/AI-STRESS-DETECTOR/data/public/emodb/wav/11b02Wb.wav,severe,3,speaker_11,train,de,emodb_b02,studio,controlled,Sie haben es gerade hochgetragen und jetzt gehen sie wieder runter.,emodb_emotion=anger; variation=b
11b03Fc,C:/Project/AI-STRESS-DETECTOR/data/public/emodb/wav/11b03Fc.wav,moderate,1,speaker_11,train,de,emodb_b03,studio,controlled,An den Wochenenden bin ich jetzt immer nach Hause gefahren und habe Agnes besucht.,emodb_emotion=happiness; variation=c
11b03Lc,C:/Project/AI-STRESS-DETECTOR/data/public/emodb/wav/11b03Lc.wav,low,0,speaker_11,train,de,emodb_b03,studio,controlled,An den Wochenenden bin ich jetzt immer nach Hause gefahren und habe Agnes besucht.,emodb_emotion=boredom; variation=c
11b03Nb,C:/Project/AI-STRESS-DETECTOR/data/public/emodb/wav/11b03Nb.wav,low,0,speaker_11,train,de,emodb_b03,studio,controlled,An den Wochenenden bin ich jetzt immer nach Hause gefahren und habe Agnes besucht.,emodb_emotion=neutral; variation=b
11b03Td,C:/Project/AI-STRESS-DETECTOR/data/public/emodb/wav/11b03Td.wav,moderate,1,speaker_11,train,de,emodb_b03,studio,controlled,An den Wochenenden bin ich jetzt immer nach Hause gefahren und habe Agnes besucht.,emodb_emotion=sadness; variation=d
11b03Wa,C:/Project/AI-STRESS-DETECTOR/data/public/emodb/wav/11b03Wa.wav,severe,3,speaker_11,train,de,emodb_b03,studio,controlled,An den Wochenenden bin ich jetzt immer nach Hause gefahren und habe Agnes besucht.,emodb_emotion=anger; variation=a
11b03Wb,C:/Project/AI-STRESS-DETECTOR/data/public/emodb/wav/11b03Wb.wav,severe,3,speaker_11,train,de,emodb_b03,studio,controlled,An den Wochenenden bin ich jetzt immer nach Hause gefahren und habe Agnes besucht.,emodb_emotion=anger; variation=b
11b09Ad,C:/Project/AI-STRESS-DETECTOR/data/public/emodb/wav/11b09Ad.wav,high,2,speaker_11,train,de,emodb_b09,studio,controlled,Ich will das eben wegbringen und dann mit Karl was trinken gehen.,emodb_emotion=fear; variation=d
11b09Fd,C:/Project/AI-STRESS-DETECTOR/data/public/emodb/wav/11b09Fd.wav,moderate,1,speaker_11,train,de,emodb_b09,studio,controlled,Ich will das eben wegbringen und dann mit Karl was trinken gehen.,emodb_emotion=happiness; variation=d
11b09Ld,C:/Project/AI-STRESS-DETECTOR/data/public/emodb/wav/11b09Ld.wav,low,0,speaker_11,train,de,emodb_b09,studio,controlled,Ich will das eben wegbringen und dann mit Karl was trinken gehen.,emodb_emotion=boredom; variation=d
11b09Na,C:/Project/AI-STRESS-DETECTOR/data/public/emodb/wav/11b09Na.wav,low,0,speaker_11,train,de,emodb_b09,studio,controlled,Ich will das eben wegbringen und dann mit Karl was trinken gehen.,emodb_emotion=neutral; variation=a
11b09Td,C:/Project/AI-STRESS-DETECTOR/data/public/emodb/wav/11b09Td.wav,moderate,1,speaker_11,train,de,emodb_b09,studio,controlled,Ich will das eben wegbringen und dann mit Karl was trinken gehen.,emodb_emotion=sadness; variation=d
11b09Wa,C:/Project/AI-STRESS-DETECTOR/data/public/emodb/wav/11b09Wa.wav,severe,3,speaker_11,train,de,emodb_b09,studio,controlled,Ich will das eben wegbringen und dann mit Karl was trinken gehen.,emodb_emotion=anger; variation=a
11b10Ad,C:/Project/AI-STRESS-DETECTOR/data/public/emodb/wav/11b10Ad.wav,high,2,speaker_11,train,de,emodb_b10,studio,controlled,"Die wird auf dem Platz sein, wo wir sie immer hinlegen.",emodb_emotion=fear; variation=d
11b10Ae,C:/Project/AI-STRESS-DETECTOR/data/public/emodb/wav/11b10Ae.wav,high,2,speaker_11,train,de,emodb_b10,studio,controlled,"Die wird auf dem Platz sein, wo wir sie immer hinlegen.",emodb_emotion=fear; variation=e
11b10Ld,C:/Project/AI-STRESS-DETECTOR/data/public/emodb/wav/11b10Ld.wav,low,0,speaker_11,train,de,emodb_b10,studio,controlled,"Die wird auf dem Platz sein, wo wir sie immer hinlegen.",emodb_emotion=boredom; variation=d
11b10Nc,C:/Project/AI-STRESS-DETECTOR/data/public/emodb/wav/11b10Nc.wav,low,0,speaker_11,train,de,emodb_b10,studio,controlled,"Die wird auf dem Platz sein, wo wir sie immer hinlegen.",emodb_emotion=neutral; variation=c
11b10Td,C:/Project/AI-STRESS-DETECTOR/data/public/emodb/wav/11b10Td.wav,moderate,1,speaker_11,train,de,emodb_b10,studio,controlled,"Die wird auf dem Platz sein, wo wir sie immer hinlegen.",emodb_emotion=sadness; variation=d
11b10Wa,C:/Project/AI-STRESS-DETECTOR/data/public/emodb/wav/11b10Wa.wav,severe,3,speaker_11,train,de,emodb_b10,studio,controlled,"Die wird auf dem Platz sein, wo wir sie immer hinlegen.",emodb_emotion=anger; variation=a
12a01Fb,C:/Project/AI-STRESS-DETECTOR/data/public/emodb/wav/12a01Fb.wav,moderate,1,speaker_12,train,de,emodb_a01,studio,controlled,Der Lappen liegt auf dem Eisschrank.,emodb_emotion=happiness; variation=b
12a01Lb,C:/Project/AI-STRESS-DETECTOR/data/public/emodb/wav/12a01Lb.wav,low,0,speaker_12,train,de,emodb_a01,studio,controlled,Der Lappen liegt auf dem Eisschrank.,emodb_emotion=boredom; variation=b
12a01Nb,C:/Project/AI-STRESS-DETECTOR/data/public/emodb/wav/12a01Nb.wav,low,0,speaker_12,train,de,emodb_a01,studio,controlled,Der Lappen liegt auf dem Eisschrank.,emodb_emotion=neutral; variation=b
12a01Wc,C:/Project/AI-STRESS-DETECTOR/data/public/emodb/wav/12a01Wc.wav,severe,3,speaker_12,train,de,emodb_a01,studio,controlled,Der Lappen liegt auf dem Eisschrank.,emodb_emotion=anger; variation=c
12a02Ac,C:/Project/AI-STRESS-DETECTOR/data/public/emodb/wav/12a02Ac.wav,high,2,speaker_12,train,de,emodb_a02,studio,controlled,Das will sie am Mittwoch abgeben.,emodb_emotion=fear; variation=c
12a02Ec,C:/Project/AI-STRESS-DETECTOR/data/public/emodb/wav/12a02Ec.wav,high,2,speaker_12,train,de,emodb_a02,studio,controlled,Das will sie am Mittwoch abgeben.,emodb_emotion=disgust; variation=c
12a02Nb,C:/Project/AI-STRESS-DETECTOR/data/public/emodb/wav/12a02Nb.wav,low,0,speaker_12,train,de,emodb_a02,studio,controlled,Das will sie am Mittwoch abgeben.,emodb_emotion=neutral; variation=b
12a02Wa,C:/Project/AI-STRESS-DETECTOR/data/public/emodb/wav/12a02Wa.wav,severe,3,speaker_12,train,de,emodb_a02,studio,controlled,Das will sie am Mittwoch abgeben.,emodb_emotion=anger; variation=a
12a02Wc,C:/Project/AI-STRESS-DETECTOR/data/public/emodb/wav/12a02Wc.wav,severe,3,speaker_12,train,de,emodb_a02,studio,controlled,Das will sie am Mittwoch abgeben.,emodb_emotion=anger; variation=c
12a04Wc,C:/Project/AI-STRESS-DETECTOR/data/public/emodb/wav/12a04Wc.wav,severe,3,speaker_12,train,de,emodb_a04,studio,controlled,Heute abend koennte ich es ihm sagen.,emodb_emotion=anger; variation=c
12a05Ab,C:/Project/AI-STRESS-DETECTOR/data/public/emodb/wav/12a05Ab.wav,high,2,speaker_12,train,de,emodb_a05,studio,controlled,Das schwarze Blatt Papier befindet sich da oben neben dem Holzstueck.,emodb_emotion=fear; variation=b
12a05Lb,C:/Project/AI-STRESS-DETECTOR/data/public/emodb/wav/12a05Lb.wav,low,0,speaker_12,train,de,emodb_a05,studio,controlled,Das schwarze Blatt Papier befindet sich da oben neben dem Holzstueck.,emodb_emotion=boredom; variation=b
12a05Nd,C:/Project/AI-STRESS-DETECTOR/data/public/emodb/wav/12a05Nd.wav,low,0,speaker_12,train,de,emodb_a05,studio,controlled,Das schwarze Blatt Papier befindet sich da oben neben dem Holzstueck.,emodb_emotion=neutral; variation=d
12a05Ta,C:/Project/AI-STRESS-DETECTOR/data/public/emodb/wav/12a05Ta.wav,moderate,1,speaker_12,train,de,emodb_a05,studio,controlled,Das schwarze Blatt Papier befindet sich da oben neben dem Holzstueck.,emodb_emotion=sadness; variation=a
12a05Wb,C:/Project/AI-STRESS-DETECTOR/data/public/emodb/wav/12a05Wb.wav,severe,3,speaker_12,train,de,emodb_a05,studio,controlled,Das schwarze Blatt Papier befindet sich da oben neben dem Holzstueck.,emodb_emotion=anger; variation=b
12a07Ac,C:/Project/AI-STRESS-DETECTOR/data/public/emodb/wav/12a07Ac.wav,high,2,speaker_12,train,de,emodb_a07,studio,controlled,In sieben Stunden wird es soweit sein.,emodb_emotion=fear; variation=c
12a07La,C:/Project/AI-STRESS-DETECTOR/data/public/emodb/wav/12a07La.wav,low,0,speaker_12,train,de,emodb_a07,studio,controlled,In sieben Stunden wird es soweit sein.,emodb_emotion=boredom; variation=a
12a07Wa,C:/Project/AI-STRESS-DETECTOR/data/public/emodb/wav/12a07Wa.wav,severe,3,speaker_12,train,de,emodb_a07,studio,controlled,In sieben Stunden wird es soweit sein.,emodb_emotion=anger; variation=a
12b01Ta,C:/Project/AI-STRESS-DETECTOR/data/public/emodb/wav/12b01Ta.wav,moderate,1,speaker_12,train,de,emodb_b01,studio,controlled,"Was sind denn das fuer Tueten, die da unter dem Tisch stehen.",emodb_emotion=sadness; variation=a
12b01Wa,C:/Project/AI-STRESS-DETECTOR/data/public/emodb/wav/12b01Wa.wav,severe,3,speaker_12,train,de,emodb_b01,studio,controlled,"Was sind denn das fuer Tueten, die da unter dem Tisch stehen.",emodb_emotion=anger; variation=a
12b02Ad,C:/Project/AI-STRESS-DETECTOR/data/public/emodb/wav/12b02Ad.wav,high,2,speaker_12,train,de,emodb_b02,studio,controlled,Sie haben es gerade hochgetragen und jetzt gehen sie wieder runter.,emodb_emotion=fear; variation=d
12b02Ea,C:/Project/AI-STRESS-DETECTOR/data/public/emodb/wav/12b02Ea.wav,high,2,speaker_12,train,de,emodb_b02,studio,controlled,Sie haben es gerade hochgetragen und jetzt gehen sie wieder runter.,emodb_emotion=disgust; variation=a
12b02Fb,C:/Project/AI-STRESS-DETECTOR/data/public/emodb/wav/12b02Fb.wav,moderate,1,speaker_12,train,de,emodb_b02,studio,controlled,Sie haben es gerade hochgetragen und jetzt gehen sie wieder runter.,emodb_emotion=happiness; variation=b
12b02Na,C:/Project/AI-STRESS-DETECTOR/data/public/emodb/wav/12b02Na.wav,low,0,speaker_12,train,de,emodb_b02,studio,controlled,Sie haben es gerade hochgetragen und jetzt gehen sie wieder runter.,emodb_emotion=neutral; variation=a
12b02Wa,C:/Project/AI-STRESS-DETECTOR/data/public/emodb/wav/12b02Wa.wav,severe,3,speaker_12,train,de,emodb_b02,studio,controlled,Sie haben es gerade hochgetragen und jetzt gehen sie wieder runter.,emodb_emotion=anger; variation=a
12b02Wb,C:/Project/AI-STRESS-DETECTOR/data/public/emodb/wav/12b02Wb.wav,severe,3,speaker_12,train,de,emodb_b02,studio,controlled,Sie haben es gerade hochgetragen und jetzt gehen sie wieder runter.,emodb_emotion=anger; variation=b
12b02Wd,C:/Project/AI-STRESS-DETECTOR/data/public/emodb/wav/12b02Wd.wav,severe,3,speaker_12,train,de,emodb_b02,studio,controlled,Sie haben es gerade hochgetragen und jetzt gehen sie wieder runter.,emodb_emotion=anger; variation=d
12b03La,C:/Project/AI-STRESS-DETECTOR/data/public/emodb/wav/12b03La.wav,low,0,speaker_12,train,de,emodb_b03,studio,controlled,An den Wochenenden bin ich jetzt immer nach Hause gefahren und habe Agnes besucht.,emodb_emotion=boredom; variation=a
12b03Ta,C:/Project/AI-STRESS-DETECTOR/data/public/emodb/wav/12b03Ta.wav,moderate,1,speaker_12,train,de,emodb_b03,studio,controlled,An den Wochenenden bin ich jetzt immer nach Hause gefahren und habe Agnes besucht.,emodb_emotion=sadness; variation=a
12b09Ac,C:/Project/AI-STRESS-DETECTOR/data/public/emodb/wav/12b09Ac.wav,high,2,speaker_12,train,de,emodb_b09,studio,controlled,Ich will das eben wegbringen und dann mit Karl was trinken gehen.,emodb_emotion=fear; variation=c
12b09Td,C:/Project/AI-STRESS-DETECTOR/data/public/emodb/wav/12b09Td.wav,moderate,1,speaker_12,train,de,emodb_b09,studio,controlled,Ich will das eben wegbringen und dann mit Karl was trinken gehen.,emodb_emotion=sadness; variation=d
12b09Wc,C:/Project/AI-STRESS-DETECTOR/data/public/emodb/wav/12b09Wc.wav,severe,3,speaker_12,train,de,emodb_b09,studio,controlled,Ich will das eben wegbringen und dann mit Karl was trinken gehen.,emodb_emotion=anger; variation=c
12b10Ac,C:/Project/AI-STRESS-DETECTOR/data/public/emodb/wav/12b10Ac.wav,high,2,speaker_12,train,de,emodb_b10,studio,controlled,"Die wird auf dem Platz sein, wo wir sie immer hinlegen.",emodb_emotion=fear; variation=c
12b10Ld,C:/Project/AI-STRESS-DETECTOR/data/public/emodb/wav/12b10Ld.wav,low,0,speaker_12,train,de,emodb_b10,studio,controlled,"Die wird auf dem Platz sein, wo wir sie immer hinlegen.",emodb_emotion=boredom; variation=d
12b10Wa,C:/Project/AI-STRESS-DETECTOR/data/public/emodb/wav/12b10Wa.wav,severe,3,speaker_12,train,de,emodb_b10,studio,controlled,"Die wird auf dem Platz sein, wo wir sie immer hinlegen.",emodb_emotion=anger; variation=a
13a01Ac,C:/Project/AI-STRESS-DETECTOR/data/public/emodb/wav/13a01Ac.wav,high,2,speaker_13,train,de,emodb_a01,studio,controlled,Der Lappen liegt auf dem Eisschrank.,emodb_emotion=fear; variation=c
13a01Ea,C:/Project/AI-STRESS-DETECTOR/data/public/emodb/wav/13a01Ea.wav,high,2,speaker_13,train,de,emodb_a01,studio,controlled,Der Lappen liegt auf dem Eisschrank.,emodb_emotion=disgust; variation=a
13a01Ec,C:/Project/AI-STRESS-DETECTOR/data/public/emodb/wav/13a01Ec.wav,high,2,speaker_13,train,de,emodb_a01,studio,controlled,Der Lappen liegt auf dem Eisschrank.,emodb_emotion=disgust; variation=c
13a01Fd,C:/Project/AI-STRESS-DETECTOR/data/public/emodb/wav/13a01Fd.wav,moderate,1,speaker_13,train,de,emodb_a01,studio,controlled,Der Lappen liegt auf dem Eisschrank.,emodb_emotion=happiness; variation=d
13a01Lb,C:/Project/AI-STRESS-DETECTOR/data/public/emodb/wav/13a01Lb.wav,low,0,speaker_13,train,de,emodb_a01,studio,controlled,Der Lappen liegt auf dem Eisschrank.,emodb_emotion=boredom; variation=b
13a01Nb,C:/Project/AI-STRESS-DETECTOR/data/public/emodb/wav/13a01Nb.wav,low,0,speaker_13,train,de,emodb_a01,studio,controlled,Der Lappen liegt auf dem Eisschrank.,emodb_emotion=neutral; variation=b
13a01Wb,C:/Project/AI-STRESS-DETECTOR/data/public/emodb/wav/13a01Wb.wav,severe,3,speaker_13,train,de,emodb_a01,studio,controlled,Der Lappen liegt auf dem Eisschrank.,emodb_emotion=anger; variation=b
13a02Ad,C:/Project/AI-STRESS-DETECTOR/data/public/emodb/wav/13a02Ad.wav,high,2,speaker_13,train,de,emodb_a02,studio,controlled,Das will sie am Mittwoch abgeben.,emodb_emotion=fear; variation=d
13a02Ec,C:/Project/AI-STRESS-DETECTOR/data/public/emodb/wav/13a02Ec.wav,high,2,speaker_13,train,de,emodb_a02,studio,controlled,Das will sie am Mittwoch abgeben.,emodb_emotion=disgust; variation=c
13a02Fa,C:/Project/AI-STRESS-DETECTOR/data/public/emodb/wav/13a02Fa.wav,moderate,1,speaker_13,train,de,emodb_a02,studio,controlled,Das will sie am Mittwoch abgeben.,emodb_emotion=happiness; variation=a
13a02Lc,C:/Project/AI-STRESS-DETECTOR/data/public/emodb/wav/13a02Lc.wav,low,0,speaker_13,train,de,emodb_a02,studio,controlled,Das will sie am Mittwoch abgeben.,emodb_emotion=boredom; variation=c
13a02Nc,C:/Project/AI-STRESS-DETECTOR/data/public/emodb/wav/13a02Nc.wav,low,0,speaker_13,train,de,emodb_a02,studio,controlled,Das will sie am Mittwoch abgeben.,emodb_emotion=neutral; variation=c
13a02Ta,C:/Project/AI-STRESS-DETECTOR/data/public/emodb/wav/13a02Ta.wav,moderate,1,speaker_13,train,de,emodb_a02,studio,controlled,Das will sie am Mittwoch abgeben.,emodb_emotion=sadness; variation=a
13a02Wa,C:/Project/AI-STRESS-DETECTOR/data/public/emodb/wav/13a02Wa.wav,severe,3,speaker_13,train,de,emodb_a02,studio,controlled,Das will sie am Mittwoch abgeben.,emodb_emotion=anger; variation=a
13a04Ac,C:/Project/AI-STRESS-DETECTOR/data/public/emodb/wav/13a04Ac.wav,high,2,speaker_13,train,de,emodb_a04,studio,controlled,Heute abend koennte ich es ihm sagen.,emodb_emotion=fear; variation=c
13a04Fc,C:/Project/AI-STRESS-DETECTOR/data/public/emodb/wav/13a04Fc.wav,moderate,1,speaker_13,train,de,emodb_a04,studio,controlled,Heute abend koennte ich es ihm sagen.,emodb_emotion=happiness; variation=c
13a04Lb,C:/Project/AI-STRESS-DETECTOR/data/public/emodb/wav/13a04Lb.wav,low,0,speaker_13,train,de,emodb_a04,studio,controlled,Heute abend koennte ich es ihm sagen.,emodb_emotion=boredom; variation=b
13a04Ta,C:/Project/AI-STRESS-DETECTOR/data/public/emodb/wav/13a04Ta.wav,moderate,1,speaker_13,train,de,emodb_a04,studio,controlled,Heute abend koennte ich es ihm sagen.,emodb_emotion=sadness; variation=a
13a04Wc,C:/Project/AI-STRESS-DETECTOR/data/public/emodb/wav/13a04Wc.wav,severe,3,speaker_13,train,de,emodb_a04,studio,controlled,Heute abend koennte ich es ihm sagen.,emodb_emotion=anger; variation=c
13a05Aa,C:/Project/AI-STRESS-DETECTOR/data/public/emodb/wav/13a05Aa.wav,high,2,speaker_13,train,de,emodb_a05,studio,controlled,Das schwarze Blatt Papier befindet sich da oben neben dem Holzstueck.,emodb_emotion=fear; variation=a
13a05Ea,C:/Project/AI-STRESS-DETECTOR/data/public/emodb/wav/13a05Ea.wav,high,2,speaker_13,train,de,emodb_a05,studio,controlled,Das schwarze Blatt Papier befindet sich da oben neben dem Holzstueck.,emodb_emotion=disgust; variation=a
13a05Lc,C:/Project/AI-STRESS-DETECTOR/data/public/emodb/wav/13a05Lc.wav,low,0,speaker_13,train,de,emodb_a05,studio,controlled,Das schwarze Blatt Papier befindet sich da oben neben dem Holzstueck.,emodb_emotion=boredom; variation=c
13a05Nb,C:/Project/AI-STRESS-DETECTOR/data/public/emodb/wav/13a05Nb.wav,low,0,speaker_13,train,de,emodb_a05,studio,controlled,Das schwarze Blatt Papier befindet sich da oben neben dem Holzstueck.,emodb_emotion=neutral; variation=b
13a05Tc,C:/Project/AI-STRESS-DETECTOR/data/public/emodb/wav/13a05Tc.wav,moderate,1,speaker_13,train,de,emodb_a05,studio,controlled,Das schwarze Blatt Papier befindet sich da oben neben dem Holzstueck.,emodb_emotion=sadness; variation=c
13a05Wa,C:/Project/AI-STRESS-DETECTOR/data/public/emodb/wav/13a05Wa.wav,severe,3,speaker_13,train,de,emodb_a05,studio,controlled,Das schwarze Blatt Papier befindet sich da oben neben dem Holzstueck.,emodb_emotion=anger; variation=a
13a05Wc,C:/Project/AI-STRESS-DETECTOR/data/public/emodb/wav/13a05Wc.wav,severe,3,speaker_13,train,de,emodb_a05,studio,controlled,Das schwarze Blatt Papier befindet sich da oben neben dem Holzstueck.,emodb_emotion=anger; variation=c
13a07Fd,C:/Project/AI-STRESS-DETECTOR/data/public/emodb/wav/13a07Fd.wav,moderate,1,speaker_13,train,de,emodb_a07,studio,controlled,In sieben Stunden wird es soweit sein.,emodb_emotion=happiness; variation=d
13a07Lb,C:/Project/AI-STRESS-DETECTOR/data/public/emodb/wav/13a07Lb.wav,low,0,speaker_13,train,de,emodb_a07,studio,controlled,In sieben Stunden wird es soweit sein.,emodb_emotion=boredom; variation=b
13a07Na,C:/Project/AI-STRESS-DETECTOR/data/public/emodb/wav/13a07Na.wav,low,0,speaker_13,train,de,emodb_a07,studio,controlled,In sieben Stunden wird es soweit sein.,emodb_emotion=neutral; variation=a
13a07Tc,C:/Project/AI-STRESS-DETECTOR/data/public/emodb/wav/13a07Tc.wav,moderate,1,speaker_13,train,de,emodb_a07,studio,controlled,In sieben Stunden wird es soweit sein.,emodb_emotion=sadness; variation=c
13a07Wb,C:/Project/AI-STRESS-DETECTOR/data/public/emodb/wav/13a07Wb.wav,severe,3,speaker_13,train,de,emodb_a07,studio,controlled,In sieben Stunden wird es soweit sein.,emodb_emotion=anger; variation=b
13b01Ab,C:/Project/AI-STRESS-DETECTOR/data/public/emodb/wav/13b01Ab.wav,high,2,speaker_13,train,de,emodb_b01,studio,controlled,"Was sind denn das fuer Tueten, die da unter dem Tisch stehen.",emodb_emotion=fear; variation=b
13b01Ec,C:/Project/AI-STRESS-DETECTOR/data/public/emodb/wav/13b01Ec.wav,high,2,speaker_13,train,de,emodb_b01,studio,controlled,"Was sind denn das fuer Tueten, die da unter dem Tisch stehen.",emodb_emotion=disgust; variation=c
13b01Fc,C:/Project/AI-STRESS-DETECTOR/data/public/emodb/wav/13b01Fc.wav,moderate,1,speaker_13,train,de,emodb_b01,studio,controlled,"Was sind denn das fuer Tueten, die da unter dem Tisch stehen.",emodb_emotion=happiness; variation=c
13b01Ld,C:/Project/AI-STRESS-DETECTOR/data/public/emodb/wav/13b01Ld.wav,low,0,speaker_13,train,de,emodb_b01,studio,controlled,"Was sind denn das fuer Tueten, die da unter dem Tisch stehen.",emodb_emotion=boredom; variation=d
13b01Nc,C:/Project/AI-STRESS-DETECTOR/data/public/emodb/wav/13b01Nc.wav,low,0,speaker_13,train,de,emodb_b01,studio,controlled,"Was sind denn das fuer Tueten, die da unter dem Tisch stehen.",emodb_emotion=neutral; variation=c
13b01Wa,C:/Project/AI-STRESS-DETECTOR/data/public/emodb/wav/13b01Wa.wav,severe,3,speaker_13,train,de,emodb_b01,studio,controlled,"Was sind denn das fuer Tueten, die da unter dem Tisch stehen.",emodb_emotion=anger; variation=a
13b02Fb,C:/Project/AI-STRESS-DETECTOR/data/public/emodb/wav/13b02Fb.wav,moderate,1,speaker_13,train,de,emodb_b02,studio,controlled,Sie haben es gerade hochgetragen und jetzt gehen sie wieder runter.,emodb_emotion=happiness; variation=b
13b02Lc,C:/Project/AI-STRESS-DETECTOR/data/public/emodb/wav/13b02Lc.wav,low,0,speaker_13,train,de,emodb_b02,studio,controlled,Sie haben es gerade hochgetragen und jetzt gehen sie wieder runter.,emodb_emotion=boredom; variation=c
13b02Nb,C:/Project/AI-STRESS-DETECTOR/data/public/emodb/wav/13b02Nb.wav,low,0,speaker_13,train,de,emodb_b02,studio,controlled,Sie haben es gerade hochgetragen und jetzt gehen sie wieder runter.,emodb_emotion=neutral; variation=b
13b02Wa,C:/Project/AI-STRESS-DETECTOR/data/public/emodb/wav/13b02Wa.wav,severe,3,speaker_13,train,de,emodb_b02,studio,controlled,Sie haben es gerade hochgetragen und jetzt gehen sie wieder runter.,emodb_emotion=anger; variation=a
13b03Ac,C:/Project/AI-STRESS-DETECTOR/data/public/emodb/wav/13b03Ac.wav,high,2,speaker_13,train,de,emodb_b03,studio,controlled,An den Wochenenden bin ich jetzt immer nach Hause gefahren und habe Agnes besucht.,emodb_emotion=fear; variation=c
13b03Ed,C:/Project/AI-STRESS-DETECTOR/data/public/emodb/wav/13b03Ed.wav,high,2,speaker_13,train,de,emodb_b03,studio,controlled,An den Wochenenden bin ich jetzt immer nach Hause gefahren und habe Agnes besucht.,emodb_emotion=disgust; variation=d
13b03Fd,C:/Project/AI-STRESS-DETECTOR/data/public/emodb/wav/13b03Fd.wav,moderate,1,speaker_13,train,de,emodb_b03,studio,controlled,An den Wochenenden bin ich jetzt immer nach Hause gefahren und habe Agnes besucht.,emodb_emotion=happiness; variation=d
13b03Lb,C:/Project/AI-STRESS-DETECTOR/data/public/emodb/wav/13b03Lb.wav,low,0,speaker_13,train,de,emodb_b03,studio,controlled,An den Wochenenden bin ich jetzt immer nach Hause gefahren und habe Agnes besucht.,emodb_emotion=boredom; variation=b
13b03Na,C:/Project/AI-STRESS-DETECTOR/data/public/emodb/wav/13b03Na.wav,low,0,speaker_13,train,de,emodb_b03,studio,controlled,An den Wochenenden bin ich jetzt immer nach Hause gefahren und habe Agnes besucht.,emodb_emotion=neutral; variation=a
13b03Td,C:/Project/AI-STRESS-DETECTOR/data/public/emodb/wav/13b03Td.wav,moderate,1,speaker_13,train,de,emodb_b03,studio,controlled,An den Wochenenden bin ich jetzt immer nach Hause gefahren und habe Agnes besucht.,emodb_emotion=sadness; variation=d
13b03Wc,C:/Project/AI-STRESS-DETECTOR/data/public/emodb/wav/13b03Wc.wav,severe,3,speaker_13,train,de,emodb_b03,studio,controlled,An den Wochenenden bin ich jetzt immer nach Hause gefahren und habe Agnes besucht.,emodb_emotion=anger; variation=c
13b09Ab,C:/Project/AI-STRESS-DETECTOR/data/public/emodb/wav/13b09Ab.wav,high,2,speaker_13,train,de,emodb_b09,studio,controlled,Ich will das eben wegbringen und dann mit Karl was trinken gehen.,emodb_emotion=fear; variation=b
13b09Ec,C:/Project/AI-STRESS-DETECTOR/data/public/emodb/wav/13b09Ec.wav,high,2,speaker_13,train,de,emodb_b09,studio,controlled,Ich will das eben wegbringen und dann mit Karl was trinken gehen.,emodb_emotion=disgust; variation=c
13b09Fb,C:/Project/AI-STRESS-DETECTOR/data/public/emodb/wav/13b09Fb.wav,moderate,1,speaker_13,train,de,emodb_b09,studio,controlled,Ich will das eben wegbringen und dann mit Karl was trinken gehen.,emodb_emotion=happiness; variation=b
13b09Fc,C:/Project/AI-STRESS-DETECTOR/data/public/emodb/wav/13b09Fc.wav,moderate,1,speaker_13,train,de,emodb_b09,studio,controlled,Ich will das eben wegbringen und dann mit Karl was trinken gehen.,emodb_emotion=happiness; variation=c
13b09La,C:/Project/AI-STRESS-DETECTOR/data/public/emodb/wav/13b09La.wav,low,0,speaker_13,train,de,emodb_b09,studio,controlled,Ich will das eben wegbringen und dann mit Karl was trinken gehen.,emodb_emotion=boredom; variation=a
13b09Na,C:/Project/AI-STRESS-DETECTOR/data/public/emodb/wav/13b09Na.wav,low,0,speaker_13,train,de,emodb_b09,studio,controlled,Ich will das eben wegbringen und dann mit Karl was trinken gehen.,emodb_emotion=neutral; variation=a
13b09Wa,C:/Project/AI-STRESS-DETECTOR/data/public/emodb/wav/13b09Wa.wav,severe,3,speaker_13,train,de,emodb_b09,studio,controlled,Ich will das eben wegbringen und dann mit Karl was trinken gehen.,emodb_emotion=anger; variation=a
13b10Ec,C:/Project/AI-STRESS-DETECTOR/data/public/emodb/wav/13b10Ec.wav,high,2,speaker_13,train,de,emodb_b10,studio,controlled,"Die wird auf dem Platz sein, wo wir sie immer hinlegen.",emodb_emotion=disgust; variation=c
13b10Fa,C:/Project/AI-STRESS-DETECTOR/data/public/emodb/wav/13b10Fa.wav,moderate,1,speaker_13,train,de,emodb_b10,studio,controlled,"Die wird auf dem Platz sein, wo wir sie immer hinlegen.",emodb_emotion=happiness; variation=a
13b10La,C:/Project/AI-STRESS-DETECTOR/data/public/emodb/wav/13b10La.wav,low,0,speaker_13,train,de,emodb_b10,studio,controlled,"Die wird auf dem Platz sein, wo wir sie immer hinlegen.",emodb_emotion=boredom; variation=a
13b10Nc,C:/Project/AI-STRESS-DETECTOR/data/public/emodb/wav/13b10Nc.wav,low,0,speaker_13,train,de,emodb_b10,studio,controlled,"Die wird auf dem Platz sein, wo wir sie immer hinlegen.",emodb_emotion=neutral; variation=c
13b10Wa,C:/Project/AI-STRESS-DETECTOR/data/public/emodb/wav/13b10Wa.wav,severe,3,speaker_13,train,de,emodb_b10,studio,controlled,"Die wird auf dem Platz sein, wo wir sie immer hinlegen.",emodb_emotion=anger; variation=a
13b10Wc,C:/Project/AI-STRESS-DETECTOR/data/public/emodb/wav/13b10Wc.wav,severe,3,speaker_13,train,de,emodb_b10,studio,controlled,"Die wird auf dem Platz sein, wo wir sie immer hinlegen.",emodb_emotion=anger; variation=c
14a01Aa,C:/Project/AI-STRESS-DETECTOR/data/public/emodb/wav/14a01Aa.wav,high,2,speaker_14,train,de,emodb_a01,studio,controlled,Der Lappen liegt auf dem Eisschrank.,emodb_emotion=fear; variation=a
14a01Ac,C:/Project/AI-STRESS-DETECTOR/data/public/emodb/wav/14a01Ac.wav,high,2,speaker_14,train,de,emodb_a01,studio,controlled,Der Lappen liegt auf dem Eisschrank.,emodb_emotion=fear; variation=c
14a01Ea,C:/Project/AI-STRESS-DETECTOR/data/public/emodb/wav/14a01Ea.wav,high,2,speaker_14,train,de,emodb_a01,studio,controlled,Der Lappen liegt auf dem Eisschrank.,emodb_emotion=disgust; variation=a
14a01Na,C:/Project/AI-STRESS-DETECTOR/data/public/emodb/wav/14a01Na.wav,low,0,speaker_14,train,de,emodb_a01,studio,controlled,Der Lappen liegt auf dem Eisschrank.,emodb_emotion=neutral; variation=a
14a01Wa,C:/Project/AI-STRESS-DETECTOR/data/public/emodb/wav/14a01Wa.wav,severe,3,speaker_14,train,de,emodb_a01,studio,controlled,Der Lappen liegt auf dem Eisschrank.,emodb_emotion=anger; variation=a
14a01Wc,C:/Project/AI-STRESS-DETECTOR/data/public/emodb/wav/14a01Wc.wav,severe,3,speaker_14,train,de,emodb_a01,studio,controlled,Der Lappen liegt auf dem Eisschrank.,emodb_emotion=anger; variation=c
14a02Ab,C:/Project/AI-STRESS-DETECTOR/data/public/emodb/wav/14a02Ab.wav,high,2,speaker_14,train,de,emodb_a02,studio,controlled,Das will sie am Mittwoch abgeben.,emodb_emotion=fear; variation=b
14a02Ea,C:/Project/AI-STRESS-DETECTOR/data/public/emodb/wav/14a02Ea.wav,high,2,speaker_14,train,de,emodb_a02,studio,controlled,Das will sie am Mittwoch abgeben.,emodb_emotion=disgust; variation=a
14a02Fd,C:/Project/AI-STRESS-DETECTOR/data/public/emodb/wav/14a02Fd.wav,moderate,1,speaker_14,train,de,emodb_a02,studio,controlled,Das will sie am Mittwoch abgeben.,emodb_emotion=happiness; variation=d
14a02La,C:/Project/AI-STRESS-DETECTOR/data/public/emodb/wav/14a02La.wav,low,0,speaker_14,train,de,emodb_a02,studio,controlled,Das will sie am Mittwoch abgeben.,emodb_emotion=boredom; variation=a
14a02Nc,C:/Project/AI-STRESS-DETECTOR/data/public/emodb/wav/14a02Nc.wav,low,0,speaker_14,train,de,emodb_a02,studio,controlled,Das will sie am Mittwoch abgeben.,emodb_emotion=neutral; variation=c
14a02Tb,C:/Project/AI-STRESS-DETECTOR/data/public/emodb/wav/14a02Tb.wav,moderate,1,speaker_14,train,de,emodb_a02,studio,controlled,Das will sie am Mittwoch abgeben.,emodb_emotion=sadness; variation=b
14a02Wa,C:/Project/AI-STRESS-DETECTOR/data/public/emodb/wav/14a02Wa.wav,severe,3,speaker_14,train,de,emodb_a02,studio,controlled,Das will sie am Mittwoch abgeben.,emodb_emotion=anger; variation=a
14a02Wc,C:/Project/AI-STRESS-DETECTOR/data/public/emodb/wav/14a02Wc.wav,severe,3,speaker_14,train,de,emodb_a02,studio,controlled,Das will sie am Mittwoch abgeben.,emodb_emotion=anger; variation=c
14a04Aa,C:/Project/AI-STRESS-DETECTOR/data/public/emodb/wav/14a04Aa.wav,high,2,speaker_14,train,de,emodb_a04,studio,controlled,Heute abend koennte ich es ihm sagen.,emodb_emotion=fear; variation=a
14a04Ed,C:/Project/AI-STRESS-DETECTOR/data/public/emodb/wav/14a04Ed.wav,high,2,speaker_14,train,de,emodb_a04,studio,controlled,Heute abend koennte ich es ihm sagen.,emodb_emotion=disgust; variation=d
14a04Lb,C:/Project/AI-STRESS-DETECTOR/data/public/emodb/wav/14a04Lb.wav,low,0,speaker_14,train,de,emodb_a04,studio,controlled,Heute abend koennte ich es ihm sagen.,emodb_emotion=boredom; variation=b
14a04Tb,C:/Project/AI-STRESS-DETECTOR/data/public/emodb/wav/14a04Tb.wav,moderate,1,speaker_14,train,de,emodb_a04,studio,controlled,Heute abend koennte ich es ihm sagen.,emodb_emotion=sadness; variation=b
14a04Tc,C:/Project/AI-STRESS-DETECTOR/data/public/emodb/wav/14a04Tc.wav,moderate,1,speaker_14,train,de,emodb_a04,studio,controlled,Heute abend koennte ich es ihm sagen.,emodb_emotion=sadness; variation=c
14a04Wb,C:/Project/AI-STRESS-DETECTOR/data/public/emodb/wav/14a04Wb.wav,severe,3,speaker_14,train,de,emodb_a04,studio,controlled,Heute abend koennte ich es ihm sagen.,emodb_emotion=anger; variation=b
14a04Wc,C:/Project/AI-STRESS-DETECTOR/data/public/emodb/wav/14a04Wc.wav,severe,3,speaker_14,train,de,emodb_a04,studio,controlled,Heute abend koennte ich es ihm sagen.,emodb_emotion=anger; variation=c
14a05Aa,C:/Project/AI-STRESS-DETECTOR/data/public/emodb/wav/14a05Aa.wav,high,2,speaker_14,train,de,emodb_a05,studio,controlled,Das schwarze Blatt Papier befindet sich da oben neben dem Holzstueck.,emodb_emotion=fear; variation=a
14a05Ac,C:/Project/AI-STRESS-DETECTOR/data/public/emodb/wav/14a05Ac.wav,high,2,speaker_14,train,de,emodb_a05,studio,controlled,Das schwarze Blatt Papier befindet sich da oben neben dem Holzstueck.,emodb_emotion=fear; variation=c
14a05Fa,C:/Project/AI-STRESS-DETECTOR/data/public/emodb/wav/14a05Fa.wav,moderate,1,speaker_14,train,de,emodb_a05,studio,controlled,Das schwarze Blatt Papier befindet sich da oben neben dem Holzstueck.,emodb_emotion=happiness; variation=a
14a05Fb,C:/Project/AI-STRESS-DETECTOR/data/public/emodb/wav/14a05Fb.wav,moderate,1,speaker_14,train,de,emodb_a05,studio,controlled,Das schwarze Blatt Papier befindet sich da oben neben dem Holzstueck.,emodb_emotion=happiness; variation=b
14a05Lb,C:/Project/AI-STRESS-DETECTOR/data/public/emodb/wav/14a05Lb.wav,low,0,speaker_14,train,de,emodb_a05,studio,controlled,Das schwarze Blatt Papier befindet sich da oben neben dem Holzstueck.,emodb_emotion=boredom; variation=b
14a05Na,C:/Project/AI-STRESS-DETECTOR/data/public/emodb/wav/14a05Na.wav,low,0,speaker_14,train,de,emodb_a05,studio,controlled,Das schwarze Blatt Papier befindet sich da oben neben dem Holzstueck.,emodb_emotion=neutral; variation=a
14a05Ta,C:/Project/AI-STRESS-DETECTOR/data/public/emodb/wav/14a05Ta.wav,moderate,1,speaker_14,train,de,emodb_a05,studio,controlled,Das schwarze Blatt Papier befindet sich da oben neben dem Holzstueck.,emodb_emotion=sadness; variation=a
14a05Tc,C:/Project/AI-STRESS-DETECTOR/data/public/emodb/wav/14a05Tc.wav,moderate,1,speaker_14,train,de,emodb_a05,studio,controlled,Das schwarze Blatt Papier befindet sich da oben neben dem Holzstueck.,emodb_emotion=sadness; variation=c
14a05Wa,C:/Project/AI-STRESS-DETECTOR/data/public/emodb/wav/14a05Wa.wav,severe,3,speaker_14,train,de,emodb_a05,studio,controlled,Das schwarze Blatt Papier befindet sich da oben neben dem Holzstueck.,emodb_emotion=anger; variation=a
14a05Wb,C:/Project/AI-STRESS-DETECTOR/data/public/emodb/wav/14a05Wb.wav,severe,3,speaker_14,train,de,emodb_a05,studio,controlled,Das schwarze Blatt Papier befindet sich da oben neben dem Holzstueck.,emodb_emotion=anger; variation=b
14a07Aa,C:/Project/AI-STRESS-DETECTOR/data/public/emodb/wav/14a07Aa.wav,high,2,speaker_14,train,de,emodb_a07,studio,controlled,In sieben Stunden wird es soweit sein.,emodb_emotion=fear; variation=a
14a07Eb,C:/Project/AI-STRESS-DETECTOR/data/public/emodb/wav/14a07Eb.wav,high,2,speaker_14,train,de,emodb_a07,studio,controlled,In sieben Stunden wird es soweit sein.,emodb_emotion=disgust; variation=b
14a07Fd,C:/Project/AI-STRESS-DETECTOR/data/public/emodb/wav/14a07Fd.wav,moderate,1,speaker_14,train,de,emodb_a07,studio,controlled,In sieben Stunden wird es soweit sein.,emodb_emotion=happiness; variation=d
14a07Lc,C:/Project/AI-STRESS-DETECTOR/data/public/emodb/wav/14a07Lc.wav,low,0,speaker_14,train,de,emodb_a07,studio,controlled,In sieben Stunden wird es soweit sein.,emodb_emotion=boredom; variation=c
14a07Ld,C:/Project/AI-STRESS-DETECTOR/data/public/emodb/wav/14a07Ld.wav,low,0,speaker_14,train,de,emodb_a07,studio,controlled,In sieben Stunden wird es soweit sein.,emodb_emotion=boredom; variation=d
14a07Na,C:/Project/AI-STRESS-DETECTOR/data/public/emodb/wav/14a07Na.wav,low,0,speaker_14,train,de,emodb_a07,studio,controlled,In sieben Stunden wird es soweit sein.,emodb_emotion=neutral; variation=a
14a07Tc,C:/Project/AI-STRESS-DETECTOR/data/public/emodb/wav/14a07Tc.wav,moderate,1,speaker_14,train,de,emodb_a07,studio,controlled,In sieben Stunden wird es soweit sein.,emodb_emotion=sadness; variation=c
14a07Wc,C:/Project/AI-STRESS-DETECTOR/data/public/emodb/wav/14a07Wc.wav,severe,3,speaker_14,train,de,emodb_a07,studio,controlled,In sieben Stunden wird es soweit sein.,emodb_emotion=anger; variation=c
14b01Ac,C:/Project/AI-STRESS-DETECTOR/data/public/emodb/wav/14b01Ac.wav,high,2,speaker_14,train,de,emodb_b01,studio,controlled,"Was sind denn das fuer Tueten, die da unter dem Tisch stehen.",emodb_emotion=fear; variation=c
14b01Eb,C:/Project/AI-STRESS-DETECTOR/data/public/emodb/wav/14b01Eb.wav,high,2,speaker_14,train,de,emodb_b01,studio,controlled,"Was sind denn das fuer Tueten, die da unter dem Tisch stehen.",emodb_emotion=disgust; variation=b
14b01Fa,C:/Project/AI-STRESS-DETECTOR/data/public/emodb/wav/14b01Fa.wav,moderate,1,speaker_14,train,de,emodb_b01,studio,controlled,"Was sind denn das fuer Tueten, die da unter dem Tisch stehen.",emodb_emotion=happiness; variation=a
14b01Fc,C:/Project/AI-STRESS-DETECTOR/data/public/emodb/wav/14b01Fc.wav,moderate,1,speaker_14,train,de,emodb_b01,studio,controlled,"Was sind denn das fuer Tueten, die da unter dem Tisch stehen.",emodb_emotion=happiness; variation=c
14b01Na,C:/Project/AI-STRESS-DETECTOR/data/public/emodb/wav/14b01Na.wav,low,0,speaker_14,train,de,emodb_b01,studio,controlled,"Was sind denn das fuer Tueten, die da unter dem Tisch stehen.",emodb_emotion=neutral; variation=a
14b01Wc,C:/Project/AI-STRESS-DETECTOR/data/public/emodb/wav/14b01Wc.wav,severe,3,speaker_14,train,de,emodb_b01,studio,controlled,"Was sind denn das fuer Tueten, die da unter dem Tisch stehen.",emodb_emotion=anger; variation=c
14b02Aa,C:/Project/AI-STRESS-DETECTOR/data/public/emodb/wav/14b02Aa.wav,high,2,speaker_14,train,de,emodb_b02,studio,controlled,Sie haben es gerade hochgetragen und jetzt gehen sie wieder runter.,emodb_emotion=fear; variation=a
14b02Fb,C:/Project/AI-STRESS-DETECTOR/data/public/emodb/wav/14b02Fb.wav,moderate,1,speaker_14,train,de,emodb_b02,studio,controlled,Sie haben es gerade hochgetragen und jetzt gehen sie wieder runter.,emodb_emotion=happiness; variation=b
14b02Na,C:/Project/AI-STRESS-DETECTOR/data/public/emodb/wav/14b02Na.wav,low,0,speaker_14,train,de,emodb_b02,studio,controlled,Sie haben es gerade hochgetragen und jetzt gehen sie wieder runter.,emodb_emotion=neutral; variation=a
14b02Tc,C:/Project/AI-STRESS-DETECTOR/data/public/emodb/wav/14b02Tc.wav,moderate,1,speaker_14,train,de,emodb_b02,studio,controlled,Sie haben es gerade hochgetragen und jetzt gehen sie wieder runter.,emodb_emotion=sadness; variation=c
14b02Wb,C:/Project/AI-STRESS-DETECTOR/data/public/emodb/wav/14b02Wb.wav,severe,3,speaker_14,train,de,emodb_b02,studio,controlled,Sie haben es gerade hochgetragen und jetzt gehen sie wieder runter.,emodb_emotion=anger; variation=b
14b02Wd,C:/Project/AI-STRESS-DETECTOR/data/public/emodb/wav/14b02Wd.wav,severe,3,speaker_14,train,de,emodb_b02,studio,controlled,Sie haben es gerade hochgetragen und jetzt gehen sie wieder runter.,emodb_emotion=anger; variation=d
14b03Ad,C:/Project/AI-STRESS-DETECTOR/data/public/emodb/wav/14b03Ad.wav,high,2,speaker_14,train,de,emodb_b03,studio,controlled,An den Wochenenden bin ich jetzt immer nach Hause gefahren und habe Agnes besucht.,emodb_emotion=fear; variation=d
14b03Ed,C:/Project/AI-STRESS-DETECTOR/data/public/emodb/wav/14b03Ed.wav,high,2,speaker_14,train,de,emodb_b03,studio,controlled,An den Wochenenden bin ich jetzt immer nach Hause gefahren und habe Agnes besucht.,emodb_emotion=disgust; variation=d
14b03Lb,C:/Project/AI-STRESS-DETECTOR/data/public/emodb/wav/14b03Lb.wav,low,0,speaker_14,train,de,emodb_b03,studio,controlled,An den Wochenenden bin ich jetzt immer nach Hause gefahren und habe Agnes besucht.,emodb_emotion=boredom; variation=b
14b03Ta,C:/Project/AI-STRESS-DETECTOR/data/public/emodb/wav/14b03Ta.wav,moderate,1,speaker_14,train,de,emodb_b03,studio,controlled,An den Wochenenden bin ich jetzt immer nach Hause gefahren und habe Agnes besucht.,emodb_emotion=sadness; variation=a
14b03Wb,C:/Project/AI-STRESS-DETECTOR/data/public/emodb/wav/14b03Wb.wav,severe,3,speaker_14,train,de,emodb_b03,studio,controlled,An den Wochenenden bin ich jetzt immer nach Hause gefahren und habe Agnes besucht.,emodb_emotion=anger; variation=b
14b09Ac,C:/Project/AI-STRESS-DETECTOR/data/public/emodb/wav/14b09Ac.wav,high,2,speaker_14,train,de,emodb_b09,studio,controlled,Ich will das eben wegbringen und dann mit Karl was trinken gehen.,emodb_emotion=fear; variation=c
14b09Ea,C:/Project/AI-STRESS-DETECTOR/data/public/emodb/wav/14b09Ea.wav,high,2,speaker_14,train,de,emodb_b09,studio,controlled,Ich will das eben wegbringen und dann mit Karl was trinken gehen.,emodb_emotion=disgust; variation=a
14b09Fc,C:/Project/AI-STRESS-DETECTOR/data/public/emodb/wav/14b09Fc.wav,moderate,1,speaker_14,train,de,emodb_b09,studio,controlled,Ich will das eben wegbringen und dann mit Karl was trinken gehen.,emodb_emotion=happiness; variation=c
14b09Lb,C:/Project/AI-STRESS-DETECTOR/data/public/emodb/wav/14b09Lb.wav,low,0,speaker_14,train,de,emodb_b09,studio,controlled,Ich will das eben wegbringen und dann mit Karl was trinken gehen.,emodb_emotion=boredom; variation=b
14b09Td,C:/Project/AI-STRESS-DETECTOR/data/public/emodb/wav/14b09Td.wav,moderate,1,speaker_14,train,de,emodb_b09,studio,controlled,Ich will das eben wegbringen und dann mit Karl was trinken gehen.,emodb_emotion=sadness; variation=d
14b09Wa,C:/Project/AI-STRESS-DETECTOR/data/public/emodb/wav/14b09Wa.wav,severe,3,speaker_14,train,de,emodb_b09,studio,controlled,Ich will das eben wegbringen und dann mit Karl was trinken gehen.,emodb_emotion=anger; variation=a
14b09Wc,C:/Project/AI-STRESS-DETECTOR/data/public/emodb/wav/14b09Wc.wav,severe,3,speaker_14,train,de,emodb_b09,studio,controlled,Ich will das eben wegbringen und dann mit Karl was trinken gehen.,emodb_emotion=anger; variation=c
14b10Ad,C:/Project/AI-STRESS-DETECTOR/data/public/emodb/wav/14b10Ad.wav,high,2,speaker_14,train,de,emodb_b10,studio,controlled,"Die wird auf dem Platz sein, wo wir sie immer hinlegen.",emodb_emotion=fear; variation=d
14b10Eb,C:/Project/AI-STRESS-DETECTOR/data/public/emodb/wav/14b10Eb.wav,high,2,speaker_14,train,de,emodb_b10,studio,controlled,"Die wird auf dem Platz sein, wo wir sie immer hinlegen.",emodb_emotion=disgust; variation=b
14b10Lb,C:/Project/AI-STRESS-DETECTOR/data/public/emodb/wav/14b10Lb.wav,low,0,speaker_14,train,de,emodb_b10,studio,controlled,"Die wird auf dem Platz sein, wo wir sie immer hinlegen.",emodb_emotion=boredom; variation=b
14b10Nb,C:/Project/AI-STRESS-DETECTOR/data/public/emodb/wav/14b10Nb.wav,low,0,speaker_14,train,de,emodb_b10,studio,controlled,"Die wird auf dem Platz sein, wo wir sie immer hinlegen.",emodb_emotion=neutral; variation=b
14b10Tc,C:/Project/AI-STRESS-DETECTOR/data/public/emodb/wav/14b10Tc.wav,moderate,1,speaker_14,train,de,emodb_b10,studio,controlled,"Die wird auf dem Platz sein, wo wir sie immer hinlegen.",emodb_emotion=sadness; variation=c
14b10Wc,C:/Project/AI-STRESS-DETECTOR/data/public/emodb/wav/14b10Wc.wav,severe,3,speaker_14,train,de,emodb_b10,studio,controlled,"Die wird auf dem Platz sein, wo wir sie immer hinlegen.",emodb_emotion=anger; variation=c
15a01Ea,C:/Project/AI-STRESS-DETECTOR/data/public/emodb/wav/15a01Ea.wav,high,2,speaker_15,test,de,emodb_a01,studio,controlled,Der Lappen liegt auf dem Eisschrank.,emodb_emotion=disgust; variation=a
15a01Fb,C:/Project/AI-STRESS-DETECTOR/data/public/emodb/wav/15a01Fb.wav,moderate,1,speaker_15,test,de,emodb_a01,studio,controlled,Der Lappen liegt auf dem Eisschrank.,emodb_emotion=happiness; variation=b
15a01La,C:/Project/AI-STRESS-DETECTOR/data/public/emodb/wav/15a01La.wav,low,0,speaker_15,test,de,emodb_a01,studio,controlled,Der Lappen liegt auf dem Eisschrank.,emodb_emotion=boredom; variation=a
15a01Nb,C:/Project/AI-STRESS-DETECTOR/data/public/emodb/wav/15a01Nb.wav,low,0,speaker_15,test,de,emodb_a01,studio,controlled,Der Lappen liegt auf dem Eisschrank.,emodb_emotion=neutral; variation=b
15a01Wa,C:/Project/AI-STRESS-DETECTOR/data/public/emodb/wav/15a01Wa.wav,severe,3,speaker_15,test,de,emodb_a01,studio,controlled,Der Lappen liegt auf dem Eisschrank.,emodb_emotion=anger; variation=a
15a02Ac,C:/Project/AI-STRESS-DETECTOR/data/public/emodb/wav/15a02Ac.wav,high,2,speaker_15,test,de,emodb_a02,studio,controlled,Das will sie am Mittwoch abgeben.,emodb_emotion=fear; variation=c
15a02Ea,C:/Project/AI-STRESS-DETECTOR/data/public/emodb/wav/15a02Ea.wav,high,2,speaker_15,test,de,emodb_a02,studio,controlled,Das will sie am Mittwoch abgeben.,emodb_emotion=disgust; variation=a
15a02La,C:/Project/AI-STRESS-DETECTOR/data/public/emodb/wav/15a02La.wav,low,0,speaker_15,test,de,emodb_a02,studio,controlled,Das will sie am Mittwoch abgeben.,emodb_emotion=boredom; variation=a
15a02Na,C:/Project/AI-STRESS-DETECTOR/data/public/emodb/wav/15a02Na.wav,low,0,speaker_15,test,de,emodb_a02,studio,controlled,Das will sie am Mittwoch abgeben.,emodb_emotion=neutral; variation=a
15a02Ta,C:/Project/AI-STRESS-DETECTOR/data/public/emodb/wav/15a02Ta.wav,moderate,1,speaker_15,test,de,emodb_a02,studio,controlled,Das will sie am Mittwoch abgeben.,emodb_emotion=sadness; variation=a
15a02Wb,C:/Project/AI-STRESS-DETECTOR/data/public/emodb/wav/15a02Wb.wav,severe,3,speaker_15,test,de,emodb_a02,studio,controlled,Das will sie am Mittwoch abgeben.,emodb_emotion=anger; variation=b
15a02Wd,C:/Project/AI-STRESS-DETECTOR/data/public/emodb/wav/15a02Wd.wav,severe,3,speaker_15,test,de,emodb_a02,studio,controlled,Das will sie am Mittwoch abgeben.,emodb_emotion=anger; variation=d
15a04Ab,C:/Project/AI-STRESS-DETECTOR/data/public/emodb/wav/15a04Ab.wav,high,2,speaker_15,test,de,emodb_a04,studio,controlled,Heute abend koennte ich es ihm sagen.,emodb_emotion=fear; variation=b
15a04Ac,C:/Project/AI-STRESS-DETECTOR/data/public/emodb/wav/15a04Ac.wav,high,2,speaker_15,test,de,emodb_a04,studio,controlled,Heute abend koennte ich es ihm sagen.,emodb_emotion=fear; variation=c
15a04Fd,C:/Project/AI-STRESS-DETECTOR/data/public/emodb/wav/15a04Fd.wav,moderate,1,speaker_15,test,de,emodb_a04,studio,controlled,Heute abend koennte ich es ihm sagen.,emodb_emotion=happiness; variation=d
15a04Nc,C:/Project/AI-STRESS-DETECTOR/data/public/emodb/wav/15a04Nc.wav,low,0,speaker_15,test,de,emodb_a04,studio,controlled,Heute abend koennte ich es ihm sagen.,emodb_emotion=neutral; variation=c
15a04Wa,C:/Project/AI-STRESS-DETECTOR/data/public/emodb/wav/15a04Wa.wav,severe,3,speaker_15,test,de,emodb_a04,studio,controlled,Heute abend koennte ich es ihm sagen.,emodb_emotion=anger; variation=a
15a04Wb,C:/Project/AI-STRESS-DETECTOR/data/public/emodb/wav/15a04Wb.wav,severe,3,speaker_15,test,de,emodb_a04,studio,controlled,Heute abend koennte ich es ihm sagen.,emodb_emotion=anger; variation=b
15a05Eb,C:/Project/AI-STRESS-DETECTOR/data/public/emodb/wav/15a05Eb.wav,high,2,speaker_15,test,de,emodb_a05,studio,controlled,Das schwarze Blatt Papier befindet sich da oben neben dem Holzstueck.,emodb_emotion=disgust; variation=b
15a05Fb,C:/Project/AI-STRESS-DETECTOR/data/public/emodb/wav/15a05Fb.wav,moderate,1,speaker_15,test,de,emodb_a05,studio,controlled,Das schwarze Blatt Papier befindet sich da oben neben dem Holzstueck.,emodb_emotion=happiness; variation=b
15a05Lb,C:/Project/AI-STRESS-DETECTOR/data/public/emodb/wav/15a05Lb.wav,low,0,speaker_15,test,de,emodb_a05,studio,controlled,Das schwarze Blatt Papier befindet sich da oben neben dem Holzstueck.,emodb_emotion=boredom; variation=b
15a05Na,C:/Project/AI-STRESS-DETECTOR/data/public/emodb/wav/15a05Na.wav,low,0,speaker_15,test,de,emodb_a05,studio,controlled,Das schwarze Blatt Papier befindet sich da oben neben dem Holzstueck.,emodb_emotion=neutral; variation=a
15a05Wa,C:/Project/AI-STRESS-DETECTOR/data/public/emodb/wav/15a05Wa.wav,severe,3,speaker_15,test,de,emodb_a05,studio,controlled,Das schwarze Blatt Papier befindet sich da oben neben dem Holzstueck.,emodb_emotion=anger; variation=a
15a07Ac,C:/Project/AI-STRESS-DETECTOR/data/public/emodb/wav/15a07Ac.wav,high,2,speaker_15,test,de,emodb_a07,studio,controlled,In sieben Stunden wird es soweit sein.,emodb_emotion=fear; variation=c
15a07Eb,C:/Project/AI-STRESS-DETECTOR/data/public/emodb/wav/15a07Eb.wav,high,2,speaker_15,test,de,emodb_a07,studio,controlled,In sieben Stunden wird es soweit sein.,emodb_emotion=disgust; variation=b
15a07Fa,C:/Project/AI-STRESS-DETECTOR/data/public/emodb/wav/15a07Fa.wav,moderate,1,speaker_15,test,de,emodb_a07,studio,controlled,In sieben Stunden wird es soweit sein.,emodb_emotion=happiness; variation=a
15a07Fb,C:/Project/AI-STRESS-DETECTOR/data/public/emodb/wav/15a07Fb.wav,moderate,1,speaker_15,test,de,emodb_a07,studio,controlled,In sieben Stunden wird es soweit sein.,emodb_emotion=happiness; variation=b
15a07Ld,C:/Project/AI-STRESS-DETECTOR/data/public/emodb/wav/15a07Ld.wav,low,0,speaker_15,test,de,emodb_a07,studio,controlled,In sieben Stunden wird es soweit sein.,emodb_emotion=boredom; variation=d
15a07Nc,C:/Project/AI-STRESS-DETECTOR/data/public/emodb/wav/15a07Nc.wav,low,0,speaker_15,test,de,emodb_a07,studio,controlled,In sieben Stunden wird es soweit sein.,emodb_emotion=neutral; variation=c
15b01Ec,C:/Project/AI-STRESS-DETECTOR/data/public/emodb/wav/15b01Ec.wav,high,2,speaker_15,test,de,emodb_b01,studio,controlled,"Was sind denn das fuer Tueten, die da unter dem Tisch stehen.",emodb_emotion=disgust; variation=c
15b01Lb,C:/Project/AI-STRESS-DETECTOR/data/public/emodb/wav/15b01Lb.wav,low,0,speaker_15,test,de,emodb_b01,studio,controlled,"Was sind denn das fuer Tueten, die da unter dem Tisch stehen.",emodb_emotion=boredom; variation=b
15b01Na,C:/Project/AI-STRESS-DETECTOR/data/public/emodb/wav/15b01Na.wav,low,0,speaker_15,test,de,emodb_b01,studio,controlled,"Was sind denn das fuer Tueten, die da unter dem Tisch stehen.",emodb_emotion=neutral; variation=a
15b01Wc,C:/Project/AI-STRESS-DETECTOR/data/public/emodb/wav/15b01Wc.wav,severe,3,speaker_15,test,de,emodb_b01,studio,controlled,"Was sind denn das fuer Tueten, die da unter dem Tisch stehen.",emodb_emotion=anger; variation=c
15b02Aa,C:/Project/AI-STRESS-DETECTOR/data/public/emodb/wav/15b02Aa.wav,high,2,speaker_15,test,de,emodb_b02,studio,controlled,Sie haben es gerade hochgetragen und jetzt gehen sie wieder runter.,emodb_emotion=fear; variation=a
15b02Lb,C:/Project/AI-STRESS-DETECTOR/data/public/emodb/wav/15b02Lb.wav,low,0,speaker_15,test,de,emodb_b02,studio,controlled,Sie haben es gerade hochgetragen und jetzt gehen sie wieder runter.,emodb_emotion=boredom; variation=b
15b02Nd,C:/Project/AI-STRESS-DETECTOR/data/public/emodb/wav/15b02Nd.wav,low,0,speaker_15,test,de,emodb_b02,studio,controlled,Sie haben es gerade hochgetragen und jetzt gehen sie wieder runter.,emodb_emotion=neutral; variation=d
15b02Tc,C:/Project/AI-STRESS-DETECTOR/data/public/emodb/wav/15b02Tc.wav,moderate,1,speaker_15,test,de,emodb_b02,studio,controlled,Sie haben es gerade hochgetragen und jetzt gehen sie wieder runter.,emodb_emotion=sadness; variation=c
15b02Wa,C:/Project/AI-STRESS-DETECTOR/data/public/emodb/wav/15b02Wa.wav,severe,3,speaker_15,test,de,emodb_b02,studio,controlled,Sie haben es gerade hochgetragen und jetzt gehen sie wieder runter.,emodb_emotion=anger; variation=a
15b02Wc,C:/Project/AI-STRESS-DETECTOR/data/public/emodb/wav/15b02Wc.wav,severe,3,speaker_15,test,de,emodb_b02,studio,controlled,Sie haben es gerade hochgetragen und jetzt gehen sie wieder runter.,emodb_emotion=anger; variation=c
15b03Aa,C:/Project/AI-STRESS-DETECTOR/data/public/emodb/wav/15b03Aa.wav,high,2,speaker_15,test,de,emodb_b03,studio,controlled,An den Wochenenden bin ich jetzt immer nach Hause gefahren und habe Agnes besucht.,emodb_emotion=fear; variation=a
15b03Lc,C:/Project/AI-STRESS-DETECTOR/data/public/emodb/wav/15b03Lc.wav,low,0,speaker_15,test,de,emodb_b03,studio,controlled,An den Wochenenden bin ich jetzt immer nach Hause gefahren und habe Agnes besucht.,emodb_emotion=boredom; variation=c
15b03Nb,C:/Project/AI-STRESS-DETECTOR/data/public/emodb/wav/15b03Nb.wav,low,0,speaker_15,test,de,emodb_b03,studio,controlled,An den Wochenenden bin ich jetzt immer nach Hause gefahren und habe Agnes besucht.,emodb_emotion=neutral; variation=b
15b03Tc,C:/Project/AI-STRESS-DETECTOR/data/public/emodb/wav/15b03Tc.wav,moderate,1,speaker_15,test,de,emodb_b03,studio,controlled,An den Wochenenden bin ich jetzt immer nach Hause gefahren und habe Agnes besucht.,emodb_emotion=sadness; variation=c
15b03Wa,C:/Project/AI-STRESS-DETECTOR/data/public/emodb/wav/15b03Wa.wav,severe,3,speaker_15,test,de,emodb_b03,studio,controlled,An den Wochenenden bin ich jetzt immer nach Hause gefahren und habe Agnes besucht.,emodb_emotion=anger; variation=a
15b03Wb,C:/Project/AI-STRESS-DETECTOR/data/public/emodb/wav/15b03Wb.wav,severe,3,speaker_15,test,de,emodb_b03,studio,controlled,An den Wochenenden bin ich jetzt immer nach Hause gefahren und habe Agnes besucht.,emodb_emotion=anger; variation=b
15b09Ac,C:/Project/AI-STRESS-DETECTOR/data/public/emodb/wav/15b09Ac.wav,high,2,speaker_15,test,de,emodb_b09,studio,controlled,Ich will das eben wegbringen und dann mit Karl was trinken gehen.,emodb_emotion=fear; variation=c
15b09Fa,C:/Project/AI-STRESS-DETECTOR/data/public/emodb/wav/15b09Fa.wav,moderate,1,speaker_15,test,de,emodb_b09,studio,controlled,Ich will das eben wegbringen und dann mit Karl was trinken gehen.,emodb_emotion=happiness; variation=a
15b09La,C:/Project/AI-STRESS-DETECTOR/data/public/emodb/wav/15b09La.wav,low,0,speaker_15,test,de,emodb_b09,studio,controlled,Ich will das eben wegbringen und dann mit Karl was trinken gehen.,emodb_emotion=boredom; variation=a
15b09Nb,C:/Project/AI-STRESS-DETECTOR/data/public/emodb/wav/15b09Nb.wav,low,0,speaker_15,test,de,emodb_b09,studio,controlled,Ich will das eben wegbringen und dann mit Karl was trinken gehen.,emodb_emotion=neutral; variation=b
15b09Ta,C:/Project/AI-STRESS-DETECTOR/data/public/emodb/wav/15b09Ta.wav,moderate,1,speaker_15,test,de,emodb_b09,studio,controlled,Ich will das eben wegbringen und dann mit Karl was trinken gehen.,emodb_emotion=sadness; variation=a
15b09Wb,C:/Project/AI-STRESS-DETECTOR/data/public/emodb/wav/15b09Wb.wav,severe,3,speaker_15,test,de,emodb_b09,studio,controlled,Ich will das eben wegbringen und dann mit Karl was trinken gehen.,emodb_emotion=anger; variation=b
15b10Ac,C:/Project/AI-STRESS-DETECTOR/data/public/emodb/wav/15b10Ac.wav,high,2,speaker_15,test,de,emodb_b10,studio,controlled,"Die wird auf dem Platz sein, wo wir sie immer hinlegen.",emodb_emotion=fear; variation=c
15b10Lc,C:/Project/AI-STRESS-DETECTOR/data/public/emodb/wav/15b10Lc.wav,low,0,speaker_15,test,de,emodb_b10,studio,controlled,"Die wird auf dem Platz sein, wo wir sie immer hinlegen.",emodb_emotion=boredom; variation=c
15b10Nb,C:/Project/AI-STRESS-DETECTOR/data/public/emodb/wav/15b10Nb.wav,low,0,speaker_15,test,de,emodb_b10,studio,controlled,"Die wird auf dem Platz sein, wo wir sie immer hinlegen.",emodb_emotion=neutral; variation=b
15b10Nc,C:/Project/AI-STRESS-DETECTOR/data/public/emodb/wav/15b10Nc.wav,low,0,speaker_15,test,de,emodb_b10,studio,controlled,"Die wird auf dem Platz sein, wo wir sie immer hinlegen.",emodb_emotion=neutral; variation=c
15b10Wa,C:/Project/AI-STRESS-DETECTOR/data/public/emodb/wav/15b10Wa.wav,severe,3,speaker_15,test,de,emodb_b10,studio,controlled,"Die wird auf dem Platz sein, wo wir sie immer hinlegen.",emodb_emotion=anger; variation=a
16a01Ec,C:/Project/AI-STRESS-DETECTOR/data/public/emodb/wav/16a01Ec.wav,high,2,speaker_16,test,de,emodb_a01,studio,controlled,Der Lappen liegt auf dem Eisschrank.,emodb_emotion=disgust; variation=c
16a01Fc,C:/Project/AI-STRESS-DETECTOR/data/public/emodb/wav/16a01Fc.wav,moderate,1,speaker_16,test,de,emodb_a01,studio,controlled,Der Lappen liegt auf dem Eisschrank.,emodb_emotion=happiness; variation=c
16a01Lb,C:/Project/AI-STRESS-DETECTOR/data/public/emodb/wav/16a01Lb.wav,low,0,speaker_16,test,de,emodb_a01,studio,controlled,Der Lappen liegt auf dem Eisschrank.,emodb_emotion=boredom; variation=b
16a01Nc,C:/Project/AI-STRESS-DETECTOR/data/public/emodb/wav/16a01Nc.wav,low,0,speaker_16,test,de,emodb_a01,studio,controlled,Der Lappen liegt auf dem Eisschrank.,emodb_emotion=neutral; variation=c
16a01Tb,C:/Project/AI-STRESS-DETECTOR/data/public/emodb/wav/16a01Tb.wav,moderate,1,speaker_16,test,de,emodb_a01,studio,controlled,Der Lappen liegt auf dem Eisschrank.,emodb_emotion=sadness; variation=b
16a01Wb,C:/Project/AI-STRESS-DETECTOR/data/public/emodb/wav/16a01Wb.wav,severe,3,speaker_16,test,de,emodb_a01,studio,controlled,Der Lappen liegt auf dem Eisschrank.,emodb_emotion=anger; variation=b
16a02Ea,C:/Project/AI-STRESS-DETECTOR/data/public/emodb/wav/16a02Ea.wav,high,2,speaker_16,test,de,emodb_a02,studio,controlled,Das will sie am Mittwoch abgeben.,emodb_emotion=disgust; variation=a
16a02Ec,C:/Project/AI-STRESS-DETECTOR/data/public/emodb/wav/16a02Ec.wav,high,2,speaker_16,test,de,emodb_a02,studio,controlled,Das will sie am Mittwoch abgeben.,emodb_emotion=disgust; variation=c
16a02Lb,C:/Project/AI-STRESS-DETECTOR/data/public/emodb/wav/16a02Lb.wav,low,0,speaker_16,test,de,emodb_a02,studio,controlled,Das will sie am Mittwoch abgeben.,emodb_emotion=boredom; variation=b
16a02Nb,C:/Project/AI-STRESS-DETECTOR/data/public/emodb/wav/16a02Nb.wav,low,0,speaker_16,test,de,emodb_a02,studio,controlled,Das will sie am Mittwoch abgeben.,emodb_emotion=neutral; variation=b
16a02Tc,C:/Project/AI-STRESS-DETECTOR/data/public/emodb/wav/16a02Tc.wav,moderate,1,speaker_16,test,de,emodb_a02,studio,controlled,Das will sie am Mittwoch abgeben.,emodb_emotion=sadness; variation=c
16a02Wb,C:/Project/AI-STRESS-DETECTOR/data/public/emodb/wav/16a02Wb.wav,severe,3,speaker_16,test,de,emodb_a02,studio,controlled,Das will sie am Mittwoch abgeben.,emodb_emotion=anger; variation=b
16a04Ab,C:/Project/AI-STRESS-DETECTOR/data/public/emodb/wav/16a04Ab.wav,high,2,speaker_16,test,de,emodb_a04,studio,controlled,Heute abend koennte ich es ihm sagen.,emodb_emotion=fear; variation=b
16a04Ea,C:/Project/AI-STRESS-DETECTOR/data/public/emodb/wav/16a04Ea.wav,high,2,speaker_16,test,de,emodb_a04,studio,controlled,Heute abend koennte ich es ihm sagen.,emodb_emotion=disgust; variation=a
16a04Fa,C:/Project/AI-STRESS-DETECTOR/data/public/emodb/wav/16a04Fa.wav,moderate,1,speaker_16,test,de,emodb_a04,studio,controlled,Heute abend koennte ich es ihm sagen.,emodb_emotion=happiness; variation=a
16a04La,C:/Project/AI-STRESS-DETECTOR/data/public/emodb/wav/16a04La.wav,low,0,speaker_16,test,de,emodb_a04,studio,controlled,Heute abend koennte ich es ihm sagen.,emodb_emotion=boredom; variation=a
16a04Lc,C:/Project/AI-STRESS-DETECTOR/data/public/emodb/wav/16a04Lc.wav,low,0,speaker_16,test,de,emodb_a04,studio,controlled,Heute abend koennte ich es ihm sagen.,emodb_emotion=boredom; variation=c
16a04Nc,C:/Project/AI-STRESS-DETECTOR/data/public/emodb/wav/16a04Nc.wav,low,0,speaker_16,test,de,emodb_a04,studio,controlled,Heute abend koennte ich es ihm sagen.,emodb_emotion=neutral; variation=c
16a04Tc,C:/Project/AI-STRESS-DETECTOR/data/public/emodb/wav/16a04Tc.wav,moderate,1,speaker_16,test,de,emodb_a04,studio,controlled,Heute abend koennte ich es ihm sagen.,emodb_emotion=sadness; variation=c
16a04Wb,C:/Project/AI-STRESS-DETECTOR/data/public/emodb/wav/16a04Wb.wav,severe,3,speaker_16,test,de,emodb_a04,studio,controlled,Heute abend koennte ich es ihm sagen.,emodb_emotion=anger; variation=b
16a04Wc,C:/Project/AI-STRESS-DETECTOR/data/public/emodb/wav/16a04Wc.wav,severe,3,speaker_16,test,de,emodb_a04,studio,controlled,Heute abend koennte ich es ihm sagen.,emodb_emotion=anger; variation=c
16a05Ab,C:/Project/AI-STRESS-DETECTOR/data/public/emodb/wav/16a05Ab.wav,high,2,speaker_16,test,de,emodb_a05,studio,controlled,Das schwarze Blatt Papier befindet sich da oben neben dem Holzstueck.,emodb_emotion=fear; variation=b
16a05Ea,C:/Project/AI-STRESS-DETECTOR/data/public/emodb/wav/16a05Ea.wav,high,2,speaker_16,test,de,emodb_a05,studio,controlled,Das schwarze Blatt Papier befindet sich da oben neben dem Holzstueck.,emodb_emotion=disgust; variation=a
16a05Fc,C:/Project/AI-STRESS-DETECTOR/data/public/emodb/wav/16a05Fc.wav,moderate,1,speaker_16,test,de,emodb_a05,studio,controlled,Das schwarze Blatt Papier befindet sich da oben neben dem Holzstueck.,emodb_emotion=happiness; variation=c
16a05La,C:/Project/AI-STRESS-DETECTOR/data/public/emodb/wav/16a05La.wav,low,0,speaker_16,test,de,emodb_a05,studio,controlled,Das schwarze Blatt Papier befindet sich da oben neben dem Holzstueck.,emodb_emotion=boredom; variation=a
16a05Tb,C:/Project/AI-STRESS-DETECTOR/data/public/emodb/wav/16a05Tb.wav,moderate,1,speaker_16,test,de,emodb_a05,studio,controlled,Das schwarze Blatt Papier befindet sich da oben neben dem Holzstueck.,emodb_emotion=sadness; variation=b
16a05Wb,C:/Project/AI-STRESS-DETECTOR/data/public/emodb/wav/16a05Wb.wav,severe,3,speaker_16,test,de,emodb_a05,studio,controlled,Das schwarze Blatt Papier befindet sich da oben neben dem Holzstueck.,emodb_emotion=anger; variation=b
16a05Wc,C:/Project/AI-STRESS-DETECTOR/data/public/emodb/wav/16a05Wc.wav,severe,3,speaker_16,test,de,emodb_a05,studio,controlled,Das schwarze Blatt Papier befindet sich da oben neben dem Holzstueck.,emodb_emotion=anger; variation=c
16a07Ea,C:/Project/AI-STRESS-DETECTOR/data/public/emodb/wav/16a07Ea.wav,high,2,speaker_16,test,de,emodb_a07,studio,controlled,In sieben Stunden wird es soweit sein.,emodb_emotion=disgust; variation=a
16a07Fa,C:/Project/AI-STRESS-DETECTOR/data/public/emodb/wav/16a07Fa.wav,moderate,1,speaker_16,test,de,emodb_a07,studio,controlled,In sieben Stunden wird es soweit sein.,emodb_emotion=happiness; variation=a
16a07Fb,C:/Project/AI-STRESS-DETECTOR/data/public/emodb/wav/16a07Fb.wav,moderate,1,speaker_16,test,de,emodb_a07,studio,controlled,In sieben Stunden wird es soweit sein.,emodb_emotion=happiness; variation=b
16a07La,C:/Project/AI-STRESS-DETECTOR/data/public/emodb/wav/16a07La.wav,low,0,speaker_16,test,de,emodb_a07,studio,controlled,In sieben Stunden wird es soweit sein.,emodb_emotion=boredom; variation=a
16a07Lb,C:/Project/AI-STRESS-DETECTOR/data/public/emodb/wav/16a07Lb.wav,low,0,speaker_16,test,de,emodb_a07,studio,controlled,In sieben Stunden wird es soweit sein.,emodb_emotion=boredom; variation=b
16a07Nb,C:/Project/AI-STRESS-DETECTOR/data/public/emodb/wav/16a07Nb.wav,low,0,speaker_16,test,de,emodb_a07,studio,controlled,In sieben Stunden wird es soweit sein.,emodb_emotion=neutral; variation=b
16a07Td,C:/Project/AI-STRESS-DETECTOR/data/public/emodb/wav/16a07Td.wav,moderate,1,speaker_16,test,de,emodb_a07,studio,controlled,In sieben Stunden wird es soweit sein.,emodb_emotion=sadness; variation=d
16a07Wa,C:/Project/AI-STRESS-DETECTOR/data/public/emodb/wav/16a07Wa.wav,severe,3,speaker_16,test,de,emodb_a07,studio,controlled,In sieben Stunden wird es soweit sein.,emodb_emotion=anger; variation=a
16b01Aa,C:/Project/AI-STRESS-DETECTOR/data/public/emodb/wav/16b01Aa.wav,high,2,speaker_16,test,de,emodb_b01,studio,controlled,"Was sind denn das fuer Tueten, die da unter dem Tisch stehen.",emodb_emotion=fear; variation=a
16b01Eb,C:/Project/AI-STRESS-DETECTOR/data/public/emodb/wav/16b01Eb.wav,high,2,speaker_16,test,de,emodb_b01,studio,controlled,"Was sind denn das fuer Tueten, die da unter dem Tisch stehen.",emodb_emotion=disgust; variation=b
16b01Fa,C:/Project/AI-STRESS-DETECTOR/data/public/emodb/wav/16b01Fa.wav,moderate,1,speaker_16,test,de,emodb_b01,studio,controlled,"Was sind denn das fuer Tueten, die da unter dem Tisch stehen.",emodb_emotion=happiness; variation=a
16b01La,C:/Project/AI-STRESS-DETECTOR/data/public/emodb/wav/16b01La.wav,low,0,speaker_16,test,de,emodb_b01,studio,controlled,"Was sind denn das fuer Tueten, die da unter dem Tisch stehen.",emodb_emotion=boredom; variation=a
16b01Lc,C:/Project/AI-STRESS-DETECTOR/data/public/emodb/wav/16b01Lc.wav,low,0,speaker_16,test,de,emodb_b01,studio,controlled,"Was sind denn das fuer Tueten, die da unter dem Tisch stehen.",emodb_emotion=boredom; variation=c
16b01Tb,C:/Project/AI-STRESS-DETECTOR/data/public/emodb/wav/16b01Tb.wav,moderate,1,speaker_16,test,de,emodb_b01,studio,controlled,"Was sind denn das fuer Tueten, die da unter dem Tisch stehen.",emodb_emotion=sadness; variation=b
16b01Wa,C:/Project/AI-STRESS-DETECTOR/data/public/emodb/wav/16b01Wa.wav,severe,3,speaker_16,test,de,emodb_b01,studio,controlled,"Was sind denn das fuer Tueten, die da unter dem Tisch stehen.",emodb_emotion=anger; variation=a
16b01Wb,C:/Project/AI-STRESS-DETECTOR/data/public/emodb/wav/16b01Wb.wav,severe,3,speaker_16,test,de,emodb_b01,studio,controlled,"Was sind denn das fuer Tueten, die da unter dem Tisch stehen.",emodb_emotion=anger; variation=b
16b02Aa,C:/Project/AI-STRESS-DETECTOR/data/public/emodb/wav/16b02Aa.wav,high,2,speaker_16,test,de,emodb_b02,studio,controlled,Sie haben es gerade hochgetragen und jetzt gehen sie wieder runter.,emodb_emotion=fear; variation=a
16b02Eb,C:/Project/AI-STRESS-DETECTOR/data/public/emodb/wav/16b02Eb.wav,high,2,speaker_16,test,de,emodb_b02,studio,controlled,Sie haben es gerade hochgetragen und jetzt gehen sie wieder runter.,emodb_emotion=disgust; variation=b
16b02Fd,C:/Project/AI-STRESS-DETECTOR/data/public/emodb/wav/16b02Fd.wav,moderate,1,speaker_16,test,de,emodb_b02,studio,controlled,Sie haben es gerade hochgetragen und jetzt gehen sie wieder runter.,emodb_emotion=happiness; variation=d
16b02Lb,C:/Project/AI-STRESS-DETECTOR/data/public/emodb/wav/16b02Lb.wav,low,0,speaker_16,test,de,emodb_b02,studio,controlled,Sie haben es gerade hochgetragen und jetzt gehen sie wieder runter.,emodb_emotion=boredom; variation=b
16b02Wb,C:/Project/AI-STRESS-DETECTOR/data/public/emodb/wav/16b02Wb.wav,severe,3,speaker_16,test,de,emodb_b02,studio,controlled,Sie haben es gerade hochgetragen und jetzt gehen sie wieder runter.,emodb_emotion=anger; variation=b
16b03Ad,C:/Project/AI-STRESS-DETECTOR/data/public/emodb/wav/16b03Ad.wav,high,2,speaker_16,test,de,emodb_b03,studio,controlled,An den Wochenenden bin ich jetzt immer nach Hause gefahren und habe Agnes besucht.,emodb_emotion=fear; variation=d
16b03Ea,C:/Project/AI-STRESS-DETECTOR/data/public/emodb/wav/16b03Ea.wav,high,2,speaker_16,test,de,emodb_b03,studio,controlled,An den Wochenenden bin ich jetzt immer nach Hause gefahren und habe Agnes besucht.,emodb_emotion=disgust; variation=a
16b03Fa,C:/Project/AI-STRESS-DETECTOR/data/public/emodb/wav/16b03Fa.wav,moderate,1,speaker_16,test,de,emodb_b03,studio,controlled,An den Wochenenden bin ich jetzt immer nach Hause gefahren und habe Agnes besucht.,emodb_emotion=happiness; variation=a
16b03Fd,C:/Project/AI-STRESS-DETECTOR/data/public/emodb/wav/16b03Fd.wav,moderate,1,speaker_16,test,de,emodb_b03,studio,controlled,An den Wochenenden bin ich jetzt immer nach Hause gefahren und habe Agnes besucht.,emodb_emotion=happiness; variation=d
16b03La,C:/Project/AI-STRESS-DETECTOR/data/public/emodb/wav/16b03La.wav,low,0,speaker_16,test,de,emodb_b03,studio,controlled,An den Wochenenden bin ich jetzt immer nach Hause gefahren und habe Agnes besucht.,emodb_emotion=boredom; variation=a
16b03Nb,C:/Project/AI-STRESS-DETECTOR/data/public/emodb/wav/16b03Nb.wav,low,0,speaker_16,test,de,emodb_b03,studio,controlled,An den Wochenenden bin ich jetzt immer nach Hause gefahren und habe Agnes besucht.,emodb_emotion=neutral; variation=b
16b03Ta,C:/Project/AI-STRESS-DETECTOR/data/public/emodb/wav/16b03Ta.wav,moderate,1,speaker_16,test,de,emodb_b03,studio,controlled,An den Wochenenden bin ich jetzt immer nach Hause gefahren und habe Agnes besucht.,emodb_emotion=sadness; variation=a
16b03Wb,C:/Project/AI-STRESS-DETECTOR/data/public/emodb/wav/16b03Wb.wav,severe,3,speaker_16,test,de,emodb_b03,studio,controlled,An den Wochenenden bin ich jetzt immer nach Hause gefahren und habe Agnes besucht.,emodb_emotion=anger; variation=b
16b09Ab,C:/Project/AI-STRESS-DETECTOR/data/public/emodb/wav/16b09Ab.wav,high,2,speaker_16,test,de,emodb_b09,studio,controlled,Ich will das eben wegbringen und dann mit Karl was trinken gehen.,emodb_emotion=fear; variation=b
16b09Eb,C:/Project/AI-STRESS-DETECTOR/data/public/emodb/wav/16b09Eb.wav,high,2,speaker_16,test,de,emodb_b09,studio,controlled,Ich will das eben wegbringen und dann mit Karl was trinken gehen.,emodb_emotion=disgust; variation=b
16b09Fb,C:/Project/AI-STRESS-DETECTOR/data/public/emodb/wav/16b09Fb.wav,moderate,1,speaker_16,test,de,emodb_b09,studio,controlled,Ich will das eben wegbringen und dann mit Karl was trinken gehen.,emodb_emotion=happiness; variation=b
16b09La,C:/Project/AI-STRESS-DETECTOR/data/public/emodb/wav/16b09La.wav,low,0,speaker_16,test,de,emodb_b09,studio,controlled,Ich will das eben wegbringen und dann mit Karl was trinken gehen.,emodb_emotion=boredom; variation=a
16b09Lb,C:/Project/AI-STRESS-DETECTOR/data/public/emodb/wav/16b09Lb.wav,low,0,speaker_16,test,de,emodb_b09,studio,controlled,Ich will das eben wegbringen und dann mit Karl was trinken gehen.,emodb_emotion=boredom; variation=b
16b09Wb,C:/Project/AI-STRESS-DETECTOR/data/public/emodb/wav/16b09Wb.wav,severe,3,speaker_16,test,de,emodb_b09,studio,controlled,Ich will das eben wegbringen und dann mit Karl was trinken gehen.,emodb_emotion=anger; variation=b
16b10Aa,C:/Project/AI-STRESS-DETECTOR/data/public/emodb/wav/16b10Aa.wav,high,2,speaker_16,test,de,emodb_b10,studio,controlled,"Die wird auf dem Platz sein, wo wir sie immer hinlegen.",emodb_emotion=fear; variation=a
16b10Eb,C:/Project/AI-STRESS-DETECTOR/data/public/emodb/wav/16b10Eb.wav,high,2,speaker_16,test,de,emodb_b10,studio,controlled,"Die wird auf dem Platz sein, wo wir sie immer hinlegen.",emodb_emotion=disgust; variation=b
16b10Fb,C:/Project/AI-STRESS-DETECTOR/data/public/emodb/wav/16b10Fb.wav,moderate,1,speaker_16,test,de,emodb_b10,studio,controlled,"Die wird auf dem Platz sein, wo wir sie immer hinlegen.",emodb_emotion=happiness; variation=b
16b10Lb,C:/Project/AI-STRESS-DETECTOR/data/public/emodb/wav/16b10Lb.wav,low,0,speaker_16,test,de,emodb_b10,studio,controlled,"Die wird auf dem Platz sein, wo wir sie immer hinlegen.",emodb_emotion=boredom; variation=b
16b10Tb,C:/Project/AI-STRESS-DETECTOR/data/public/emodb/wav/16b10Tb.wav,moderate,1,speaker_16,test,de,emodb_b10,studio,controlled,"Die wird auf dem Platz sein, wo wir sie immer hinlegen.",emodb_emotion=sadness; variation=b
16b10Td,C:/Project/AI-STRESS-DETECTOR/data/public/emodb/wav/16b10Td.wav,moderate,1,speaker_16,test,de,emodb_b10,studio,controlled,"Die wird auf dem Platz sein, wo wir sie immer hinlegen.",emodb_emotion=sadness; variation=d
16b10Wa,C:/Project/AI-STRESS-DETECTOR/data/public/emodb/wav/16b10Wa.wav,severe,3,speaker_16,test,de,emodb_b10,studio,controlled,"Die wird auf dem Platz sein, wo wir sie immer hinlegen.",emodb_emotion=anger; variation=a
16b10Wb,C:/Project/AI-STRESS-DETECTOR/data/public/emodb/wav/16b10Wb.wav,severe,3,speaker_16,test,de,emodb_b10,studio,controlled,"Die wird auf dem Platz sein, wo wir sie immer hinlegen.",emodb_emotion=anger; variation=b
