sample_id,audio_path,stress_label,stress_level,speaker_id,split,language,assignment_id,recording_device,environment,transcript,notes
03-01-01-01-01-01-01,C:/Project/AI-STRESS-DETECTOR/data/public/ravdess_16k/Audio_Speech_Actors_01-24_16k/Actor_01/03-01-01-01-01-01-01.wav,low,0,actor_01,train,en,ravdess_statement_01,studio,controlled,Kids are talking by the door.,ravdess_emotion=neutral; intensity=normal; repetition=01
03-01-01-01-01-02-01,C:/Project/AI-STRESS-DETECTOR/data/public/ravdess_16k/Audio_Speech_Actors_01-24_16k/Actor_01/03-01-01-01-01-02-01.wav,low,0,actor_01,train,en,ravdess_statement_01,studio,controlled,Kids are talking by the door.,ravdess_emotion=neutral; intensity=normal; repetition=02
03-01-01-01-02-01-01,C:/Project/AI-STRESS-DETECTOR/data/public/ravdess_16k/Audio_Speech_Actors_01-24_16k/Actor_01/03-01-01-01-02-01-01.wav,low,0,actor_01,train,en,ravdess_statement_02,studio,controlled,Dogs are sitting by the door.,ravdess_emotion=neutral; intensity=normal; repetition=01
03-01-01-01-02-02-01,C:/Project/AI-STRESS-DETECTOR/data/public/ravdess_16k/Audio_Speech_Actors_01-24_16k/Actor_01/03-01-01-01-02-02-01.wav,low,0,actor_01,train,en,ravdess_statement_02,studio,controlled,Dogs are sitting by the door.,ravdess_emotion=neutral; intensity=normal; repetition=02
03-01-02-01-01-01-01,C:/Project/AI-STRESS-DETECTOR/data/public/ravdess_16k/Audio_Speech_Actors_01-24_16k/Actor_01/03-01-02-01-01-01-01.wav,low,0,actor_01,train,en,ravdess_statement_01,studio,controlled,Kids are talking by the door.,ravdess_emotion=calm; intensity=normal; repetition=01
03-01-02-01-01-02-01,C:/Project/AI-STRESS-DETECTOR/data/public/ravdess_16k/Audio_Speech_Actors_01-24_16k/Actor_01/03-01-02-01-01-02-01.wav,low,0,actor_01,train,en,ravdess_statement_01,studio,controlled,Kids are talking by the door.,ravdess_emotion=calm; intensity=normal; repetition=02
03-01-02-01-02-01-01,C:/Project/AI-STRESS-DETECTOR/data/public/ravdess_16k/Audio_Speech_Actors_01-24_16k/Actor_01/03-01-02-01-02-01-01.wav,low,0,actor_01,train,en,ravdess_statement_02,studio,controlled,Dogs are sitting by the door.,ravdess_emotion=calm; intensity=normal; repetition=01
03-01-02-01-02-02-01,C:/Project/AI-STRESS-DETECTOR/data/public/ravdess_16k/Audio_Speech_Actors_01-24_16k/Actor_01/03-01-02-01-02-02-01.wav,low,0,actor_01,train,en,ravdess_statement_02,studio,controlled,Dogs are sitting by the door.,ravdess_emotion=calm; intensity=normal; repetition=02
03-01-02-02-01-01-01,C:/Project/AI-STRESS-DETECTOR/data/public/ravdess_16k/Audio_Speech_Actors_01-24_16k/Actor_01/03-01-02-02-01-01-01.wav,moderate,1,actor_01,train,en,ravdess_statement_01,studio,controlled,Kids are talking by the door.,ravdess_emotion=calm; intensity=strong; repetition=01
03-01-02-02-01-02-01,C:/Project/AI-STRESS-DETECTOR/data/public/ravdess_16k/Audio_Speech_Actors_01-24_16k/Actor_01/03-01-02-02-01-02-01.wav,moderate,1,actor_01,train,en,ravdess_statement_01,studio,controlled,Kids are talking by the door.,ravdess_emotion=calm; intensity=strong; repetition=02
03-01-02-02-02-01-01,C:/Project/AI-STRESS-DETECTOR/data/public/ravdess_16k/Audio_Speech_Actors_01-24_16k/Actor_01/03-01-02-02-02-01-01.wav,moderate,1,actor_01,train,en,ravdess_statement_02,studio,controlled,Dogs are sitting by the door.,ravdess_emotion=calm; intensity=strong; repetition=01
03-01-02-02-02-02-01,C:/Project/AI-STRESS-DETECTOR/data/public/ravdess_16k/Audio_Speech_Actors_01-24_16k/Actor_01/03-01-02-02-02-02-01.wav,moderate,1,actor_01,train,en,ravdess_statement_02,studio,controlled,Dogs are sitting by the door.,ravdess_emotion=calm; intensity=strong; repetition=02
03-01-03-01-01-01-01,C:/Project/AI-STRESS-DETECTOR/data/public/ravdess_16k/Audio_Speech_Actors_01-24_16k/Actor_01/03-01-03-01-01-01-01.wav,moderate,1,actor_01,train,en,ravdess_statement_01,studio,controlled,Kids are talking by the door.,ravdess_emotion=happy; intensity=normal; repetition=01
03-01-03-01-01-02-01,C:/Project/AI-STRESS-DETECTOR/data/public/ravdess_16k/Audio_Speech_Actors_01-24_16k/Actor_01/03-01-03-01-01-02-01.wav,moderate,1,actor_01,train,en,ravdess_statement_01,studio,controlled,Kids are talking by the door.,ravdess_emotion=happy; intensity=normal; repetition=02
03-01-03-01-02-01-01,C:/Project/AI-STRESS-DETECTOR/data/public/ravdess_16k/Audio_Speech_Actors_01-24_16k/Actor_01/03-01-03-01-02-01-01.wav,moderate,1,actor_01,train,en,ravdess_statement_02,studio,controlled,Dogs are sitting by the door.,ravdess_emotion=happy; intensity=normal; repetition=01
03-01-03-01-02-02-01,C:/Project/AI-STRESS-DETECTOR/data/public/ravdess_16k/Audio_Speech_Actors_01-24_16k/Actor_01/03-01-03-01-02-02-01.wav,moderate,1,actor_01,train,en,ravdess_statement_02,studio,controlled,Dogs are sitting by the door.,ravdess_emotion=happy; intensity=normal; repetition=02
03-01-03-02-01-01-01,C:/Project/AI-STRESS-DETECTOR/data/public/ravdess_16k/Audio_Speech_Actors_01-24_16k/Actor_01/03-01-03-02-01-01-01.wav,moderate,1,actor_01,train,en,ravdess_statement_01,studio,controlled,Kids are talking by the door.,ravdess_emotion=happy; intensity=strong; repetition=01
03-01-03-02-01-02-01,C:/Project/AI-STRESS-DETECTOR/data/public/ravdess_16k/Audio_Speech_Actors_01-24_16k/Actor_01/03-01-03-02-01-02-01.wav,moderate,1,actor_01,train,en,ravdess_statement_01,studio,controlled,Kids are talking by the door.,ravdess_emotion=happy; intensity=strong; repetition=02
03-01-03-02-02-01-01,C:/Project/AI-STRESS-DETECTOR/data/public/ravdess_16k/Audio_Speech_Actors_01-24_16k/Actor_01/03-01-03-02-02-01-01.wav,moderate,1,actor_01,train,en,ravdess_statement_02,studio,controlled,Dogs are sitting by the door.,ravdess_emotion=happy; intensity=strong; repetition=01
03-01-03-02-02-02-01,C:/Project/AI-STRESS-DETECTOR/data/public/ravdess_16k/Audio_Speech_Actors_01-24_16k/Actor_01/03-01-03-02-02-02-01.wav,moderate,1,actor_01,train,en,ravdess_statement_02,studio,controlled,Dogs are sitting by the door.,ravdess_emotion=happy; intensity=strong; repetition=02
03-01-04-01-01-01-01,C:/Project/AI-STRESS-DETECTOR/data/public/ravdess_16k/Audio_Speech_Actors_01-24_16k/Actor_01/03-01-04-01-01-01-01.wav,moderate,1,actor_01,train,en,ravdess_statement_01,studio,controlled,Kids are talking by the door.,ravdess_emotion=sad; intensity=normal; repetition=01
03-01-04-01-01-02-01,C:/Project/AI-STRESS-DETECTOR/data/public/ravdess_16k/Audio_Speech_Actors_01-24_16k/Actor_01/03-01-04-01-01-02-01.wav,moderate,1,actor_01,train,en,ravdess_statement_01,studio,controlled,Kids are talking by the door.,ravdess_emotion=sad; intensity=normal; repetition=02
03-01-04-01-02-01-01,C:/Project/AI-STRESS-DETECTOR/data/public/ravdess_16k/Audio_Speech_Actors_01-24_16k/Actor_01/03-01-04-01-02-01-01.wav,moderate,1,actor_01,train,en,ravdess_statement_02,studio,controlled,Dogs are sitting by the door.,ravdess_emotion=sad; intensity=normal; repetition=01
03-01-04-01-02-02-01,C:/Project/AI-STRESS-DETECTOR/data/public/ravdess_16k/Audio_Speech_Actors_01-24_16k/Actor_01/03-01-04-01-02-02-01.wav,moderate,1,actor_01,train,en,ravdess_statement_02,studio,controlled,Dogs are sitting by the door.,ravdess_emotion=sad; intensity=normal; repetition=02
03-01-04-02-01-01-01,C:/Project/AI-STRESS-DETECTOR/data/public/ravdess_16k/Audio_Speech_Actors_01-24_16k/Actor_01/03-01-04-02-01-01-01.wav,high,2,actor_01,train,en,ravdess_statement_01,studio,controlled,Kids are talking by the door.,ravdess_emotion=sad; intensity=strong; repetition=01
03-01-04-02-01-02-01,C:/Project/AI-STRESS-DETECTOR/data/public/ravdess_16k/Audio_Speech_Actors_01-24_16k/Actor_01/03-01-04-02-01-02-01.wav,high,2,actor_01,train,en,ravdess_statement_01,studio,controlled,Kids are talking by the door.,ravdess_emotion=sad; intensity=strong; repetition=02
03-01-04-02-02-01-01,C:/Project/AI-STRESS-DETECTOR/data/public/ravdess_16k/Audio_Speech_Actors_01-24_16k/Actor_01/03-01-04-02-02-01-01.wav,high,2,actor_01,train,en,ravdess_statement_02,studio,controlled,Dogs are sitting by the door.,ravdess_emotion=sad; intensity=strong; repetition=01
03-01-04-02-02-02-01,C:/Project/AI-STRESS-DETECTOR/data/public/ravdess_16k/Audio_Speech_Actors_01-24_16k/Actor_01/03-01-04-02-02-02-01.wav,high,2,actor_01,train,en,ravdess_statement_02,studio,controlled,Dogs are sitting by the door.,ravdess_emotion=sad; intensity=strong; repetition=02
03-01-05-01-01-01-01,C:/Project/AI-STRESS-DETECTOR/data/public/ravdess_16k/Audio_Speech_Actors_01-24_16k/Actor_01/03-01-05-01-01-01-01.wav,high,2,actor_01,train,en,ravdess_statement_01,studio,controlled,Kids are talking by the door.,ravdess_emotion=angry; intensity=normal; repetition=01
03-01-05-01-01-02-01,C:/Project/AI-STRESS-DETECTOR/data/public/ravdess_16k/Audio_Speech_Actors_01-24_16k/Actor_01/03-01-05-01-01-02-01.wav,high,2,actor_01,train,en,ravdess_statement_01,studio,controlled,Kids are talking by the door.,ravdess_emotion=angry; intensity=normal; repetition=02
03-01-05-01-02-01-01,C:/Project/AI-STRESS-DETECTOR/data/public/ravdess_16k/Audio_Speech_Actors_01-24_16k/Actor_01/03-01-05-01-02-01-01.wav,high,2,actor_01,train,en,ravdess_statement_02,studio,controlled,Dogs are sitting by the door.,ravdess_emotion=angry; intensity=normal; repetition=01
03-01-05-01-02-02-01,C:/Project/AI-STRESS-DETECTOR/data/public/ravdess_16k/Audio_Speech_Actors_01-24_16k/Actor_01/03-01-05-01-02-02-01.wav,high,2,actor_01,train,en,ravdess_statement_02,studio,controlled,Dogs are sitting by the door.,ravdess_emotion=angry; intensity=normal; repetition=02
03-01-05-02-01-01-01,C:/Project/AI-STRESS-DETECTOR/data/public/ravdess_16k/Audio_Speech_Actors_01-24_16k/Actor_01/03-01-05-02-01-01-01.wav,severe,3,actor_01,train,en,ravdess_statement_01,studio,controlled,Kids are talking by the door.,ravdess_emotion=angry; intensity=strong; repetition=01
03-01-05-02-01-02-01,C:/Project/AI-STRESS-DETECTOR/data/public/ravdess_16k/Audio_Speech_Actors_01-24_16k/Actor_01/03-01-05-02-01-02-01.wav,severe,3,actor_01,train,en,ravdess_statement_01,studio,controlled,Kids are talking by the door.,ravdess_emotion=angry; intensity=strong; repetition=02
03-01-05-02-02-01-01,C:/Project/AI-STRESS-DETECTOR/data/public/ravdess_16k/Audio_Speech_Actors_01-24_16k/Actor_01/03-01-05-02-02-01-01.wav,severe,3,actor_01,train,en,ravdess_statement_02,studio,controlled,Dogs are sitting by the door.,ravdess_emotion=angry; intensity=strong; repetition=01
03-01-05-02-02-02-01,C:/Project/AI-STRESS-DETECTOR/data/public/ravdess_16k/Audio_Speech_Actors_01-24_16k/Actor_01/03-01-05-02-02-02-01.wav,severe,3,actor_01,train,en,ravdess_statement_02,studio,controlled,Dogs are sitting by the door.,ravdess_emotion=angry; intensity=strong; repetition=02
03-01-06-01-01-01-01,C:/Project/AI-STRESS-DETECTOR/data/public/ravdess_16k/Audio_Speech_Actors_01-24_16k/Actor_01/03-01-06-01-01-01-01.wav,high,2,actor_01,train,en,ravdess_statement_01,studio,controlled,Kids are talking by the door.,ravdess_emotion=fearful; intensity=normal; repetition=01
03-01-06-01-01-02-01,C:/Project/AI-STRESS-DETECTOR/data/public/ravdess_16k/Audio_Speech_Actors_01-24_16k/Actor_01/03-01-06-01-01-02-01.wav,high,2,actor_01,train,en,ravdess_statement_01,studio,controlled,Kids are talking by the door.,ravdess_emotion=fearful; intensity=normal; repetition=02
03-01-06-01-02-01-01,C:/Project/AI-STRESS-DETECTOR/data/public/ravdess_16k/Audio_Speech_Actors_01-24_16k/Actor_01/03-01-06-01-02-01-01.wav,high,2,actor_01,train,en,ravdess_statement_02,studio,controlled,Dogs are sitting by the door.,ravdess_emotion=fearful; intensity=normal; repetition=01
03-01-06-01-02-02-01,C:/Project/AI-STRESS-DETECTOR/data/public/ravdess_16k/Audio_Speech_Actors_01-24_16k/Actor_01/03-01-06-01-02-02-01.wav,high,2,actor_01,train,en,ravdess_statement_02,studio,controlled,Dogs are sitting by the door.,ravdess_emotion=fearful; intensity=normal; repetition=02
03-01-06-02-01-01-01,C:/Project/AI-STRESS-DETECTOR/data/public/ravdess_16k/Audio_Speech_Actors_01-24_16k/Actor_01/03-01-06-02-01-01-01.wav,severe,3,actor_01,train,en,ravdess_statement_01,studio,controlled,Kids are talking by the door.,ravdess_emotion=fearful; intensity=strong; repetition=01
03-01-06-02-01-02-01,C:/Project/AI-STRESS-DETECTOR/data/public/ravdess_16k/Audio_Speech_Actors_01-24_16k/Actor_01/03-01-06-02-01-02-01.wav,severe,3,actor_01,train,en,ravdess_statement_01,studio,controlled,Kids are talking by the door.,ravdess_emotion=fearful; intensity=strong; repetition=02
03-01-06-02-02-01-01,C:/Project/AI-STRESS-DETECTOR/data/public/ravdess_16k/Audio_Speech_Actors_01-24_16k/Actor_01/03-01-06-02-02-01-01.wav,severe,3,actor_01,train,en,ravdess_statement_02,studio,controlled,Dogs are sitting by the door.,ravdess_emotion=fearful; intensity=strong; repetition=01
03-01-06-02-02-02-01,C:/Project/AI-STRESS-DETECTOR/data/public/ravdess_16k/Audio_Speech_Actors_01-24_16k/Actor_01/03-01-06-02-02-02-01.wav,severe,3,actor_01,train,en,ravdess_statement_02,studio,controlled,Dogs are sitting by the door.,ravdess_emotion=fearful; intensity=strong; repetition=02
03-01-07-01-01-01-01,C:/Project/AI-STRESS-DETECTOR/data/public/ravdess_16k/Audio_Speech_Actors_01-24_16k/Actor_01/03-01-07-01-01-01-01.wav,high,2,actor_01,train,en,ravdess_statement_01,studio,controlled,Kids are talking by the door.,ravdess_emotion=disgust; intensity=normal; repetition=01
03-01-07-01-01-02-01,C:/Project/AI-STRESS-DETECTOR/data/public/ravdess_16k/Audio_Speech_Actors_01-24_16k/Actor_01/03-01-07-01-01-02-01.wav,high,2,actor_01,train,en,ravdess_statement_01,studio,controlled,Kids are talking by the door.,ravdess_emotion=disgust; intensity=normal; repetition=02
03-01-07-01-02-01-01,C:/Project/AI-STRESS-DETECTOR/data/public/ravdess_16k/Audio_Speech_Actors_01-24_16k/Actor_01/03-01-07-01-02-01-01.wav,high,2,actor_01,train,en,ravdess_statement_02,studio,controlled,Dogs are sitting by the door.,ravdess_emotion=disgust; intensity=normal; repetition=01
03-01-07-01-02-02-01,C:/Project/AI-STRESS-DETECTOR/data/public/ravdess_16k/Audio_Speech_Actors_01-24_16k/Actor_01/03-01-07-01-02-02-01.wav,high,2,actor_01,train,en,ravdess_statement_02,studio,controlled,Dogs are sitting by the door.,ravdess_emotion=disgust; intensity=normal; repetition=02
03-01-07-02-01-01-01,C:/Project/AI-STRESS-DETECTOR/data/public/ravdess_16k/Audio_Speech_Actors_01-24_16k/Actor_01/03-01-07-02-01-01-01.wav,severe,3,actor_01,train,en,ravdess_statement_01,studio,controlled,Kids are talking by the door.,ravdess_emotion=disgust; intensity=strong; repetition=01
03-01-07-02-01-02-01,C:/Project/AI-STRESS-DETECTOR/data/public/ravdess_16k/Audio_Speech_Actors_01-24_16k/Actor_01/03-01-07-02-01-02-01.wav,severe,3,actor_01,train,en,ravdess_statement_01,studio,controlled,Kids are talking by the door.,ravdess_emotion=disgust; intensity=strong; repetition=02
03-01-07-02-02-01-01,C:/Project/AI-STRESS-DETECTOR/data/public/ravdess_16k/Audio_Speech_Actors_01-24_16k/Actor_01/03-01-07-02-02-01-01.wav,severe,3,actor_01,train,en,ravdess_statement_02,studio,controlled,Dogs are sitting by the door.,ravdess_emotion=disgust; intensity=strong; repetition=01
03-01-07-02-02-02-01,C:/Project/AI-STRESS-DETECTOR/data/public/ravdess_16k/Audio_Speech_Actors_01-24_16k/Actor_01/03-01-07-02-02-02-01.wav,severe,3,actor_01,train,en,ravdess_statement_02,studio,controlled,Dogs are sitting by the door.,ravdess_emotion=disgust; intensity=strong; repetition=02
03-01-08-01-01-01-01,C:/Project/AI-STRESS-DETECTOR/data/public/ravdess_16k/Audio_Speech_Actors_01-24_16k/Actor_01/03-01-08-01-01-01-01.wav,moderate,1,actor_01,train,en,ravdess_statement_01,studio,controlled,Kids are talking by the door.,ravdess_emotion=surprised; intensity=normal; repetition=01
03-01-08-01-01-02-01,C:/Project/AI-STRESS-DETECTOR/data/public/ravdess_16k/Audio_Speech_Actors_01-24_16k/Actor_01/03-01-08-01-01-02-01.wav,moderate,1,actor_01,train,en,ravdess_statement_01,studio,controlled,Kids are talking by the door.,ravdess_emotion=surprised; intensity=normal; repetition=02
03-01-08-01-02-01-01,C:/Project/AI-STRESS-DETECTOR/data/public/ravdess_16k/Audio_Speech_Actors_01-24_16k/Actor_01/03-01-08-01-02-01-01.wav,moderate,1,actor_01,train,en,ravdess_statement_02,studio,controlled,Dogs are sitting by the door.,ravdess_emotion=surprised; intensity=normal; repetition=01
03-01-08-01-02-02-01,C:/Project/AI-STRESS-DETECTOR/data/public/ravdess_16k/Audio_Speech_Actors_01-24_16k/Actor_01/03-01-08-01-02-02-01.wav,moderate,1,actor_01,train,en,ravdess_statement_02,studio,controlled,Dogs are sitting by the door.,ravdess_emotion=surprised; intensity=normal; repetition=02
03-01-08-02-01-01-01,C:/Project/AI-STRESS-DETECTOR/data/public/ravdess_16k/Audio_Speech_Actors_01-24_16k/Actor_01/03-01-08-02-01-01-01.wav,high,2,actor_01,train,en,ravdess_statement_01,studio,controlled,Kids are talking by the door.,ravdess_emotion=surprised; intensity=strong; repetition=01
03-01-08-02-01-02-01,C:/Project/AI-STRESS-DETECTOR/data/public/ravdess_16k/Audio_Speech_Actors_01-24_16k/Actor_01/03-01-08-02-01-02-01.wav,high,2,actor_01,train,en,ravdess_statement_01,studio,controlled,Kids are talking by the door.,ravdess_emotion=surprised; intensity=strong; repetition=02
03-01-08-02-02-01-01,C:/Project/AI-STRESS-DETECTOR/data/public/ravdess_16k/Audio_Speech_Actors_01-24_16k/Actor_01/03-01-08-02-02-01-01.wav,high,2,actor_01,train,en,ravdess_statement_02,studio,controlled,Dogs are sitting by the door.,ravdess_emotion=surprised; intensity=strong; repetition=01
03-01-08-02-02-02-01,C:/Project/AI-STRESS-DETECTOR/data/public/ravdess_16k/Audio_Speech_Actors_01-24_16k/Actor_01/03-01-08-02-02-02-01.wav,high,2,actor_01,train,en,ravdess_statement_02,studio,controlled,Dogs are sitting by the door.,ravdess_emotion=surprised; intensity=strong; repetition=02
03-01-01-01-01-01-02,C:/Project/AI-STRESS-DETECTOR/data/public/ravdess_16k/Audio_Speech_Actors_01-24_16k/Actor_02/03-01-01-01-01-01-02.wav,low,0,actor_02,train,en,ravdess_statement_01,studio,controlled,Kids are talking by the door.,ravdess_emotion=neutral; intensity=normal; repetition=01
03-01-01-01-01-02-02,C:/Project/AI-STRESS-DETECTOR/data/public/ravdess_16k/Audio_Speech_Actors_01-24_16k/Actor_02/03-01-01-01-01-02-02.wav,low,0,actor_02,train,en,ravdess_statement_01,studio,controlled,Kids are talking by the door.,ravdess_emotion=neutral; intensity=normal; repetition=02
03-01-01-01-02-01-02,C:/Project/AI-STRESS-DETECTOR/data/public/ravdess_16k/Audio_Speech_Actors_01-24_16k/Actor_02/03-01-01-01-02-01-02.wav,low,0,actor_02,train,en,ravdess_statement_02,studio,controlled,Dogs are sitting by the door.,ravdess_emotion=neutral; intensity=normal; repetition=01
03-01-01-01-02-02-02,C:/Project/AI-STRESS-DETECTOR/data/public/ravdess_16k/Audio_Speech_Actors_01-24_16k/Actor_02/03-01-01-01-02-02-02.wav,low,0,actor_02,train,en,ravdess_statement_02,studio,controlled,Dogs are sitting by the door.,ravdess_emotion=neutral; intensity=normal; repetition=02
03-01-02-01-01-01-02,C:/Project/AI-STRESS-DETECTOR/data/public/ravdess_16k/Audio_Speech_Actors_01-24_16k/Actor_02/03-01-02-01-01-01-02.wav,low,0,actor_02,train,en,ravdess_statement_01,studio,controlled,Kids are talking by the door.,ravdess_emotion=calm; intensity=normal; repetition=01
03-01-02-01-01-02-02,C:/Project/AI-STRESS-DETECTOR/data/public/ravdess_16k/Audio_Speech_Actors_01-24_16k/Actor_02/03-01-02-01-01-02-02.wav,low,0,actor_02,train,en,ravdess_statement_01,studio,controlled,Kids are talking by the door.,ravdess_emotion=calm; intensity=normal; repetition=02
03-01-02-01-02-01-02,C:/Project/AI-STRESS-DETECTOR/data/public/ravdess_16k/Audio_Speech_Actors_01-24_16k/Actor_02/03-01-02-01-02-01-02.wav,low,0,actor_02,train,en,ravdess_statement_02,studio,controlled,Dogs are sitting by the door.,ravdess_emotion=calm; intensity=normal; repetition=01
03-01-02-01-02-02-02,C:/Project/AI-STRESS-DETECTOR/data/public/ravdess_16k/Audio_Speech_Actors_01-24_16k/Actor_02/03-01-02-01-02-02-02.wav,low,0,actor_02,train,en,ravdess_statement_02,studio,controlled,Dogs are sitting by the door.,ravdess_emotion=calm; intensity=normal; repetition=02
03-01-02-02-01-01-02,C:/Project/AI-STRESS-DETECTOR/data/public/ravdess_16k/Audio_Speech_Actors_01-24_16k/Actor_02/03-01-02-02-01-01-02.wav,moderate,1,actor_02,train,en,ravdess_statement_01,studio,controlled,Kids are talking by the door.,ravdess_emotion=calm; intensity=strong; repetition=01
03-01-02-02-01-02-02,C:/Project/AI-STRESS-DETECTOR/data/public/ravdess_16k/Audio_Speech_Actors_01-24_16k/Actor_02/03-01-02-02-01-02-02.wav,moderate,1,actor_02,train,en,ravdess_statement_01,studio,controlled,Kids are talking by the door.,ravdess_emotion=calm; intensity=strong; repetition=02
03-01-02-02-02-01-02,C:/Project/AI-STRESS-DETECTOR/data/public/ravdess_16k/Audio_Speech_Actors_01-24_16k/Actor_02/03-01-02-02-02-01-02.wav,moderate,1,actor_02,train,en,ravdess_statement_02,studio,controlled,Dogs are sitting by the door.,ravdess_emotion=calm; intensity=strong; repetition=01
03-01-02-02-02-02-02,C:/Project/AI-STRESS-DETECTOR/data/public/ravdess_16k/Audio_Speech_Actors_01-24_16k/Actor_02/03-01-02-02-02-02-02.wav,moderate,1,actor_02,train,en,ravdess_statement_02,studio,controlled,Dogs are sitting by the door.,ravdess_emotion=calm; intensity=strong; repetition=02
03-01-03-01-01-01-02,C:/Project/AI-STRESS-DETECTOR/data/public/ravdess_16k/Audio_Speech_Actors_01-24_16k/Actor_02/03-01-03-01-01-01-02.wav,moderate,1,actor_02,train,en,ravdess_statement_01,studio,controlled,Kids are talking by the door.,ravdess_emotion=happy; intensity=normal; repetition=01
03-01-03-01-01-02-02,C:/Project/AI-STRESS-DETECTOR/data/public/ravdess_16k/Audio_Speech_Actors_01-24_16k/Actor_02/03-01-03-01-01-02-02.wav,moderate,1,actor_02,train,en,ravdess_statement_01,studio,controlled,Kids are talking by the door.,ravdess_emotion=happy; intensity=normal; repetition=02
03-01-03-01-02-01-02,C:/Project/AI-STRESS-DETECTOR/data/public/ravdess_16k/Audio_Speech_Actors_01-24_16k/Actor_02/03-01-03-01-02-01-02.wav,moderate,1,actor_02,train,en,ravdess_statement_02,studio,controlled,Dogs are sitting by the door.,ravdess_emotion=happy; intensity=normal; repetition=01
03-01-03-01-02-02-02,C:/Project/AI-STRESS-DETECTOR/data/public/ravdess_16k/Audio_Speech_Actors_01-24_16k/Actor_02/03-01-03-01-02-02-02.wav,moderate,1,actor_02,train,en,ravdess_statement_02,studio,controlled,Dogs are sitting by the door.,ravdess_emotion=happy; intensity=normal; repetition=02
03-01-03-02-01-01-02,C:/Project/AI-STRESS-DETECTOR/data/public/ravdess_16k/Audio_Speech_Actors_01-24_16k/Actor_02/03-01-03-02-01-01-02.wav,moderate,1,actor_02,train,en,ravdess_statement_01,studio,controlled,Kids are talking by the door.,ravdess_emotion=happy; intensity=strong; repetition=01
03-01-03-02-01-02-02,C:/Project/AI-STRESS-DETECTOR/data/public/ravdess_16k/Audio_Speech_Actors_01-24_16k/Actor_02/03-01-03-02-01-02-02.wav,moderate,1,actor_02,train,en,ravdess_statement_01,studio,controlled,Kids are talking by the door.,ravdess_emotion=happy; intensity=strong; repetition=02
03-01-03-02-02-01-02,C:/Project/AI-STRESS-DETECTOR/data/public/ravdess_16k/Audio_Speech_Actors_01-24_16k/Actor_02/03-01-03-02-02-01-02.wav,moderate,1,actor_02,train,en,ravdess_statement_02,studio,controlled,Dogs are sitting by the door.,ravdess_emotion=happy; intensity=strong; repetition=01
03-01-03-02-02-02-02,C:/Project/AI-STRESS-DETECTOR/data/public/ravdess_16k/Audio_Speech_Actors_01-24_16k/Actor_02/03-01-03-02-02-02-02.wav,moderate,1,actor_02,train,en,ravdess_statement_02,studio,controlled,Dogs are sitting by the door.,ravdess_emotion=happy; intensity=strong; repetition=02
03-01-04-01-01-01-02,C:/Project/AI-STRESS-DETECTOR/data/public/ravdess_16k/Audio_Speech_Actors_01-24_16k/Actor_02/03-01-04-01-01-01-02.wav,moderate,1,actor_02,train,en,ravdess_statement_01,studio,controlled,Kids are talking by the door.,ravdess_emotion=sad; intensity=normal; repetition=01
03-01-04-01-01-02-02,C:/Project/AI-STRESS-DETECTOR/data/public/ravdess_16k/Audio_Speech_Actors_01-24_16k/Actor_02/03-01-04-01-01-02-02.wav,moderate,1,actor_02,train,en,ravdess_statement_01,studio,controlled,Kids are talking by the door.,ravdess_emotion=sad; intensity=normal; repetition=02
03-01-04-01-02-01-02,C:/Project/AI-STRESS-DETECTOR/data/public/ravdess_16k/Audio_Speech_Actors_01-24_16k/Actor_02/03-01-04-01-02-01-02.wav,moderate,1,actor_02,train,en,ravdess_statement_02,studio,controlled,Dogs are sitting by the door.,ravdess_emotion=sad; intensity=normal; repetition=01
03-01-04-01-02-02-02,C:/Project/AI-STRESS-DETECTOR/data/public/ravdess_16k/Audio_Speech_Actors_01-24_16k/Actor_02/03-01-04-01-02-02-02.wav,moderate,1,actor_02,train,en,ravdess_statement_02,studio,controlled,Dogs are sitting by the door.,ravdess_emotion=sad; intensity=normal; repetition=02
03-01-04-02-01-01-02,C:/Project/AI-STRESS-DETECTOR/data/public/ravdess_16k/Audio_Speech_Actors_01-24_16k/Actor_02/03-01-04-02-01-01-02.wav,high,2,actor_02,train,en,ravdess_statement_01,studio,controlled,Kids are talking by the door.,ravdess_emotion=sad; intensity=strong; repetition=01
03-01-04-02-01-02-02,C:/Project/AI-STRESS-DETECTOR/data/public/ravdess_16k/Audio_Speech_Actors_01-24_16k/Actor_02/03-01-04-02-01-02-02.wav,high,2,actor_02,train,en,ravdess_statement_01,studio,controlled,Kids are talking by the door.,ravdess_emotion=sad; intensity=strong; repetition=02
03-01-04-02-02-01-02,C:/Project/AI-STRESS-DETECTOR/data/public/ravdess_16k/Audio_Speech_Actors_01-24_16k/Actor_02/03-01-04-02-02-01-02.wav,high,2,actor_02,train,en,ravdess_statement_02,studio,controlled,Dogs are sitting by the door.,ravdess_emotion=sad; intensity=strong; repetition=01
03-01-04-02-02-02-02,C:/Project/AI-STRESS-DETECTOR/data/public/ravdess_16k/Audio_Speech_Actors_01-24_16k/Actor_02/03-01-04-02-02-02-02.wav,high,2,actor_02,train,en,ravdess_statement_02,studio,controlled,Dogs are sitting by the door.,ravdess_emotion=sad; intensity=strong; repetition=02
03-01-05-01-01-01-02,C:/Project/AI-STRESS-DETECTOR/data/public/ravdess_16k/Audio_Speech_Actors_01-24_16k/Actor_02/03-01-05-01-01-01-02.wav,high,2,actor_02,train,en,ravdess_statement_01,studio,controlled,Kids are talking by the door.,ravdess_emotion=angry; intensity=normal; repetition=01
03-01-05-01-01-02-02,C:/Project/AI-STRESS-DETECTOR/data/public/ravdess_16k/Audio_Speech_Actors_01-24_16k/Actor_02/03-01-05-01-01-02-02.wav,high,2,actor_02,train,en,ravdess_statement_01,studio,controlled,Kids are talking by the door.,ravdess_emotion=angry; intensity=normal; repetition=02
03-01-05-01-02-01-02,C:/Project/AI-STRESS-DETECTOR/data/public/ravdess_16k/Audio_Speech_Actors_01-24_16k/Actor_02/03-01-05-01-02-01-02.wav,high,2,actor_02,train,en,ravdess_statement_02,studio,controlled,Dogs are sitting by the door.,ravdess_emotion=angry; intensity=normal; repetition=01
03-01-05-01-02-02-02,C:/Project/AI-STRESS-DETECTOR/data/public/ravdess_16k/Audio_Speech_Actors_01-24_16k/Actor_02/03-01-05-01-02-02-02.wav,high,2,actor_02,train,en,ravdess_statement_02,studio,controlled,Dogs are sitting by the door.,ravdess_emotion=angry; intensity=normal; repetition=02
03-01-05-02-01-01-02,C:/Project/AI-STRESS-DETECTOR/data/public/ravdess_16k/Audio_Speech_Actors_01-24_16k/Actor_02/03-01-05-02-01-01-02.wav,severe,3,actor_02,train,en,ravdess_statement_01,studio,controlled,Kids are talking by the door.,ravdess_emotion=angry; intensity=strong; repetition=01
03-01-05-02-01-02-02,C:/Project/AI-STRESS-DETECTOR/data/public/ravdess_16k/Audio_Speech_Actors_01-24_16k/Actor_02/03-01-05-02-01-02-02.wav,severe,3,actor_02,train,en,ravdess_statement_01,studio,controlled,Kids are talking by the door.,ravdess_emotion=angry; intensity=strong; repetition=02
03-01-05-02-02-01-02,C:/Project/AI-STRESS-DETECTOR/data/public/ravdess_16k/Audio_Speech_Actors_01-24_16k/Actor_02/03-01-05-02-02-01-02.wav,severe,3,actor_02,train,en,ravdess_statement_02,studio,controlled,Dogs are sitting by the door.,ravdess_emotion=angry; intensity=strong; repetition=01
03-01-05-02-02-02-02,C:/Project/AI-STRESS-DETECTOR/data/public/ravdess_16k/Audio_Speech_Actors_01-24_16k/Actor_02/03-01-05-02-02-02-02.wav,severe,3,actor_02,train,en,ravdess_statement_02,studio,controlled,Dogs are sitting by the door.,ravdess_emotion=angry; intensity=strong; repetition=02
03-01-06-01-01-01-02,C:/Project/AI-STRESS-DETECTOR/data/public/ravdess_16k/Audio_Speech_Actors_01-24_16k/Actor_02/03-01-06-01-01-01-02.wav,high,2,actor_02,train,en,ravdess_statement_01,studio,controlled,Kids are talking by the door.,ravdess_emotion=fearful; intensity=normal; repetition=01
03-01-06-01-01-02-02,C:/Project/AI-STRESS-DETECTOR/data/public/ravdess_16k/Audio_Speech_Actors_01-24_16k/Actor_02/03-01-06-01-01-02-02.wav,high,2,actor_02,train,en,ravdess_statement_01,studio,controlled,Kids are talking by the door.,ravdess_emotion=fearful; intensity=normal; repetition=02
03-01-06-01-02-01-02,C:/Project/AI-STRESS-DETECTOR/data/public/ravdess_16k/Audio_Speech_Actors_01-24_16k/Actor_02/03-01-06-01-02-01-02.wav,high,2,actor_02,train,en,ravdess_statement_02,studio,controlled,Dogs are sitting by the door.,ravdess_emotion=fearful; intensity=normal; repetition=01
03-01-06-01-02-02-02,C:/Project/AI-STRESS-DETECTOR/data/public/ravdess_16k/Audio_Speech_Actors_01-24_16k/Actor_02/03-01-06-01-02-02-02.wav,high,2,actor_02,train,en,ravdess_statement_02,studio,controlled,Dogs are sitting by the door.,ravdess_emotion=fearful; intensity=normal; repetition=02
03-01-06-02-01-01-02,C:/Project/AI-STRESS-DETECTOR/data/public/ravdess_16k/Audio_Speech_Actors_01-24_16k/Actor_02/03-01-06-02-01-01-02.wav,severe,3,actor_02,train,en,ravdess_statement_01,studio,controlled,Kids are talking by the door.,ravdess_emotion=fearful; intensity=strong; repetition=01
03-01-06-02-01-02-02,C:/Project/AI-STRESS-DETECTOR/data/public/ravdess_16k/Audio_Speech_Actors_01-24_16k/Actor_02/03-01-06-02-01-02-02.wav,severe,3,actor_02,train,en,ravdess_statement_01,studio,controlled,Kids are talking by the door.,ravdess_emotion=fearful; intensity=strong; repetition=02
03-01-06-02-02-01-02,C:/Project/AI-STRESS-DETECTOR/data/public/ravdess_16k/Audio_Speech_Actors_01-24_16k/Actor_02/03-01-06-02-02-01-02.wav,severe,3,actor_02,train,en,ravdess_statement_02,studio,controlled,Dogs are sitting by the door.,ravdess_emotion=fearful; intensity=strong; repetition=01
03-01-06-02-02-02-02,C:/Project/AI-STRESS-DETECTOR/data/public/ravdess_16k/Audio_Speech_Actors_01-24_16k/Actor_02/03-01-06-02-02-02-02.wav,severe,3,actor_02,train,en,ravdess_statement_02,studio,controlled,Dogs are sitting by the door.,ravdess_emotion=fearful; intensity=strong; repetition=02
03-01-07-01-01-01-02,C:/Project/AI-STRESS-DETECTOR/data/public/ravdess_16k/Audio_Speech_Actors_01-24_16k/Actor_02/03-01-07-01-01-01-02.wav,high,2,actor_02,train,en,ravdess_statement_01,studio,controlled,Kids are talking by the door.,ravdess_emotion=disgust; intensity=normal; repetition=01
03-01-07-01-01-02-02,C:/Project/AI-STRESS-DETECTOR/data/public/ravdess_16k/Audio_Speech_Actors_01-24_16k/Actor_02/03-01-07-01-01-02-02.wav,high,2,actor_02,train,en,ravdess_statement_01,studio,controlled,Kids are talking by the door.,ravdess_emotion=disgust; intensity=normal; repetition=02
03-01-07-01-02-01-02,C:/Project/AI-STRESS-DETECTOR/data/public/ravdess_16k/Audio_Speech_Actors_01-24_16k/Actor_02/03-01-07-01-02-01-02.wav,high,2,actor_02,train,en,ravdess_statement_02,studio,controlled,Dogs are sitting by the door.,ravdess_emotion=disgust; intensity=normal; repetition=01
03-01-07-01-02-02-02,C:/Project/AI-STRESS-DETECTOR/data/public/ravdess_16k/Audio_Speech_Actors_01-24_16k/Actor_02/03-01-07-01-02-02-02.wav,high,2,actor_02,train,en,ravdess_statement_02,studio,controlled,Dogs are sitting by the door.,ravdess_emotion=disgust; intensity=normal; repetition=02
03-01-07-02-01-01-02,C:/Project/AI-STRESS-DETECTOR/data/public/ravdess_16k/Audio_Speech_Actors_01-24_16k/Actor_02/03-01-07-02-01-01-02.wav,severe,3,actor_02,train,en,ravdess_statement_01,studio,controlled,Kids are talking by the door.,ravdess_emotion=disgust; intensity=strong; repetition=01
03-01-07-02-01-02-02,C:/Project/AI-STRESS-DETECTOR/data/public/ravdess_16k/Audio_Speech_Actors_01-24_16k/Actor_02/03-01-07-02-01-02-02.wav,severe,3,actor_02,train,en,ravdess_statement_01,studio,controlled,Kids are talking by the door.,ravdess_emotion=disgust; intensity=strong; repetition=02
03-01-07-02-02-01-02,C:/Project/AI-STRESS-DETECTOR/data/public/ravdess_16k/Audio_Speech_Actors_01-24_16k/Actor_02/03-01-07-02-02-01-02.wav,severe,3,actor_02,train,en,ravdess_statement_02,studio,controlled,Dogs are sitting by the door.,ravdess_emotion=disgust; intensity=strong; repetition=01
03-01-07-02-02-02-02,C:/Project/AI-STRESS-DETECTOR/data/public/ravdess_16k/Audio_Speech_Actors_01-24_16k/Actor_02/03-01-07-02-02-02-02.wav,severe,3,actor_02,train,en,ravdess_statement_02,studio,controlled,Dogs are sitting by the door.,ravdess_emotion=disgust; intensity=strong; repetition=02
03-01-08-01-01-01-02,C:/Project/AI-STRESS-DETECTOR/data/public/ravdess_16k/Audio_Speech_Actors_01-24_16k/Actor_02/03-01-08-01-01-01-02.wav,moderate,1,actor_02,train,en,ravdess_statement_01,studio,controlled,Kids are talking by the door.,ravdess_emotion=surprised; intensity=normal; repetition=01
03-01-08-01-01-02-02,C:/Project/AI-STRESS-DETECTOR/data/public/ravdess_16k/Audio_Speech_Actors_01-24_16k/Actor_02/03-01-08-01-01-02-02.wav,moderate,1,actor_02,train,en,ravdess_statement_01,studio,controlled,Kids are talking by the door.,ravdess_emotion=surprised; intensity=normal; repetition=02
03-01-08-01-02-01-02,C:/Project/AI-STRESS-DETECTOR/data/public/ravdess_16k/Audio_Speech_Actors_01-24_16k/Actor_02/03-01-08-01-02-01-02.wav,moderate,1,actor_02,train,en,ravdess_statement_02,studio,controlled,Dogs are sitting by the door.,ravdess_emotion=surprised; intensity=normal; repetition=01
03-01-08-01-02-02-02,C:/Project/AI-STRESS-DETECTOR/data/public/ravdess_16k/Audio_Speech_Actors_01-24_16k/Actor_02/03-01-08-01-02-02-02.wav,moderate,1,actor_02,train,en,ravdess_statement_02,studio,controlled,Dogs are sitting by the door.,ravdess_emotion=surprised; intensity=normal; repetition=02
03-01-08-02-01-01-02,C:/Project/AI-STRESS-DETECTOR/data/public/ravdess_16k/Audio_Speech_Actors_01-24_16k/Actor_02/03-01-08-02-01-01-02.wav,high,2,actor_02,train,en,ravdess_statement_01,studio,controlled,Kids are talking by the door.,ravdess_emotion=surprised; intensity=strong; repetition=01
03-01-08-02-01-02-02,C:/Project/AI-STRESS-DETECTOR/data/public/ravdess_16k/Audio_Speech_Actors_01-24_16k/Actor_02/03-01-08-02-01-02-02.wav,high,2,actor_02,train,en,ravdess_statement_01,studio,controlled,Kids are talking by the door.,ravdess_emotion=surprised; intensity=strong; repetition=02
03-01-08-02-02-01-02,C:/Project/AI-STRESS-DETECTOR/data/public/ravdess_16k/Audio_Speech_Actors_01-24_16k/Actor_02/03-01-08-02-02-01-02.wav,high,2,actor_02,train,en,ravdess_statement_02,studio,controlled,Dogs are sitting by the door.,ravdess_emotion=surprised; intensity=strong; repetition=01
03-01-08-02-02-02-02,C:/Project/AI-STRESS-DETECTOR/data/public/ravdess_16k/Audio_Speech_Actors_01-24_16k/Actor_02/03-01-08-02-02-02-02.wav,high,2,actor_02,train,en,ravdess_statement_02,studio,controlled,Dogs are sitting by the door.,ravdess_emotion=surprised; intensity=strong; repetition=02
03-01-01-01-01-01-03,C:/Project/AI-STRESS-DETECTOR/data/public/ravdess_16k/Audio_Speech_Actors_01-24_16k/Actor_03/03-01-01-01-01-01-03.wav,low,0,actor_03,train,en,ravdess_statement_01,studio,controlled,Kids are talking by the door.,ravdess_emotion=neutral; intensity=normal; repetition=01
03-01-01-01-01-02-03,C:/Project/AI-STRESS-DETECTOR/data/public/ravdess_16k/Audio_Speech_Actors_01-24_16k/Actor_03/03-01-01-01-01-02-03.wav,low,0,actor_03,train,en,ravdess_statement_01,studio,controlled,Kids are talking by the door.,ravdess_emotion=neutral; intensity=normal; repetition=02
03-01-01-01-02-01-03,C:/Project/AI-STRESS-DETECTOR/data/public/ravdess_16k/Audio_Speech_Actors_01-24_16k/Actor_03/03-01-01-01-02-01-03.wav,low,0,actor_03,train,en,ravdess_statement_02,studio,controlled,Dogs are sitting by the door.,ravdess_emotion=neutral; intensity=normal; repetition=01
03-01-01-01-02-02-03,C:/Project/AI-STRESS-DETECTOR/data/public/ravdess_16k/Audio_Speech_Actors_01-24_16k/Actor_03/03-01-01-01-02-02-03.wav,low,0,actor_03,train,en,ravdess_statement_02,studio,controlled,Dogs are sitting by the door.,ravdess_emotion=neutral; intensity=normal; repetition=02
03-01-02-01-01-01-03,C:/Project/AI-STRESS-DETECTOR/data/public/ravdess_16k/Audio_Speech_Actors_01-24_16k/Actor_03/03-01-02-01-01-01-03.wav,low,0,actor_03,train,en,ravdess_statement_01,studio,controlled,Kids are talking by the door.,ravdess_emotion=calm; intensity=normal; repetition=01
03-01-02-01-01-02-03,C:/Project/AI-STRESS-DETECTOR/data/public/ravdess_16k/Audio_Speech_Actors_01-24_16k/Actor_03/03-01-02-01-01-02-03.wav,low,0,actor_03,train,en,ravdess_statement_01,studio,controlled,Kids are talking by the door.,ravdess_emotion=calm; intensity=normal; repetition=02
03-01-02-01-02-01-03,C:/Project/AI-STRESS-DETECTOR/data/public/ravdess_16k/Audio_Speech_Actors_01-24_16k/Actor_03/03-01-02-01-02-01-03.wav,low,0,actor_03,train,en,ravdess_statement_02,studio,controlled,Dogs are sitting by the door.,ravdess_emotion=calm; intensity=normal; repetition=01
03-01-02-01-02-02-03,C:/Project/AI-STRESS-DETECTOR/data/public/ravdess_16k/Audio_Speech_Actors_01-24_16k/Actor_03/03-01-02-01-02-02-03.wav,low,0,actor_03,train,en,ravdess_statement_02,studio,controlled,Dogs are sitting by the door.,ravdess_emotion=calm; intensity=normal; repetition=02
03-01-02-02-01-01-03,C:/Project/AI-STRESS-DETECTOR/data/public/ravdess_16k/Audio_Speech_Actors_01-24_16k/Actor_03/03-01-02-02-01-01-03.wav,moderate,1,actor_03,train,en,ravdess_statement_01,studio,controlled,Kids are talking by the door.,ravdess_emotion=calm; intensity=strong; repetition=01
03-01-02-02-01-02-03,C:/Project/AI-STRESS-DETECTOR/data/public/ravdess_16k/Audio_Speech_Actors_01-24_16k/Actor_03/03-01-02-02-01-02-03.wav,moderate,1,actor_03,train,en,ravdess_statement_01,studio,controlled,Kids are talking by the door.,ravdess_emotion=calm; intensity=strong; repetition=02
03-01-02-02-02-01-03,C:/Project/AI-STRESS-DETECTOR/data/public/ravdess_16k/Audio_Speech_Actors_01-24_16k/Actor_03/03-01-02-02-02-01-03.wav,moderate,1,actor_03,train,en,ravdess_statement_02,studio,controlled,Dogs are sitting by the door.,ravdess_emotion=calm; intensity=strong; repetition=01
03-01-02-02-02-02-03,C:/Project/AI-STRESS-DETECTOR/data/public/ravdess_16k/Audio_Speech_Actors_01-24_16k/Actor_03/03-01-02-02-02-02-03.wav,moderate,1,actor_03,train,en,ravdess_statement_02,studio,controlled,Dogs are sitting by the door.,ravdess_emotion=calm; intensity=strong; repetition=02
03-01-03-01-01-01-03,C:/Project/AI-STRESS-DETECTOR/data/public/ravdess_16k/Audio_Speech_Actors_01-24_16k/Actor_03/03-01-03-01-01-01-03.wav,moderate,1,actor_03,train,en,ravdess_statement_01,studio,controlled,Kids are talking by the door.,ravdess_emotion=happy; intensity=normal; repetition=01
03-01-03-01-01-02-03,C:/Project/AI-STRESS-DETECTOR/data/public/ravdess_16k/Audio_Speech_Actors_01-24_16k/Actor_03/03-01-03-01-01-02-03.wav,moderate,1,actor_03,train,en,ravdess_statement_01,studio,controlled,Kids are talking by the door.,ravdess_emotion=happy; intensity=normal; repetition=02
03-01-03-01-02-01-03,C:/Project/AI-STRESS-DETECTOR/data/public/ravdess_16k/Audio_Speech_Actors_01-24_16k/Actor_03/03-01-03-01-02-01-03.wav,moderate,1,actor_03,train,en,ravdess_statement_02,studio,controlled,Dogs are sitting by the door.,ravdess_emotion=happy; intensity=normal; repetition=01
03-01-03-01-02-02-03,C:/Project/AI-STRESS-DETECTOR/data/public/ravdess_16k/Audio_Speech_Actors_01-24_16k/Actor_03/03-01-03-01-02-02-03.wav,moderate,1,actor_03,train,en,ravdess_statement_02,studio,controlled,Dogs are sitting by the door.,ravdess_emotion=happy; intensity=normal; repetition=02
03-01-03-02-01-01-03,C:/Project/AI-STRESS-DETECTOR/data/public/ravdess_16k/Audio_Speech_Actors_01-24_16k/Actor_03/03-01-03-02-01-01-03.wav,moderate,1,actor_03,train,en,ravdess_statement_01,studio,controlled,Kids are talking by the door.,ravdess_emotion=happy; intensity=strong; repetition=01
03-01-03-02-01-02-03,C:/Project/AI-STRESS-DETECTOR/data/public/ravdess_16k/Audio_Speech_Actors_01-24_16k/Actor_03/03-01-03-02-01-02-03.wav,moderate,1,actor_03,train,en,ravdess_statement_01,studio,controlled,Kids are talking by the door.,ravdess_emotion=happy; intensity=strong; repetition=02
03-01-03-02-02-01-03,C:/Project/AI-STRESS-DETECTOR/data/public/ravdess_16k/Audio_Speech_Actors_01-24_16k/Actor_03/03-01-03-02-02-01-03.wav,moderate,1,actor_03,train,en,ravdess_statement_02,studio,controlled,Dogs are sitting by the door.,ravdess_emotion=happy; intensity=strong; repetition=01
03-01-03-02-02-02-03,C:/Project/AI-STRESS-DETECTOR/data/public/ravdess_16k/Audio_Speech_Actors_01-24_16k/Actor_03/03-01-03-02-02-02-03.wav,moderate,1,actor_03,train,en,ravdess_statement_02,studio,controlled,Dogs are sitting by the door.,ravdess_emotion=happy; intensity=strong; repetition=02
03-01-04-01-01-01-03,C:/Project/AI-STRESS-DETECTOR/data/public/ravdess_16k/Audio_Speech_Actors_01-24_16k/Actor_03/03-01-04-01-01-01-03.wav,moderate,1,actor_03,train,en,ravdess_statement_01,studio,controlled,Kids are talking by the door.,ravdess_emotion=sad; intensity=normal; repetition=01
03-01-04-01-01-02-03,C:/Project/AI-STRESS-DETECTOR/data/public/ravdess_16k/Audio_Speech_Actors_01-24_16k/Actor_03/03-01-04-01-01-02-03.wav,moderate,1,actor_03,train,en,ravdess_statement_01,studio,controlled,Kids are talking by the door.,ravdess_emotion=sad; intensity=normal; repetition=02
03-01-04-01-02-01-03,C:/Project/AI-STRESS-DETECTOR/data/public/ravdess_16k/Audio_Speech_Actors_01-24_16k/Actor_03/03-01-04-01-02-01-03.wav,moderate,1,actor_03,train,en,ravdess_statement_02,studio,controlled,Dogs are sitting by the door.,ravdess_emotion=sad; intensity=normal; repetition=01
03-01-04-01-02-02-03,C:/Project/AI-STRESS-DETECTOR/data/public/ravdess_16k/Audio_Speech_Actors_01-24_16k/Actor_03/03-01-04-01-02-02-03.wav,moderate,1,actor_03,train,en,ravdess_statement_02,studio,controlled,Dogs are sitting by the door.,ravdess_emotion=sad; intensity=normal; repetition=02
03-01-04-02-01-01-03,C:/Project/AI-STRESS-DETECTOR/data/public/ravdess_16k/Audio_Speech_Actors_01-24_16k/Actor_03/03-01-04-02-01-01-03.wav,high,2,actor_03,train,en,ravdess_statement_01,studio,controlled,Kids are talking by the door.,ravdess_emotion=sad; intensity=strong; repetition=01
03-01-04-02-01-02-03,C:/Project/AI-STRESS-DETECTOR/data/public/ravdess_16k/Audio_Speech_Actors_01-24_16k/Actor_03/03-01-04-02-01-02-03.wav,high,2,actor_03,train,en,ravdess_statement_01,studio,controlled,Kids are talking by the door.,ravdess_emotion=sad; intensity=strong; repetition=02
03-01-04-02-02-01-03,C:/Project/AI-STRESS-DETECTOR/data/public/ravdess_16k/Audio_Speech_Actors_01-24_16k/Actor_03/03-01-04-02-02-01-03.wav,high,2,actor_03,train,en,ravdess_statement_02,studio,controlled,Dogs are sitting by the door.,ravdess_emotion=sad; intensity=strong; repetition=01
03-01-04-02-02-02-03,C:/Project/AI-STRESS-DETECTOR/data/public/ravdess_16k/Audio_Speech_Actors_01-24_16k/Actor_03/03-01-04-02-02-02-03.wav,high,2,actor_03,train,en,ravdess_statement_02,studio,controlled,Dogs are sitting by the door.,ravdess_emotion=sad; intensity=strong; repetition=02
03-01-05-01-01-01-03,C:/Project/AI-STRESS-DETECTOR/data/public/ravdess_16k/Audio_Speech_Actors_01-24_16k/Actor_03/03-01-05-01-01-01-03.wav,high,2,actor_03,train,en,ravdess_statement_01,studio,controlled,Kids are talking by the door.,ravdess_emotion=angry; intensity=normal; repetition=01
03-01-05-01-01-02-03,C:/Project/AI-STRESS-DETECTOR/data/public/ravdess_16k/Audio_Speech_Actors_01-24_16k/Actor_03/03-01-05-01-01-02-03.wav,high,2,actor_03,train,en,ravdess_statement_01,studio,controlled,Kids are talking by the door.,ravdess_emotion=angry; intensity=normal; repetition=02
03-01-05-01-02-01-03,C:/Project/AI-STRESS-DETECTOR/data/public/ravdess_16k/Audio_Speech_Actors_01-24_16k/Actor_03/03-01-05-01-02-01-03.wav,high,2,actor_03,train,en,ravdess_statement_02,studio,controlled,Dogs are sitting by the door.,ravdess_emotion=angry; intensity=normal; repetition=01
03-01-05-01-02-02-03,C:/Project/AI-STRESS-DETECTOR/data/public/ravdess_16k/Audio_Speech_Actors_01-24_16k/Actor_03/03-01-05-01-02-02-03.wav,high,2,actor_03,train,en,ravdess_statement_02,studio,controlled,Dogs are sitting by the door.,ravdess_emotion=angry; intensity=normal; repetition=02
03-01-05-02-01-01-03,C:/Project/AI-STRESS-DETECTOR/data/public/ravdess_16k/Audio_Speech_Actors_01-24_16k/Actor_03/03-01-05-02-01-01-03.wav,severe,3,actor_03,train,en,ravdess_statement_01,studio,controlled,Kids are talking by the door.,ravdess_emotion=angry; intensity=strong; repetition=01
03-01-05-02-01-02-03,C:/Project/AI-STRESS-DETECTOR/data/public/ravdess_16k/Audio_Speech_Actors_01-24_16k/Actor_03/03-01-05-02-01-02-03.wav,severe,3,actor_03,train,en,ravdess_statement_01,studio,controlled,Kids are talking by the door.,ravdess_emotion=angry; intensity=strong; repetition=02
03-01-05-02-02-01-03,C:/Project/AI-STRESS-DETECTOR/data/public/ravdess_16k/Audio_Speech_Actors_01-24_16k/Actor_03/03-01-05-02-02-01-03.wav,severe,3,actor_03,train,en,ravdess_statement_02,studio,controlled,Dogs are sitting by the door.,ravdess_emotion=angry; intensity=strong; repetition=01
03-01-05-02-02-02-03,C:/Project/AI-STRESS-DETECTOR/data/public/ravdess_16k/Audio_Speech_Actors_01-24_16k/Actor_03/03-01-05-02-02-02-03.wav,severe,3,actor_03,train,en,ravdess_statement_02,studio,controlled,Dogs are sitting by the door.,ravdess_emotion=angry; intensity=strong; repetition=02
03-01-06-01-01-01-03,C:/Project/AI-STRESS-DETECTOR/data/public/ravdess_16k/Audio_Speech_Actors_01-24_16k/Actor_03/03-01-06-01-01-01-03.wav,high,2,actor_03,train,en,ravdess_statement_01,studio,controlled,Kids are talking by the door.,ravdess_emotion=fearful; intensity=normal; repetition=01
03-01-06-01-01-02-03,C:/Project/AI-STRESS-DETECTOR/data/public/ravdess_16k/Audio_Speech_Actors_01-24_16k/Actor_03/03-01-06-01-01-02-03.wav,high,2,actor_03,train,en,ravdess_statement_01,studio,controlled,Kids are talking by the door.,ravdess_emotion=fearful; intensity=normal; repetition=02
03-01-06-01-02-01-03,C:/Project/AI-STRESS-DETECTOR/data/public/ravdess_16k/Audio_Speech_Actors_01-24_16k/Actor_03/03-01-06-01-02-01-03.wav,high,2,actor_03,train,en,ravdess_statement_02,studio,controlled,Dogs are sitting by the door.,ravdess_emotion=fearful; intensity=normal; repetition=01
03-01-06-01-02-02-03,C:/Project/AI-STRESS-DETECTOR/data/public/ravdess_16k/Audio_Speech_Actors_01-24_16k/Actor_03/03-01-06-01-02-02-03.wav,high,2,actor_03,train,en,ravdess_statement_02,studio,controlled,Dogs are sitting by the door.,ravdess_emotion=fearful; intensity=normal; repetition=02
03-01-06-02-01-01-03,C:/Project/AI-STRESS-DETECTOR/data/public/ravdess_16k/Audio_Speech_Actors_01-24_16k/Actor_03/03-01-06-02-01-01-03.wav,severe,3,actor_03,train,en,ravdess_statement_01,studio,controlled,Kids are talking by the door.,ravdess_emotion=fearful; intensity=strong; repetition=01
03-01-06-02-01-02-03,C:/Project/AI-STRESS-DETECTOR/data/public/ravdess_16k/Audio_Speech_Actors_01-24_16k/Actor_03/03-01-06-02-01-02-03.wav,severe,3,actor_03,train,en,ravdess_statement_01,studio,controlled,Kids are talking by the door.,ravdess_emotion=fearful; intensity=strong; repetition=02
03-01-06-02-02-01-03,C:/Project/AI-STRESS-DETECTOR/data/public/ravdess_16k/Audio_Speech_Actors_01-24_16k/Actor_03/03-01-06-02-02-01-03.wav,severe,3,actor_03,train,en,ravdess_statement_02,studio,controlled,Dogs are sitting by the door.,ravdess_emotion=fearful; intensity=strong; repetition=01
03-01-06-02-02-02-03,C:/Project/AI-STRESS-DETECTOR/data/public/ravdess_16k/Audio_Speech_Actors_01-24_16k/Actor_03/03-01-06-02-02-02-03.wav,severe,3,actor_03,train,en,ravdess_statement_02,studio,controlled,Dogs are sitting by the door.,ravdess_emotion=fearful; intensity=strong; repetition=02
03-01-07-01-01-01-03,C:/Project/AI-STRESS-DETECTOR/data/public/ravdess_16k/Audio_Speech_Actors_01-24_16k/Actor_03/03-01-07-01-01-01-03.wav,high,2,actor_03,train,en,ravdess_statement_01,studio,controlled,Kids are talking by the door.,ravdess_emotion=disgust; intensity=normal; repetition=01
03-01-07-01-01-02-03,C:/Project/AI-STRESS-DETECTOR/data/public/ravdess_16k/Audio_Speech_Actors_01-24_16k/Actor_03/03-01-07-01-01-02-03.wav,high,2,actor_03,train,en,ravdess_statement_01,studio,controlled,Kids are talking by the door.,ravdess_emotion=disgust; intensity=normal; repetition=02
03-01-07-01-02-01-03,C:/Project/AI-STRESS-DETECTOR/data/public/ravdess_16k/Audio_Speech_Actors_01-24_16k/Actor_03/03-01-07-01-02-01-03.wav,high,2,actor_03,train,en,ravdess_statement_02,studio,controlled,Dogs are sitting by the door.,ravdess_emotion=disgust; intensity=normal; repetition=01
03-01-07-01-02-02-03,C:/Project/AI-STRESS-DETECTOR/data/public/ravdess_16k/Audio_Speech_Actors_01-24_16k/Actor_03/03-01-07-01-02-02-03.wav,high,2,actor_03,train,en,ravdess_statement_02,studio,controlled,Dogs are sitting by the door.,ravdess_emotion=disgust; intensity=normal; repetition=02
03-01-07-02-01-01-03,C:/Project/AI-STRESS-DETECTOR/data/public/ravdess_16k/Audio_Speech_Actors_01-24_16k/Actor_03/03-01-07-02-01-01-03.wav,severe,3,actor_03,train,en,ravdess_statement_01,studio,controlled,Kids are talking by the door.,ravdess_emotion=disgust; intensity=strong; repetition=01
03-01-07-02-01-02-03,C:/Project/AI-STRESS-DETECTOR/data/public/ravdess_16k/Audio_Speech_Actors_01-24_16k/Actor_03/03-01-07-02-01-02-03.wav,severe,3,actor_03,train,en,ravdess_statement_01,studio,controlled,Kids are talking by the door.,ravdess_emotion=disgust; intensity=strong; repetition=02
03-01-07-02-02-01-03,C:/Project/AI-STRESS-DETECTOR/data/public/ravdess_16k/Audio_Speech_Actors_01-24_16k/Actor_03/03-01-07-02-02-01-03.wav,severe,3,actor_03,train,en,ravdess_statement_02,studio,controlled,Dogs are sitting by the door.,ravdess_emotion=disgust; intensity=strong; repetition=01
03-01-07-02-02-02-03,C:/Project/AI-STRESS-DETECTOR/data/public/ravdess_16k/Audio_Speech_Actors_01-24_16k/Actor_03/03-01-07-02-02-02-03.wav,severe,3,actor_03,train,en,ravdess_statement_02,studio,controlled,Dogs are sitting by the door.,ravdess_emotion=disgust; intensity=strong; repetition=02
03-01-08-01-01-01-03,C:/Project/AI-STRESS-DETECTOR/data/public/ravdess_16k/Audio_Speech_Actors_01-24_16k/Actor_03/03-01-08-01-01-01-03.wav,moderate,1,actor_03,train,en,ravdess_statement_01,studio,controlled,Kids are talking by the door.,ravdess_emotion=surprised; intensity=normal; repetition=01
03-01-08-01-01-02-03,C:/Project/AI-STRESS-DETECTOR/data/public/ravdess_16k/Audio_Speech_Actors_01-24_16k/Actor_03/03-01-08-01-01-02-03.wav,moderate,1,actor_03,train,en,ravdess_statement_01,studio,controlled,Kids are talking by the door.,ravdess_emotion=surprised; intensity=normal; repetition=02
03-01-08-01-02-01-03,C:/Project/AI-STRESS-DETECTOR/data/public/ravdess_16k/Audio_Speech_Actors_01-24_16k/Actor_03/03-01-08-01-02-01-03.wav,moderate,1,actor_03,train,en,ravdess_statement_02,studio,controlled,Dogs are sitting by the door.,ravdess_emotion=surprised; intensity=normal; repetition=01
03-01-08-01-02-02-03,C:/Project/AI-STRESS-DETECTOR/data/public/ravdess_16k/Audio_Speech_Actors_01-24_16k/Actor_03/03-01-08-01-02-02-03.wav,moderate,1,actor_03,train,en,ravdess_statement_02,studio,controlled,Dogs are sitting by the door.,ravdess_emotion=surprised; intensity=normal; repetition=02
03-01-08-02-01-01-03,C:/Project/AI-STRESS-DETECTOR/data/public/ravdess_16k/Audio_Speech_Actors_01-24_16k/Actor_03/03-01-08-02-01-01-03.wav,high,2,actor_03,train,en,ravdess_statement_01,studio,controlled,Kids are talking by the door.,ravdess_emotion=surprised; intensity=strong; repetition=01
03-01-08-02-01-02-03,C:/Project/AI-STRESS-DETECTOR/data/public/ravdess_16k/Audio_Speech_Actors_01-24_16k/Actor_03/03-01-08-02-01-02-03.wav,high,2,actor_03,train,en,ravdess_statement_01,studio,controlled,Kids are talking by the door.,ravdess_emotion=surprised; intensity=strong; repetition=02
03-01-08-02-02-01-03,C:/Project/AI-STRESS-DETECTOR/data/public/ravdess_16k/Audio_Speech_Actors_01-24_16k/Actor_03/03-01-08-02-02-01-03.wav,high,2,actor_03,train,en,ravdess_statement_02,studio,controlled,Dogs are sitting by the door.,ravdess_emotion=surprised; intensity=strong; repetition=01
03-01-08-02-02-02-03,C:/Project/AI-STRESS-DETECTOR/data/public/ravdess_16k/Audio_Speech_Actors_01-24_16k/Actor_03/03-01-08-02-02-02-03.wav,high,2,actor_03,train,en,ravdess_statement_02,studio,controlled,Dogs are sitting by the door.,ravdess_emotion=surprised; intensity=strong; repetition=02
03-01-01-01-01-01-04,C:/Project/AI-STRESS-DETECTOR/data/public/ravdess_16k/Audio_Speech_Actors_01-24_16k/Actor_04/03-01-01-01-01-01-04.wav,low,0,actor_04,train,en,ravdess_statement_01,studio,controlled,Kids are talking by the door.,ravdess_emotion=neutral; intensity=normal; repetition=01
03-01-01-01-01-02-04,C:/Project/AI-STRESS-DETECTOR/data/public/ravdess_16k/Audio_Speech_Actors_01-24_16k/Actor_04/03-01-01-01-01-02-04.wav,low,0,actor_04,train,en,ravdess_statement_01,studio,controlled,Kids are talking by the door.,ravdess_emotion=neutral; intensity=normal; repetition=02
03-01-01-01-02-01-04,C:/Project/AI-STRESS-DETECTOR/data/public/ravdess_16k/Audio_Speech_Actors_01-24_16k/Actor_04/03-01-01-01-02-01-04.wav,low,0,actor_04,train,en,ravdess_statement_02,studio,controlled,Dogs are sitting by the door.,ravdess_emotion=neutral; intensity=normal; repetition=01
03-01-01-01-02-02-04,C:/Project/AI-STRESS-DETECTOR/data/public/ravdess_16k/Audio_Speech_Actors_01-24_16k/Actor_04/03-01-01-01-02-02-04.wav,low,0,actor_04,train,en,ravdess_statement_02,studio,controlled,Dogs are sitting by the door.,ravdess_emotion=neutral; intensity=normal; repetition=02
03-01-02-01-01-01-04,C:/Project/AI-STRESS-DETECTOR/data/public/ravdess_16k/Audio_Speech_Actors_01-24_16k/Actor_04/03-01-02-01-01-01-04.wav,low,0,actor_04,train,en,ravdess_statement_01,studio,controlled,Kids are talking by the door.,ravdess_emotion=calm; intensity=normal; repetition=01
03-01-02-01-01-02-04,C:/Project/AI-STRESS-DETECTOR/data/public/ravdess_16k/Audio_Speech_Actors_01-24_16k/Actor_04/03-01-02-01-01-02-04.wav,low,0,actor_04,train,en,ravdess_statement_01,studio,controlled,Kids are talking by the door.,ravdess_emotion=calm; intensity=normal; repetition=02
03-01-02-01-02-01-04,C:/Project/AI-STRESS-DETECTOR/data/public/ravdess_16k/Audio_Speech_Actors_01-24_16k/Actor_04/03-01-02-01-02-01-04.wav,low,0,actor_04,train,en,ravdess_statement_02,studio,controlled,Dogs are sitting by the door.,ravdess_emotion=calm; intensity=normal; repetition=01
03-01-02-01-02-02-04,C:/Project/AI-STRESS-DETECTOR/data/public/ravdess_16k/Audio_Speech_Actors_01-24_16k/Actor_04/03-01-02-01-02-02-04.wav,low,0,actor_04,train,en,ravdess_statement_02,studio,controlled,Dogs are sitting by the door.,ravdess_emotion=calm; intensity=normal; repetition=02
03-01-02-02-01-01-04,C:/Project/AI-STRESS-DETECTOR/data/public/ravdess_16k/Audio_Speech_Actors_01-24_16k/Actor_04/03-01-02-02-01-01-04.wav,moderate,1,actor_04,train,en,ravdess_statement_01,studio,controlled,Kids are talking by the door.,ravdess_emotion=calm; intensity=strong; repetition=01
03-01-02-02-01-02-04,C:/Project/AI-STRESS-DETECTOR/data/public/ravdess_16k/Audio_Speech_Actors_01-24_16k/Actor_04/03-01-02-02-01-02-04.wav,moderate,1,actor_04,train,en,ravdess_statement_01,studio,controlled,Kids are talking by the door.,ravdess_emotion=calm; intensity=strong; repetition=02
03-01-02-02-02-01-04,C:/Project/AI-STRESS-DETECTOR/data/public/ravdess_16k/Audio_Speech_Actors_01-24_16k/Actor_04/03-01-02-02-02-01-04.wav,moderate,1,actor_04,train,en,ravdess_statement_02,studio,controlled,Dogs are sitting by the door.,ravdess_emotion=calm; intensity=strong; repetition=01
03-01-02-02-02-02-04,C:/Project/AI-STRESS-DETECTOR/data/public/ravdess_16k/Audio_Speech_Actors_01-24_16k/Actor_04/03-01-02-02-02-02-04.wav,moderate,1,actor_04,train,en,ravdess_statement_02,studio,controlled,Dogs are sitting by the door.,ravdess_emotion=calm; intensity=strong; repetition=02
03-01-03-01-01-01-04,C:/Project/AI-STRESS-DETECTOR/data/public/ravdess_16k/Audio_Speech_Actors_01-24_16k/Actor_04/03-01-03-01-01-01-04.wav,moderate,1,actor_04,train,en,ravdess_statement_01,studio,controlled,Kids are talking by the door.,ravdess_emotion=happy; intensity=normal; repetition=01
03-01-03-01-01-02-04,C:/Project/AI-STRESS-DETECTOR/data/public/ravdess_16k/Audio_Speech_Actors_01-24_16k/Actor_04/03-01-03-01-01-02-04.wav,moderate,1,actor_04,train,en,ravdess_statement_01,studio,controlled,Kids are talking by the door.,ravdess_emotion=happy; intensity=normal; repetition=02
03-01-03-01-02-01-04,C:/Project/AI-STRESS-DETECTOR/data/public/ravdess_16k/Audio_Speech_Actors_01-24_16k/Actor_04/03-01-03-01-02-01-04.wav,moderate,1,actor_04,train,en,ravdess_statement_02,studio,controlled,Dogs are sitting by the door.,ravdess_emotion=happy; intensity=normal; repetition=01
03-01-03-01-02-02-04,C:/Project/AI-STRESS-DETECTOR/data/public/ravdess_16k/Audio_Speech_Actors_01-24_16k/Actor_04/03-01-03-01-02-02-04.wav,moderate,1,actor_04,train,en,ravdess_statement_02,studio,controlled,Dogs are sitting by the door.,ravdess_emotion=happy; intensity=normal; repetition=02
03-01-03-02-01-01-04,C:/Project/AI-STRESS-DETECTOR/data/public/ravdess_16k/Audio_Speech_Actors_01-24_16k/Actor_04/03-01-03-02-01-01-04.wav,moderate,1,actor_04,train,en,ravdess_statement_01,studio,controlled,Kids are talking by the door.,ravdess_emotion=happy; intensity=strong; repetition=01
03-01-03-02-01-02-04,C:/Project/AI-STRESS-DETECTOR/data/public/ravdess_16k/Audio_Speech_Actors_01-24_16k/Actor_04/03-01-03-02-01-02-04.wav,moderate,1,actor_04,train,en,ravdess_statement_01,studio,controlled,Kids are talking by the door.,ravdess_emotion=happy; intensity=strong; repetition=02
03-01-03-02-02-01-04,C:/Project/AI-STRESS-DETECTOR/data/public/ravdess_16k/Audio_Speech_Actors_01-24_16k/Actor_04/03-01-03-02-02-01-04.wav,moderate,1,actor_04,train,en,ravdess_statement_02,studio,controlled,Dogs are sitting by the door.,ravdess_emotion=happy; intensity=strong; repetition=01
03-01-03-02-02-02-04,C:/Project/AI-STRESS-DETECTOR/data/public/ravdess_16k/Audio_Speech_Actors_01-24_16k/Actor_04/03-01-03-02-02-02-04.wav,moderate,1,actor_04,train,en,ravdess_statement_02,studio,controlled,Dogs are sitting by the door.,ravdess_emotion=happy; intensity=strong; repetition=02
03-01-04-01-01-01-04,C:/Project/AI-STRESS-DETECTOR/data/public/ravdess_16k/Audio_Speech_Actors_01-24_16k/Actor_04/03-01-04-01-01-01-04.wav,moderate,1,actor_04,train,en,ravdess_statement_01,studio,controlled,Kids are talking by the door.,ravdess_emotion=sad; intensity=normal; repetition=01
03-01-04-01-01-02-04,C:/Project/AI-STRESS-DETECTOR/data/public/ravdess_16k/Audio_Speech_Actors_01-24_16k/Actor_04/03-01-04-01-01-02-04.wav,moderate,1,actor_04,train,en,ravdess_statement_01,studio,controlled,Kids are talking by the door.,ravdess_emotion=sad; intensity=normal; repetition=02
03-01-04-01-02-01-04,C:/Project/AI-STRESS-DETECTOR/data/public/ravdess_16k/Audio_Speech_Actors_01-24_16k/Actor_04/03-01-04-01-02-01-04.wav,moderate,1,actor_04,train,en,ravdess_statement_02,studio,controlled,Dogs are sitting by the door.,ravdess_emotion=sad; intensity=normal; repetition=01
03-01-04-01-02-02-04,C:/Project/AI-STRESS-DETECTOR/data/public/ravdess_16k/Audio_Speech_Actors_01-24_16k/Actor_04/03-01-04-01-02-02-04.wav,moderate,1,actor_04,train,en,ravdess_statement_02,studio,controlled,Dogs are sitting by the door.,ravdess_emotion=sad; intensity=normal; repetition=02
03-01-04-02-01-01-04,C:/Project/AI-STRESS-DETECTOR/data/public/ravdess_16k/Audio_Speech_Actors_01-24_16k/Actor_04/03-01-04-02-01-01-04.wav,high,2,actor_04,train,en,ravdess_statement_01,studio,controlled,Kids are talking by the door.,ravdess_emotion=sad; intensity=strong; repetition=01
03-01-04-02-01-02-04,C:/Project/AI-STRESS-DETECTOR/data/public/ravdess_16k/Audio_Speech_Actors_01-24_16k/Actor_04/03-01-04-02-01-02-04.wav,high,2,actor_04,train,en,ravdess_statement_01,studio,controlled,Kids are talking by the door.,ravdess_emotion=sad; intensity=strong; repetition=02
03-01-04-02-02-01-04,C:/Project/AI-STRESS-DETECTOR/data/public/ravdess_16k/Audio_Speech_Actors_01-24_16k/Actor_04/03-01-04-02-02-01-04.wav,high,2,actor_04,train,en,ravdess_statement_02,studio,controlled,Dogs are sitting by the door.,ravdess_emotion=sad; intensity=strong; repetition=01
03-01-04-02-02-02-04,C:/Project/AI-STRESS-DETECTOR/data/public/ravdess_16k/Audio_Speech_Actors_01-24_16k/Actor_04/03-01-04-02-02-02-04.wav,high,2,actor_04,train,en,ravdess_statement_02,studio,controlled,Dogs are sitting by the door.,ravdess_emotion=sad; intensity=strong; repetition=02
03-01-05-01-01-01-04,C:/Project/AI-STRESS-DETECTOR/data/public/ravdess_16k/Audio_Speech_Actors_01-24_16k/Actor_04/03-01-05-01-01-01-04.wav,high,2,actor_04,train,en,ravdess_statement_01,studio,controlled,Kids are talking by the door.,ravdess_emotion=angry; intensity=normal; repetition=01
03-01-05-01-01-02-04,C:/Project/AI-STRESS-DETECTOR/data/public/ravdess_16k/Audio_Speech_Actors_01-24_16k/Actor_04/03-01-05-01-01-02-04.wav,high,2,actor_04,train,en,ravdess_statement_01,studio,controlled,Kids are talking by the door.,ravdess_emotion=angry; intensity=normal; repetition=02
03-01-05-01-02-01-04,C:/Project/AI-STRESS-DETECTOR/data/public/ravdess_16k/Audio_Speech_Actors_01-24_16k/Actor_04/03-01-05-01-02-01-04.wav,high,2,actor_04,train,en,ravdess_statement_02,studio,controlled,Dogs are sitting by the door.,ravdess_emotion=angry; intensity=normal; repetition=01
03-01-05-01-02-02-04,C:/Project/AI-STRESS-DETECTOR/data/public/ravdess_16k/Audio_Speech_Actors_01-24_16k/Actor_04/03-01-05-01-02-02-04.wav,high,2,actor_04,train,en,ravdess_statement_02,studio,controlled,Dogs are sitting by the door.,ravdess_emotion=angry; intensity=normal; repetition=02
03-01-05-02-01-01-04,C:/Project/AI-STRESS-DETECTOR/data/public/ravdess_16k/Audio_Speech_Actors_01-24_16k/Actor_04/03-01-05-02-01-01-04.wav,severe,3,actor_04,train,en,ravdess_statement_01,studio,controlled,Kids are talking by the door.,ravdess_emotion=angry; intensity=strong; repetition=01
03-01-05-02-01-02-04,C:/Project/AI-STRESS-DETECTOR/data/public/ravdess_16k/Audio_Speech_Actors_01-24_16k/Actor_04/03-01-05-02-01-02-04.wav,severe,3,actor_04,train,en,ravdess_statement_01,studio,controlled,Kids are talking by the door.,ravdess_emotion=angry; intensity=strong; repetition=02
03-01-05-02-02-01-04,C:/Project/AI-STRESS-DETECTOR/data/public/ravdess_16k/Audio_Speech_Actors_01-24_16k/Actor_04/03-01-05-02-02-01-04.wav,severe,3,actor_04,train,en,ravdess_statement_02,studio,controlled,Dogs are sitting by the door.,ravdess_emotion=angry; intensity=strong; repetition=01
03-01-05-02-02-02-04,C:/Project/AI-STRESS-DETECTOR/data/public/ravdess_16k/Audio_Speech_Actors_01-24_16k/Actor_04/03-01-05-02-02-02-04.wav,severe,3,actor_04,train,en,ravdess_statement_02,studio,controlled,Dogs are sitting by the door.,ravdess_emotion=angry; intensity=strong; repetition=02
03-01-06-01-01-01-04,C:/Project/AI-STRESS-DETECTOR/data/public/ravdess_16k/Audio_Speech_Actors_01-24_16k/Actor_04/03-01-06-01-01-01-04.wav,high,2,actor_04,train,en,ravdess_statement_01,studio,controlled,Kids are talking by the door.,ravdess_emotion=fearful; intensity=normal; repetition=01
03-01-06-01-01-02-04,C:/Project/AI-STRESS-DETECTOR/data/public/ravdess_16k/Audio_Speech_Actors_01-24_16k/Actor_04/03-01-06-01-01-02-04.wav,high,2,actor_04,train,en,ravdess_statement_01,studio,controlled,Kids are talking by the door.,ravdess_emotion=fearful; intensity=normal; repetition=02
03-01-06-01-02-01-04,C:/Project/AI-STRESS-DETECTOR/data/public/ravdess_16k/Audio_Speech_Actors_01-24_16k/Actor_04/03-01-06-01-02-01-04.wav,high,2,actor_04,train,en,ravdess_statement_02,studio,controlled,Dogs are sitting by the door.,ravdess_emotion=fearful; intensity=normal; repetition=01
03-01-06-01-02-02-04,C:/Project/AI-STRESS-DETECTOR/data/public/ravdess_16k/Audio_Speech_Actors_01-24_16k/Actor_04/03-01-06-01-02-02-04.wav,high,2,actor_04,train,en,ravdess_statement_02,studio,controlled,Dogs are sitting by the door.,ravdess_emotion=fearful; intensity=normal; repetition=02
03-01-06-02-01-01-04,C:/Project/AI-STRESS-DETECTOR/data/public/ravdess_16k/Audio_Speech_Actors_01-24_16k/Actor_04/03-01-06-02-01-01-04.wav,severe,3,actor_04,train,en,ravdess_statement_01,studio,controlled,Kids are talking by the door.,ravdess_emotion=fearful; intensity=strong; repetition=01
03-01-06-02-01-02-04,C:/Project/AI-STRESS-DETECTOR/data/public/ravdess_16k/Audio_Speech_Actors_01-24_16k/Actor_04/03-01-06-02-01-02-04.wav,severe,3,actor_04,train,en,ravdess_statement_01,studio,controlled,Kids are talking by the door.,ravdess_emotion=fearful; intensity=strong; repetition=02
03-01-06-02-02-01-04,C:/Project/AI-STRESS-DETECTOR/data/public/ravdess_16k/Audio_Speech_Actors_01-24_16k/Actor_04/03-01-06-02-02-01-04.wav,severe,3,actor_04,train,en,ravdess_statement_02,studio,controlled,Dogs are sitting by the door.,ravdess_emotion=fearful; intensity=strong; repetition=01
03-01-06-02-02-02-04,C:/Project/AI-STRESS-DETECTOR/data/public/ravdess_16k/Audio_Speech_Actors_01-24_16k/Actor_04/03-01-06-02-02-02-04.wav,severe,3,actor_04,train,en,ravdess_statement_02,studio,controlled,Dogs are sitting by the door.,ravdess_emotion=fearful; intensity=strong; repetition=02
03-01-07-01-01-01-04,C:/Project/AI-STRESS-DETECTOR/data/public/ravdess_16k/Audio_Speech_Actors_01-24_16k/Actor_04/03-01-07-01-01-01-04.wav,high,2,actor_04,train,en,ravdess_statement_01,studio,controlled,Kids are talking by the door.,ravdess_emotion=disgust; intensity=normal; repetition=01
03-01-07-01-01-02-04,C:/Project/AI-STRESS-DETECTOR/data/public/ravdess_16k/Audio_Speech_Actors_01-24_16k/Actor_04/03-01-07-01-01-02-04.wav,high,2,actor_04,train,en,ravdess_statement_01,studio,controlled,Kids are talking by the door.,ravdess_emotion=disgust; intensity=normal; repetition=02
03-01-07-01-02-01-04,C:/Project/AI-STRESS-DETECTOR/data/public/ravdess_16k/Audio_Speech_Actors_01-24_16k/Actor_04/03-01-07-01-02-01-04.wav,high,2,actor_04,train,en,ravdess_statement_02,studio,controlled,Dogs are sitting by the door.,ravdess_emotion=disgust; intensity=normal; repetition=01
03-01-07-01-02-02-04,C:/Project/AI-STRESS-DETECTOR/data/public/ravdess_16k/Audio_Speech_Actors_01-24_16k/Actor_04/03-01-07-01-02-02-04.wav,high,2,actor_04,train,en,ravdess_statement_02,studio,controlled,Dogs are sitting by the door.,ravdess_emotion=disgust; intensity=normal; repetition=02
03-01-07-02-01-01-04,C:/Project/AI-STRESS-DETECTOR/data/public/ravdess_16k/Audio_Speech_Actors_01-24_16k/Actor_04/03-01-07-02-01-01-04.wav,severe,3,actor_04,train,en,ravdess_statement_01,studio,controlled,Kids are talking by the door.,ravdess_emotion=disgust; intensity=strong; repetition=01
03-01-07-02-01-02-04,C:/Project/AI-STRESS-DETECTOR/data/public/ravdess_16k/Audio_Speech_Actors_01-24_16k/Actor_04/03-01-07-02-01-02-04.wav,severe,3,actor_04,train,en,ravdess_statement_01,studio,controlled,Kids are talking by the door.,ravdess_emotion=disgust; intensity=strong; repetition=02
03-01-07-02-02-01-04,C:/Project/AI-STRESS-DETECTOR/data/public/ravdess_16k/Audio_Speech_Actors_01-24_16k/Actor_04/03-01-07-02-02-01-04.wav,severe,3,actor_04,train,en,ravdess_statement_02,studio,controlled,Dogs are sitting by the door.,ravdess_emotion=disgust; intensity=strong; repetition=01
03-01-07-02-02-02-04,C:/Project/AI-STRESS-DETECTOR/data/public/ravdess_16k/Audio_Speech_Actors_01-24_16k/Actor_04/03-01-07-02-02-02-04.wav,severe,3,actor_04,train,en,ravdess_statement_02,studio,controlled,Dogs are sitting by the door.,ravdess_emotion=disgust; intensity=strong; repetition=02
03-01-08-01-01-01-04,C:/Project/AI-STRESS-DETECTOR/data/public/ravdess_16k/Audio_Speech_Actors_01-24_16k/Actor_04/03-01-08-01-01-01-04.wav,moderate,1,actor_04,train,en,ravdess_statement_01,studio,controlled,Kids are talking by the door.,ravdess_emotion=surprised; intensity=normal; repetition=01
03-01-08-01-01-02-04,C:/Project/AI-STRESS-DETECTOR/data/public/ravdess_16k/Audio_Speech_Actors_01-24_16k/Actor_04/03-01-08-01-01-02-04.wav,moderate,1,actor_04,train,en,ravdess_statement_01,studio,controlled,Kids are talking by the door.,ravdess_emotion=surprised; intensity=normal; repetition=02
03-01-08-01-02-01-04,C:/Project/AI-STRESS-DETECTOR/data/public/ravdess_16k/Audio_Speech_Actors_01-24_16k/Actor_04/03-01-08-01-02-01-04.wav,moderate,1,actor_04,train,en,ravdess_statement_02,studio,controlled,Dogs are sitting by the door.,ravdess_emotion=surprised; intensity=normal; repetition=01
03-01-08-01-02-02-04,C:/Project/AI-STRESS-DETECTOR/data/public/ravdess_16k/Audio_Speech_Actors_01-24_16k/Actor_04/03-01-08-01-02-02-04.wav,moderate,1,actor_04,train,en,ravdess_statement_02,studio,controlled,Dogs are sitting by the door.,ravdess_emotion=surprised; intensity=normal; repetition=02
03-01-08-02-01-01-04,C:/Project/AI-STRESS-DETECTOR/data/public/ravdess_16k/Audio_Speech_Actors_01-24_16k/Actor_04/03-01-08-02-01-01-04.wav,high,2,actor_04,train,en,ravdess_statement_01,studio,controlled,Kids are talking by the door.,ravdess_emotion=surprised; intensity=strong; repetition=01
03-01-08-02-01-02-04,C:/Project/AI-STRESS-DETECTOR/data/public/ravdess_16k/Audio_Speech_Actors_01-24_16k/Actor_04/03-01-08-02-01-02-04.wav,high,2,actor_04,train,en,ravdess_statement_01,studio,controlled,Kids are talking by the door.,ravdess_emotion=surprised; intensity=strong; repetition=02
03-01-08-02-02-01-04,C:/Project/AI-STRESS-DETECTOR/data/public/ravdess_16k/Audio_Speech_Actors_01-24_16k/Actor_04/03-01-08-02-02-01-04.wav,high,2,actor_04,train,en,ravdess_statement_02,studio,controlled,Dogs are sitting by the door.,ravdess_emotion=surprised; intensity=strong; repetition=01
03-01-08-02-02-02-04,C:/Project/AI-STRESS-DETECTOR/data/public/ravdess_16k/Audio_Speech_Actors_01-24_16k/Actor_04/03-01-08-02-02-02-04.wav,high,2,actor_04,train,en,ravdess_statement_02,studio,controlled,Dogs are sitting by the door.,ravdess_emotion=surprised; intensity=strong; repetition=02
03-01-01-01-01-01-05,C:/Project/AI-STRESS-DETECTOR/data/public/ravdess_16k/Audio_Speech_Actors_01-24_16k/Actor_05/03-01-01-01-01-01-05.wav,low,0,actor_05,train,en,ravdess_statement_01,studio,controlled,Kids are talking by the door.,ravdess_emotion=neutral; intensity=normal; repetition=01
03-01-01-01-01-02-05,C:/Project/AI-STRESS-DETECTOR/data/public/ravdess_16k/Audio_Speech_Actors_01-24_16k/Actor_05/03-01-01-01-01-02-05.wav,low,0,actor_05,train,en,ravdess_statement_01,studio,controlled,Kids are talking by the door.,ravdess_emotion=neutral; intensity=normal; repetition=02
03-01-01-01-02-01-05,C:/Project/AI-STRESS-DETECTOR/data/public/ravdess_16k/Audio_Speech_Actors_01-24_16k/Actor_05/03-01-01-01-02-01-05.wav,low,0,actor_05,train,en,ravdess_statement_02,studio,controlled,Dogs are sitting by the door.,ravdess_emotion=neutral; intensity=normal; repetition=01
03-01-01-01-02-02-05,C:/Project/AI-STRESS-DETECTOR/data/public/ravdess_16k/Audio_Speech_Actors_01-24_16k/Actor_05/03-01-01-01-02-02-05.wav,low,0,actor_05,train,en,ravdess_statement_02,studio,controlled,Dogs are sitting by the door.,ravdess_emotion=neutral; intensity=normal; repetition=02
03-01-02-01-01-01-05,C:/Project/AI-STRESS-DETECTOR/data/public/ravdess_16k/Audio_Speech_Actors_01-24_16k/Actor_05/03-01-02-01-01-01-05.wav,low,0,actor_05,train,en,ravdess_statement_01,studio,controlled,Kids are talking by the door.,ravdess_emotion=calm; intensity=normal; repetition=01
03-01-02-01-01-02-05,C:/Project/AI-STRESS-DETECTOR/data/public/ravdess_16k/Audio_Speech_Actors_01-24_16k/Actor_05/03-01-02-01-01-02-05.wav,low,0,actor_05,train,en,ravdess_statement_01,studio,controlled,Kids are talking by the door.,ravdess_emotion=calm; intensity=normal; repetition=02
03-01-02-01-02-01-05,C:/Project/AI-STRESS-DETECTOR/data/public/ravdess_16k/Audio_Speech_Actors_01-24_16k/Actor_05/03-01-02-01-02-01-05.wav,low,0,actor_05,train,en,ravdess_statement_02,studio,controlled,Dogs are sitting by the door.,ravdess_emotion=calm; intensity=normal; repetition=01
03-01-02-01-02-02-05,C:/Project/AI-STRESS-DETECTOR/data/public/ravdess_16k/Audio_Speech_Actors_01-24_16k/Actor_05/03-01-02-01-02-02-05.wav,low,0,actor_05,train,en,ravdess_statement_02,studio,controlled,Dogs are sitting by the door.,ravdess_emotion=calm; intensity=normal; repetition=02
03-01-02-02-01-01-05,C:/Project/AI-STRESS-DETECTOR/data/public/ravdess_16k/Audio_Speech_Actors_01-24_16k/Actor_05/03-01-02-02-01-01-05.wav,moderate,1,actor_05,train,en,ravdess_statement_01,studio,controlled,Kids are talking by the door.,ravdess_emotion=calm; intensity=strong; repetition=01
03-01-02-02-01-02-05,C:/Project/AI-STRESS-DETECTOR/data/public/ravdess_16k/Audio_Speech_Actors_01-24_16k/Actor_05/03-01-02-02-01-02-05.wav,moderate,1,actor_05,train,en,ravdess_statement_01,studio,controlled,Kids are talking by the door.,ravdess_emotion=calm; intensity=strong; repetition=02
03-01-02-02-02-01-05,C:/Project/AI-STRESS-DETECTOR/data/public/ravdess_16k/Audio_Speech_Actors_01-24_16k/Actor_05/03-01-02-02-02-01-05.wav,moderate,1,actor_05,train,en,ravdess_statement_02,studio,controlled,Dogs are sitting by the door.,ravdess_emotion=calm; intensity=strong; repetition=01
03-01-02-02-02-02-05,C:/Project/AI-STRESS-DETECTOR/data/public/ravdess_16k/Audio_Speech_Actors_01-24_16k/Actor_05/03-01-02-02-02-02-05.wav,moderate,1,actor_05,train,en,ravdess_statement_02,studio,controlled,Dogs are sitting by the door.,ravdess_emotion=calm; intensity=strong; repetition=02
03-01-03-01-01-01-05,C:/Project/AI-STRESS-DETECTOR/data/public/ravdess_16k/Audio_Speech_Actors_01-24_16k/Actor_05/03-01-03-01-01-01-05.wav,moderate,1,actor_05,train,en,ravdess_statement_01,studio,controlled,Kids are talking by the door.,ravdess_emotion=happy; intensity=normal; repetition=01
03-01-03-01-01-02-05,C:/Project/AI-STRESS-DETECTOR/data/public/ravdess_16k/Audio_Speech_Actors_01-24_16k/Actor_05/03-01-03-01-01-02-05.wav,moderate,1,actor_05,train,en,ravdess_statement_01,studio,controlled,Kids are talking by the door.,ravdess_emotion=happy; intensity=normal; repetition=02
03-01-03-01-02-01-05,C:/Project/AI-STRESS-DETECTOR/data/public/ravdess_16k/Audio_Speech_Actors_01-24_16k/Actor_05/03-01-03-01-02-01-05.wav,moderate,1,actor_05,train,en,ravdess_statement_02,studio,controlled,Dogs are sitting by the door.,ravdess_emotion=happy; intensity=normal; repetition=01
03-01-03-01-02-02-05,C:/Project/AI-STRESS-DETECTOR/data/public/ravdess_16k/Audio_Speech_Actors_01-24_16k/Actor_05/03-01-03-01-02-02-05.wav,moderate,1,actor_05,train,en,ravdess_statement_02,studio,controlled,Dogs are sitting by the door.,ravdess_emotion=happy; intensity=normal; repetition=02
03-01-03-02-01-01-05,C:/Project/AI-STRESS-DETECTOR/data/public/ravdess_16k/Audio_Speech_Actors_01-24_16k/Actor_05/03-01-03-02-01-01-05.wav,moderate,1,actor_05,train,en,ravdess_statement_01,studio,controlled,Kids are talking by the door.,ravdess_emotion=happy; intensity=strong; repetition=01
03-01-03-02-01-02-05,C:/Project/AI-STRESS-DETECTOR/data/public/ravdess_16k/Audio_Speech_Actors_01-24_16k/Actor_05/03-01-03-02-01-02-05.wav,moderate,1,actor_05,train,en,ravdess_statement_01,studio,controlled,Kids are talking by the door.,ravdess_emotion=happy; intensity=strong; repetition=02
03-01-03-02-02-01-05,C:/Project/AI-STRESS-DETECTOR/data/public/ravdess_16k/Audio_Speech_Actors_01-24_16k/Actor_05/03-01-03-02-02-01-05.wav,moderate,1,actor_05,train,en,ravdess_statement_02,studio,controlled,Dogs are sitting by the door.,ravdess_emotion=happy; intensity=strong; repetition=01
03-01-03-02-02-02-05,C:/Project/AI-STRESS-DETECTOR/data/public/ravdess_16k/Audio_Speech_Actors_01-24_16k/Actor_05/03-01-03-02-02-02-05.wav,moderate,1,actor_05,train,en,ravdess_statement_02,studio,controlled,Dogs are sitting by the door.,ravdess_emotion=happy; intensity=strong; repetition=02
03-01-04-01-01-01-05,C:/Project/AI-STRESS-DETECTOR/data/public/ravdess_16k/Audio_Speech_Actors_01-24_16k/Actor_05/03-01-04-01-01-01-05.wav,moderate,1,actor_05,train,en,ravdess_statement_01,studio,controlled,Kids are talking by the door.,ravdess_emotion=sad; intensity=normal; repetition=01
03-01-04-01-01-02-05,C:/Project/AI-STRESS-DETECTOR/data/public/ravdess_16k/Audio_Speech_Actors_01-24_16k/Actor_05/03-01-04-01-01-02-05.wav,moderate,1,actor_05,train,en,ravdess_statement_01,studio,controlled,Kids are talking by the door.,ravdess_emotion=sad; intensity=normal; repetition=02
03-01-04-01-02-01-05,C:/Project/AI-STRESS-DETECTOR/data/public/ravdess_16k/Audio_Speech_Actors_01-24_16k/Actor_05/03-01-04-01-02-01-05.wav,moderate,1,actor_05,train,en,ravdess_statement_02,studio,controlled,Dogs are sitting by the door.,ravdess_emotion=sad; intensity=normal; repetition=01
03-01-04-01-02-02-05,C:/Project/AI-STRESS-DETECTOR/data/public/ravdess_16k/Audio_Speech_Actors_01-24_16k/Actor_05/03-01-04-01-02-02-05.wav,moderate,1,actor_05,train,en,ravdess_statement_02,studio,controlled,Dogs are sitting by the door.,ravdess_emotion=sad; intensity=normal; repetition=02
03-01-04-02-01-01-05,C:/Project/AI-STRESS-DETECTOR/data/public/ravdess_16k/Audio_Speech_Actors_01-24_16k/Actor_05/03-01-04-02-01-01-05.wav,high,2,actor_05,train,en,ravdess_statement_01,studio,controlled,Kids are talking by the door.,ravdess_emotion=sad; intensity=strong; repetition=01
03-01-04-02-01-02-05,C:/Project/AI-STRESS-DETECTOR/data/public/ravdess_16k/Audio_Speech_Actors_01-24_16k/Actor_05/03-01-04-02-01-02-05.wav,high,2,actor_05,train,en,ravdess_statement_01,studio,controlled,Kids are talking by the door.,ravdess_emotion=sad; intensity=strong; repetition=02
03-01-04-02-02-01-05,C:/Project/AI-STRESS-DETECTOR/data/public/ravdess_16k/Audio_Speech_Actors_01-24_16k/Actor_05/03-01-04-02-02-01-05.wav,high,2,actor_05,train,en,ravdess_statement_02,studio,controlled,Dogs are sitting by the door.,ravdess_emotion=sad; intensity=strong; repetition=01
03-01-04-02-02-02-05,C:/Project/AI-STRESS-DETECTOR/data/public/ravdess_16k/Audio_Speech_Actors_01-24_16k/Actor_05/03-01-04-02-02-02-05.wav,high,2,actor_05,train,en,ravdess_statement_02,studio,controlled,Dogs are sitting by the door.,ravdess_emotion=sad; intensity=strong; repetition=02
03-01-05-01-01-01-05,C:/Project/AI-STRESS-DETECTOR/data/public/ravdess_16k/Audio_Speech_Actors_01-24_16k/Actor_05/03-01-05-01-01-01-05.wav,high,2,actor_05,train,en,ravdess_statement_01,studio,controlled,Kids are talking by the door.,ravdess_emotion=angry; intensity=normal; repetition=01
03-01-05-01-01-02-05,C:/Project/AI-STRESS-DETECTOR/data/public/ravdess_16k/Audio_Speech_Actors_01-24_16k/Actor_05/03-01-05-01-01-02-05.wav,high,2,actor_05,train,en,ravdess_statement_01,studio,controlled,Kids are talking by the door.,ravdess_emotion=angry; intensity=normal; repetition=02
03-01-05-01-02-01-05,C:/Project/AI-STRESS-DETECTOR/data/public/ravdess_16k/Audio_Speech_Actors_01-24_16k/Actor_05/03-01-05-01-02-01-05.wav,high,2,actor_05,train,en,ravdess_statement_02,studio,controlled,Dogs are sitting by the door.,ravdess_emotion=angry; intensity=normal; repetition=01
03-01-05-01-02-02-05,C:/Project/AI-STRESS-DETECTOR/data/public/ravdess_16k/Audio_Speech_Actors_01-24_16k/Actor_05/03-01-05-01-02-02-05.wav,high,2,actor_05,train,en,ravdess_statement_02,studio,controlled,Dogs are sitting by the door.,ravdess_emotion=angry; intensity=normal; repetition=02
03-01-05-02-01-01-05,C:/Project/AI-STRESS-DETECTOR/data/public/ravdess_16k/Audio_Speech_Actors_01-24_16k/Actor_05/03-01-05-02-01-01-05.wav,severe,3,actor_05,train,en,ravdess_statement_01,studio,controlled,Kids are talking by the door.,ravdess_emotion=angry; intensity=strong; repetition=01
03-01-05-02-01-02-05,C:/Project/AI-STRESS-DETECTOR/data/public/ravdess_16k/Audio_Speech_Actors_01-24_16k/Actor_05/03-01-05-02-01-02-05.wav,severe,3,actor_05,train,en,ravdess_statement_01,studio,controlled,Kids are talking by the door.,ravdess_emotion=angry; intensity=strong; repetition=02
03-01-05-02-02-01-05,C:/Project/AI-STRESS-DETECTOR/data/public/ravdess_16k/Audio_Speech_Actors_01-24_16k/Actor_05/03-01-05-02-02-01-05.wav,severe,3,actor_05,train,en,ravdess_statement_02,studio,controlled,Dogs are sitting by the door.,ravdess_emotion=angry; intensity=strong; repetition=01
03-01-05-02-02-02-05,C:/Project/AI-STRESS-DETECTOR/data/public/ravdess_16k/Audio_Speech_Actors_01-24_16k/Actor_05/03-01-05-02-02-02-05.wav,severe,3,actor_05,train,en,ravdess_statement_02,studio,controlled,Dogs are sitting by the door.,ravdess_emotion=angry; intensity=strong; repetition=02
03-01-06-01-01-01-05,C:/Project/AI-STRESS-DETECTOR/data/public/ravdess_16k/Audio_Speech_Actors_01-24_16k/Actor_05/03-01-06-01-01-01-05.wav,high,2,actor_05,train,en,ravdess_statement_01,studio,controlled,Kids are talking by the door.,ravdess_emotion=fearful; intensity=normal; repetition=01
03-01-06-01-01-02-05,C:/Project/AI-STRESS-DETECTOR/data/public/ravdess_16k/Audio_Speech_Actors_01-24_16k/Actor_05/03-01-06-01-01-02-05.wav,high,2,actor_05,train,en,ravdess_statement_01,studio,controlled,Kids are talking by the door.,ravdess_emotion=fearful; intensity=normal; repetition=02
03-01-06-01-02-01-05,C:/Project/AI-STRESS-DETECTOR/data/public/ravdess_16k/Audio_Speech_Actors_01-24_16k/Actor_05/03-01-06-01-02-01-05.wav,high,2,actor_05,train,en,ravdess_statement_02,studio,controlled,Dogs are sitting by the door.,ravdess_emotion=fearful; intensity=normal; repetition=01
03-01-06-01-02-02-05,C:/Project/AI-STRESS-DETECTOR/data/public/ravdess_16k/Audio_Speech_Actors_01-24_16k/Actor_05/03-01-06-01-02-02-05.wav,high,2,actor_05,train,en,ravdess_statement_02,studio,controlled,Dogs are sitting by the door.,ravdess_emotion=fearful; intensity=normal; repetition=02
03-01-06-02-01-01-05,C:/Project/AI-STRESS-DETECTOR/data/public/ravdess_16k/Audio_Speech_Actors_01-24_16k/Actor_05/03-01-06-02-01-01-05.wav,severe,3,actor_05,train,en,ravdess_statement_01,studio,controlled,Kids are talking by the door.,ravdess_emotion=fearful; intensity=strong; repetition=01
03-01-06-02-01-02-05,C:/Project/AI-STRESS-DETECTOR/data/public/ravdess_16k/Audio_Speech_Actors_01-24_16k/Actor_05/03-01-06-02-01-02-05.wav,severe,3,actor_05,train,en,ravdess_statement_01,studio,controlled,Kids are talking by the door.,ravdess_emotion=fearful; intensity=strong; repetition=02
03-01-06-02-02-01-05,C:/Project/AI-STRESS-DETECTOR/data/public/ravdess_16k/Audio_Speech_Actors_01-24_16k/Actor_05/03-01-06-02-02-01-05.wav,severe,3,actor_05,train,en,ravdess_statement_02,studio,controlled,Dogs are sitting by the door.,ravdess_emotion=fearful; intensity=strong; repetition=01
03-01-06-02-02-02-05,C:/Project/AI-STRESS-DETECTOR/data/public/ravdess_16k/Audio_Speech_Actors_01-24_16k/Actor_05/03-01-06-02-02-02-05.wav,severe,3,actor_05,train,en,ravdess_statement_02,studio,controlled,Dogs are sitting by the door.,ravdess_emotion=fearful; intensity=strong; repetition=02
03-01-07-01-01-01-05,C:/Project/AI-STRESS-DETECTOR/data/public/ravdess_16k/Audio_Speech_Actors_01-24_16k/Actor_05/03-01-07-01-01-01-05.wav,high,2,actor_05,train,en,ravdess_statement_01,studio,controlled,Kids are talking by the door.,ravdess_emotion=disgust; intensity=normal; repetition=01
03-01-07-01-01-02-05,C:/Project/AI-STRESS-DETECTOR/data/public/ravdess_16k/Audio_Speech_Actors_01-24_16k/Actor_05/03-01-07-01-01-02-05.wav,high,2,actor_05,train,en,ravdess_statement_01,studio,controlled,Kids are talking by the door.,ravdess_emotion=disgust; intensity=normal; repetition=02
03-01-07-01-02-01-05,C:/Project/AI-STRESS-DETECTOR/data/public/ravdess_16k/Audio_Speech_Actors_01-24_16k/Actor_05/03-01-07-01-02-01-05.wav,high,2,actor_05,train,en,ravdess_statement_02,studio,controlled,Dogs are sitting by the door.,ravdess_emotion=disgust; intensity=normal; repetition=01
03-01-07-01-02-02-05,C:/Project/AI-STRESS-DETECTOR/data/public/ravdess_16k/Audio_Speech_Actors_01-24_16k/Actor_05/03-01-07-01-02-02-05.wav,high,2,actor_05,train,en,ravdess_statement_02,studio,controlled,Dogs are sitting by the door.,ravdess_emotion=disgust; intensity=normal; repetition=02
03-01-07-02-01-01-05,C:/Project/AI-STRESS-DETECTOR/data/public/ravdess_16k/Audio_Speech_Actors_01-24_16k/Actor_05/03-01-07-02-01-01-05.wav,severe,3,actor_05,train,en,ravdess_statement_01,studio,controlled,Kids are talking by the door.,ravdess_emotion=disgust; intensity=strong; repetition=01
03-01-07-02-01-02-05,C:/Project/AI-STRESS-DETECTOR/data/public/ravdess_16k/Audio_Speech_Actors_01-24_16k/Actor_05/03-01-07-02-01-02-05.wav,severe,3,actor_05,train,en,ravdess_statement_01,studio,controlled,Kids are talking by the door.,ravdess_emotion=disgust; intensity=strong; repetition=02
03-01-07-02-02-01-05,C:/Project/AI-STRESS-DETECTOR/data/public/ravdess_16k/Audio_Speech_Actors_01-24_16k/Actor_05/03-01-07-02-02-01-05.wav,severe,3,actor_05,train,en,ravdess_statement_02,studio,controlled,Dogs are sitting by the door.,ravdess_emotion=disgust; intensity=strong; repetition=01
03-01-07-02-02-02-05,C:/Project/AI-STRESS-DETECTOR/data/public/ravdess_16k/Audio_Speech_Actors_01-24_16k/Actor_05/03-01-07-02-02-02-05.wav,severe,3,actor_05,train,en,ravdess_statement_02,studio,controlled,Dogs are sitting by the door.,ravdess_emotion=disgust; intensity=strong; repetition=02
03-01-08-01-01-01-05,C:/Project/AI-STRESS-DETECTOR/data/public/ravdess_16k/Audio_Speech_Actors_01-24_16k/Actor_05/03-01-08-01-01-01-05.wav,moderate,1,actor_05,train,en,ravdess_statement_01,studio,controlled,Kids are talking by the door.,ravdess_emotion=surprised; intensity=normal; repetition=01
03-01-08-01-01-02-05,C:/Project/AI-STRESS-DETECTOR/data/public/ravdess_16k/Audio_Speech_Actors_01-24_16k/Actor_05/03-01-08-01-01-02-05.wav,moderate,1,actor_05,train,en,ravdess_statement_01,studio,controlled,Kids are talking by the door.,ravdess_emotion=surprised; intensity=normal; repetition=02
03-01-08-01-02-01-05,C:/Project/AI-STRESS-DETECTOR/data/public/ravdess_16k/Audio_Speech_Actors_01-24_16k/Actor_05/03-01-08-01-02-01-05.wav,moderate,1,actor_05,train,en,ravdess_statement_02,studio,controlled,Dogs are sitting by the door.,ravdess_emotion=surprised; intensity=normal; repetition=01
03-01-08-01-02-02-05,C:/Project/AI-STRESS-DETECTOR/data/public/ravdess_16k/Audio_Speech_Actors_01-24_16k/Actor_05/03-01-08-01-02-02-05.wav,moderate,1,actor_05,train,en,ravdess_statement_02,studio,controlled,Dogs are sitting by the door.,ravdess_emotion=surprised; intensity=normal; repetition=02
03-01-08-02-01-01-05,C:/Project/AI-STRESS-DETECTOR/data/public/ravdess_16k/Audio_Speech_Actors_01-24_16k/Actor_05/03-01-08-02-01-01-05.wav,high,2,actor_05,train,en,ravdess_statement_01,studio,controlled,Kids are talking by the door.,ravdess_emotion=surprised; intensity=strong; repetition=01
03-01-08-02-01-02-05,C:/Project/AI-STRESS-DETECTOR/data/public/ravdess_16k/Audio_Speech_Actors_01-24_16k/Actor_05/03-01-08-02-01-02-05.wav,high,2,actor_05,train,en,ravdess_statement_01,studio,controlled,Kids are talking by the door.,ravdess_emotion=surprised; intensity=strong; repetition=02
03-01-08-02-02-01-05,C:/Project/AI-STRESS-DETECTOR/data/public/ravdess_16k/Audio_Speech_Actors_01-24_16k/Actor_05/03-01-08-02-02-01-05.wav,high,2,actor_05,train,en,ravdess_statement_02,studio,controlled,Dogs are sitting by the door.,ravdess_emotion=surprised; intensity=strong; repetition=01
03-01-08-02-02-02-05,C:/Project/AI-STRESS-DETECTOR/data/public/ravdess_16k/Audio_Speech_Actors_01-24_16k/Actor_05/03-01-08-02-02-02-05.wav,high,2,actor_05,train,en,ravdess_statement_02,studio,controlled,Dogs are sitting by the door.,ravdess_emotion=surprised; intensity=strong; repetition=02
03-01-01-01-01-01-06,C:/Project/AI-STRESS-DETECTOR/data/public/ravdess_16k/Audio_Speech_Actors_01-24_16k/Actor_06/03-01-01-01-01-01-06.wav,low,0,actor_06,train,en,ravdess_statement_01,studio,controlled,Kids are talking by the door.,ravdess_emotion=neutral; intensity=normal; repetition=01
03-01-01-01-01-02-06,C:/Project/AI-STRESS-DETECTOR/data/public/ravdess_16k/Audio_Speech_Actors_01-24_16k/Actor_06/03-01-01-01-01-02-06.wav,low,0,actor_06,train,en,ravdess_statement_01,studio,controlled,Kids are talking by the door.,ravdess_emotion=neutral; intensity=normal; repetition=02
03-01-01-01-02-01-06,C:/Project/AI-STRESS-DETECTOR/data/public/ravdess_16k/Audio_Speech_Actors_01-24_16k/Actor_06/03-01-01-01-02-01-06.wav,low,0,actor_06,train,en,ravdess_statement_02,studio,controlled,Dogs are sitting by the door.,ravdess_emotion=neutral; intensity=normal; repetition=01
03-01-01-01-02-02-06,C:/Project/AI-STRESS-DETECTOR/data/public/ravdess_16k/Audio_Speech_Actors_01-24_16k/Actor_06/03-01-01-01-02-02-06.wav,low,0,actor_06,train,en,ravdess_statement_02,studio,controlled,Dogs are sitting by the door.,ravdess_emotion=neutral; intensity=normal; repetition=02
03-01-02-01-01-01-06,C:/Project/AI-STRESS-DETECTOR/data/public/ravdess_16k/Audio_Speech_Actors_01-24_16k/Actor_06/03-01-02-01-01-01-06.wav,low,0,actor_06,train,en,ravdess_statement_01,studio,controlled,Kids are talking by the door.,ravdess_emotion=calm; intensity=normal; repetition=01
03-01-02-01-01-02-06,C:/Project/AI-STRESS-DETECTOR/data/public/ravdess_16k/Audio_Speech_Actors_01-24_16k/Actor_06/03-01-02-01-01-02-06.wav,low,0,actor_06,train,en,ravdess_statement_01,studio,controlled,Kids are talking by the door.,ravdess_emotion=calm; intensity=normal; repetition=02
03-01-02-01-02-01-06,C:/Project/AI-STRESS-DETECTOR/data/public/ravdess_16k/Audio_Speech_Actors_01-24_16k/Actor_06/03-01-02-01-02-01-06.wav,low,0,actor_06,train,en,ravdess_statement_02,studio,controlled,Dogs are sitting by the door.,ravdess_emotion=calm; intensity=normal; repetition=01
03-01-02-01-02-02-06,C:/Project/AI-STRESS-DETECTOR/data/public/ravdess_16k/Audio_Speech_Actors_01-24_16k/Actor_06/03-01-02-01-02-02-06.wav,low,0,actor_06,train,en,ravdess_statement_02,studio,controlled,Dogs are sitting by the door.,ravdess_emotion=calm; intensity=normal; repetition=02
03-01-02-02-01-01-06,C:/Project/AI-STRESS-DETECTOR/data/public/ravdess_16k/Audio_Speech_Actors_01-24_16k/Actor_06/03-01-02-02-01-01-06.wav,moderate,1,actor_06,train,en,ravdess_statement_01,studio,controlled,Kids are talking by the door.,ravdess_emotion=calm; intensity=strong; repetition=01
03-01-02-02-01-02-06,C:/Project/AI-STRESS-DETECTOR/data/public/ravdess_16k/Audio_Speech_Actors_01-24_16k/Actor_06/03-01-02-02-01-02-06.wav,moderate,1,actor_06,train,en,ravdess_statement_01,studio,controlled,Kids are talking by the door.,ravdess_emotion=calm; intensity=strong; repetition=02
03-01-02-02-02-01-06,C:/Project/AI-STRESS-DETECTOR/data/public/ravdess_16k/Audio_Speech_Actors_01-24_16k/Actor_06/03-01-02-02-02-01-06.wav,moderate,1,actor_06,train,en,ravdess_statement_02,studio,controlled,Dogs are sitting by the door.,ravdess_emotion=calm; intensity=strong; repetition=01
03-01-02-02-02-02-06,C:/Project/AI-STRESS-DETECTOR/data/public/ravdess_16k/Audio_Speech_Actors_01-24_16k/Actor_06/03-01-02-02-02-02-06.wav,moderate,1,actor_06,train,en,ravdess_statement_02,studio,controlled,Dogs are sitting by the door.,ravdess_emotion=calm; intensity=strong; repetition=02
03-01-03-01-01-01-06,C:/Project/AI-STRESS-DETECTOR/data/public/ravdess_16k/Audio_Speech_Actors_01-24_16k/Actor_06/03-01-03-01-01-01-06.wav,moderate,1,actor_06,train,en,ravdess_statement_01,studio,controlled,Kids are talking by the door.,ravdess_emotion=happy; intensity=normal; repetition=01
03-01-03-01-01-02-06,C:/Project/AI-STRESS-DETECTOR/data/public/ravdess_16k/Audio_Speech_Actors_01-24_16k/Actor_06/03-01-03-01-01-02-06.wav,moderate,1,actor_06,train,en,ravdess_statement_01,studio,controlled,Kids are talking by the door.,ravdess_emotion=happy; intensity=normal; repetition=02
03-01-03-01-02-01-06,C:/Project/AI-STRESS-DETECTOR/data/public/ravdess_16k/Audio_Speech_Actors_01-24_16k/Actor_06/03-01-03-01-02-01-06.wav,moderate,1,actor_06,train,en,ravdess_statement_02,studio,controlled,Dogs are sitting by the door.,ravdess_emotion=happy; intensity=normal; repetition=01
03-01-03-01-02-02-06,C:/Project/AI-STRESS-DETECTOR/data/public/ravdess_16k/Audio_Speech_Actors_01-24_16k/Actor_06/03-01-03-01-02-02-06.wav,moderate,1,actor_06,train,en,ravdess_statement_02,studio,controlled,Dogs are sitting by the door.,ravdess_emotion=happy; intensity=normal; repetition=02
03-01-03-02-01-01-06,C:/Project/AI-STRESS-DETECTOR/data/public/ravdess_16k/Audio_Speech_Actors_01-24_16k/Actor_06/03-01-03-02-01-01-06.wav,moderate,1,actor_06,train,en,ravdess_statement_01,studio,controlled,Kids are talking by the door.,ravdess_emotion=happy; intensity=strong; repetition=01
03-01-03-02-01-02-06,C:/Project/AI-STRESS-DETECTOR/data/public/ravdess_16k/Audio_Speech_Actors_01-24_16k/Actor_06/03-01-03-02-01-02-06.wav,moderate,1,actor_06,train,en,ravdess_statement_01,studio,controlled,Kids are talking by the door.,ravdess_emotion=happy; intensity=strong; repetition=02
03-01-03-02-02-01-06,C:/Project/AI-STRESS-DETECTOR/data/public/ravdess_16k/Audio_Speech_Actors_01-24_16k/Actor_06/03-01-03-02-02-01-06.wav,moderate,1,actor_06,train,en,ravdess_statement_02,studio,controlled,Dogs are sitting by the door.,ravdess_emotion=happy; intensity=strong; repetition=01
03-01-03-02-02-02-06,C:/Project/AI-STRESS-DETECTOR/data/public/ravdess_16k/Audio_Speech_Actors_01-24_16k/Actor_06/03-01-03-02-02-02-06.wav,moderate,1,actor_06,train,en,ravdess_statement_02,studio,controlled,Dogs are sitting by the door.,ravdess_emotion=happy; intensity=strong; repetition=02
03-01-04-01-01-01-06,C:/Project/AI-STRESS-DETECTOR/data/public/ravdess_16k/Audio_Speech_Actors_01-24_16k/Actor_06/03-01-04-01-01-01-06.wav,moderate,1,actor_06,train,en,ravdess_statement_01,studio,controlled,Kids are talking by the door.,ravdess_emotion=sad; intensity=normal; repetition=01
03-01-04-01-01-02-06,C:/Project/AI-STRESS-DETECTOR/data/public/ravdess_16k/Audio_Speech_Actors_01-24_16k/Actor_06/03-01-04-01-01-02-06.wav,moderate,1,actor_06,train,en,ravdess_statement_01,studio,controlled,Kids are talking by the door.,ravdess_emotion=sad; intensity=normal; repetition=02
03-01-04-01-02-01-06,C:/Project/AI-STRESS-DETECTOR/data/public/ravdess_16k/Audio_Speech_Actors_01-24_16k/Actor_06/03-01-04-01-02-01-06.wav,moderate,1,actor_06,train,en,ravdess_statement_02,studio,controlled,Dogs are sitting by the door.,ravdess_emotion=sad; intensity=normal; repetition=01
03-01-04-01-02-02-06,C:/Project/AI-STRESS-DETECTOR/data/public/ravdess_16k/Audio_Speech_Actors_01-24_16k/Actor_06/03-01-04-01-02-02-06.wav,moderate,1,actor_06,train,en,ravdess_statement_02,studio,controlled,Dogs are sitting by the door.,ravdess_emotion=sad; intensity=normal; repetition=02
03-01-04-02-01-01-06,C:/Project/AI-STRESS-DETECTOR/data/public/ravdess_16k/Audio_Speech_Actors_01-24_16k/Actor_06/03-01-04-02-01-01-06.wav,high,2,actor_06,train,en,ravdess_statement_01,studio,controlled,Kids are talking by the door.,ravdess_emotion=sad; intensity=strong; repetition=01
03-01-04-02-01-02-06,C:/Project/AI-STRESS-DETECTOR/data/public/ravdess_16k/Audio_Speech_Actors_01-24_16k/Actor_06/03-01-04-02-01-02-06.wav,high,2,actor_06,train,en,ravdess_statement_01,studio,controlled,Kids are talking by the door.,ravdess_emotion=sad; intensity=strong; repetition=02
03-01-04-02-02-01-06,C:/Project/AI-STRESS-DETECTOR/data/public/ravdess_16k/Audio_Speech_Actors_01-24_16k/Actor_06/03-01-04-02-02-01-06.wav,high,2,actor_06,train,en,ravdess_statement_02,studio,controlled,Dogs are sitting by the door.,ravdess_emotion=sad; intensity=strong; repetition=01
03-01-04-02-02-02-06,C:/Project/AI-STRESS-DETECTOR/data/public/ravdess_16k/Audio_Speech_Actors_01-24_16k/Actor_06/03-01-04-02-02-02-06.wav,high,2,actor_06,train,en,ravdess_statement_02,studio,controlled,Dogs are sitting by the door.,ravdess_emotion=sad; intensity=strong; repetition=02
03-01-05-01-01-01-06,C:/Project/AI-STRESS-DETECTOR/data/public/ravdess_16k/Audio_Speech_Actors_01-24_16k/Actor_06/03-01-05-01-01-01-06.wav,high,2,actor_06,train,en,ravdess_statement_01,studio,controlled,Kids are talking by the door.,ravdess_emotion=angry; intensity=normal; repetition=01
03-01-05-01-01-02-06,C:/Project/AI-STRESS-DETECTOR/data/public/ravdess_16k/Audio_Speech_Actors_01-24_16k/Actor_06/03-01-05-01-01-02-06.wav,high,2,actor_06,train,en,ravdess_statement_01,studio,controlled,Kids are talking by the door.,ravdess_emotion=angry; intensity=normal; repetition=02
03-01-05-01-02-01-06,C:/Project/AI-STRESS-DETECTOR/data/public/ravdess_16k/Audio_Speech_Actors_01-24_16k/Actor_06/03-01-05-01-02-01-06.wav,high,2,actor_06,train,en,ravdess_statement_02,studio,controlled,Dogs are sitting by the door.,ravdess_emotion=angry; intensity=normal; repetition=01
03-01-05-01-02-02-06,C:/Project/AI-STRESS-DETECTOR/data/public/ravdess_16k/Audio_Speech_Actors_01-24_16k/Actor_06/03-01-05-01-02-02-06.wav,high,2,actor_06,train,en,ravdess_statement_02,studio,controlled,Dogs are sitting by the door.,ravdess_emotion=angry; intensity=normal; repetition=02
03-01-05-02-01-01-06,C:/Project/AI-STRESS-DETECTOR/data/public/ravdess_16k/Audio_Speech_Actors_01-24_16k/Actor_06/03-01-05-02-01-01-06.wav,severe,3,actor_06,train,en,ravdess_statement_01,studio,controlled,Kids are talking by the door.,ravdess_emotion=angry; intensity=strong; repetition=01
03-01-05-02-01-02-06,C:/Project/AI-STRESS-DETECTOR/data/public/ravdess_16k/Audio_Speech_Actors_01-24_16k/Actor_06/03-01-05-02-01-02-06.wav,severe,3,actor_06,train,en,ravdess_statement_01,studio,controlled,Kids are talking by the door.,ravdess_emotion=angry; intensity=strong; repetition=02
03-01-05-02-02-01-06,C:/Project/AI-STRESS-DETECTOR/data/public/ravdess_16k/Audio_Speech_Actors_01-24_16k/Actor_06/03-01-05-02-02-01-06.wav,severe,3,actor_06,train,en,ravdess_statement_02,studio,controlled,Dogs are sitting by the door.,ravdess_emotion=angry; intensity=strong; repetition=01
03-01-05-02-02-02-06,C:/Project/AI-STRESS-DETECTOR/data/public/ravdess_16k/Audio_Speech_Actors_01-24_16k/Actor_06/03-01-05-02-02-02-06.wav,severe,3,actor_06,train,en,ravdess_statement_02,studio,controlled,Dogs are sitting by the door.,ravdess_emotion=angry; intensity=strong; repetition=02
03-01-06-01-01-01-06,C:/Project/AI-STRESS-DETECTOR/data/public/ravdess_16k/Audio_Speech_Actors_01-24_16k/Actor_06/03-01-06-01-01-01-06.wav,high,2,actor_06,train,en,ravdess_statement_01,studio,controlled,Kids are talking by the door.,ravdess_emotion=fearful; intensity=normal; repetition=01
03-01-06-01-01-02-06,C:/Project/AI-STRESS-DETECTOR/data/public/ravdess_16k/Audio_Speech_Actors_01-24_16k/Actor_06/03-01-06-01-01-02-06.wav,high,2,actor_06,train,en,ravdess_statement_01,studio,controlled,Kids are talking by the door.,ravdess_emotion=fearful; intensity=normal; repetition=02
03-01-06-01-02-01-06,C:/Project/AI-STRESS-DETECTOR/data/public/ravdess_16k/Audio_Speech_Actors_01-24_16k/Actor_06/03-01-06-01-02-01-06.wav,high,2,actor_06,train,en,ravdess_statement_02,studio,controlled,Dogs are sitting by the door.,ravdess_emotion=fearful; intensity=normal; repetition=01
03-01-06-01-02-02-06,C:/Project/AI-STRESS-DETECTOR/data/public/ravdess_16k/Audio_Speech_Actors_01-24_16k/Actor_06/03-01-06-01-02-02-06.wav,high,2,actor_06,train,en,ravdess_statement_02,studio,controlled,Dogs are sitting by the door.,ravdess_emotion=fearful; intensity=normal; repetition=02
03-01-06-02-01-01-06,C:/Project/AI-STRESS-DETECTOR/data/public/ravdess_16k/Audio_Speech_Actors_01-24_16k/Actor_06/03-01-06-02-01-01-06.wav,severe,3,actor_06,train,en,ravdess_statement_01,studio,controlled,Kids are talking by the door.,ravdess_emotion=fearful; intensity=strong; repetition=01
03-01-06-02-01-02-06,C:/Project/AI-STRESS-DETECTOR/data/public/ravdess_16k/Audio_Speech_Actors_01-24_16k/Actor_06/03-01-06-02-01-02-06.wav,severe,3,actor_06,train,en,ravdess_statement_01,studio,controlled,Kids are talking by the door.,ravdess_emotion=fearful; intensity=strong; repetition=02
03-01-06-02-02-01-06,C:/Project/AI-STRESS-DETECTOR/data/public/ravdess_16k/Audio_Speech_Actors_01-24_16k/Actor_06/03-01-06-02-02-01-06.wav,severe,3,actor_06,train,en,ravdess_statement_02,studio,controlled,Dogs are sitting by the door.,ravdess_emotion=fearful; intensity=strong; repetition=01
03-01-06-02-02-02-06,C:/Project/AI-STRESS-DETECTOR/data/public/ravdess_16k/Audio_Speech_Actors_01-24_16k/Actor_06/03-01-06-02-02-02-06.wav,severe,3,actor_06,train,en,ravdess_statement_02,studio,controlled,Dogs are sitting by the door.,ravdess_emotion=fearful; intensity=strong; repetition=02
03-01-07-01-01-01-06,C:/Project/AI-STRESS-DETECTOR/data/public/ravdess_16k/Audio_Speech_Actors_01-24_16k/Actor_06/03-01-07-01-01-01-06.wav,high,2,actor_06,train,en,ravdess_statement_01,studio,controlled,Kids are talking by the door.,ravdess_emotion=disgust; intensity=normal; repetition=01
03-01-07-01-01-02-06,C:/Project/AI-STRESS-DETECTOR/data/public/ravdess_16k/Audio_Speech_Actors_01-24_16k/Actor_06/03-01-07-01-01-02-06.wav,high,2,actor_06,train,en,ravdess_statement_01,studio,controlled,Kids are talking by the door.,ravdess_emotion=disgust; intensity=normal; repetition=02
03-01-07-01-02-01-06,C:/Project/AI-STRESS-DETECTOR/data/public/ravdess_16k/Audio_Speech_Actors_01-24_16k/Actor_06/03-01-07-01-02-01-06.wav,high,2,actor_06,train,en,ravdess_statement_02,studio,controlled,Dogs are sitting by the door.,ravdess_emotion=disgust; intensity=normal; repetition=01
03-01-07-01-02-02-06,C:/Project/AI-STRESS-DETECTOR/data/public/ravdess_16k/Audio_Speech_Actors_01-24_16k/Actor_06/03-01-07-01-02-02-06.wav,high,2,actor_06,train,en,ravdess_statement_02,studio,controlled,Dogs are sitting by the door.,ravdess_emotion=disgust; intensity=normal; repetition=02
03-01-07-02-01-01-06,C:/Project/AI-STRESS-DETECTOR/data/public/ravdess_16k/Audio_Speech_Actors_01-24_16k/Actor_06/03-01-07-02-01-01-06.wav,severe,3,actor_06,train,en,ravdess_statement_01,studio,controlled,Kids are talking by the door.,ravdess_emotion=disgust; intensity=strong; repetition=01
03-01-07-02-01-02-06,C:/Project/AI-STRESS-DETECTOR/data/public/ravdess_16k/Audio_Speech_Actors_01-24_16k/Actor_06/03-01-07-02-01-02-06.wav,severe,3,actor_06,train,en,ravdess_statement_01,studio,controlled,Kids are talking by the door.,ravdess_emotion=disgust; intensity=strong; repetition=02
03-01-07-02-02-01-06,C:/Project/AI-STRESS-DETECTOR/data/public/ravdess_16k/Audio_Speech_Actors_01-24_16k/Actor_06/03-01-07-02-02-01-06.wav,severe,3,actor_06,train,en,ravdess_statement_02,studio,controlled,Dogs are sitting by the door.,ravdess_emotion=disgust; intensity=strong; repetition=01
03-01-07-02-02-02-06,C:/Project/AI-STRESS-DETECTOR/data/public/ravdess_16k/Audio_Speech_Actors_01-24_16k/Actor_06/03-01-07-02-02-02-06.wav,severe,3,actor_06,train,en,ravdess_statement_02,studio,controlled,Dogs are sitting by the door.,ravdess_emotion=disgust; intensity=strong; repetition=02
03-01-08-01-01-01-06,C:/Project/AI-STRESS-DETECTOR/data/public/ravdess_16k/Audio_Speech_Actors_01-24_16k/Actor_06/03-01-08-01-01-01-06.wav,moderate,1,actor_06,train,en,ravdess_statement_01,studio,controlled,Kids are talking by the door.,ravdess_emotion=surprised; intensity=normal; repetition=01
03-01-08-01-01-02-06,C:/Project/AI-STRESS-DETECTOR/data/public/ravdess_16k/Audio_Speech_Actors_01-24_16k/Actor_06/03-01-08-01-01-02-06.wav,moderate,1,actor_06,train,en,ravdess_statement_01,studio,controlled,Kids are talking by the door.,ravdess_emotion=surprised; intensity=normal; repetition=02
03-01-08-01-02-01-06,C:/Project/AI-STRESS-DETECTOR/data/public/ravdess_16k/Audio_Speech_Actors_01-24_16k/Actor_06/03-01-08-01-02-01-06.wav,moderate,1,actor_06,train,en,ravdess_statement_02,studio,controlled,Dogs are sitting by the door.,ravdess_emotion=surprised; intensity=normal; repetition=01
03-01-08-01-02-02-06,C:/Project/AI-STRESS-DETECTOR/data/public/ravdess_16k/Audio_Speech_Actors_01-24_16k/Actor_06/03-01-08-01-02-02-06.wav,moderate,1,actor_06,train,en,ravdess_statement_02,studio,controlled,Dogs are sitting by the door.,ravdess_emotion=surprised; intensity=normal; repetition=02
03-01-08-02-01-01-06,C:/Project/AI-STRESS-DETECTOR/data/public/ravdess_16k/Audio_Speech_Actors_01-24_16k/Actor_06/03-01-08-02-01-01-06.wav,high,2,actor_06,train,en,ravdess_statement_01,studio,controlled,Kids are talking by the door.,ravdess_emotion=surprised; intensity=strong; repetition=01
03-01-08-02-01-02-06,C:/Project/AI-STRESS-DETECTOR/data/public/ravdess_16k/Audio_Speech_Actors_01-24_16k/Actor_06/03-01-08-02-01-02-06.wav,high,2,actor_06,train,en,ravdess_statement_01,studio,controlled,Kids are talking by the door.,ravdess_emotion=surprised; intensity=strong; repetition=02
03-01-08-02-02-01-06,C:/Project/AI-STRESS-DETECTOR/data/public/ravdess_16k/Audio_Speech_Actors_01-24_16k/Actor_06/03-01-08-02-02-01-06.wav,high,2,actor_06,train,en,ravdess_statement_02,studio,controlled,Dogs are sitting by the door.,ravdess_emotion=surprised; intensity=strong; repetition=01
03-01-08-02-02-02-06,C:/Project/AI-STRESS-DETECTOR/data/public/ravdess_16k/Audio_Speech_Actors_01-24_16k/Actor_06/03-01-08-02-02-02-06.wav,high,2,actor_06,train,en,ravdess_statement_02,studio,controlled,Dogs are sitting by the door.,ravdess_emotion=surprised; intensity=strong; repetition=02
03-01-01-01-01-01-07,C:/Project/AI-STRESS-DETECTOR/data/public/ravdess_16k/Audio_Speech_Actors_01-24_16k/Actor_07/03-01-01-01-01-01-07.wav,low,0,actor_07,train,en,ravdess_statement_01,studio,controlled,Kids are talking by the door.,ravdess_emotion=neutral; intensity=normal; repetition=01
03-01-01-01-01-02-07,C:/Project/AI-STRESS-DETECTOR/data/public/ravdess_16k/Audio_Speech_Actors_01-24_16k/Actor_07/03-01-01-01-01-02-07.wav,low,0,actor_07,train,en,ravdess_statement_01,studio,controlled,Kids are talking by the door.,ravdess_emotion=neutral; intensity=normal; repetition=02
03-01-01-01-02-01-07,C:/Project/AI-STRESS-DETECTOR/data/public/ravdess_16k/Audio_Speech_Actors_01-24_16k/Actor_07/03-01-01-01-02-01-07.wav,low,0,actor_07,train,en,ravdess_statement_02,studio,controlled,Dogs are sitting by the door.,ravdess_emotion=neutral; intensity=normal; repetition=01
03-01-01-01-02-02-07,C:/Project/AI-STRESS-DETECTOR/data/public/ravdess_16k/Audio_Speech_Actors_01-24_16k/Actor_07/03-01-01-01-02-02-07.wav,low,0,actor_07,train,en,ravdess_statement_02,studio,controlled,Dogs are sitting by the door.,ravdess_emotion=neutral; intensity=normal; repetition=02
03-01-02-01-01-01-07,C:/Project/AI-STRESS-DETECTOR/data/public/ravdess_16k/Audio_Speech_Actors_01-24_16k/Actor_07/03-01-02-01-01-01-07.wav,low,0,actor_07,train,en,ravdess_statement_01,studio,controlled,Kids are talking by the door.,ravdess_emotion=calm; intensity=normal; repetition=01
03-01-02-01-01-02-07,C:/Project/AI-STRESS-DETECTOR/data/public/ravdess_16k/Audio_Speech_Actors_01-24_16k/Actor_07/03-01-02-01-01-02-07.wav,low,0,actor_07,train,en,ravdess_statement_01,studio,controlled,Kids are talking by the door.,ravdess_emotion=calm; intensity=normal; repetition=02
03-01-02-01-02-01-07,C:/Project/AI-STRESS-DETECTOR/data/public/ravdess_16k/Audio_Speech_Actors_01-24_16k/Actor_07/03-01-02-01-02-01-07.wav,low,0,actor_07,train,en,ravdess_statement_02,studio,controlled,Dogs are sitting by the door.,ravdess_emotion=calm; intensity=normal; repetition=01
03-01-02-01-02-02-07,C:/Project/AI-STRESS-DETECTOR/data/public/ravdess_16k/Audio_Speech_Actors_01-24_16k/Actor_07/03-01-02-01-02-02-07.wav,low,0,actor_07,train,en,ravdess_statement_02,studio,controlled,Dogs are sitting by the door.,ravdess_emotion=calm; intensity=normal; repetition=02
03-01-02-02-01-01-07,C:/Project/AI-STRESS-DETECTOR/data/public/ravdess_16k/Audio_Speech_Actors_01-24_16k/Actor_07/03-01-02-02-01-01-07.wav,moderate,1,actor_07,train,en,ravdess_statement_01,studio,controlled,Kids are talking by the door.,ravdess_emotion=calm; intensity=strong; repetition=01
03-01-02-02-01-02-07,C:/Project/AI-STRESS-DETECTOR/data/public/ravdess_16k/Audio_Speech_Actors_01-24_16k/Actor_07/03-01-02-02-01-02-07.wav,moderate,1,actor_07,train,en,ravdess_statement_01,studio,controlled,Kids are talking by the door.,ravdess_emotion=calm; intensity=strong; repetition=02
03-01-02-02-02-01-07,C:/Project/AI-STRESS-DETECTOR/data/public/ravdess_16k/Audio_Speech_Actors_01-24_16k/Actor_07/03-01-02-02-02-01-07.wav,moderate,1,actor_07,train,en,ravdess_statement_02,studio,controlled,Dogs are sitting by the door.,ravdess_emotion=calm; intensity=strong; repetition=01
03-01-02-02-02-02-07,C:/Project/AI-STRESS-DETECTOR/data/public/ravdess_16k/Audio_Speech_Actors_01-24_16k/Actor_07/03-01-02-02-02-02-07.wav,moderate,1,actor_07,train,en,ravdess_statement_02,studio,controlled,Dogs are sitting by the door.,ravdess_emotion=calm; intensity=strong; repetition=02
03-01-03-01-01-01-07,C:/Project/AI-STRESS-DETECTOR/data/public/ravdess_16k/Audio_Speech_Actors_01-24_16k/Actor_07/03-01-03-01-01-01-07.wav,moderate,1,actor_07,train,en,ravdess_statement_01,studio,controlled,Kids are talking by the door.,ravdess_emotion=happy; intensity=normal; repetition=01
03-01-03-01-01-02-07,C:/Project/AI-STRESS-DETECTOR/data/public/ravdess_16k/Audio_Speech_Actors_01-24_16k/Actor_07/03-01-03-01-01-02-07.wav,moderate,1,actor_07,train,en,ravdess_statement_01,studio,controlled,Kids are talking by the door.,ravdess_emotion=happy; intensity=normal; repetition=02
03-01-03-01-02-01-07,C:/Project/AI-STRESS-DETECTOR/data/public/ravdess_16k/Audio_Speech_Actors_01-24_16k/Actor_07/03-01-03-01-02-01-07.wav,moderate,1,actor_07,train,en,ravdess_statement_02,studio,controlled,Dogs are sitting by the door.,ravdess_emotion=happy; intensity=normal; repetition=01
03-01-03-01-02-02-07,C:/Project/AI-STRESS-DETECTOR/data/public/ravdess_16k/Audio_Speech_Actors_01-24_16k/Actor_07/03-01-03-01-02-02-07.wav,moderate,1,actor_07,train,en,ravdess_statement_02,studio,controlled,Dogs are sitting by the door.,ravdess_emotion=happy; intensity=normal; repetition=02
03-01-03-02-01-01-07,C:/Project/AI-STRESS-DETECTOR/data/public/ravdess_16k/Audio_Speech_Actors_01-24_16k/Actor_07/03-01-03-02-01-01-07.wav,moderate,1,actor_07,train,en,ravdess_statement_01,studio,controlled,Kids are talking by the door.,ravdess_emotion=happy; intensity=strong; repetition=01
03-01-03-02-01-02-07,C:/Project/AI-STRESS-DETECTOR/data/public/ravdess_16k/Audio_Speech_Actors_01-24_16k/Actor_07/03-01-03-02-01-02-07.wav,moderate,1,actor_07,train,en,ravdess_statement_01,studio,controlled,Kids are talking by the door.,ravdess_emotion=happy; intensity=strong; repetition=02
03-01-03-02-02-01-07,C:/Project/AI-STRESS-DETECTOR/data/public/ravdess_16k/Audio_Speech_Actors_01-24_16k/Actor_07/03-01-03-02-02-01-07.wav,moderate,1,actor_07,train,en,ravdess_statement_02,studio,controlled,Dogs are sitting by the door.,ravdess_emotion=happy; intensity=strong; repetition=01
03-01-03-02-02-02-07,C:/Project/AI-STRESS-DETECTOR/data/public/ravdess_16k/Audio_Speech_Actors_01-24_16k/Actor_07/03-01-03-02-02-02-07.wav,moderate,1,actor_07,train,en,ravdess_statement_02,studio,controlled,Dogs are sitting by the door.,ravdess_emotion=happy; intensity=strong; repetition=02
03-01-04-01-01-01-07,C:/Project/AI-STRESS-DETECTOR/data/public/ravdess_16k/Audio_Speech_Actors_01-24_16k/Actor_07/03-01-04-01-01-01-07.wav,moderate,1,actor_07,train,en,ravdess_statement_01,studio,controlled,Kids are talking by the door.,ravdess_emotion=sad; intensity=normal; repetition=01
03-01-04-01-01-02-07,C:/Project/AI-STRESS-DETECTOR/data/public/ravdess_16k/Audio_Speech_Actors_01-24_16k/Actor_07/03-01-04-01-01-02-07.wav,moderate,1,actor_07,train,en,ravdess_statement_01,studio,controlled,Kids are talking by the door.,ravdess_emotion=sad; intensity=normal; repetition=02
03-01-04-01-02-01-07,C:/Project/AI-STRESS-DETECTOR/data/public/ravdess_16k/Audio_Speech_Actors_01-24_16k/Actor_07/03-01-04-01-02-01-07.wav,moderate,1,actor_07,train,en,ravdess_statement_02,studio,controlled,Dogs are sitting by the door.,ravdess_emotion=sad; intensity=normal; repetition=01
03-01-04-01-02-02-07,C:/Project/AI-STRESS-DETECTOR/data/public/ravdess_16k/Audio_Speech_Actors_01-24_16k/Actor_07/03-01-04-01-02-02-07.wav,moderate,1,actor_07,train,en,ravdess_statement_02,studio,controlled,Dogs are sitting by the door.,ravdess_emotion=sad; intensity=normal; repetition=02
03-01-04-02-01-01-07,C:/Project/AI-STRESS-DETECTOR/data/public/ravdess_16k/Audio_Speech_Actors_01-24_16k/Actor_07/03-01-04-02-01-01-07.wav,high,2,actor_07,train,en,ravdess_statement_01,studio,controlled,Kids are talking by the door.,ravdess_emotion=sad; intensity=strong; repetition=01
03-01-04-02-01-02-07,C:/Project/AI-STRESS-DETECTOR/data/public/ravdess_16k/Audio_Speech_Actors_01-24_16k/Actor_07/03-01-04-02-01-02-07.wav,high,2,actor_07,train,en,ravdess_statement_01,studio,controlled,Kids are talking by the door.,ravdess_emotion=sad; intensity=strong; repetition=02
03-01-04-02-02-01-07,C:/Project/AI-STRESS-DETECTOR/data/public/ravdess_16k/Audio_Speech_Actors_01-24_16k/Actor_07/03-01-04-02-02-01-07.wav,high,2,actor_07,train,en,ravdess_statement_02,studio,controlled,Dogs are sitting by the door.,ravdess_emotion=sad; intensity=strong; repetition=01
03-01-04-02-02-02-07,C:/Project/AI-STRESS-DETECTOR/data/public/ravdess_16k/Audio_Speech_Actors_01-24_16k/Actor_07/03-01-04-02-02-02-07.wav,high,2,actor_07,train,en,ravdess_statement_02,studio,controlled,Dogs are sitting by the door.,ravdess_emotion=sad; intensity=strong; repetition=02
03-01-05-01-01-01-07,C:/Project/AI-STRESS-DETECTOR/data/public/ravdess_16k/Audio_Speech_Actors_01-24_16k/Actor_07/03-01-05-01-01-01-07.wav,high,2,actor_07,train,en,ravdess_statement_01,studio,controlled,Kids are talking by the door.,ravdess_emotion=angry; intensity=normal; repetition=01
03-01-05-01-01-02-07,C:/Project/AI-STRESS-DETECTOR/data/public/ravdess_16k/Audio_Speech_Actors_01-24_16k/Actor_07/03-01-05-01-01-02-07.wav,high,2,actor_07,train,en,ravdess_statement_01,studio,controlled,Kids are talking by the door.,ravdess_emotion=angry; intensity=normal; repetition=02
03-01-05-01-02-01-07,C:/Project/AI-STRESS-DETECTOR/data/public/ravdess_16k/Audio_Speech_Actors_01-24_16k/Actor_07/03-01-05-01-02-01-07.wav,high,2,actor_07,train,en,ravdess_statement_02,studio,controlled,Dogs are sitting by the door.,ravdess_emotion=angry; intensity=normal; repetition=01
03-01-05-01-02-02-07,C:/Project/AI-STRESS-DETECTOR/data/public/ravdess_16k/Audio_Speech_Actors_01-24_16k/Actor_07/03-01-05-01-02-02-07.wav,high,2,actor_07,train,en,ravdess_statement_02,studio,controlled,Dogs are sitting by the door.,ravdess_emotion=angry; intensity=normal; repetition=02
03-01-05-02-01-01-07,C:/Project/AI-STRESS-DETECTOR/data/public/ravdess_16k/Audio_Speech_Actors_01-24_16k/Actor_07/03-01-05-02-01-01-07.wav,severe,3,actor_07,train,en,ravdess_statement_01,studio,controlled,Kids are talking by the door.,ravdess_emotion=angry; intensity=strong; repetition=01
03-01-05-02-01-02-07,C:/Project/AI-STRESS-DETECTOR/data/public/ravdess_16k/Audio_Speech_Actors_01-24_16k/Actor_07/03-01-05-02-01-02-07.wav,severe,3,actor_07,train,en,ravdess_statement_01,studio,controlled,Kids are talking by the door.,ravdess_emotion=angry; intensity=strong; repetition=02
03-01-05-02-02-01-07,C:/Project/AI-STRESS-DETECTOR/data/public/ravdess_16k/Audio_Speech_Actors_01-24_16k/Actor_07/03-01-05-02-02-01-07.wav,severe,3,actor_07,train,en,ravdess_statement_02,studio,controlled,Dogs are sitting by the door.,ravdess_emotion=angry; intensity=strong; repetition=01
03-01-05-02-02-02-07,C:/Project/AI-STRESS-DETECTOR/data/public/ravdess_16k/Audio_Speech_Actors_01-24_16k/Actor_07/03-01-05-02-02-02-07.wav,severe,3,actor_07,train,en,ravdess_statement_02,studio,controlled,Dogs are sitting by the door.,ravdess_emotion=angry; intensity=strong; repetition=02
03-01-06-01-01-01-07,C:/Project/AI-STRESS-DETECTOR/data/public/ravdess_16k/Audio_Speech_Actors_01-24_16k/Actor_07/03-01-06-01-01-01-07.wav,high,2,actor_07,train,en,ravdess_statement_01,studio,controlled,Kids are talking by the door.,ravdess_emotion=fearful; intensity=normal; repetition=01
03-01-06-01-01-02-07,C:/Project/AI-STRESS-DETECTOR/data/public/ravdess_16k/Audio_Speech_Actors_01-24_16k/Actor_07/03-01-06-01-01-02-07.wav,high,2,actor_07,train,en,ravdess_statement_01,studio,controlled,Kids are talking by the door.,ravdess_emotion=fearful; intensity=normal; repetition=02
03-01-06-01-02-01-07,C:/Project/AI-STRESS-DETECTOR/data/public/ravdess_16k/Audio_Speech_Actors_01-24_16k/Actor_07/03-01-06-01-02-01-07.wav,high,2,actor_07,train,en,ravdess_statement_02,studio,controlled,Dogs are sitting by the door.,ravdess_emotion=fearful; intensity=normal; repetition=01
03-01-06-01-02-02-07,C:/Project/AI-STRESS-DETECTOR/data/public/ravdess_16k/Audio_Speech_Actors_01-24_16k/Actor_07/03-01-06-01-02-02-07.wav,high,2,actor_07,train,en,ravdess_statement_02,studio,controlled,Dogs are sitting by the door.,ravdess_emotion=fearful; intensity=normal; repetition=02
03-01-06-02-01-01-07,C:/Project/AI-STRESS-DETECTOR/data/public/ravdess_16k/Audio_Speech_Actors_01-24_16k/Actor_07/03-01-06-02-01-01-07.wav,severe,3,actor_07,train,en,ravdess_statement_01,studio,controlled,Kids are talking by the door.,ravdess_emotion=fearful; intensity=strong; repetition=01
03-01-06-02-01-02-07,C:/Project/AI-STRESS-DETECTOR/data/public/ravdess_16k/Audio_Speech_Actors_01-24_16k/Actor_07/03-01-06-02-01-02-07.wav,severe,3,actor_07,train,en,ravdess_statement_01,studio,controlled,Kids are talking by the door.,ravdess_emotion=fearful; intensity=strong; repetition=02
03-01-06-02-02-01-07,C:/Project/AI-STRESS-DETECTOR/data/public/ravdess_16k/Audio_Speech_Actors_01-24_16k/Actor_07/03-01-06-02-02-01-07.wav,severe,3,actor_07,train,en,ravdess_statement_02,studio,controlled,Dogs are sitting by the door.,ravdess_emotion=fearful; intensity=strong; repetition=01
03-01-06-02-02-02-07,C:/Project/AI-STRESS-DETECTOR/data/public/ravdess_16k/Audio_Speech_Actors_01-24_16k/Actor_07/03-01-06-02-02-02-07.wav,severe,3,actor_07,train,en,ravdess_statement_02,studio,controlled,Dogs are sitting by the door.,ravdess_emotion=fearful; intensity=strong; repetition=02
03-01-07-01-01-01-07,C:/Project/AI-STRESS-DETECTOR/data/public/ravdess_16k/Audio_Speech_Actors_01-24_16k/Actor_07/03-01-07-01-01-01-07.wav,high,2,actor_07,train,en,ravdess_statement_01,studio,controlled,Kids are talking by the door.,ravdess_emotion=disgust; intensity=normal; repetition=01
03-01-07-01-01-02-07,C:/Project/AI-STRESS-DETECTOR/data/public/ravdess_16k/Audio_Speech_Actors_01-24_16k/Actor_07/03-01-07-01-01-02-07.wav,high,2,actor_07,train,en,ravdess_statement_01,studio,controlled,Kids are talking by the door.,ravdess_emotion=disgust; intensity=normal; repetition=02
03-01-07-01-02-01-07,C:/Project/AI-STRESS-DETECTOR/data/public/ravdess_16k/Audio_Speech_Actors_01-24_16k/Actor_07/03-01-07-01-02-01-07.wav,high,2,actor_07,train,en,ravdess_statement_02,studio,controlled,Dogs are sitting by the door.,ravdess_emotion=disgust; intensity=normal; repetition=01
03-01-07-01-02-02-07,C:/Project/AI-STRESS-DETECTOR/data/public/ravdess_16k/Audio_Speech_Actors_01-24_16k/Actor_07/03-01-07-01-02-02-07.wav,high,2,actor_07,train,en,ravdess_statement_02,studio,controlled,Dogs are sitting by the door.,ravdess_emotion=disgust; intensity=normal; repetition=02
03-01-07-02-01-01-07,C:/Project/AI-STRESS-DETECTOR/data/public/ravdess_16k/Audio_Speech_Actors_01-24_16k/Actor_07/03-01-07-02-01-01-07.wav,severe,3,actor_07,train,en,ravdess_statement_01,studio,controlled,Kids are talking by the door.,ravdess_emotion=disgust; intensity=strong; repetition=01
03-01-07-02-01-02-07,C:/Project/AI-STRESS-DETECTOR/data/public/ravdess_16k/Audio_Speech_Actors_01-24_16k/Actor_07/03-01-07-02-01-02-07.wav,severe,3,actor_07,train,en,ravdess_statement_01,studio,controlled,Kids are talking by the door.,ravdess_emotion=disgust; intensity=strong; repetition=02
03-01-07-02-02-01-07,C:/Project/AI-STRESS-DETECTOR/data/public/ravdess_16k/Audio_Speech_Actors_01-24_16k/Actor_07/03-01-07-02-02-01-07.wav,severe,3,actor_07,train,en,ravdess_statement_02,studio,controlled,Dogs are sitting by the door.,ravdess_emotion=disgust; intensity=strong; repetition=01
03-01-07-02-02-02-07,C:/Project/AI-STRESS-DETECTOR/data/public/ravdess_16k/Audio_Speech_Actors_01-24_16k/Actor_07/03-01-07-02-02-02-07.wav,severe,3,actor_07,train,en,ravdess_statement_02,studio,controlled,Dogs are sitting by the door.,ravdess_emotion=disgust; intensity=strong; repetition=02
03-01-08-01-01-01-07,C:/Project/AI-STRESS-DETECTOR/data/public/ravdess_16k/Audio_Speech_Actors_01-24_16k/Actor_07/03-01-08-01-01-01-07.wav,moderate,1,actor_07,train,en,ravdess_statement_01,studio,controlled,Kids are talking by the door.,ravdess_emotion=surprised; intensity=normal; repetition=01
03-01-08-01-01-02-07,C:/Project/AI-STRESS-DETECTOR/data/public/ravdess_16k/Audio_Speech_Actors_01-24_16k/Actor_07/03-01-08-01-01-02-07.wav,moderate,1,actor_07,train,en,ravdess_statement_01,studio,controlled,Kids are talking by the door.,ravdess_emotion=surprised; intensity=normal; repetition=02
03-01-08-01-02-01-07,C:/Project/AI-STRESS-DETECTOR/data/public/ravdess_16k/Audio_Speech_Actors_01-24_16k/Actor_07/03-01-08-01-02-01-07.wav,moderate,1,actor_07,train,en,ravdess_statement_02,studio,controlled,Dogs are sitting by the door.,ravdess_emotion=surprised; intensity=normal; repetition=01
03-01-08-01-02-02-07,C:/Project/AI-STRESS-DETECTOR/data/public/ravdess_16k/Audio_Speech_Actors_01-24_16k/Actor_07/03-01-08-01-02-02-07.wav,moderate,1,actor_07,train,en,ravdess_statement_02,studio,controlled,Dogs are sitting by the door.,ravdess_emotion=surprised; intensity=normal; repetition=02
03-01-08-02-01-01-07,C:/Project/AI-STRESS-DETECTOR/data/public/ravdess_16k/Audio_Speech_Actors_01-24_16k/Actor_07/03-01-08-02-01-01-07.wav,high,2,actor_07,train,en,ravdess_statement_01,studio,controlled,Kids are talking by the door.,ravdess_emotion=surprised; intensity=strong; repetition=01
03-01-08-02-01-02-07,C:/Project/AI-STRESS-DETECTOR/data/public/ravdess_16k/Audio_Speech_Actors_01-24_16k/Actor_07/03-01-08-02-01-02-07.wav,high,2,actor_07,train,en,ravdess_statement_01,studio,controlled,Kids are talking by the door.,ravdess_emotion=surprised; intensity=strong; repetition=02
03-01-08-02-02-01-07,C:/Project/AI-STRESS-DETECTOR/data/public/ravdess_16k/Audio_Speech_Actors_01-24_16k/Actor_07/03-01-08-02-02-01-07.wav,high,2,actor_07,train,en,ravdess_statement_02,studio,controlled,Dogs are sitting by the door.,ravdess_emotion=surprised; intensity=strong; repetition=01
03-01-08-02-02-02-07,C:/Project/AI-STRESS-DETECTOR/data/public/ravdess_16k/Audio_Speech_Actors_01-24_16k/Actor_07/03-01-08-02-02-02-07.wav,high,2,actor_07,train,en,ravdess_statement_02,studio,controlled,Dogs are sitting by the door.,ravdess_emotion=surprised; intensity=strong; repetition=02
03-01-01-01-01-01-08,C:/Project/AI-STRESS-DETECTOR/data/public/ravdess_16k/Audio_Speech_Actors_01-24_16k/Actor_08/03-01-01-01-01-01-08.wav,low,0,actor_08,train,en,ravdess_statement_01,studio,controlled,Kids are talking by the door.,ravdess_emotion=neutral; intensity=normal; repetition=01
03-01-01-01-01-02-08,C:/Project/AI-STRESS-DETECTOR/data/public/ravdess_16k/Audio_Speech_Actors_01-24_16k/Actor_08/03-01-01-01-01-02-08.wav,low,0,actor_08,train,en,ravdess_statement_01,studio,controlled,Kids are talking by the door.,ravdess_emotion=neutral; intensity=normal; repetition=02
03-01-01-01-02-01-08,C:/Project/AI-STRESS-DETECTOR/data/public/ravdess_16k/Audio_Speech_Actors_01-24_16k/Actor_08/03-01-01-01-02-01-08.wav,low,0,actor_08,train,en,ravdess_statement_02,studio,controlled,Dogs are sitting by the door.,ravdess_emotion=neutral; intensity=normal; repetition=01
03-01-01-01-02-02-08,C:/Project/AI-STRESS-DETECTOR/data/public/ravdess_16k/Audio_Speech_Actors_01-24_16k/Actor_08/03-01-01-01-02-02-08.wav,low,0,actor_08,train,en,ravdess_statement_02,studio,controlled,Dogs are sitting by the door.,ravdess_emotion=neutral; intensity=normal; repetition=02
03-01-02-01-01-01-08,C:/Project/AI-STRESS-DETECTOR/data/public/ravdess_16k/Audio_Speech_Actors_01-24_16k/Actor_08/03-01-02-01-01-01-08.wav,low,0,actor_08,train,en,ravdess_statement_01,studio,controlled,Kids are talking by the door.,ravdess_emotion=calm; intensity=normal; repetition=01
03-01-02-01-01-02-08,C:/Project/AI-STRESS-DETECTOR/data/public/ravdess_16k/Audio_Speech_Actors_01-24_16k/Actor_08/03-01-02-01-01-02-08.wav,low,0,actor_08,train,en,ravdess_statement_01,studio,controlled,Kids are talking by the door.,ravdess_emotion=calm; intensity=normal; repetition=02
03-01-02-01-02-01-08,C:/Project/AI-STRESS-DETECTOR/data/public/ravdess_16k/Audio_Speech_Actors_01-24_16k/Actor_08/03-01-02-01-02-01-08.wav,low,0,actor_08,train,en,ravdess_statement_02,studio,controlled,Dogs are sitting by the door.,ravdess_emotion=calm; intensity=normal; repetition=01
03-01-02-01-02-02-08,C:/Project/AI-STRESS-DETECTOR/data/public/ravdess_16k/Audio_Speech_Actors_01-24_16k/Actor_08/03-01-02-01-02-02-08.wav,low,0,actor_08,train,en,ravdess_statement_02,studio,controlled,Dogs are sitting by the door.,ravdess_emotion=calm; intensity=normal; repetition=02
03-01-02-02-01-01-08,C:/Project/AI-STRESS-DETECTOR/data/public/ravdess_16k/Audio_Speech_Actors_01-24_16k/Actor_08/03-01-02-02-01-01-08.wav,moderate,1,actor_08,train,en,ravdess_statement_01,studio,controlled,Kids are talking by the door.,ravdess_emotion=calm; intensity=strong; repetition=01
03-01-02-02-01-02-08,C:/Project/AI-STRESS-DETECTOR/data/public/ravdess_16k/Audio_Speech_Actors_01-24_16k/Actor_08/03-01-02-02-01-02-08.wav,moderate,1,actor_08,train,en,ravdess_statement_01,studio,controlled,Kids are talking by the door.,ravdess_emotion=calm; intensity=strong; repetition=02
03-01-02-02-02-01-08,C:/Project/AI-STRESS-DETECTOR/data/public/ravdess_16k/Audio_Speech_Actors_01-24_16k/Actor_08/03-01-02-02-02-01-08.wav,moderate,1,actor_08,train,en,ravdess_statement_02,studio,controlled,Dogs are sitting by the door.,ravdess_emotion=calm; intensity=strong; repetition=01
03-01-02-02-02-02-08,C:/Project/AI-STRESS-DETECTOR/data/public/ravdess_16k/Audio_Speech_Actors_01-24_16k/Actor_08/03-01-02-02-02-02-08.wav,moderate,1,actor_08,train,en,ravdess_statement_02,studio,controlled,Dogs are sitting by the door.,ravdess_emotion=calm; intensity=strong; repetition=02
03-01-03-01-01-01-08,C:/Project/AI-STRESS-DETECTOR/data/public/ravdess_16k/Audio_Speech_Actors_01-24_16k/Actor_08/03-01-03-01-01-01-08.wav,moderate,1,actor_08,train,en,ravdess_statement_01,studio,controlled,Kids are talking by the door.,ravdess_emotion=happy; intensity=normal; repetition=01
03-01-03-01-01-02-08,C:/Project/AI-STRESS-DETECTOR/data/public/ravdess_16k/Audio_Speech_Actors_01-24_16k/Actor_08/03-01-03-01-01-02-08.wav,moderate,1,actor_08,train,en,ravdess_statement_01,studio,controlled,Kids are talking by the door.,ravdess_emotion=happy; intensity=normal; repetition=02
03-01-03-01-02-01-08,C:/Project/AI-STRESS-DETECTOR/data/public/ravdess_16k/Audio_Speech_Actors_01-24_16k/Actor_08/03-01-03-01-02-01-08.wav,moderate,1,actor_08,train,en,ravdess_statement_02,studio,controlled,Dogs are sitting by the door.,ravdess_emotion=happy; intensity=normal; repetition=01
03-01-03-01-02-02-08,C:/Project/AI-STRESS-DETECTOR/data/public/ravdess_16k/Audio_Speech_Actors_01-24_16k/Actor_08/03-01-03-01-02-02-08.wav,moderate,1,actor_08,train,en,ravdess_statement_02,studio,controlled,Dogs are sitting by the door.,ravdess_emotion=happy; intensity=normal; repetition=02
03-01-03-02-01-01-08,C:/Project/AI-STRESS-DETECTOR/data/public/ravdess_16k/Audio_Speech_Actors_01-24_16k/Actor_08/03-01-03-02-01-01-08.wav,moderate,1,actor_08,train,en,ravdess_statement_01,studio,controlled,Kids are talking by the door.,ravdess_emotion=happy; intensity=strong; repetition=01
03-01-03-02-01-02-08,C:/Project/AI-STRESS-DETECTOR/data/public/ravdess_16k/Audio_Speech_Actors_01-24_16k/Actor_08/03-01-03-02-01-02-08.wav,moderate,1,actor_08,train,en,ravdess_statement_01,studio,controlled,Kids are talking by the door.,ravdess_emotion=happy; intensity=strong; repetition=02
03-01-03-02-02-01-08,C:/Project/AI-STRESS-DETECTOR/data/public/ravdess_16k/Audio_Speech_Actors_01-24_16k/Actor_08/03-01-03-02-02-01-08.wav,moderate,1,actor_08,train,en,ravdess_statement_02,studio,controlled,Dogs are sitting by the door.,ravdess_emotion=happy; intensity=strong; repetition=01
03-01-03-02-02-02-08,C:/Project/AI-STRESS-DETECTOR/data/public/ravdess_16k/Audio_Speech_Actors_01-24_16k/Actor_08/03-01-03-02-02-02-08.wav,moderate,1,actor_08,train,en,ravdess_statement_02,studio,controlled,Dogs are sitting by the door.,ravdess_emotion=happy; intensity=strong; repetition=02
03-01-04-01-01-01-08,C:/Project/AI-STRESS-DETECTOR/data/public/ravdess_16k/Audio_Speech_Actors_01-24_16k/Actor_08/03-01-04-01-01-01-08.wav,moderate,1,actor_08,train,en,ravdess_statement_01,studio,controlled,Kids are talking by the door.,ravdess_emotion=sad; intensity=normal; repetition=01
03-01-04-01-01-02-08,C:/Project/AI-STRESS-DETECTOR/data/public/ravdess_16k/Audio_Speech_Actors_01-24_16k/Actor_08/03-01-04-01-01-02-08.wav,moderate,1,actor_08,train,en,ravdess_statement_01,studio,controlled,Kids are talking by the door.,ravdess_emotion=sad; intensity=normal; repetition=02
03-01-04-01-02-01-08,C:/Project/AI-STRESS-DETECTOR/data/public/ravdess_16k/Audio_Speech_Actors_01-24_16k/Actor_08/03-01-04-01-02-01-08.wav,moderate,1,actor_08,train,en,ravdess_statement_02,studio,controlled,Dogs are sitting by the door.,ravdess_emotion=sad; intensity=normal; repetition=01
03-01-04-01-02-02-08,C:/Project/AI-STRESS-DETECTOR/data/public/ravdess_16k/Audio_Speech_Actors_01-24_16k/Actor_08/03-01-04-01-02-02-08.wav,moderate,1,actor_08,train,en,ravdess_statement_02,studio,controlled,Dogs are sitting by the door.,ravdess_emotion=sad; intensity=normal; repetition=02
03-01-04-02-01-01-08,C:/Project/AI-STRESS-DETECTOR/data/public/ravdess_16k/Audio_Speech_Actors_01-24_16k/Actor_08/03-01-04-02-01-01-08.wav,high,2,actor_08,train,en,ravdess_statement_01,studio,controlled,Kids are talking by the door.,ravdess_emotion=sad; intensity=strong; repetition=01
03-01-04-02-01-02-08,C:/Project/AI-STRESS-DETECTOR/data/public/ravdess_16k/Audio_Speech_Actors_01-24_16k/Actor_08/03-01-04-02-01-02-08.wav,high,2,actor_08,train,en,ravdess_statement_01,studio,controlled,Kids are talking by the door.,ravdess_emotion=sad; intensity=strong; repetition=02
03-01-04-02-02-01-08,C:/Project/AI-STRESS-DETECTOR/data/public/ravdess_16k/Audio_Speech_Actors_01-24_16k/Actor_08/03-01-04-02-02-01-08.wav,high,2,actor_08,train,en,ravdess_statement_02,studio,controlled,Dogs are sitting by the door.,ravdess_emotion=sad; intensity=strong; repetition=01
03-01-04-02-02-02-08,C:/Project/AI-STRESS-DETECTOR/data/public/ravdess_16k/Audio_Speech_Actors_01-24_16k/Actor_08/03-01-04-02-02-02-08.wav,high,2,actor_08,train,en,ravdess_statement_02,studio,controlled,Dogs are sitting by the door.,ravdess_emotion=sad; intensity=strong; repetition=02
03-01-05-01-01-01-08,C:/Project/AI-STRESS-DETECTOR/data/public/ravdess_16k/Audio_Speech_Actors_01-24_16k/Actor_08/03-01-05-01-01-01-08.wav,high,2,actor_08,train,en,ravdess_statement_01,studio,controlled,Kids are talking by the door.,ravdess_emotion=angry; intensity=normal; repetition=01
03-01-05-01-01-02-08,C:/Project/AI-STRESS-DETECTOR/data/public/ravdess_16k/Audio_Speech_Actors_01-24_16k/Actor_08/03-01-05-01-01-02-08.wav,high,2,actor_08,train,en,ravdess_statement_01,studio,controlled,Kids are talking by the door.,ravdess_emotion=angry; intensity=normal; repetition=02
03-01-05-01-02-01-08,C:/Project/AI-STRESS-DETECTOR/data/public/ravdess_16k/Audio_Speech_Actors_01-24_16k/Actor_08/03-01-05-01-02-01-08.wav,high,2,actor_08,train,en,ravdess_statement_02,studio,controlled,Dogs are sitting by the door.,ravdess_emotion=angry; intensity=normal; repetition=01
03-01-05-01-02-02-08,C:/Project/AI-STRESS-DETECTOR/data/public/ravdess_16k/Audio_Speech_Actors_01-24_16k/Actor_08/03-01-05-01-02-02-08.wav,high,2,actor_08,train,en,ravdess_statement_02,studio,controlled,Dogs are sitting by the door.,ravdess_emotion=angry; intensity=normal; repetition=02
03-01-05-02-01-01-08,C:/Project/AI-STRESS-DETECTOR/data/public/ravdess_16k/Audio_Speech_Actors_01-24_16k/Actor_08/03-01-05-02-01-01-08.wav,severe,3,actor_08,train,en,ravdess_statement_01,studio,controlled,Kids are talking by the door.,ravdess_emotion=angry; intensity=strong; repetition=01
03-01-05-02-01-02-08,C:/Project/AI-STRESS-DETECTOR/data/public/ravdess_16k/Audio_Speech_Actors_01-24_16k/Actor_08/03-01-05-02-01-02-08.wav,severe,3,actor_08,train,en,ravdess_statement_01,studio,controlled,Kids are talking by the door.,ravdess_emotion=angry; intensity=strong; repetition=02
03-01-05-02-02-01-08,C:/Project/AI-STRESS-DETECTOR/data/public/ravdess_16k/Audio_Speech_Actors_01-24_16k/Actor_08/03-01-05-02-02-01-08.wav,severe,3,actor_08,train,en,ravdess_statement_02,studio,controlled,Dogs are sitting by the door.,ravdess_emotion=angry; intensity=strong; repetition=01
03-01-05-02-02-02-08,C:/Project/AI-STRESS-DETECTOR/data/public/ravdess_16k/Audio_Speech_Actors_01-24_16k/Actor_08/03-01-05-02-02-02-08.wav,severe,3,actor_08,train,en,ravdess_statement_02,studio,controlled,Dogs are sitting by the door.,ravdess_emotion=angry; intensity=strong; repetition=02
03-01-06-01-01-01-08,C:/Project/AI-STRESS-DETECTOR/data/public/ravdess_16k/Audio_Speech_Actors_01-24_16k/Actor_08/03-01-06-01-01-01-08.wav,high,2,actor_08,train,en,ravdess_statement_01,studio,controlled,Kids are talking by the door.,ravdess_emotion=fearful; intensity=normal; repetition=01
03-01-06-01-01-02-08,C:/Project/AI-STRESS-DETECTOR/data/public/ravdess_16k/Audio_Speech_Actors_01-24_16k/Actor_08/03-01-06-01-01-02-08.wav,high,2,actor_08,train,en,ravdess_statement_01,studio,controlled,Kids are talking by the door.,ravdess_emotion=fearful; intensity=normal; repetition=02
03-01-06-01-02-01-08,C:/Project/AI-STRESS-DETECTOR/data/public/ravdess_16k/Audio_Speech_Actors_01-24_16k/Actor_08/03-01-06-01-02-01-08.wav,high,2,actor_08,train,en,ravdess_statement_02,studio,controlled,Dogs are sitting by the door.,ravdess_emotion=fearful; intensity=normal; repetition=01
03-01-06-01-02-02-08,C:/Project/AI-STRESS-DETECTOR/data/public/ravdess_16k/Audio_Speech_Actors_01-24_16k/Actor_08/03-01-06-01-02-02-08.wav,high,2,actor_08,train,en,ravdess_statement_02,studio,controlled,Dogs are sitting by the door.,ravdess_emotion=fearful; intensity=normal; repetition=02
03-01-06-02-01-01-08,C:/Project/AI-STRESS-DETECTOR/data/public/ravdess_16k/Audio_Speech_Actors_01-24_16k/Actor_08/03-01-06-02-01-01-08.wav,severe,3,actor_08,train,en,ravdess_statement_01,studio,controlled,Kids are talking by the door.,ravdess_emotion=fearful; intensity=strong; repetition=01
03-01-06-02-01-02-08,C:/Project/AI-STRESS-DETECTOR/data/public/ravdess_16k/Audio_Speech_Actors_01-24_16k/Actor_08/03-01-06-02-01-02-08.wav,severe,3,actor_08,train,en,ravdess_statement_01,studio,controlled,Kids are talking by the door.,ravdess_emotion=fearful; intensity=strong; repetition=02
03-01-06-02-02-01-08,C:/Project/AI-STRESS-DETECTOR/data/public/ravdess_16k/Audio_Speech_Actors_01-24_16k/Actor_08/03-01-06-02-02-01-08.wav,severe,3,actor_08,train,en,ravdess_statement_02,studio,controlled,Dogs are sitting by the door.,ravdess_emotion=fearful; intensity=strong; repetition=01
03-01-06-02-02-02-08,C:/Project/AI-STRESS-DETECTOR/data/public/ravdess_16k/Audio_Speech_Actors_01-24_16k/Actor_08/03-01-06-02-02-02-08.wav,severe,3,actor_08,train,en,ravdess_statement_02,studio,controlled,Dogs are sitting by the door.,ravdess_emotion=fearful; intensity=strong; repetition=02
03-01-07-01-01-01-08,C:/Project/AI-STRESS-DETECTOR/data/public/ravdess_16k/Audio_Speech_Actors_01-24_16k/Actor_08/03-01-07-01-01-01-08.wav,high,2,actor_08,train,en,ravdess_statement_01,studio,controlled,Kids are talking by the door.,ravdess_emotion=disgust; intensity=normal; repetition=01
03-01-07-01-01-02-08,C:/Project/AI-STRESS-DETECTOR/data/public/ravdess_16k/Audio_Speech_Actors_01-24_16k/Actor_08/03-01-07-01-01-02-08.wav,high,2,actor_08,train,en,ravdess_statement_01,studio,controlled,Kids are talking by the door.,ravdess_emotion=disgust; intensity=normal; repetition=02
03-01-07-01-02-01-08,C:/Project/AI-STRESS-DETECTOR/data/public/ravdess_16k/Audio_Speech_Actors_01-24_16k/Actor_08/03-01-07-01-02-01-08.wav,high,2,actor_08,train,en,ravdess_statement_02,studio,controlled,Dogs are sitting by the door.,ravdess_emotion=disgust; intensity=normal; repetition=01
03-01-07-01-02-02-08,C:/Project/AI-STRESS-DETECTOR/data/public/ravdess_16k/Audio_Speech_Actors_01-24_16k/Actor_08/03-01-07-01-02-02-08.wav,high,2,actor_08,train,en,ravdess_statement_02,studio,controlled,Dogs are sitting by the door.,ravdess_emotion=disgust; intensity=normal; repetition=02
03-01-07-02-01-01-08,C:/Project/AI-STRESS-DETECTOR/data/public/ravdess_16k/Audio_Speech_Actors_01-24_16k/Actor_08/03-01-07-02-01-01-08.wav,severe,3,actor_08,train,en,ravdess_statement_01,studio,controlled,Kids are talking by the door.,ravdess_emotion=disgust; intensity=strong; repetition=01
03-01-07-02-01-02-08,C:/Project/AI-STRESS-DETECTOR/data/public/ravdess_16k/Audio_Speech_Actors_01-24_16k/Actor_08/03-01-07-02-01-02-08.wav,severe,3,actor_08,train,en,ravdess_statement_01,studio,controlled,Kids are talking by the door.,ravdess_emotion=disgust; intensity=strong; repetition=02
03-01-07-02-02-01-08,C:/Project/AI-STRESS-DETECTOR/data/public/ravdess_16k/Audio_Speech_Actors_01-24_16k/Actor_08/03-01-07-02-02-01-08.wav,severe,3,actor_08,train,en,ravdess_statement_02,studio,controlled,Dogs are sitting by the door.,ravdess_emotion=disgust; intensity=strong; repetition=01
03-01-07-02-02-02-08,C:/Project/AI-STRESS-DETECTOR/data/public/ravdess_16k/Audio_Speech_Actors_01-24_16k/Actor_08/03-01-07-02-02-02-08.wav,severe,3,actor_08,train,en,ravdess_statement_02,studio,controlled,Dogs are sitting by the door.,ravdess_emotion=disgust; intensity=strong; repetition=02
03-01-08-01-01-01-08,C:/Project/AI-STRESS-DETECTOR/data/public/ravdess_16k/Audio_Speech_Actors_01-24_16k/Actor_08/03-01-08-01-01-01-08.wav,moderate,1,actor_08,train,en,ravdess_statement_01,studio,controlled,Kids are talking by the door.,ravdess_emotion=surprised; intensity=normal; repetition=01
03-01-08-01-01-02-08,C:/Project/AI-STRESS-DETECTOR/data/public/ravdess_16k/Audio_Speech_Actors_01-24_16k/Actor_08/03-01-08-01-01-02-08.wav,moderate,1,actor_08,train,en,ravdess_statement_01,studio,controlled,Kids are talking by the door.,ravdess_emotion=surprised; intensity=normal; repetition=02
03-01-08-01-02-01-08,C:/Project/AI-STRESS-DETECTOR/data/public/ravdess_16k/Audio_Speech_Actors_01-24_16k/Actor_08/03-01-08-01-02-01-08.wav,moderate,1,actor_08,train,en,ravdess_statement_02,studio,controlled,Dogs are sitting by the door.,ravdess_emotion=surprised; intensity=normal; repetition=01
03-01-08-01-02-02-08,C:/Project/AI-STRESS-DETECTOR/data/public/ravdess_16k/Audio_Speech_Actors_01-24_16k/Actor_08/03-01-08-01-02-02-08.wav,moderate,1,actor_08,train,en,ravdess_statement_02,studio,controlled,Dogs are sitting by the door.,ravdess_emotion=surprised; intensity=normal; repetition=02
03-01-08-02-01-01-08,C:/Project/AI-STRESS-DETECTOR/data/public/ravdess_16k/Audio_Speech_Actors_01-24_16k/Actor_08/03-01-08-02-01-01-08.wav,high,2,actor_08,train,en,ravdess_statement_01,studio,controlled,Kids are talking by the door.,ravdess_emotion=surprised; intensity=strong; repetition=01
03-01-08-02-01-02-08,C:/Project/AI-STRESS-DETECTOR/data/public/ravdess_16k/Audio_Speech_Actors_01-24_16k/Actor_08/03-01-08-02-01-02-08.wav,high,2,actor_08,train,en,ravdess_statement_01,studio,controlled,Kids are talking by the door.,ravdess_emotion=surprised; intensity=strong; repetition=02
03-01-08-02-02-01-08,C:/Project/AI-STRESS-DETECTOR/data/public/ravdess_16k/Audio_Speech_Actors_01-24_16k/Actor_08/03-01-08-02-02-01-08.wav,high,2,actor_08,train,en,ravdess_statement_02,studio,controlled,Dogs are sitting by the door.,ravdess_emotion=surprised; intensity=strong; repetition=01
03-01-08-02-02-02-08,C:/Project/AI-STRESS-DETECTOR/data/public/ravdess_16k/Audio_Speech_Actors_01-24_16k/Actor_08/03-01-08-02-02-02-08.wav,high,2,actor_08,train,en,ravdess_statement_02,studio,controlled,Dogs are sitting by the door.,ravdess_emotion=surprised; intensity=strong; repetition=02
03-01-01-01-01-01-09,C:/Project/AI-STRESS-DETECTOR/data/public/ravdess_16k/Audio_Speech_Actors_01-24_16k/Actor_09/03-01-01-01-01-01-09.wav,low,0,actor_09,train,en,ravdess_statement_01,studio,controlled,Kids are talking by the door.,ravdess_emotion=neutral; intensity=normal; repetition=01
03-01-01-01-01-02-09,C:/Project/AI-STRESS-DETECTOR/data/public/ravdess_16k/Audio_Speech_Actors_01-24_16k/Actor_09/03-01-01-01-01-02-09.wav,low,0,actor_09,train,en,ravdess_statement_01,studio,controlled,Kids are talking by the door.,ravdess_emotion=neutral; intensity=normal; repetition=02
03-01-01-01-02-01-09,C:/Project/AI-STRESS-DETECTOR/data/public/ravdess_16k/Audio_Speech_Actors_01-24_16k/Actor_09/03-01-01-01-02-01-09.wav,low,0,actor_09,train,en,ravdess_statement_02,studio,controlled,Dogs are sitting by the door.,ravdess_emotion=neutral; intensity=normal; repetition=01
03-01-01-01-02-02-09,C:/Project/AI-STRESS-DETECTOR/data/public/ravdess_16k/Audio_Speech_Actors_01-24_16k/Actor_09/03-01-01-01-02-02-09.wav,low,0,actor_09,train,en,ravdess_statement_02,studio,controlled,Dogs are sitting by the door.,ravdess_emotion=neutral; intensity=normal; repetition=02
03-01-02-01-01-01-09,C:/Project/AI-STRESS-DETECTOR/data/public/ravdess_16k/Audio_Speech_Actors_01-24_16k/Actor_09/03-01-02-01-01-01-09.wav,low,0,actor_09,train,en,ravdess_statement_01,studio,controlled,Kids are talking by the door.,ravdess_emotion=calm; intensity=normal; repetition=01
03-01-02-01-01-02-09,C:/Project/AI-STRESS-DETECTOR/data/public/ravdess_16k/Audio_Speech_Actors_01-24_16k/Actor_09/03-01-02-01-01-02-09.wav,low,0,actor_09,train,en,ravdess_statement_01,studio,controlled,Kids are talking by the door.,ravdess_emotion=calm; intensity=normal; repetition=02
03-01-02-01-02-01-09,C:/Project/AI-STRESS-DETECTOR/data/public/ravdess_16k/Audio_Speech_Actors_01-24_16k/Actor_09/03-01-02-01-02-01-09.wav,low,0,actor_09,train,en,ravdess_statement_02,studio,controlled,Dogs are sitting by the door.,ravdess_emotion=calm; intensity=normal; repetition=01
03-01-02-01-02-02-09,C:/Project/AI-STRESS-DETECTOR/data/public/ravdess_16k/Audio_Speech_Actors_01-24_16k/Actor_09/03-01-02-01-02-02-09.wav,low,0,actor_09,train,en,ravdess_statement_02,studio,controlled,Dogs are sitting by the door.,ravdess_emotion=calm; intensity=normal; repetition=02
03-01-02-02-01-01-09,C:/Project/AI-STRESS-DETECTOR/data/public/ravdess_16k/Audio_Speech_Actors_01-24_16k/Actor_09/03-01-02-02-01-01-09.wav,moderate,1,actor_09,train,en,ravdess_statement_01,studio,controlled,Kids are talking by the door.,ravdess_emotion=calm; intensity=strong; repetition=01
03-01-02-02-01-02-09,C:/Project/AI-STRESS-DETECTOR/data/public/ravdess_16k/Audio_Speech_Actors_01-24_16k/Actor_09/03-01-02-02-01-02-09.wav,moderate,1,actor_09,train,en,ravdess_statement_01,studio,controlled,Kids are talking by the door.,ravdess_emotion=calm; intensity=strong; repetition=02
03-01-02-02-02-01-09,C:/Project/AI-STRESS-DETECTOR/data/public/ravdess_16k/Audio_Speech_Actors_01-24_16k/Actor_09/03-01-02-02-02-01-09.wav,moderate,1,actor_09,train,en,ravdess_statement_02,studio,controlled,Dogs are sitting by the door.,ravdess_emotion=calm; intensity=strong; repetition=01
03-01-02-02-02-02-09,C:/Project/AI-STRESS-DETECTOR/data/public/ravdess_16k/Audio_Speech_Actors_01-24_16k/Actor_09/03-01-02-02-02-02-09.wav,moderate,1,actor_09,train,en,ravdess_statement_02,studio,controlled,Dogs are sitting by the door.,ravdess_emotion=calm; intensity=strong; repetition=02
03-01-03-01-01-01-09,C:/Project/AI-STRESS-DETECTOR/data/public/ravdess_16k/Audio_Speech_Actors_01-24_16k/Actor_09/03-01-03-01-01-01-09.wav,moderate,1,actor_09,train,en,ravdess_statement_01,studio,controlled,Kids are talking by the door.,ravdess_emotion=happy; intensity=normal; repetition=01
03-01-03-01-01-02-09,C:/Project/AI-STRESS-DETECTOR/data/public/ravdess_16k/Audio_Speech_Actors_01-24_16k/Actor_09/03-01-03-01-01-02-09.wav,moderate,1,actor_09,train,en,ravdess_statement_01,studio,controlled,Kids are talking by the door.,ravdess_emotion=happy; intensity=normal; repetition=02
03-01-03-01-02-01-09,C:/Project/AI-STRESS-DETECTOR/data/public/ravdess_16k/Audio_Speech_Actors_01-24_16k/Actor_09/03-01-03-01-02-01-09.wav,moderate,1,actor_09,train,en,ravdess_statement_02,studio,controlled,Dogs are sitting by the door.,ravdess_emotion=happy; intensity=normal; repetition=01
03-01-03-01-02-02-09,C:/Project/AI-STRESS-DETECTOR/data/public/ravdess_16k/Audio_Speech_Actors_01-24_16k/Actor_09/03-01-03-01-02-02-09.wav,moderate,1,actor_09,train,en,ravdess_statement_02,studio,controlled,Dogs are sitting by the door.,ravdess_emotion=happy; intensity=normal; repetition=02
03-01-03-02-01-01-09,C:/Project/AI-STRESS-DETECTOR/data/public/ravdess_16k/Audio_Speech_Actors_01-24_16k/Actor_09/03-01-03-02-01-01-09.wav,moderate,1,actor_09,train,en,ravdess_statement_01,studio,controlled,Kids are talking by the door.,ravdess_emotion=happy; intensity=strong; repetition=01
03-01-03-02-01-02-09,C:/Project/AI-STRESS-DETECTOR/data/public/ravdess_16k/Audio_Speech_Actors_01-24_16k/Actor_09/03-01-03-02-01-02-09.wav,moderate,1,actor_09,train,en,ravdess_statement_01,studio,controlled,Kids are talking by the door.,ravdess_emotion=happy; intensity=strong; repetition=02
03-01-03-02-02-01-09,C:/Project/AI-STRESS-DETECTOR/data/public/ravdess_16k/Audio_Speech_Actors_01-24_16k/Actor_09/03-01-03-02-02-01-09.wav,moderate,1,actor_09,train,en,ravdess_statement_02,studio,controlled,Dogs are sitting by the door.,ravdess_emotion=happy; intensity=strong; repetition=01
03-01-03-02-02-02-09,C:/Project/AI-STRESS-DETECTOR/data/public/ravdess_16k/Audio_Speech_Actors_01-24_16k/Actor_09/03-01-03-02-02-02-09.wav,moderate,1,actor_09,train,en,ravdess_statement_02,studio,controlled,Dogs are sitting by the door.,ravdess_emotion=happy; intensity=strong; repetition=02
03-01-04-01-01-01-09,C:/Project/AI-STRESS-DETECTOR/data/public/ravdess_16k/Audio_Speech_Actors_01-24_16k/Actor_09/03-01-04-01-01-01-09.wav,moderate,1,actor_09,train,en,ravdess_statement_01,studio,controlled,Kids are talking by the door.,ravdess_emotion=sad; intensity=normal; repetition=01
03-01-04-01-01-02-09,C:/Project/AI-STRESS-DETECTOR/data/public/ravdess_16k/Audio_Speech_Actors_01-24_16k/Actor_09/03-01-04-01-01-02-09.wav,moderate,1,actor_09,train,en,ravdess_statement_01,studio,controlled,Kids are talking by the door.,ravdess_emotion=sad; intensity=normal; repetition=02
03-01-04-01-02-01-09,C:/Project/AI-STRESS-DETECTOR/data/public/ravdess_16k/Audio_Speech_Actors_01-24_16k/Actor_09/03-01-04-01-02-01-09.wav,moderate,1,actor_09,train,en,ravdess_statement_02,studio,controlled,Dogs are sitting by the door.,ravdess_emotion=sad; intensity=normal; repetition=01
03-01-04-01-02-02-09,C:/Project/AI-STRESS-DETECTOR/data/public/ravdess_16k/Audio_Speech_Actors_01-24_16k/Actor_09/03-01-04-01-02-02-09.wav,moderate,1,actor_09,train,en,ravdess_statement_02,studio,controlled,Dogs are sitting by the door.,ravdess_emotion=sad; intensity=normal; repetition=02
03-01-04-02-01-01-09,C:/Project/AI-STRESS-DETECTOR/data/public/ravdess_16k/Audio_Speech_Actors_01-24_16k/Actor_09/03-01-04-02-01-01-09.wav,high,2,actor_09,train,en,ravdess_statement_01,studio,controlled,Kids are talking by the door.,ravdess_emotion=sad; intensity=strong; repetition=01
03-01-04-02-01-02-09,C:/Project/AI-STRESS-DETECTOR/data/public/ravdess_16k/Audio_Speech_Actors_01-24_16k/Actor_09/03-01-04-02-01-02-09.wav,high,2,actor_09,train,en,ravdess_statement_01,studio,controlled,Kids are talking by the door.,ravdess_emotion=sad; intensity=strong; repetition=02
03-01-04-02-02-01-09,C:/Project/AI-STRESS-DETECTOR/data/public/ravdess_16k/Audio_Speech_Actors_01-24_16k/Actor_09/03-01-04-02-02-01-09.wav,high,2,actor_09,train,en,ravdess_statement_02,studio,controlled,Dogs are sitting by the door.,ravdess_emotion=sad; intensity=strong; repetition=01
03-01-04-02-02-02-09,C:/Project/AI-STRESS-DETECTOR/data/public/ravdess_16k/Audio_Speech_Actors_01-24_16k/Actor_09/03-01-04-02-02-02-09.wav,high,2,actor_09,train,en,ravdess_statement_02,studio,controlled,Dogs are sitting by the door.,ravdess_emotion=sad; intensity=strong; repetition=02
03-01-05-01-01-01-09,C:/Project/AI-STRESS-DETECTOR/data/public/ravdess_16k/Audio_Speech_Actors_01-24_16k/Actor_09/03-01-05-01-01-01-09.wav,high,2,actor_09,train,en,ravdess_statement_01,studio,controlled,Kids are talking by the door.,ravdess_emotion=angry; intensity=normal; repetition=01
03-01-05-01-01-02-09,C:/Project/AI-STRESS-DETECTOR/data/public/ravdess_16k/Audio_Speech_Actors_01-24_16k/Actor_09/03-01-05-01-01-02-09.wav,high,2,actor_09,train,en,ravdess_statement_01,studio,controlled,Kids are talking by the door.,ravdess_emotion=angry; intensity=normal; repetition=02
03-01-05-01-02-01-09,C:/Project/AI-STRESS-DETECTOR/data/public/ravdess_16k/Audio_Speech_Actors_01-24_16k/Actor_09/03-01-05-01-02-01-09.wav,high,2,actor_09,train,en,ravdess_statement_02,studio,controlled,Dogs are sitting by the door.,ravdess_emotion=angry; intensity=normal; repetition=01
03-01-05-01-02-02-09,C:/Project/AI-STRESS-DETECTOR/data/public/ravdess_16k/Audio_Speech_Actors_01-24_16k/Actor_09/03-01-05-01-02-02-09.wav,high,2,actor_09,train,en,ravdess_statement_02,studio,controlled,Dogs are sitting by the door.,ravdess_emotion=angry; intensity=normal; repetition=02
03-01-05-02-01-01-09,C:/Project/AI-STRESS-DETECTOR/data/public/ravdess_16k/Audio_Speech_Actors_01-24_16k/Actor_09/03-01-05-02-01-01-09.wav,severe,3,actor_09,train,en,ravdess_statement_01,studio,controlled,Kids are talking by the door.,ravdess_emotion=angry; intensity=strong; repetition=01
03-01-05-02-01-02-09,C:/Project/AI-STRESS-DETECTOR/data/public/ravdess_16k/Audio_Speech_Actors_01-24_16k/Actor_09/03-01-05-02-01-02-09.wav,severe,3,actor_09,train,en,ravdess_statement_01,studio,controlled,Kids are talking by the door.,ravdess_emotion=angry; intensity=strong; repetition=02
03-01-05-02-02-01-09,C:/Project/AI-STRESS-DETECTOR/data/public/ravdess_16k/Audio_Speech_Actors_01-24_16k/Actor_09/03-01-05-02-02-01-09.wav,severe,3,actor_09,train,en,ravdess_statement_02,studio,controlled,Dogs are sitting by the door.,ravdess_emotion=angry; intensity=strong; repetition=01
03-01-05-02-02-02-09,C:/Project/AI-STRESS-DETECTOR/data/public/ravdess_16k/Audio_Speech_Actors_01-24_16k/Actor_09/03-01-05-02-02-02-09.wav,severe,3,actor_09,train,en,ravdess_statement_02,studio,controlled,Dogs are sitting by the door.,ravdess_emotion=angry; intensity=strong; repetition=02
03-01-06-01-01-01-09,C:/Project/AI-STRESS-DETECTOR/data/public/ravdess_16k/Audio_Speech_Actors_01-24_16k/Actor_09/03-01-06-01-01-01-09.wav,high,2,actor_09,train,en,ravdess_statement_01,studio,controlled,Kids are talking by the door.,ravdess_emotion=fearful; intensity=normal; repetition=01
03-01-06-01-01-02-09,C:/Project/AI-STRESS-DETECTOR/data/public/ravdess_16k/Audio_Speech_Actors_01-24_16k/Actor_09/03-01-06-01-01-02-09.wav,high,2,actor_09,train,en,ravdess_statement_01,studio,controlled,Kids are talking by the door.,ravdess_emotion=fearful; intensity=normal; repetition=02
03-01-06-01-02-01-09,C:/Project/AI-STRESS-DETECTOR/data/public/ravdess_16k/Audio_Speech_Actors_01-24_16k/Actor_09/03-01-06-01-02-01-09.wav,high,2,actor_09,train,en,ravdess_statement_02,studio,controlled,Dogs are sitting by the door.,ravdess_emotion=fearful; intensity=normal; repetition=01
03-01-06-01-02-02-09,C:/Project/AI-STRESS-DETECTOR/data/public/ravdess_16k/Audio_Speech_Actors_01-24_16k/Actor_09/03-01-06-01-02-02-09.wav,high,2,actor_09,train,en,ravdess_statement_02,studio,controlled,Dogs are sitting by the door.,ravdess_emotion=fearful; intensity=normal; repetition=02
03-01-06-02-01-01-09,C:/Project/AI-STRESS-DETECTOR/data/public/ravdess_16k/Audio_Speech_Actors_01-24_16k/Actor_09/03-01-06-02-01-01-09.wav,severe,3,actor_09,train,en,ravdess_statement_01,studio,controlled,Kids are talking by the door.,ravdess_emotion=fearful; intensity=strong; repetition=01
03-01-06-02-01-02-09,C:/Project/AI-STRESS-DETECTOR/data/public/ravdess_16k/Audio_Speech_Actors_01-24_16k/Actor_09/03-01-06-02-01-02-09.wav,severe,3,actor_09,train,en,ravdess_statement_01,studio,controlled,Kids are talking by the door.,ravdess_emotion=fearful; intensity=strong; repetition=02
03-01-06-02-02-01-09,C:/Project/AI-STRESS-DETECTOR/data/public/ravdess_16k/Audio_Speech_Actors_01-24_16k/Actor_09/03-01-06-02-02-01-09.wav,severe,3,actor_09,train,en,ravdess_statement_02,studio,controlled,Dogs are sitting by the door.,ravdess_emotion=fearful; intensity=strong; repetition=01
03-01-06-02-02-02-09,C:/Project/AI-STRESS-DETECTOR/data/public/ravdess_16k/Audio_Speech_Actors_01-24_16k/Actor_09/03-01-06-02-02-02-09.wav,severe,3,actor_09,train,en,ravdess_statement_02,studio,controlled,Dogs are sitting by the door.,ravdess_emotion=fearful; intensity=strong; repetition=02
03-01-07-01-01-01-09,C:/Project/AI-STRESS-DETECTOR/data/public/ravdess_16k/Audio_Speech_Actors_01-24_16k/Actor_09/03-01-07-01-01-01-09.wav,high,2,actor_09,train,en,ravdess_statement_01,studio,controlled,Kids are talking by the door.,ravdess_emotion=disgust; intensity=normal; repetition=01
03-01-07-01-01-02-09,C:/Project/AI-STRESS-DETECTOR/data/public/ravdess_16k/Audio_Speech_Actors_01-24_16k/Actor_09/03-01-07-01-01-02-09.wav,high,2,actor_09,train,en,ravdess_statement_01,studio,controlled,Kids are talking by the door.,ravdess_emotion=disgust; intensity=normal; repetition=02
03-01-07-01-02-01-09,C:/Project/AI-STRESS-DETECTOR/data/public/ravdess_16k/Audio_Speech_Actors_01-24_16k/Actor_09/03-01-07-01-02-01-09.wav,high,2,actor_09,train,en,ravdess_statement_02,studio,controlled,Dogs are sitting by the door.,ravdess_emotion=disgust; intensity=normal; repetition=01
03-01-07-01-02-02-09,C:/Project/AI-STRESS-DETECTOR/data/public/ravdess_16k/Audio_Speech_Actors_01-24_16k/Actor_09/03-01-07-01-02-02-09.wav,high,2,actor_09,train,en,ravdess_statement_02,studio,controlled,Dogs are sitting by the door.,ravdess_emotion=disgust; intensity=normal; repetition=02
03-01-07-02-01-01-09,C:/Project/AI-STRESS-DETECTOR/data/public/ravdess_16k/Audio_Speech_Actors_01-24_16k/Actor_09/03-01-07-02-01-01-09.wav,severe,3,actor_09,train,en,ravdess_statement_01,studio,controlled,Kids are talking by the door.,ravdess_emotion=disgust; intensity=strong; repetition=01
03-01-07-02-01-02-09,C:/Project/AI-STRESS-DETECTOR/data/public/ravdess_16k/Audio_Speech_Actors_01-24_16k/Actor_09/03-01-07-02-01-02-09.wav,severe,3,actor_09,train,en,ravdess_statement_01,studio,controlled,Kids are talking by the door.,ravdess_emotion=disgust; intensity=strong; repetition=02
03-01-07-02-02-01-09,C:/Project/AI-STRESS-DETECTOR/data/public/ravdess_16k/Audio_Speech_Actors_01-24_16k/Actor_09/03-01-07-02-02-01-09.wav,severe,3,actor_09,train,en,ravdess_statement_02,studio,controlled,Dogs are sitting by the door.,ravdess_emotion=disgust; intensity=strong; repetition=01
03-01-07-02-02-02-09,C:/Project/AI-STRESS-DETECTOR/data/public/ravdess_16k/Audio_Speech_Actors_01-24_16k/Actor_09/03-01-07-02-02-02-09.wav,severe,3,actor_09,train,en,ravdess_statement_02,studio,controlled,Dogs are sitting by the door.,ravdess_emotion=disgust; intensity=strong; repetition=02
03-01-08-01-01-01-09,C:/Project/AI-STRESS-DETECTOR/data/public/ravdess_16k/Audio_Speech_Actors_01-24_16k/Actor_09/03-01-08-01-01-01-09.wav,moderate,1,actor_09,train,en,ravdess_statement_01,studio,controlled,Kids are talking by the door.,ravdess_emotion=surprised; intensity=normal; repetition=01
03-01-08-01-01-02-09,C:/Project/AI-STRESS-DETECTOR/data/public/ravdess_16k/Audio_Speech_Actors_01-24_16k/Actor_09/03-01-08-01-01-02-09.wav,moderate,1,actor_09,train,en,ravdess_statement_01,studio,controlled,Kids are talking by the door.,ravdess_emotion=surprised; intensity=normal; repetition=02
03-01-08-01-02-01-09,C:/Project/AI-STRESS-DETECTOR/data/public/ravdess_16k/Audio_Speech_Actors_01-24_16k/Actor_09/03-01-08-01-02-01-09.wav,moderate,1,actor_09,train,en,ravdess_statement_02,studio,controlled,Dogs are sitting by the door.,ravdess_emotion=surprised; intensity=normal; repetition=01
03-01-08-01-02-02-09,C:/Project/AI-STRESS-DETECTOR/data/public/ravdess_16k/Audio_Speech_Actors_01-24_16k/Actor_09/03-01-08-01-02-02-09.wav,moderate,1,actor_09,train,en,ravdess_statement_02,studio,controlled,Dogs are sitting by the door.,ravdess_emotion=surprised; intensity=normal; repetition=02
03-01-08-02-01-01-09,C:/Project/AI-STRESS-DETECTOR/data/public/ravdess_16k/Audio_Speech_Actors_01-24_16k/Actor_09/03-01-08-02-01-01-09.wav,high,2,actor_09,train,en,ravdess_statement_01,studio,controlled,Kids are talking by the door.,ravdess_emotion=surprised; intensity=strong; repetition=01
03-01-08-02-01-02-09,C:/Project/AI-STRESS-DETECTOR/data/public/ravdess_16k/Audio_Speech_Actors_01-24_16k/Actor_09/03-01-08-02-01-02-09.wav,high,2,actor_09,train,en,ravdess_statement_01,studio,controlled,Kids are talking by the door.,ravdess_emotion=surprised; intensity=strong; repetition=02
03-01-08-02-02-01-09,C:/Project/AI-STRESS-DETECTOR/data/public/ravdess_16k/Audio_Speech_Actors_01-24_16k/Actor_09/03-01-08-02-02-01-09.wav,high,2,actor_09,train,en,ravdess_statement_02,studio,controlled,Dogs are sitting by the door.,ravdess_emotion=surprised; intensity=strong; repetition=01
03-01-08-02-02-02-09,C:/Project/AI-STRESS-DETECTOR/data/public/ravdess_16k/Audio_Speech_Actors_01-24_16k/Actor_09/03-01-08-02-02-02-09.wav,high,2,actor_09,train,en,ravdess_statement_02,studio,controlled,Dogs are sitting by the door.,ravdess_emotion=surprised; intensity=strong; repetition=02
03-01-01-01-01-01-10,C:/Project/AI-STRESS-DETECTOR/data/public/ravdess_16k/Audio_Speech_Actors_01-24_16k/Actor_10/03-01-01-01-01-01-10.wav,low,0,actor_10,train,en,ravdess_statement_01,studio,controlled,Kids are talking by the door.,ravdess_emotion=neutral; intensity=normal; repetition=01
03-01-01-01-01-02-10,C:/Project/AI-STRESS-DETECTOR/data/public/ravdess_16k/Audio_Speech_Actors_01-24_16k/Actor_10/03-01-01-01-01-02-10.wav,low,0,actor_10,train,en,ravdess_statement_01,studio,controlled,Kids are talking by the door.,ravdess_emotion=neutral; intensity=normal; repetition=02
03-01-01-01-02-01-10,C:/Project/AI-STRESS-DETECTOR/data/public/ravdess_16k/Audio_Speech_Actors_01-24_16k/Actor_10/03-01-01-01-02-01-10.wav,low,0,actor_10,train,en,ravdess_statement_02,studio,controlled,Dogs are sitting by the door.,ravdess_emotion=neutral; intensity=normal; repetition=01
03-01-01-01-02-02-10,C:/Project/AI-STRESS-DETECTOR/data/public/ravdess_16k/Audio_Speech_Actors_01-24_16k/Actor_10/03-01-01-01-02-02-10.wav,low,0,actor_10,train,en,ravdess_statement_02,studio,controlled,Dogs are sitting by the door.,ravdess_emotion=neutral; intensity=normal; repetition=02
03-01-02-01-01-01-10,C:/Project/AI-STRESS-DETECTOR/data/public/ravdess_16k/Audio_Speech_Actors_01-24_16k/Actor_10/03-01-02-01-01-01-10.wav,low,0,actor_10,train,en,ravdess_statement_01,studio,controlled,Kids are talking by the door.,ravdess_emotion=calm; intensity=normal; repetition=01
03-01-02-01-01-02-10,C:/Project/AI-STRESS-DETECTOR/data/public/ravdess_16k/Audio_Speech_Actors_01-24_16k/Actor_10/03-01-02-01-01-02-10.wav,low,0,actor_10,train,en,ravdess_statement_01,studio,controlled,Kids are talking by the door.,ravdess_emotion=calm; intensity=normal; repetition=02
03-01-02-01-02-01-10,C:/Project/AI-STRESS-DETECTOR/data/public/ravdess_16k/Audio_Speech_Actors_01-24_16k/Actor_10/03-01-02-01-02-01-10.wav,low,0,actor_10,train,en,ravdess_statement_02,studio,controlled,Dogs are sitting by the door.,ravdess_emotion=calm; intensity=normal; repetition=01
03-01-02-01-02-02-10,C:/Project/AI-STRESS-DETECTOR/data/public/ravdess_16k/Audio_Speech_Actors_01-24_16k/Actor_10/03-01-02-01-02-02-10.wav,low,0,actor_10,train,en,ravdess_statement_02,studio,controlled,Dogs are sitting by the door.,ravdess_emotion=calm; intensity=normal; repetition=02
03-01-02-02-01-01-10,C:/Project/AI-STRESS-DETECTOR/data/public/ravdess_16k/Audio_Speech_Actors_01-24_16k/Actor_10/03-01-02-02-01-01-10.wav,moderate,1,actor_10,train,en,ravdess_statement_01,studio,controlled,Kids are talking by the door.,ravdess_emotion=calm; intensity=strong; repetition=01
03-01-02-02-01-02-10,C:/Project/AI-STRESS-DETECTOR/data/public/ravdess_16k/Audio_Speech_Actors_01-24_16k/Actor_10/03-01-02-02-01-02-10.wav,moderate,1,actor_10,train,en,ravdess_statement_01,studio,controlled,Kids are talking by the door.,ravdess_emotion=calm; intensity=strong; repetition=02
03-01-02-02-02-01-10,C:/Project/AI-STRESS-DETECTOR/data/public/ravdess_16k/Audio_Speech_Actors_01-24_16k/Actor_10/03-01-02-02-02-01-10.wav,moderate,1,actor_10,train,en,ravdess_statement_02,studio,controlled,Dogs are sitting by the door.,ravdess_emotion=calm; intensity=strong; repetition=01
03-01-02-02-02-02-10,C:/Project/AI-STRESS-DETECTOR/data/public/ravdess_16k/Audio_Speech_Actors_01-24_16k/Actor_10/03-01-02-02-02-02-10.wav,moderate,1,actor_10,train,en,ravdess_statement_02,studio,controlled,Dogs are sitting by the door.,ravdess_emotion=calm; intensity=strong; repetition=02
03-01-03-01-01-01-10,C:/Project/AI-STRESS-DETECTOR/data/public/ravdess_16k/Audio_Speech_Actors_01-24_16k/Actor_10/03-01-03-01-01-01-10.wav,moderate,1,actor_10,train,en,ravdess_statement_01,studio,controlled,Kids are talking by the door.,ravdess_emotion=happy; intensity=normal; repetition=01
03-01-03-01-01-02-10,C:/Project/AI-STRESS-DETECTOR/data/public/ravdess_16k/Audio_Speech_Actors_01-24_16k/Actor_10/03-01-03-01-01-02-10.wav,moderate,1,actor_10,train,en,ravdess_statement_01,studio,controlled,Kids are talking by the door.,ravdess_emotion=happy; intensity=normal; repetition=02
03-01-03-01-02-01-10,C:/Project/AI-STRESS-DETECTOR/data/public/ravdess_16k/Audio_Speech_Actors_01-24_16k/Actor_10/03-01-03-01-02-01-10.wav,moderate,1,actor_10,train,en,ravdess_statement_02,studio,controlled,Dogs are sitting by the door.,ravdess_emotion=happy; intensity=normal; repetition=01
03-01-03-01-02-02-10,C:/Project/AI-STRESS-DETECTOR/data/public/ravdess_16k/Audio_Speech_Actors_01-24_16k/Actor_10/03-01-03-01-02-02-10.wav,moderate,1,actor_10,train,en,ravdess_statement_02,studio,controlled,Dogs are sitting by the door.,ravdess_emotion=happy; intensity=normal; repetition=02
03-01-03-02-01-01-10,C:/Project/AI-STRESS-DETECTOR/data/public/ravdess_16k/Audio_Speech_Actors_01-24_16k/Actor_10/03-01-03-02-01-01-10.wav,moderate,1,actor_10,train,en,ravdess_statement_01,studio,controlled,Kids are talking by the door.,ravdess_emotion=happy; intensity=strong; repetition=01
03-01-03-02-01-02-10,C:/Project/AI-STRESS-DETECTOR/data/public/ravdess_16k/Audio_Speech_Actors_01-24_16k/Actor_10/03-01-03-02-01-02-10.wav,moderate,1,actor_10,train,en,ravdess_statement_01,studio,controlled,Kids are talking by the door.,ravdess_emotion=happy; intensity=strong; repetition=02
03-01-03-02-02-01-10,C:/Project/AI-STRESS-DETECTOR/data/public/ravdess_16k/Audio_Speech_Actors_01-24_16k/Actor_10/03-01-03-02-02-01-10.wav,moderate,1,actor_10,train,en,ravdess_statement_02,studio,controlled,Dogs are sitting by the door.,ravdess_emotion=happy; intensity=strong; repetition=01
03-01-03-02-02-02-10,C:/Project/AI-STRESS-DETECTOR/data/public/ravdess_16k/Audio_Speech_Actors_01-24_16k/Actor_10/03-01-03-02-02-02-10.wav,moderate,1,actor_10,train,en,ravdess_statement_02,studio,controlled,Dogs are sitting by the door.,ravdess_emotion=happy; intensity=strong; repetition=02
03-01-04-01-01-01-10,C:/Project/AI-STRESS-DETECTOR/data/public/ravdess_16k/Audio_Speech_Actors_01-24_16k/Actor_10/03-01-04-01-01-01-10.wav,moderate,1,actor_10,train,en,ravdess_statement_01,studio,controlled,Kids are talking by the door.,ravdess_emotion=sad; intensity=normal; repetition=01
03-01-04-01-01-02-10,C:/Project/AI-STRESS-DETECTOR/data/public/ravdess_16k/Audio_Speech_Actors_01-24_16k/Actor_10/03-01-04-01-01-02-10.wav,moderate,1,actor_10,train,en,ravdess_statement_01,studio,controlled,Kids are talking by the door.,ravdess_emotion=sad; intensity=normal; repetition=02
03-01-04-01-02-01-10,C:/Project/AI-STRESS-DETECTOR/data/public/ravdess_16k/Audio_Speech_Actors_01-24_16k/Actor_10/03-01-04-01-02-01-10.wav,moderate,1,actor_10,train,en,ravdess_statement_02,studio,controlled,Dogs are sitting by the door.,ravdess_emotion=sad; intensity=normal; repetition=01
03-01-04-01-02-02-10,C:/Project/AI-STRESS-DETECTOR/data/public/ravdess_16k/Audio_Speech_Actors_01-24_16k/Actor_10/03-01-04-01-02-02-10.wav,moderate,1,actor_10,train,en,ravdess_statement_02,studio,controlled,Dogs are sitting by the door.,ravdess_emotion=sad; intensity=normal; repetition=02
03-01-04-02-01-01-10,C:/Project/AI-STRESS-DETECTOR/data/public/ravdess_16k/Audio_Speech_Actors_01-24_16k/Actor_10/03-01-04-02-01-01-10.wav,high,2,actor_10,train,en,ravdess_statement_01,studio,controlled,Kids are talking by the door.,ravdess_emotion=sad; intensity=strong; repetition=01
03-01-04-02-01-02-10,C:/Project/AI-STRESS-DETECTOR/data/public/ravdess_16k/Audio_Speech_Actors_01-24_16k/Actor_10/03-01-04-02-01-02-10.wav,high,2,actor_10,train,en,ravdess_statement_01,studio,controlled,Kids are talking by the door.,ravdess_emotion=sad; intensity=strong; repetition=02
03-01-04-02-02-01-10,C:/Project/AI-STRESS-DETECTOR/data/public/ravdess_16k/Audio_Speech_Actors_01-24_16k/Actor_10/03-01-04-02-02-01-10.wav,high,2,actor_10,train,en,ravdess_statement_02,studio,controlled,Dogs are sitting by the door.,ravdess_emotion=sad; intensity=strong; repetition=01
03-01-04-02-02-02-10,C:/Project/AI-STRESS-DETECTOR/data/public/ravdess_16k/Audio_Speech_Actors_01-24_16k/Actor_10/03-01-04-02-02-02-10.wav,high,2,actor_10,train,en,ravdess_statement_02,studio,controlled,Dogs are sitting by the door.,ravdess_emotion=sad; intensity=strong; repetition=02
03-01-05-01-01-01-10,C:/Project/AI-STRESS-DETECTOR/data/public/ravdess_16k/Audio_Speech_Actors_01-24_16k/Actor_10/03-01-05-01-01-01-10.wav,high,2,actor_10,train,en,ravdess_statement_01,studio,controlled,Kids are talking by the door.,ravdess_emotion=angry; intensity=normal; repetition=01
03-01-05-01-01-02-10,C:/Project/AI-STRESS-DETECTOR/data/public/ravdess_16k/Audio_Speech_Actors_01-24_16k/Actor_10/03-01-05-01-01-02-10.wav,high,2,actor_10,train,en,ravdess_statement_01,studio,controlled,Kids are talking by the door.,ravdess_emotion=angry; intensity=normal; repetition=02
03-01-05-01-02-01-10,C:/Project/AI-STRESS-DETECTOR/data/public/ravdess_16k/Audio_Speech_Actors_01-24_16k/Actor_10/03-01-05-01-02-01-10.wav,high,2,actor_10,train,en,ravdess_statement_02,studio,controlled,Dogs are sitting by the door.,ravdess_emotion=angry; intensity=normal; repetition=01
03-01-05-01-02-02-10,C:/Project/AI-STRESS-DETECTOR/data/public/ravdess_16k/Audio_Speech_Actors_01-24_16k/Actor_10/03-01-05-01-02-02-10.wav,high,2,actor_10,train,en,ravdess_statement_02,studio,controlled,Dogs are sitting by the door.,ravdess_emotion=angry; intensity=normal; repetition=02
03-01-05-02-01-01-10,C:/Project/AI-STRESS-DETECTOR/data/public/ravdess_16k/Audio_Speech_Actors_01-24_16k/Actor_10/03-01-05-02-01-01-10.wav,severe,3,actor_10,train,en,ravdess_statement_01,studio,controlled,Kids are talking by the door.,ravdess_emotion=angry; intensity=strong; repetition=01
03-01-05-02-01-02-10,C:/Project/AI-STRESS-DETECTOR/data/public/ravdess_16k/Audio_Speech_Actors_01-24_16k/Actor_10/03-01-05-02-01-02-10.wav,severe,3,actor_10,train,en,ravdess_statement_01,studio,controlled,Kids are talking by the door.,ravdess_emotion=angry; intensity=strong; repetition=02
03-01-05-02-02-01-10,C:/Project/AI-STRESS-DETECTOR/data/public/ravdess_16k/Audio_Speech_Actors_01-24_16k/Actor_10/03-01-05-02-02-01-10.wav,severe,3,actor_10,train,en,ravdess_statement_02,studio,controlled,Dogs are sitting by the door.,ravdess_emotion=angry; intensity=strong; repetition=01
03-01-05-02-02-02-10,C:/Project/AI-STRESS-DETECTOR/data/public/ravdess_16k/Audio_Speech_Actors_01-24_16k/Actor_10/03-01-05-02-02-02-10.wav,severe,3,actor_10,train,en,ravdess_statement_02,studio,controlled,Dogs are sitting by the door.,ravdess_emotion=angry; intensity=strong; repetition=02
03-01-06-01-01-01-10,C:/Project/AI-STRESS-DETECTOR/data/public/ravdess_16k/Audio_Speech_Actors_01-24_16k/Actor_10/03-01-06-01-01-01-10.wav,high,2,actor_10,train,en,ravdess_statement_01,studio,controlled,Kids are talking by the door.,ravdess_emotion=fearful; intensity=normal; repetition=01
03-01-06-01-01-02-10,C:/Project/AI-STRESS-DETECTOR/data/public/ravdess_16k/Audio_Speech_Actors_01-24_16k/Actor_10/03-01-06-01-01-02-10.wav,high,2,actor_10,train,en,ravdess_statement_01,studio,controlled,Kids are talking by the door.,ravdess_emotion=fearful; intensity=normal; repetition=02
03-01-06-01-02-01-10,C:/Project/AI-STRESS-DETECTOR/data/public/ravdess_16k/Audio_Speech_Actors_01-24_16k/Actor_10/03-01-06-01-02-01-10.wav,high,2,actor_10,train,en,ravdess_statement_02,studio,controlled,Dogs are sitting by the door.,ravdess_emotion=fearful; intensity=normal; repetition=01
03-01-06-01-02-02-10,C:/Project/AI-STRESS-DETECTOR/data/public/ravdess_16k/Audio_Speech_Actors_01-24_16k/Actor_10/03-01-06-01-02-02-10.wav,high,2,actor_10,train,en,ravdess_statement_02,studio,controlled,Dogs are sitting by the door.,ravdess_emotion=fearful; intensity=normal; repetition=02
03-01-06-02-01-01-10,C:/Project/AI-STRESS-DETECTOR/data/public/ravdess_16k/Audio_Speech_Actors_01-24_16k/Actor_10/03-01-06-02-01-01-10.wav,severe,3,actor_10,train,en,ravdess_statement_01,studio,controlled,Kids are talking by the door.,ravdess_emotion=fearful; intensity=strong; repetition=01
03-01-06-02-01-02-10,C:/Project/AI-STRESS-DETECTOR/data/public/ravdess_16k/Audio_Speech_Actors_01-24_16k/Actor_10/03-01-06-02-01-02-10.wav,severe,3,actor_10,train,en,ravdess_statement_01,studio,controlled,Kids are talking by the door.,ravdess_emotion=fearful; intensity=strong; repetition=02
03-01-06-02-02-01-10,C:/Project/AI-STRESS-DETECTOR/data/public/ravdess_16k/Audio_Speech_Actors_01-24_16k/Actor_10/03-01-06-02-02-01-10.wav,severe,3,actor_10,train,en,ravdess_statement_02,studio,controlled,Dogs are sitting by the door.,ravdess_emotion=fearful; intensity=strong; repetition=01
03-01-06-02-02-02-10,C:/Project/AI-STRESS-DETECTOR/data/public/ravdess_16k/Audio_Speech_Actors_01-24_16k/Actor_10/03-01-06-02-02-02-10.wav,severe,3,actor_10,train,en,ravdess_statement_02,studio,controlled,Dogs are sitting by the door.,ravdess_emotion=fearful; intensity=strong; repetition=02
03-01-07-01-01-01-10,C:/Project/AI-STRESS-DETECTOR/data/public/ravdess_16k/Audio_Speech_Actors_01-24_16k/Actor_10/03-01-07-01-01-01-10.wav,high,2,actor_10,train,en,ravdess_statement_01,studio,controlled,Kids are talking by the door.,ravdess_emotion=disgust; intensity=normal; repetition=01
03-01-07-01-01-02-10,C:/Project/AI-STRESS-DETECTOR/data/public/ravdess_16k/Audio_Speech_Actors_01-24_16k/Actor_10/03-01-07-01-01-02-10.wav,high,2,actor_10,train,en,ravdess_statement_01,studio,controlled,Kids are talking by the door.,ravdess_emotion=disgust; intensity=normal; repetition=02
03-01-07-01-02-01-10,C:/Project/AI-STRESS-DETECTOR/data/public/ravdess_16k/Audio_Speech_Actors_01-24_16k/Actor_10/03-01-07-01-02-01-10.wav,high,2,actor_10,train,en,ravdess_statement_02,studio,controlled,Dogs are sitting by the door.,ravdess_emotion=disgust; intensity=normal; repetition=01
03-01-07-01-02-02-10,C:/Project/AI-STRESS-DETECTOR/data/public/ravdess_16k/Audio_Speech_Actors_01-24_16k/Actor_10/03-01-07-01-02-02-10.wav,high,2,actor_10,train,en,ravdess_statement_02,studio,controlled,Dogs are sitting by the door.,ravdess_emotion=disgust; intensity=normal; repetition=02
03-01-07-02-01-01-10,C:/Project/AI-STRESS-DETECTOR/data/public/ravdess_16k/Audio_Speech_Actors_01-24_16k/Actor_10/03-01-07-02-01-01-10.wav,severe,3,actor_10,train,en,ravdess_statement_01,studio,controlled,Kids are talking by the door.,ravdess_emotion=disgust; intensity=strong; repetition=01
03-01-07-02-01-02-10,C:/Project/AI-STRESS-DETECTOR/data/public/ravdess_16k/Audio_Speech_Actors_01-24_16k/Actor_10/03-01-07-02-01-02-10.wav,severe,3,actor_10,train,en,ravdess_statement_01,studio,controlled,Kids are talking by the door.,ravdess_emotion=disgust; intensity=strong; repetition=02
03-01-07-02-02-01-10,C:/Project/AI-STRESS-DETECTOR/data/public/ravdess_16k/Audio_Speech_Actors_01-24_16k/Actor_10/03-01-07-02-02-01-10.wav,severe,3,actor_10,train,en,ravdess_statement_02,studio,controlled,Dogs are sitting by the door.,ravdess_emotion=disgust; intensity=strong; repetition=01
03-01-07-02-02-02-10,C:/Project/AI-STRESS-DETECTOR/data/public/ravdess_16k/Audio_Speech_Actors_01-24_16k/Actor_10/03-01-07-02-02-02-10.wav,severe,3,actor_10,train,en,ravdess_statement_02,studio,controlled,Dogs are sitting by the door.,ravdess_emotion=disgust; intensity=strong; repetition=02
03-01-08-01-01-01-10,C:/Project/AI-STRESS-DETECTOR/data/public/ravdess_16k/Audio_Speech_Actors_01-24_16k/Actor_10/03-01-08-01-01-01-10.wav,moderate,1,actor_10,train,en,ravdess_statement_01,studio,controlled,Kids are talking by the door.,ravdess_emotion=surprised; intensity=normal; repetition=01
03-01-08-01-01-02-10,C:/Project/AI-STRESS-DETECTOR/data/public/ravdess_16k/Audio_Speech_Actors_01-24_16k/Actor_10/03-01-08-01-01-02-10.wav,moderate,1,actor_10,train,en,ravdess_statement_01,studio,controlled,Kids are talking by the door.,ravdess_emotion=surprised; intensity=normal; repetition=02
03-01-08-01-02-01-10,C:/Project/AI-STRESS-DETECTOR/data/public/ravdess_16k/Audio_Speech_Actors_01-24_16k/Actor_10/03-01-08-01-02-01-10.wav,moderate,1,actor_10,train,en,ravdess_statement_02,studio,controlled,Dogs are sitting by the door.,ravdess_emotion=surprised; intensity=normal; repetition=01
03-01-08-01-02-02-10,C:/Project/AI-STRESS-DETECTOR/data/public/ravdess_16k/Audio_Speech_Actors_01-24_16k/Actor_10/03-01-08-01-02-02-10.wav,moderate,1,actor_10,train,en,ravdess_statement_02,studio,controlled,Dogs are sitting by the door.,ravdess_emotion=surprised; intensity=normal; repetition=02
03-01-08-02-01-01-10,C:/Project/AI-STRESS-DETECTOR/data/public/ravdess_16k/Audio_Speech_Actors_01-24_16k/Actor_10/03-01-08-02-01-01-10.wav,high,2,actor_10,train,en,ravdess_statement_01,studio,controlled,Kids are talking by the door.,ravdess_emotion=surprised; intensity=strong; repetition=01
03-01-08-02-01-02-10,C:/Project/AI-STRESS-DETECTOR/data/public/ravdess_16k/Audio_Speech_Actors_01-24_16k/Actor_10/03-01-08-02-01-02-10.wav,high,2,actor_10,train,en,ravdess_statement_01,studio,controlled,Kids are talking by the door.,ravdess_emotion=surprised; intensity=strong; repetition=02
03-01-08-02-02-01-10,C:/Project/AI-STRESS-DETECTOR/data/public/ravdess_16k/Audio_Speech_Actors_01-24_16k/Actor_10/03-01-08-02-02-01-10.wav,high,2,actor_10,train,en,ravdess_statement_02,studio,controlled,Dogs are sitting by the door.,ravdess_emotion=surprised; intensity=strong; repetition=01
03-01-08-02-02-02-10,C:/Project/AI-STRESS-DETECTOR/data/public/ravdess_16k/Audio_Speech_Actors_01-24_16k/Actor_10/03-01-08-02-02-02-10.wav,high,2,actor_10,train,en,ravdess_statement_02,studio,controlled,Dogs are sitting by the door.,ravdess_emotion=surprised; intensity=strong; repetition=02
03-01-01-01-01-01-11,C:/Project/AI-STRESS-DETECTOR/data/public/ravdess_16k/Audio_Speech_Actors_01-24_16k/Actor_11/03-01-01-01-01-01-11.wav,low,0,actor_11,train,en,ravdess_statement_01,studio,controlled,Kids are talking by the door.,ravdess_emotion=neutral; intensity=normal; repetition=01
03-01-01-01-01-02-11,C:/Project/AI-STRESS-DETECTOR/data/public/ravdess_16k/Audio_Speech_Actors_01-24_16k/Actor_11/03-01-01-01-01-02-11.wav,low,0,actor_11,train,en,ravdess_statement_01,studio,controlled,Kids are talking by the door.,ravdess_emotion=neutral; intensity=normal; repetition=02
03-01-01-01-02-01-11,C:/Project/AI-STRESS-DETECTOR/data/public/ravdess_16k/Audio_Speech_Actors_01-24_16k/Actor_11/03-01-01-01-02-01-11.wav,low,0,actor_11,train,en,ravdess_statement_02,studio,controlled,Dogs are sitting by the door.,ravdess_emotion=neutral; intensity=normal; repetition=01
03-01-01-01-02-02-11,C:/Project/AI-STRESS-DETECTOR/data/public/ravdess_16k/Audio_Speech_Actors_01-24_16k/Actor_11/03-01-01-01-02-02-11.wav,low,0,actor_11,train,en,ravdess_statement_02,studio,controlled,Dogs are sitting by the door.,ravdess_emotion=neutral; intensity=normal; repetition=02
03-01-02-01-01-01-11,C:/Project/AI-STRESS-DETECTOR/data/public/ravdess_16k/Audio_Speech_Actors_01-24_16k/Actor_11/03-01-02-01-01-01-11.wav,low,0,actor_11,train,en,ravdess_statement_01,studio,controlled,Kids are talking by the door.,ravdess_emotion=calm; intensity=normal; repetition=01
03-01-02-01-01-02-11,C:/Project/AI-STRESS-DETECTOR/data/public/ravdess_16k/Audio_Speech_Actors_01-24_16k/Actor_11/03-01-02-01-01-02-11.wav,low,0,actor_11,train,en,ravdess_statement_01,studio,controlled,Kids are talking by the door.,ravdess_emotion=calm; intensity=normal; repetition=02
03-01-02-01-02-01-11,C:/Project/AI-STRESS-DETECTOR/data/public/ravdess_16k/Audio_Speech_Actors_01-24_16k/Actor_11/03-01-02-01-02-01-11.wav,low,0,actor_11,train,en,ravdess_statement_02,studio,controlled,Dogs are sitting by the door.,ravdess_emotion=calm; intensity=normal; repetition=01
03-01-02-01-02-02-11,C:/Project/AI-STRESS-DETECTOR/data/public/ravdess_16k/Audio_Speech_Actors_01-24_16k/Actor_11/03-01-02-01-02-02-11.wav,low,0,actor_11,train,en,ravdess_statement_02,studio,controlled,Dogs are sitting by the door.,ravdess_emotion=calm; intensity=normal; repetition=02
03-01-02-02-01-01-11,C:/Project/AI-STRESS-DETECTOR/data/public/ravdess_16k/Audio_Speech_Actors_01-24_16k/Actor_11/03-01-02-02-01-01-11.wav,moderate,1,actor_11,train,en,ravdess_statement_01,studio,controlled,Kids are talking by the door.,ravdess_emotion=calm; intensity=strong; repetition=01
03-01-02-02-01-02-11,C:/Project/AI-STRESS-DETECTOR/data/public/ravdess_16k/Audio_Speech_Actors_01-24_16k/Actor_11/03-01-02-02-01-02-11.wav,moderate,1,actor_11,train,en,ravdess_statement_01,studio,controlled,Kids are talking by the door.,ravdess_emotion=calm; intensity=strong; repetition=02
03-01-02-02-02-01-11,C:/Project/AI-STRESS-DETECTOR/data/public/ravdess_16k/Audio_Speech_Actors_01-24_16k/Actor_11/03-01-02-02-02-01-11.wav,moderate,1,actor_11,train,en,ravdess_statement_02,studio,controlled,Dogs are sitting by the door.,ravdess_emotion=calm; intensity=strong; repetition=01
03-01-02-02-02-02-11,C:/Project/AI-STRESS-DETECTOR/data/public/ravdess_16k/Audio_Speech_Actors_01-24_16k/Actor_11/03-01-02-02-02-02-11.wav,moderate,1,actor_11,train,en,ravdess_statement_02,studio,controlled,Dogs are sitting by the door.,ravdess_emotion=calm; intensity=strong; repetition=02
03-01-03-01-01-01-11,C:/Project/AI-STRESS-DETECTOR/data/public/ravdess_16k/Audio_Speech_Actors_01-24_16k/Actor_11/03-01-03-01-01-01-11.wav,moderate,1,actor_11,train,en,ravdess_statement_01,studio,controlled,Kids are talking by the door.,ravdess_emotion=happy; intensity=normal; repetition=01
03-01-03-01-01-02-11,C:/Project/AI-STRESS-DETECTOR/data/public/ravdess_16k/Audio_Speech_Actors_01-24_16k/Actor_11/03-01-03-01-01-02-11.wav,moderate,1,actor_11,train,en,ravdess_statement_01,studio,controlled,Kids are talking by the door.,ravdess_emotion=happy; intensity=normal; repetition=02
03-01-03-01-02-01-11,C:/Project/AI-STRESS-DETECTOR/data/public/ravdess_16k/Audio_Speech_Actors_01-24_16k/Actor_11/03-01-03-01-02-01-11.wav,moderate,1,actor_11,train,en,ravdess_statement_02,studio,controlled,Dogs are sitting by the door.,ravdess_emotion=happy; intensity=normal; repetition=01
03-01-03-01-02-02-11,C:/Project/AI-STRESS-DETECTOR/data/public/ravdess_16k/Audio_Speech_Actors_01-24_16k/Actor_11/03-01-03-01-02-02-11.wav,moderate,1,actor_11,train,en,ravdess_statement_02,studio,controlled,Dogs are sitting by the door.,ravdess_emotion=happy; intensity=normal; repetition=02
03-01-03-02-01-01-11,C:/Project/AI-STRESS-DETECTOR/data/public/ravdess_16k/Audio_Speech_Actors_01-24_16k/Actor_11/03-01-03-02-01-01-11.wav,moderate,1,actor_11,train,en,ravdess_statement_01,studio,controlled,Kids are talking by the door.,ravdess_emotion=happy; intensity=strong; repetition=01
03-01-03-02-01-02-11,C:/Project/AI-STRESS-DETECTOR/data/public/ravdess_16k/Audio_Speech_Actors_01-24_16k/Actor_11/03-01-03-02-01-02-11.wav,moderate,1,actor_11,train,en,ravdess_statement_01,studio,controlled,Kids are talking by the door.,ravdess_emotion=happy; intensity=strong; repetition=02
03-01-03-02-02-01-11,C:/Project/AI-STRESS-DETECTOR/data/public/ravdess_16k/Audio_Speech_Actors_01-24_16k/Actor_11/03-01-03-02-02-01-11.wav,moderate,1,actor_11,train,en,ravdess_statement_02,studio,controlled,Dogs are sitting by the door.,ravdess_emotion=happy; intensity=strong; repetition=01
03-01-03-02-02-02-11,C:/Project/AI-STRESS-DETECTOR/data/public/ravdess_16k/Audio_Speech_Actors_01-24_16k/Actor_11/03-01-03-02-02-02-11.wav,moderate,1,actor_11,train,en,ravdess_statement_02,studio,controlled,Dogs are sitting by the door.,ravdess_emotion=happy; intensity=strong; repetition=02
03-01-04-01-01-01-11,C:/Project/AI-STRESS-DETECTOR/data/public/ravdess_16k/Audio_Speech_Actors_01-24_16k/Actor_11/03-01-04-01-01-01-11.wav,moderate,1,actor_11,train,en,ravdess_statement_01,studio,controlled,Kids are talking by the door.,ravdess_emotion=sad; intensity=normal; repetition=01
03-01-04-01-01-02-11,C:/Project/AI-STRESS-DETECTOR/data/public/ravdess_16k/Audio_Speech_Actors_01-24_16k/Actor_11/03-01-04-01-01-02-11.wav,moderate,1,actor_11,train,en,ravdess_statement_01,studio,controlled,Kids are talking by the door.,ravdess_emotion=sad; intensity=normal; repetition=02
03-01-04-01-02-01-11,C:/Project/AI-STRESS-DETECTOR/data/public/ravdess_16k/Audio_Speech_Actors_01-24_16k/Actor_11/03-01-04-01-02-01-11.wav,moderate,1,actor_11,train,en,ravdess_statement_02,studio,controlled,Dogs are sitting by the door.,ravdess_emotion=sad; intensity=normal; repetition=01
03-01-04-01-02-02-11,C:/Project/AI-STRESS-DETECTOR/data/public/ravdess_16k/Audio_Speech_Actors_01-24_16k/Actor_11/03-01-04-01-02-02-11.wav,moderate,1,actor_11,train,en,ravdess_statement_02,studio,controlled,Dogs are sitting by the door.,ravdess_emotion=sad; intensity=normal; repetition=02
03-01-04-02-01-01-11,C:/Project/AI-STRESS-DETECTOR/data/public/ravdess_16k/Audio_Speech_Actors_01-24_16k/Actor_11/03-01-04-02-01-01-11.wav,high,2,actor_11,train,en,ravdess_statement_01,studio,controlled,Kids are talking by the door.,ravdess_emotion=sad; intensity=strong; repetition=01
03-01-04-02-01-02-11,C:/Project/AI-STRESS-DETECTOR/data/public/ravdess_16k/Audio_Speech_Actors_01-24_16k/Actor_11/03-01-04-02-01-02-11.wav,high,2,actor_11,train,en,ravdess_statement_01,studio,controlled,Kids are talking by the door.,ravdess_emotion=sad; intensity=strong; repetition=02
03-01-04-02-02-01-11,C:/Project/AI-STRESS-DETECTOR/data/public/ravdess_16k/Audio_Speech_Actors_01-24_16k/Actor_11/03-01-04-02-02-01-11.wav,high,2,actor_11,train,en,ravdess_statement_02,studio,controlled,Dogs are sitting by the door.,ravdess_emotion=sad; intensity=strong; repetition=01
03-01-04-02-02-02-11,C:/Project/AI-STRESS-DETECTOR/data/public/ravdess_16k/Audio_Speech_Actors_01-24_16k/Actor_11/03-01-04-02-02-02-11.wav,high,2,actor_11,train,en,ravdess_statement_02,studio,controlled,Dogs are sitting by the door.,ravdess_emotion=sad; intensity=strong; repetition=02
03-01-05-01-01-01-11,C:/Project/AI-STRESS-DETECTOR/data/public/ravdess_16k/Audio_Speech_Actors_01-24_16k/Actor_11/03-01-05-01-01-01-11.wav,high,2,actor_11,train,en,ravdess_statement_01,studio,controlled,Kids are talking by the door.,ravdess_emotion=angry; intensity=normal; repetition=01
03-01-05-01-01-02-11,C:/Project/AI-STRESS-DETECTOR/data/public/ravdess_16k/Audio_Speech_Actors_01-24_16k/Actor_11/03-01-05-01-01-02-11.wav,high,2,actor_11,train,en,ravdess_statement_01,studio,controlled,Kids are talking by the door.,ravdess_emotion=angry; intensity=normal; repetition=02
03-01-05-01-02-01-11,C:/Project/AI-STRESS-DETECTOR/data/public/ravdess_16k/Audio_Speech_Actors_01-24_16k/Actor_11/03-01-05-01-02-01-11.wav,high,2,actor_11,train,en,ravdess_statement_02,studio,controlled,Dogs are sitting by the door.,ravdess_emotion=angry; intensity=normal; repetition=01
03-01-05-01-02-02-11,C:/Project/AI-STRESS-DETECTOR/data/public/ravdess_16k/Audio_Speech_Actors_01-24_16k/Actor_11/03-01-05-01-02-02-11.wav,high,2,actor_11,train,en,ravdess_statement_02,studio,controlled,Dogs are sitting by the door.,ravdess_emotion=angry; intensity=normal; repetition=02
03-01-05-02-01-01-11,C:/Project/AI-STRESS-DETECTOR/data/public/ravdess_16k/Audio_Speech_Actors_01-24_16k/Actor_11/03-01-05-02-01-01-11.wav,severe,3,actor_11,train,en,ravdess_statement_01,studio,controlled,Kids are talking by the door.,ravdess_emotion=angry; intensity=strong; repetition=01
03-01-05-02-01-02-11,C:/Project/AI-STRESS-DETECTOR/data/public/ravdess_16k/Audio_Speech_Actors_01-24_16k/Actor_11/03-01-05-02-01-02-11.wav,severe,3,actor_11,train,en,ravdess_statement_01,studio,controlled,Kids are talking by the door.,ravdess_emotion=angry; intensity=strong; repetition=02
03-01-05-02-02-01-11,C:/Project/AI-STRESS-DETECTOR/data/public/ravdess_16k/Audio_Speech_Actors_01-24_16k/Actor_11/03-01-05-02-02-01-11.wav,severe,3,actor_11,train,en,ravdess_statement_02,studio,controlled,Dogs are sitting by the door.,ravdess_emotion=angry; intensity=strong; repetition=01
03-01-05-02-02-02-11,C:/Project/AI-STRESS-DETECTOR/data/public/ravdess_16k/Audio_Speech_Actors_01-24_16k/Actor_11/03-01-05-02-02-02-11.wav,severe,3,actor_11,train,en,ravdess_statement_02,studio,controlled,Dogs are sitting by the door.,ravdess_emotion=angry; intensity=strong; repetition=02
03-01-06-01-01-01-11,C:/Project/AI-STRESS-DETECTOR/data/public/ravdess_16k/Audio_Speech_Actors_01-24_16k/Actor_11/03-01-06-01-01-01-11.wav,high,2,actor_11,train,en,ravdess_statement_01,studio,controlled,Kids are talking by the door.,ravdess_emotion=fearful; intensity=normal; repetition=01
03-01-06-01-01-02-11,C:/Project/AI-STRESS-DETECTOR/data/public/ravdess_16k/Audio_Speech_Actors_01-24_16k/Actor_11/03-01-06-01-01-02-11.wav,high,2,actor_11,train,en,ravdess_statement_01,studio,controlled,Kids are talking by the door.,ravdess_emotion=fearful; intensity=normal; repetition=02
03-01-06-01-02-01-11,C:/Project/AI-STRESS-DETECTOR/data/public/ravdess_16k/Audio_Speech_Actors_01-24_16k/Actor_11/03-01-06-01-02-01-11.wav,high,2,actor_11,train,en,ravdess_statement_02,studio,controlled,Dogs are sitting by the door.,ravdess_emotion=fearful; intensity=normal; repetition=01
03-01-06-01-02-02-11,C:/Project/AI-STRESS-DETECTOR/data/public/ravdess_16k/Audio_Speech_Actors_01-24_16k/Actor_11/03-01-06-01-02-02-11.wav,high,2,actor_11,train,en,ravdess_statement_02,studio,controlled,Dogs are sitting by the door.,ravdess_emotion=fearful; intensity=normal; repetition=02
03-01-06-02-01-01-11,C:/Project/AI-STRESS-DETECTOR/data/public/ravdess_16k/Audio_Speech_Actors_01-24_16k/Actor_11/03-01-06-02-01-01-11.wav,severe,3,actor_11,train,en,ravdess_statement_01,studio,controlled,Kids are talking by the door.,ravdess_emotion=fearful; intensity=strong; repetition=01
03-01-06-02-01-02-11,C:/Project/AI-STRESS-DETECTOR/data/public/ravdess_16k/Audio_Speech_Actors_01-24_16k/Actor_11/03-01-06-02-01-02-11.wav,severe,3,actor_11,train,en,ravdess_statement_01,studio,controlled,Kids are talking by the door.,ravdess_emotion=fearful; intensity=strong; repetition=02
03-01-06-02-02-01-11,C:/Project/AI-STRESS-DETECTOR/data/public/ravdess_16k/Audio_Speech_Actors_01-24_16k/Actor_11/03-01-06-02-02-01-11.wav,severe,3,actor_11,train,en,ravdess_statement_02,studio,controlled,Dogs are sitting by the door.,ravdess_emotion=fearful; intensity=strong; repetition=01
03-01-06-02-02-02-11,C:/Project/AI-STRESS-DETECTOR/data/public/ravdess_16k/Audio_Speech_Actors_01-24_16k/Actor_11/03-01-06-02-02-02-11.wav,severe,3,actor_11,train,en,ravdess_statement_02,studio,controlled,Dogs are sitting by the door.,ravdess_emotion=fearful; intensity=strong; repetition=02
03-01-07-01-01-01-11,C:/Project/AI-STRESS-DETECTOR/data/public/ravdess_16k/Audio_Speech_Actors_01-24_16k/Actor_11/03-01-07-01-01-01-11.wav,high,2,actor_11,train,en,ravdess_statement_01,studio,controlled,Kids are talking by the door.,ravdess_emotion=disgust; intensity=normal; repetition=01
03-01-07-01-01-02-11,C:/Project/AI-STRESS-DETECTOR/data/public/ravdess_16k/Audio_Speech_Actors_01-24_16k/Actor_11/03-01-07-01-01-02-11.wav,high,2,actor_11,train,en,ravdess_statement_01,studio,controlled,Kids are talking by the door.,ravdess_emotion=disgust; intensity=normal; repetition=02
03-01-07-01-02-01-11,C:/Project/AI-STRESS-DETECTOR/data/public/ravdess_16k/Audio_Speech_Actors_01-24_16k/Actor_11/03-01-07-01-02-01-11.wav,high,2,actor_11,train,en,ravdess_statement_02,studio,controlled,Dogs are sitting by the door.,ravdess_emotion=disgust; intensity=normal; repetition=01
03-01-07-01-02-02-11,C:/Project/AI-STRESS-DETECTOR/data/public/ravdess_16k/Audio_Speech_Actors_01-24_16k/Actor_11/03-01-07-01-02-02-11.wav,high,2,actor_11,train,en,ravdess_statement_02,studio,controlled,Dogs are sitting by the door.,ravdess_emotion=disgust; intensity=normal; repetition=02
03-01-07-02-01-01-11,C:/Project/AI-STRESS-DETECTOR/data/public/ravdess_16k/Audio_Speech_Actors_01-24_16k/Actor_11/03-01-07-02-01-01-11.wav,severe,3,actor_11,train,en,ravdess_statement_01,studio,controlled,Kids are talking by the door.,ravdess_emotion=disgust; intensity=strong; repetition=01
03-01-07-02-01-02-11,C:/Project/AI-STRESS-DETECTOR/data/public/ravdess_16k/Audio_Speech_Actors_01-24_16k/Actor_11/03-01-07-02-01-02-11.wav,severe,3,actor_11,train,en,ravdess_statement_01,studio,controlled,Kids are talking by the door.,ravdess_emotion=disgust; intensity=strong; repetition=02
03-01-07-02-02-01-11,C:/Project/AI-STRESS-DETECTOR/data/public/ravdess_16k/Audio_Speech_Actors_01-24_16k/Actor_11/03-01-07-02-02-01-11.wav,severe,3,actor_11,train,en,ravdess_statement_02,studio,controlled,Dogs are sitting by the door.,ravdess_emotion=disgust; intensity=strong; repetition=01
03-01-07-02-02-02-11,C:/Project/AI-STRESS-DETECTOR/data/public/ravdess_16k/Audio_Speech_Actors_01-24_16k/Actor_11/03-01-07-02-02-02-11.wav,severe,3,actor_11,train,en,ravdess_statement_02,studio,controlled,Dogs are sitting by the door.,ravdess_emotion=disgust; intensity=strong; repetition=02
03-01-08-01-01-01-11,C:/Project/AI-STRESS-DETECTOR/data/public/ravdess_16k/Audio_Speech_Actors_01-24_16k/Actor_11/03-01-08-01-01-01-11.wav,moderate,1,actor_11,train,en,ravdess_statement_01,studio,controlled,Kids are talking by the door.,ravdess_emotion=surprised; intensity=normal; repetition=01
03-01-08-01-01-02-11,C:/Project/AI-STRESS-DETECTOR/data/public/ravdess_16k/Audio_Speech_Actors_01-24_16k/Actor_11/03-01-08-01-01-02-11.wav,moderate,1,actor_11,train,en,ravdess_statement_01,studio,controlled,Kids are talking by the door.,ravdess_emotion=surprised; intensity=normal; repetition=02
03-01-08-01-02-01-11,C:/Project/AI-STRESS-DETECTOR/data/public/ravdess_16k/Audio_Speech_Actors_01-24_16k/Actor_11/03-01-08-01-02-01-11.wav,moderate,1,actor_11,train,en,ravdess_statement_02,studio,controlled,Dogs are sitting by the door.,ravdess_emotion=surprised; intensity=normal; repetition=01
03-01-08-01-02-02-11,C:/Project/AI-STRESS-DETECTOR/data/public/ravdess_16k/Audio_Speech_Actors_01-24_16k/Actor_11/03-01-08-01-02-02-11.wav,moderate,1,actor_11,train,en,ravdess_statement_02,studio,controlled,Dogs are sitting by the door.,ravdess_emotion=surprised; intensity=normal; repetition=02
03-01-08-02-01-01-11,C:/Project/AI-STRESS-DETECTOR/data/public/ravdess_16k/Audio_Speech_Actors_01-24_16k/Actor_11/03-01-08-02-01-01-11.wav,high,2,actor_11,train,en,ravdess_statement_01,studio,controlled,Kids are talking by the door.,ravdess_emotion=surprised; intensity=strong; repetition=01
03-01-08-02-01-02-11,C:/Project/AI-STRESS-DETECTOR/data/public/ravdess_16k/Audio_Speech_Actors_01-24_16k/Actor_11/03-01-08-02-01-02-11.wav,high,2,actor_11,train,en,ravdess_statement_01,studio,controlled,Kids are talking by the door.,ravdess_emotion=surprised; intensity=strong; repetition=02
03-01-08-02-02-01-11,C:/Project/AI-STRESS-DETECTOR/data/public/ravdess_16k/Audio_Speech_Actors_01-24_16k/Actor_11/03-01-08-02-02-01-11.wav,high,2,actor_11,train,en,ravdess_statement_02,studio,controlled,Dogs are sitting by the door.,ravdess_emotion=surprised; intensity=strong; repetition=01
03-01-08-02-02-02-11,C:/Project/AI-STRESS-DETECTOR/data/public/ravdess_16k/Audio_Speech_Actors_01-24_16k/Actor_11/03-01-08-02-02-02-11.wav,high,2,actor_11,train,en,ravdess_statement_02,studio,controlled,Dogs are sitting by the door.,ravdess_emotion=surprised; intensity=strong; repetition=02
03-01-01-01-01-01-12,C:/Project/AI-STRESS-DETECTOR/data/public/ravdess_16k/Audio_Speech_Actors_01-24_16k/Actor_12/03-01-01-01-01-01-12.wav,low,0,actor_12,train,en,ravdess_statement_01,studio,controlled,Kids are talking by the door.,ravdess_emotion=neutral; intensity=normal; repetition=01
03-01-01-01-01-02-12,C:/Project/AI-STRESS-DETECTOR/data/public/ravdess_16k/Audio_Speech_Actors_01-24_16k/Actor_12/03-01-01-01-01-02-12.wav,low,0,actor_12,train,en,ravdess_statement_01,studio,controlled,Kids are talking by the door.,ravdess_emotion=neutral; intensity=normal; repetition=02
03-01-01-01-02-01-12,C:/Project/AI-STRESS-DETECTOR/data/public/ravdess_16k/Audio_Speech_Actors_01-24_16k/Actor_12/03-01-01-01-02-01-12.wav,low,0,actor_12,train,en,ravdess_statement_02,studio,controlled,Dogs are sitting by the door.,ravdess_emotion=neutral; intensity=normal; repetition=01
03-01-01-01-02-02-12,C:/Project/AI-STRESS-DETECTOR/data/public/ravdess_16k/Audio_Speech_Actors_01-24_16k/Actor_12/03-01-01-01-02-02-12.wav,low,0,actor_12,train,en,ravdess_statement_02,studio,controlled,Dogs are sitting by the door.,ravdess_emotion=neutral; intensity=normal; repetition=02
03-01-02-01-01-01-12,C:/Project/AI-STRESS-DETECTOR/data/public/ravdess_16k/Audio_Speech_Actors_01-24_16k/Actor_12/03-01-02-01-01-01-12.wav,low,0,actor_12,train,en,ravdess_statement_01,studio,controlled,Kids are talking by the door.,ravdess_emotion=calm; intensity=normal; repetition=01
03-01-02-01-01-02-12,C:/Project/AI-STRESS-DETECTOR/data/public/ravdess_16k/Audio_Speech_Actors_01-24_16k/Actor_12/03-01-02-01-01-02-12.wav,low,0,actor_12,train,en,ravdess_statement_01,studio,controlled,Kids are talking by the door.,ravdess_emotion=calm; intensity=normal; repetition=02
03-01-02-01-02-01-12,C:/Project/AI-STRESS-DETECTOR/data/public/ravdess_16k/Audio_Speech_Actors_01-24_16k/Actor_12/03-01-02-01-02-01-12.wav,low,0,actor_12,train,en,ravdess_statement_02,studio,controlled,Dogs are sitting by the door.,ravdess_emotion=calm; intensity=normal; repetition=01
03-01-02-01-02-02-12,C:/Project/AI-STRESS-DETECTOR/data/public/ravdess_16k/Audio_Speech_Actors_01-24_16k/Actor_12/03-01-02-01-02-02-12.wav,low,0,actor_12,train,en,ravdess_statement_02,studio,controlled,Dogs are sitting by the door.,ravdess_emotion=calm; intensity=normal; repetition=02
03-01-02-02-01-01-12,C:/Project/AI-STRESS-DETECTOR/data/public/ravdess_16k/Audio_Speech_Actors_01-24_16k/Actor_12/03-01-02-02-01-01-12.wav,moderate,1,actor_12,train,en,ravdess_statement_01,studio,controlled,Kids are talking by the door.,ravdess_emotion=calm; intensity=strong; repetition=01
03-01-02-02-01-02-12,C:/Project/AI-STRESS-DETECTOR/data/public/ravdess_16k/Audio_Speech_Actors_01-24_16k/Actor_12/03-01-02-02-01-02-12.wav,moderate,1,actor_12,train,en,ravdess_statement_01,studio,controlled,Kids are talking by the door.,ravdess_emotion=calm; intensity=strong; repetition=02
03-01-02-02-02-01-12,C:/Project/AI-STRESS-DETECTOR/data/public/ravdess_16k/Audio_Speech_Actors_01-24_16k/Actor_12/03-01-02-02-02-01-12.wav,moderate,1,actor_12,train,en,ravdess_statement_02,studio,controlled,Dogs are sitting by the door.,ravdess_emotion=calm; intensity=strong; repetition=01
03-01-02-02-02-02-12,C:/Project/AI-STRESS-DETECTOR/data/public/ravdess_16k/Audio_Speech_Actors_01-24_16k/Actor_12/03-01-02-02-02-02-12.wav,moderate,1,actor_12,train,en,ravdess_statement_02,studio,controlled,Dogs are sitting by the door.,ravdess_emotion=calm; intensity=strong; repetition=02
03-01-03-01-01-01-12,C:/Project/AI-STRESS-DETECTOR/data/public/ravdess_16k/Audio_Speech_Actors_01-24_16k/Actor_12/03-01-03-01-01-01-12.wav,moderate,1,actor_12,train,en,ravdess_statement_01,studio,controlled,Kids are talking by the door.,ravdess_emotion=happy; intensity=normal; repetition=01
03-01-03-01-01-02-12,C:/Project/AI-STRESS-DETECTOR/data/public/ravdess_16k/Audio_Speech_Actors_01-24_16k/Actor_12/03-01-03-01-01-02-12.wav,moderate,1,actor_12,train,en,ravdess_statement_01,studio,controlled,Kids are talking by the door.,ravdess_emotion=happy; intensity=normal; repetition=02
03-01-03-01-02-01-12,C:/Project/AI-STRESS-DETECTOR/data/public/ravdess_16k/Audio_Speech_Actors_01-24_16k/Actor_12/03-01-03-01-02-01-12.wav,moderate,1,actor_12,train,en,ravdess_statement_02,studio,controlled,Dogs are sitting by the door.,ravdess_emotion=happy; intensity=normal; repetition=01
03-01-03-01-02-02-12,C:/Project/AI-STRESS-DETECTOR/data/public/ravdess_16k/Audio_Speech_Actors_01-24_16k/Actor_12/03-01-03-01-02-02-12.wav,moderate,1,actor_12,train,en,ravdess_statement_02,studio,controlled,Dogs are sitting by the door.,ravdess_emotion=happy; intensity=normal; repetition=02
03-01-03-02-01-01-12,C:/Project/AI-STRESS-DETECTOR/data/public/ravdess_16k/Audio_Speech_Actors_01-24_16k/Actor_12/03-01-03-02-01-01-12.wav,moderate,1,actor_12,train,en,ravdess_statement_01,studio,controlled,Kids are talking by the door.,ravdess_emotion=happy; intensity=strong; repetition=01
03-01-03-02-01-02-12,C:/Project/AI-STRESS-DETECTOR/data/public/ravdess_16k/Audio_Speech_Actors_01-24_16k/Actor_12/03-01-03-02-01-02-12.wav,moderate,1,actor_12,train,en,ravdess_statement_01,studio,controlled,Kids are talking by the door.,ravdess_emotion=happy; intensity=strong; repetition=02
03-01-03-02-02-01-12,C:/Project/AI-STRESS-DETECTOR/data/public/ravdess_16k/Audio_Speech_Actors_01-24_16k/Actor_12/03-01-03-02-02-01-12.wav,moderate,1,actor_12,train,en,ravdess_statement_02,studio,controlled,Dogs are sitting by the door.,ravdess_emotion=happy; intensity=strong; repetition=01
03-01-03-02-02-02-12,C:/Project/AI-STRESS-DETECTOR/data/public/ravdess_16k/Audio_Speech_Actors_01-24_16k/Actor_12/03-01-03-02-02-02-12.wav,moderate,1,actor_12,train,en,ravdess_statement_02,studio,controlled,Dogs are sitting by the door.,ravdess_emotion=happy; intensity=strong; repetition=02
03-01-04-01-01-01-12,C:/Project/AI-STRESS-DETECTOR/data/public/ravdess_16k/Audio_Speech_Actors_01-24_16k/Actor_12/03-01-04-01-01-01-12.wav,moderate,1,actor_12,train,en,ravdess_statement_01,studio,controlled,Kids are talking by the door.,ravdess_emotion=sad; intensity=normal; repetition=01
03-01-04-01-01-02-12,C:/Project/AI-STRESS-DETECTOR/data/public/ravdess_16k/Audio_Speech_Actors_01-24_16k/Actor_12/03-01-04-01-01-02-12.wav,moderate,1,actor_12,train,en,ravdess_statement_01,studio,controlled,Kids are talking by the door.,ravdess_emotion=sad; intensity=normal; repetition=02
03-01-04-01-02-01-12,C:/Project/AI-STRESS-DETECTOR/data/public/ravdess_16k/Audio_Speech_Actors_01-24_16k/Actor_12/03-01-04-01-02-01-12.wav,moderate,1,actor_12,train,en,ravdess_statement_02,studio,controlled,Dogs are sitting by the door.,ravdess_emotion=sad; intensity=normal; repetition=01
03-01-04-01-02-02-12,C:/Project/AI-STRESS-DETECTOR/data/public/ravdess_16k/Audio_Speech_Actors_01-24_16k/Actor_12/03-01-04-01-02-02-12.wav,moderate,1,actor_12,train,en,ravdess_statement_02,studio,controlled,Dogs are sitting by the door.,ravdess_emotion=sad; intensity=normal; repetition=02
03-01-04-02-01-01-12,C:/Project/AI-STRESS-DETECTOR/data/public/ravdess_16k/Audio_Speech_Actors_01-24_16k/Actor_12/03-01-04-02-01-01-12.wav,high,2,actor_12,train,en,ravdess_statement_01,studio,controlled,Kids are talking by the door.,ravdess_emotion=sad; intensity=strong; repetition=01
03-01-04-02-01-02-12,C:/Project/AI-STRESS-DETECTOR/data/public/ravdess_16k/Audio_Speech_Actors_01-24_16k/Actor_12/03-01-04-02-01-02-12.wav,high,2,actor_12,train,en,ravdess_statement_01,studio,controlled,Kids are talking by the door.,ravdess_emotion=sad; intensity=strong; repetition=02
03-01-04-02-02-01-12,C:/Project/AI-STRESS-DETECTOR/data/public/ravdess_16k/Audio_Speech_Actors_01-24_16k/Actor_12/03-01-04-02-02-01-12.wav,high,2,actor_12,train,en,ravdess_statement_02,studio,controlled,Dogs are sitting by the door.,ravdess_emotion=sad; intensity=strong; repetition=01
03-01-04-02-02-02-12,C:/Project/AI-STRESS-DETECTOR/data/public/ravdess_16k/Audio_Speech_Actors_01-24_16k/Actor_12/03-01-04-02-02-02-12.wav,high,2,actor_12,train,en,ravdess_statement_02,studio,controlled,Dogs are sitting by the door.,ravdess_emotion=sad; intensity=strong; repetition=02
03-01-05-01-01-01-12,C:/Project/AI-STRESS-DETECTOR/data/public/ravdess_16k/Audio_Speech_Actors_01-24_16k/Actor_12/03-01-05-01-01-01-12.wav,high,2,actor_12,train,en,ravdess_statement_01,studio,controlled,Kids are talking by the door.,ravdess_emotion=angry; intensity=normal; repetition=01
03-01-05-01-01-02-12,C:/Project/AI-STRESS-DETECTOR/data/public/ravdess_16k/Audio_Speech_Actors_01-24_16k/Actor_12/03-01-05-01-01-02-12.wav,high,2,actor_12,train,en,ravdess_statement_01,studio,controlled,Kids are talking by the door.,ravdess_emotion=angry; intensity=normal; repetition=02
03-01-05-01-02-01-12,C:/Project/AI-STRESS-DETECTOR/data/public/ravdess_16k/Audio_Speech_Actors_01-24_16k/Actor_12/03-01-05-01-02-01-12.wav,high,2,actor_12,train,en,ravdess_statement_02,studio,controlled,Dogs are sitting by the door.,ravdess_emotion=angry; intensity=normal; repetition=01
03-01-05-01-02-02-12,C:/Project/AI-STRESS-DETECTOR/data/public/ravdess_16k/Audio_Speech_Actors_01-24_16k/Actor_12/03-01-05-01-02-02-12.wav,high,2,actor_12,train,en,ravdess_statement_02,studio,controlled,Dogs are sitting by the door.,ravdess_emotion=angry; intensity=normal; repetition=02
03-01-05-02-01-01-12,C:/Project/AI-STRESS-DETECTOR/data/public/ravdess_16k/Audio_Speech_Actors_01-24_16k/Actor_12/03-01-05-02-01-01-12.wav,severe,3,actor_12,train,en,ravdess_statement_01,studio,controlled,Kids are talking by the door.,ravdess_emotion=angry; intensity=strong; repetition=01
03-01-05-02-01-02-12,C:/Project/AI-STRESS-DETECTOR/data/public/ravdess_16k/Audio_Speech_Actors_01-24_16k/Actor_12/03-01-05-02-01-02-12.wav,severe,3,actor_12,train,en,ravdess_statement_01,studio,controlled,Kids are talking by the door.,ravdess_emotion=angry; intensity=strong; repetition=02
03-01-05-02-02-01-12,C:/Project/AI-STRESS-DETECTOR/data/public/ravdess_16k/Audio_Speech_Actors_01-24_16k/Actor_12/03-01-05-02-02-01-12.wav,severe,3,actor_12,train,en,ravdess_statement_02,studio,controlled,Dogs are sitting by the door.,ravdess_emotion=angry; intensity=strong; repetition=01
03-01-05-02-02-02-12,C:/Project/AI-STRESS-DETECTOR/data/public/ravdess_16k/Audio_Speech_Actors_01-24_16k/Actor_12/03-01-05-02-02-02-12.wav,severe,3,actor_12,train,en,ravdess_statement_02,studio,controlled,Dogs are sitting by the door.,ravdess_emotion=angry; intensity=strong; repetition=02
03-01-06-01-01-01-12,C:/Project/AI-STRESS-DETECTOR/data/public/ravdess_16k/Audio_Speech_Actors_01-24_16k/Actor_12/03-01-06-01-01-01-12.wav,high,2,actor_12,train,en,ravdess_statement_01,studio,controlled,Kids are talking by the door.,ravdess_emotion=fearful; intensity=normal; repetition=01
03-01-06-01-01-02-12,C:/Project/AI-STRESS-DETECTOR/data/public/ravdess_16k/Audio_Speech_Actors_01-24_16k/Actor_12/03-01-06-01-01-02-12.wav,high,2,actor_12,train,en,ravdess_statement_01,studio,controlled,Kids are talking by the door.,ravdess_emotion=fearful; intensity=normal; repetition=02
03-01-06-01-02-01-12,C:/Project/AI-STRESS-DETECTOR/data/public/ravdess_16k/Audio_Speech_Actors_01-24_16k/Actor_12/03-01-06-01-02-01-12.wav,high,2,actor_12,train,en,ravdess_statement_02,studio,controlled,Dogs are sitting by the door.,ravdess_emotion=fearful; intensity=normal; repetition=01
03-01-06-01-02-02-12,C:/Project/AI-STRESS-DETECTOR/data/public/ravdess_16k/Audio_Speech_Actors_01-24_16k/Actor_12/03-01-06-01-02-02-12.wav,high,2,actor_12,train,en,ravdess_statement_02,studio,controlled,Dogs are sitting by the door.,ravdess_emotion=fearful; intensity=normal; repetition=02
03-01-06-02-01-01-12,C:/Project/AI-STRESS-DETECTOR/data/public/ravdess_16k/Audio_Speech_Actors_01-24_16k/Actor_12/03-01-06-02-01-01-12.wav,severe,3,actor_12,train,en,ravdess_statement_01,studio,controlled,Kids are talking by the door.,ravdess_emotion=fearful; intensity=strong; repetition=01
03-01-06-02-01-02-12,C:/Project/AI-STRESS-DETECTOR/data/public/ravdess_16k/Audio_Speech_Actors_01-24_16k/Actor_12/03-01-06-02-01-02-12.wav,severe,3,actor_12,train,en,ravdess_statement_01,studio,controlled,Kids are talking by the door.,ravdess_emotion=fearful; intensity=strong; repetition=02
03-01-06-02-02-01-12,C:/Project/AI-STRESS-DETECTOR/data/public/ravdess_16k/Audio_Speech_Actors_01-24_16k/Actor_12/03-01-06-02-02-01-12.wav,severe,3,actor_12,train,en,ravdess_statement_02,studio,controlled,Dogs are sitting by the door.,ravdess_emotion=fearful; intensity=strong; repetition=01
03-01-06-02-02-02-12,C:/Project/AI-STRESS-DETECTOR/data/public/ravdess_16k/Audio_Speech_Actors_01-24_16k/Actor_12/03-01-06-02-02-02-12.wav,severe,3,actor_12,train,en,ravdess_statement_02,studio,controlled,Dogs are sitting by the door.,ravdess_emotion=fearful; intensity=strong; repetition=02
03-01-07-01-01-01-12,C:/Project/AI-STRESS-DETECTOR/data/public/ravdess_16k/Audio_Speech_Actors_01-24_16k/Actor_12/03-01-07-01-01-01-12.wav,high,2,actor_12,train,en,ravdess_statement_01,studio,controlled,Kids are talking by the door.,ravdess_emotion=disgust; intensity=normal; repetition=01
03-01-07-01-01-02-12,C:/Project/AI-STRESS-DETECTOR/data/public/ravdess_16k/Audio_Speech_Actors_01-24_16k/Actor_12/03-01-07-01-01-02-12.wav,high,2,actor_12,train,en,ravdess_statement_01,studio,controlled,Kids are talking by the door.,ravdess_emotion=disgust; intensity=normal; repetition=02
03-01-07-01-02-01-12,C:/Project/AI-STRESS-DETECTOR/data/public/ravdess_16k/Audio_Speech_Actors_01-24_16k/Actor_12/03-01-07-01-02-01-12.wav,high,2,actor_12,train,en,ravdess_statement_02,studio,controlled,Dogs are sitting by the door.,ravdess_emotion=disgust; intensity=normal; repetition=01
03-01-07-01-02-02-12,C:/Project/AI-STRESS-DETECTOR/data/public/ravdess_16k/Audio_Speech_Actors_01-24_16k/Actor_12/03-01-07-01-02-02-12.wav,high,2,actor_12,train,en,ravdess_statement_02,studio,controlled,Dogs are sitting by the door.,ravdess_emotion=disgust; intensity=normal; repetition=02
03-01-07-02-01-01-12,C:/Project/AI-STRESS-DETECTOR/data/public/ravdess_16k/Audio_Speech_Actors_01-24_16k/Actor_12/03-01-07-02-01-01-12.wav,severe,3,actor_12,train,en,ravdess_statement_01,studio,controlled,Kids are talking by the door.,ravdess_emotion=disgust; intensity=strong; repetition=01
03-01-07-02-01-02-12,C:/Project/AI-STRESS-DETECTOR/data/public/ravdess_16k/Audio_Speech_Actors_01-24_16k/Actor_12/03-01-07-02-01-02-12.wav,severe,3,actor_12,train,en,ravdess_statement_01,studio,controlled,Kids are talking by the door.,ravdess_emotion=disgust; intensity=strong; repetition=02
03-01-07-02-02-01-12,C:/Project/AI-STRESS-DETECTOR/data/public/ravdess_16k/Audio_Speech_Actors_01-24_16k/Actor_12/03-01-07-02-02-01-12.wav,severe,3,actor_12,train,en,ravdess_statement_02,studio,controlled,Dogs are sitting by the door.,ravdess_emotion=disgust; intensity=strong; repetition=01
03-01-07-02-02-02-12,C:/Project/AI-STRESS-DETECTOR/data/public/ravdess_16k/Audio_Speech_Actors_01-24_16k/Actor_12/03-01-07-02-02-02-12.wav,severe,3,actor_12,train,en,ravdess_statement_02,studio,controlled,Dogs are sitting by the door.,ravdess_emotion=disgust; intensity=strong; repetition=02
03-01-08-01-01-01-12,C:/Project/AI-STRESS-DETECTOR/data/public/ravdess_16k/Audio_Speech_Actors_01-24_16k/Actor_12/03-01-08-01-01-01-12.wav,moderate,1,actor_12,train,en,ravdess_statement_01,studio,controlled,Kids are talking by the door.,ravdess_emotion=surprised; intensity=normal; repetition=01
03-01-08-01-01-02-12,C:/Project/AI-STRESS-DETECTOR/data/public/ravdess_16k/Audio_Speech_Actors_01-24_16k/Actor_12/03-01-08-01-01-02-12.wav,moderate,1,actor_12,train,en,ravdess_statement_01,studio,controlled,Kids are talking by the door.,ravdess_emotion=surprised; intensity=normal; repetition=02
03-01-08-01-02-01-12,C:/Project/AI-STRESS-DETECTOR/data/public/ravdess_16k/Audio_Speech_Actors_01-24_16k/Actor_12/03-01-08-01-02-01-12.wav,moderate,1,actor_12,train,en,ravdess_statement_02,studio,controlled,Dogs are sitting by the door.,ravdess_emotion=surprised; intensity=normal; repetition=01
03-01-08-01-02-02-12,C:/Project/AI-STRESS-DETECTOR/data/public/ravdess_16k/Audio_Speech_Actors_01-24_16k/Actor_12/03-01-08-01-02-02-12.wav,moderate,1,actor_12,train,en,ravdess_statement_02,studio,controlled,Dogs are sitting by the door.,ravdess_emotion=surprised; intensity=normal; repetition=02
03-01-08-02-01-01-12,C:/Project/AI-STRESS-DETECTOR/data/public/ravdess_16k/Audio_Speech_Actors_01-24_16k/Actor_12/03-01-08-02-01-01-12.wav,high,2,actor_12,train,en,ravdess_statement_01,studio,controlled,Kids are talking by the door.,ravdess_emotion=surprised; intensity=strong; repetition=01
03-01-08-02-01-02-12,C:/Project/AI-STRESS-DETECTOR/data/public/ravdess_16k/Audio_Speech_Actors_01-24_16k/Actor_12/03-01-08-02-01-02-12.wav,high,2,actor_12,train,en,ravdess_statement_01,studio,controlled,Kids are talking by the door.,ravdess_emotion=surprised; intensity=strong; repetition=02
03-01-08-02-02-01-12,C:/Project/AI-STRESS-DETECTOR/data/public/ravdess_16k/Audio_Speech_Actors_01-24_16k/Actor_12/03-01-08-02-02-01-12.wav,high,2,actor_12,train,en,ravdess_statement_02,studio,controlled,Dogs are sitting by the door.,ravdess_emotion=surprised; intensity=strong; repetition=01
03-01-08-02-02-02-12,C:/Project/AI-STRESS-DETECTOR/data/public/ravdess_16k/Audio_Speech_Actors_01-24_16k/Actor_12/03-01-08-02-02-02-12.wav,high,2,actor_12,train,en,ravdess_statement_02,studio,controlled,Dogs are sitting by the door.,ravdess_emotion=surprised; intensity=strong; repetition=02
03-01-01-01-01-01-13,C:/Project/AI-STRESS-DETECTOR/data/public/ravdess_16k/Audio_Speech_Actors_01-24_16k/Actor_13/03-01-01-01-01-01-13.wav,low,0,actor_13,train,en,ravdess_statement_01,studio,controlled,Kids are talking by the door.,ravdess_emotion=neutral; intensity=normal; repetition=01
03-01-01-01-01-02-13,C:/Project/AI-STRESS-DETECTOR/data/public/ravdess_16k/Audio_Speech_Actors_01-24_16k/Actor_13/03-01-01-01-01-02-13.wav,low,0,actor_13,train,en,ravdess_statement_01,studio,controlled,Kids are talking by the door.,ravdess_emotion=neutral; intensity=normal; repetition=02
03-01-01-01-02-01-13,C:/Project/AI-STRESS-DETECTOR/data/public/ravdess_16k/Audio_Speech_Actors_01-24_16k/Actor_13/03-01-01-01-02-01-13.wav,low,0,actor_13,train,en,ravdess_statement_02,studio,controlled,Dogs are sitting by the door.,ravdess_emotion=neutral; intensity=normal; repetition=01
03-01-01-01-02-02-13,C:/Project/AI-STRESS-DETECTOR/data/public/ravdess_16k/Audio_Speech_Actors_01-24_16k/Actor_13/03-01-01-01-02-02-13.wav,low,0,actor_13,train,en,ravdess_statement_02,studio,controlled,Dogs are sitting by the door.,ravdess_emotion=neutral; intensity=normal; repetition=02
03-01-02-01-01-01-13,C:/Project/AI-STRESS-DETECTOR/data/public/ravdess_16k/Audio_Speech_Actors_01-24_16k/Actor_13/03-01-02-01-01-01-13.wav,low,0,actor_13,train,en,ravdess_statement_01,studio,controlled,Kids are talking by the door.,ravdess_emotion=calm; intensity=normal; repetition=01
03-01-02-01-01-02-13,C:/Project/AI-STRESS-DETECTOR/data/public/ravdess_16k/Audio_Speech_Actors_01-24_16k/Actor_13/03-01-02-01-01-02-13.wav,low,0,actor_13,train,en,ravdess_statement_01,studio,controlled,Kids are talking by the door.,ravdess_emotion=calm; intensity=normal; repetition=02
03-01-02-01-02-01-13,C:/Project/AI-STRESS-DETECTOR/data/public/ravdess_16k/Audio_Speech_Actors_01-24_16k/Actor_13/03-01-02-01-02-01-13.wav,low,0,actor_13,train,en,ravdess_statement_02,studio,controlled,Dogs are sitting by the door.,ravdess_emotion=calm; intensity=normal; repetition=01
03-01-02-01-02-02-13,C:/Project/AI-STRESS-DETECTOR/data/public/ravdess_16k/Audio_Speech_Actors_01-24_16k/Actor_13/03-01-02-01-02-02-13.wav,low,0,actor_13,train,en,ravdess_statement_02,studio,controlled,Dogs are sitting by the door.,ravdess_emotion=calm; intensity=normal; repetition=02
03-01-02-02-01-01-13,C:/Project/AI-STRESS-DETECTOR/data/public/ravdess_16k/Audio_Speech_Actors_01-24_16k/Actor_13/03-01-02-02-01-01-13.wav,moderate,1,actor_13,train,en,ravdess_statement_01,studio,controlled,Kids are talking by the door.,ravdess_emotion=calm; intensity=strong; repetition=01
03-01-02-02-01-02-13,C:/Project/AI-STRESS-DETECTOR/data/public/ravdess_16k/Audio_Speech_Actors_01-24_16k/Actor_13/03-01-02-02-01-02-13.wav,moderate,1,actor_13,train,en,ravdess_statement_01,studio,controlled,Kids are talking by the door.,ravdess_emotion=calm; intensity=strong; repetition=02
03-01-02-02-02-01-13,C:/Project/AI-STRESS-DETECTOR/data/public/ravdess_16k/Audio_Speech_Actors_01-24_16k/Actor_13/03-01-02-02-02-01-13.wav,moderate,1,actor_13,train,en,ravdess_statement_02,studio,controlled,Dogs are sitting by the door.,ravdess_emotion=calm; intensity=strong; repetition=01
03-01-02-02-02-02-13,C:/Project/AI-STRESS-DETECTOR/data/public/ravdess_16k/Audio_Speech_Actors_01-24_16k/Actor_13/03-01-02-02-02-02-13.wav,moderate,1,actor_13,train,en,ravdess_statement_02,studio,controlled,Dogs are sitting by the door.,ravdess_emotion=calm; intensity=strong; repetition=02
03-01-03-01-01-01-13,C:/Project/AI-STRESS-DETECTOR/data/public/ravdess_16k/Audio_Speech_Actors_01-24_16k/Actor_13/03-01-03-01-01-01-13.wav,moderate,1,actor_13,train,en,ravdess_statement_01,studio,controlled,Kids are talking by the door.,ravdess_emotion=happy; intensity=normal; repetition=01
03-01-03-01-01-02-13,C:/Project/AI-STRESS-DETECTOR/data/public/ravdess_16k/Audio_Speech_Actors_01-24_16k/Actor_13/03-01-03-01-01-02-13.wav,moderate,1,actor_13,train,en,ravdess_statement_01,studio,controlled,Kids are talking by the door.,ravdess_emotion=happy; intensity=normal; repetition=02
03-01-03-01-02-01-13,C:/Project/AI-STRESS-DETECTOR/data/public/ravdess_16k/Audio_Speech_Actors_01-24_16k/Actor_13/03-01-03-01-02-01-13.wav,moderate,1,actor_13,train,en,ravdess_statement_02,studio,controlled,Dogs are sitting by the door.,ravdess_emotion=happy; intensity=normal; repetition=01
03-01-03-01-02-02-13,C:/Project/AI-STRESS-DETECTOR/data/public/ravdess_16k/Audio_Speech_Actors_01-24_16k/Actor_13/03-01-03-01-02-02-13.wav,moderate,1,actor_13,train,en,ravdess_statement_02,studio,controlled,Dogs are sitting by the door.,ravdess_emotion=happy; intensity=normal; repetition=02
03-01-03-02-01-01-13,C:/Project/AI-STRESS-DETECTOR/data/public/ravdess_16k/Audio_Speech_Actors_01-24_16k/Actor_13/03-01-03-02-01-01-13.wav,moderate,1,actor_13,train,en,ravdess_statement_01,studio,controlled,Kids are talking by the door.,ravdess_emotion=happy; intensity=strong; repetition=01
03-01-03-02-01-02-13,C:/Project/AI-STRESS-DETECTOR/data/public/ravdess_16k/Audio_Speech_Actors_01-24_16k/Actor_13/03-01-03-02-01-02-13.wav,moderate,1,actor_13,train,en,ravdess_statement_01,studio,controlled,Kids are talking by the door.,ravdess_emotion=happy; intensity=strong; repetition=02
03-01-03-02-02-01-13,C:/Project/AI-STRESS-DETECTOR/data/public/ravdess_16k/Audio_Speech_Actors_01-24_16k/Actor_13/03-01-03-02-02-01-13.wav,moderate,1,actor_13,train,en,ravdess_statement_02,studio,controlled,Dogs are sitting by the door.,ravdess_emotion=happy; intensity=strong; repetition=01
03-01-03-02-02-02-13,C:/Project/AI-STRESS-DETECTOR/data/public/ravdess_16k/Audio_Speech_Actors_01-24_16k/Actor_13/03-01-03-02-02-02-13.wav,moderate,1,actor_13,train,en,ravdess_statement_02,studio,controlled,Dogs are sitting by the door.,ravdess_emotion=happy; intensity=strong; repetition=02
03-01-04-01-01-01-13,C:/Project/AI-STRESS-DETECTOR/data/public/ravdess_16k/Audio_Speech_Actors_01-24_16k/Actor_13/03-01-04-01-01-01-13.wav,moderate,1,actor_13,train,en,ravdess_statement_01,studio,controlled,Kids are talking by the door.,ravdess_emotion=sad; intensity=normal; repetition=01
03-01-04-01-01-02-13,C:/Project/AI-STRESS-DETECTOR/data/public/ravdess_16k/Audio_Speech_Actors_01-24_16k/Actor_13/03-01-04-01-01-02-13.wav,moderate,1,actor_13,train,en,ravdess_statement_01,studio,controlled,Kids are talking by the door.,ravdess_emotion=sad; intensity=normal; repetition=02
03-01-04-01-02-01-13,C:/Project/AI-STRESS-DETECTOR/data/public/ravdess_16k/Audio_Speech_Actors_01-24_16k/Actor_13/03-01-04-01-02-01-13.wav,moderate,1,actor_13,train,en,ravdess_statement_02,studio,controlled,Dogs are sitting by the door.,ravdess_emotion=sad; intensity=normal; repetition=01
03-01-04-01-02-02-13,C:/Project/AI-STRESS-DETECTOR/data/public/ravdess_16k/Audio_Speech_Actors_01-24_16k/Actor_13/03-01-04-01-02-02-13.wav,moderate,1,actor_13,train,en,ravdess_statement_02,studio,controlled,Dogs are sitting by the door.,ravdess_emotion=sad; intensity=normal; repetition=02
03-01-04-02-01-01-13,C:/Project/AI-STRESS-DETECTOR/data/public/ravdess_16k/Audio_Speech_Actors_01-24_16k/Actor_13/03-01-04-02-01-01-13.wav,high,2,actor_13,train,en,ravdess_statement_01,studio,controlled,Kids are talking by the door.,ravdess_emotion=sad; intensity=strong; repetition=01
03-01-04-02-01-02-13,C:/Project/AI-STRESS-DETECTOR/data/public/ravdess_16k/Audio_Speech_Actors_01-24_16k/Actor_13/03-01-04-02-01-02-13.wav,high,2,actor_13,train,en,ravdess_statement_01,studio,controlled,Kids are talking by the door.,ravdess_emotion=sad; intensity=strong; repetition=02
03-01-04-02-02-01-13,C:/Project/AI-STRESS-DETECTOR/data/public/ravdess_16k/Audio_Speech_Actors_01-24_16k/Actor_13/03-01-04-02-02-01-13.wav,high,2,actor_13,train,en,ravdess_statement_02,studio,controlled,Dogs are sitting by the door.,ravdess_emotion=sad; intensity=strong; repetition=01
03-01-04-02-02-02-13,C:/Project/AI-STRESS-DETECTOR/data/public/ravdess_16k/Audio_Speech_Actors_01-24_16k/Actor_13/03-01-04-02-02-02-13.wav,high,2,actor_13,train,en,ravdess_statement_02,studio,controlled,Dogs are sitting by the door.,ravdess_emotion=sad; intensity=strong; repetition=02
03-01-05-01-01-01-13,C:/Project/AI-STRESS-DETECTOR/data/public/ravdess_16k/Audio_Speech_Actors_01-24_16k/Actor_13/03-01-05-01-01-01-13.wav,high,2,actor_13,train,en,ravdess_statement_01,studio,controlled,Kids are talking by the door.,ravdess_emotion=angry; intensity=normal; repetition=01
03-01-05-01-01-02-13,C:/Project/AI-STRESS-DETECTOR/data/public/ravdess_16k/Audio_Speech_Actors_01-24_16k/Actor_13/03-01-05-01-01-02-13.wav,high,2,actor_13,train,en,ravdess_statement_01,studio,controlled,Kids are talking by the door.,ravdess_emotion=angry; intensity=normal; repetition=02
03-01-05-01-02-01-13,C:/Project/AI-STRESS-DETECTOR/data/public/ravdess_16k/Audio_Speech_Actors_01-24_16k/Actor_13/03-01-05-01-02-01-13.wav,high,2,actor_13,train,en,ravdess_statement_02,studio,controlled,Dogs are sitting by the door.,ravdess_emotion=angry; intensity=normal; repetition=01
03-01-05-01-02-02-13,C:/Project/AI-STRESS-DETECTOR/data/public/ravdess_16k/Audio_Speech_Actors_01-24_16k/Actor_13/03-01-05-01-02-02-13.wav,high,2,actor_13,train,en,ravdess_statement_02,studio,controlled,Dogs are sitting by the door.,ravdess_emotion=angry; intensity=normal; repetition=02
03-01-05-02-01-01-13,C:/Project/AI-STRESS-DETECTOR/data/public/ravdess_16k/Audio_Speech_Actors_01-24_16k/Actor_13/03-01-05-02-01-01-13.wav,severe,3,actor_13,train,en,ravdess_statement_01,studio,controlled,Kids are talking by the door.,ravdess_emotion=angry; intensity=strong; repetition=01
03-01-05-02-01-02-13,C:/Project/AI-STRESS-DETECTOR/data/public/ravdess_16k/Audio_Speech_Actors_01-24_16k/Actor_13/03-01-05-02-01-02-13.wav,severe,3,actor_13,train,en,ravdess_statement_01,studio,controlled,Kids are talking by the door.,ravdess_emotion=angry; intensity=strong; repetition=02
03-01-05-02-02-01-13,C:/Project/AI-STRESS-DETECTOR/data/public/ravdess_16k/Audio_Speech_Actors_01-24_16k/Actor_13/03-01-05-02-02-01-13.wav,severe,3,actor_13,train,en,ravdess_statement_02,studio,controlled,Dogs are sitting by the door.,ravdess_emotion=angry; intensity=strong; repetition=01
03-01-05-02-02-02-13,C:/Project/AI-STRESS-DETECTOR/data/public/ravdess_16k/Audio_Speech_Actors_01-24_16k/Actor_13/03-01-05-02-02-02-13.wav,severe,3,actor_13,train,en,ravdess_statement_02,studio,controlled,Dogs are sitting by the door.,ravdess_emotion=angry; intensity=strong; repetition=02
03-01-06-01-01-01-13,C:/Project/AI-STRESS-DETECTOR/data/public/ravdess_16k/Audio_Speech_Actors_01-24_16k/Actor_13/03-01-06-01-01-01-13.wav,high,2,actor_13,train,en,ravdess_statement_01,studio,controlled,Kids are talking by the door.,ravdess_emotion=fearful; intensity=normal; repetition=01
03-01-06-01-01-02-13,C:/Project/AI-STRESS-DETECTOR/data/public/ravdess_16k/Audio_Speech_Actors_01-24_16k/Actor_13/03-01-06-01-01-02-13.wav,high,2,actor_13,train,en,ravdess_statement_01,studio,controlled,Kids are talking by the door.,ravdess_emotion=fearful; intensity=normal; repetition=02
03-01-06-01-02-01-13,C:/Project/AI-STRESS-DETECTOR/data/public/ravdess_16k/Audio_Speech_Actors_01-24_16k/Actor_13/03-01-06-01-02-01-13.wav,high,2,actor_13,train,en,ravdess_statement_02,studio,controlled,Dogs are sitting by the door.,ravdess_emotion=fearful; intensity=normal; repetition=01
03-01-06-01-02-02-13,C:/Project/AI-STRESS-DETECTOR/data/public/ravdess_16k/Audio_Speech_Actors_01-24_16k/Actor_13/03-01-06-01-02-02-13.wav,high,2,actor_13,train,en,ravdess_statement_02,studio,controlled,Dogs are sitting by the door.,ravdess_emotion=fearful; intensity=normal; repetition=02
03-01-06-02-01-01-13,C:/Project/AI-STRESS-DETECTOR/data/public/ravdess_16k/Audio_Speech_Actors_01-24_16k/Actor_13/03-01-06-02-01-01-13.wav,severe,3,actor_13,train,en,ravdess_statement_01,studio,controlled,Kids are talking by the door.,ravdess_emotion=fearful; intensity=strong; repetition=01
03-01-06-02-01-02-13,C:/Project/AI-STRESS-DETECTOR/data/public/ravdess_16k/Audio_Speech_Actors_01-24_16k/Actor_13/03-01-06-02-01-02-13.wav,severe,3,actor_13,train,en,ravdess_statement_01,studio,controlled,Kids are talking by the door.,ravdess_emotion=fearful; intensity=strong; repetition=02
03-01-06-02-02-01-13,C:/Project/AI-STRESS-DETECTOR/data/public/ravdess_16k/Audio_Speech_Actors_01-24_16k/Actor_13/03-01-06-02-02-01-13.wav,severe,3,actor_13,train,en,ravdess_statement_02,studio,controlled,Dogs are sitting by the door.,ravdess_emotion=fearful; intensity=strong; repetition=01
03-01-06-02-02-02-13,C:/Project/AI-STRESS-DETECTOR/data/public/ravdess_16k/Audio_Speech_Actors_01-24_16k/Actor_13/03-01-06-02-02-02-13.wav,severe,3,actor_13,train,en,ravdess_statement_02,studio,controlled,Dogs are sitting by the door.,ravdess_emotion=fearful; intensity=strong; repetition=02
03-01-07-01-01-01-13,C:/Project/AI-STRESS-DETECTOR/data/public/ravdess_16k/Audio_Speech_Actors_01-24_16k/Actor_13/03-01-07-01-01-01-13.wav,high,2,actor_13,train,en,ravdess_statement_01,studio,controlled,Kids are talking by the door.,ravdess_emotion=disgust; intensity=normal; repetition=01
03-01-07-01-01-02-13,C:/Project/AI-STRESS-DETECTOR/data/public/ravdess_16k/Audio_Speech_Actors_01-24_16k/Actor_13/03-01-07-01-01-02-13.wav,high,2,actor_13,train,en,ravdess_statement_01,studio,controlled,Kids are talking by the door.,ravdess_emotion=disgust; intensity=normal; repetition=02
03-01-07-01-02-01-13,C:/Project/AI-STRESS-DETECTOR/data/public/ravdess_16k/Audio_Speech_Actors_01-24_16k/Actor_13/03-01-07-01-02-01-13.wav,high,2,actor_13,train,en,ravdess_statement_02,studio,controlled,Dogs are sitting by the door.,ravdess_emotion=disgust; intensity=normal; repetition=01
03-01-07-01-02-02-13,C:/Project/AI-STRESS-DETECTOR/data/public/ravdess_16k/Audio_Speech_Actors_01-24_16k/Actor_13/03-01-07-01-02-02-13.wav,high,2,actor_13,train,en,ravdess_statement_02,studio,controlled,Dogs are sitting by the door.,ravdess_emotion=disgust; intensity=normal; repetition=02
03-01-07-02-01-01-13,C:/Project/AI-STRESS-DETECTOR/data/public/ravdess_16k/Audio_Speech_Actors_01-24_16k/Actor_13/03-01-07-02-01-01-13.wav,severe,3,actor_13,train,en,ravdess_statement_01,studio,controlled,Kids are talking by the door.,ravdess_emotion=disgust; intensity=strong; repetition=01
03-01-07-02-01-02-13,C:/Project/AI-STRESS-DETECTOR/data/public/ravdess_16k/Audio_Speech_Actors_01-24_16k/Actor_13/03-01-07-02-01-02-13.wav,severe,3,actor_13,train,en,ravdess_statement_01,studio,controlled,Kids are talking by the door.,ravdess_emotion=disgust; intensity=strong; repetition=02
03-01-07-02-02-01-13,C:/Project/AI-STRESS-DETECTOR/data/public/ravdess_16k/Audio_Speech_Actors_01-24_16k/Actor_13/03-01-07-02-02-01-13.wav,severe,3,actor_13,train,en,ravdess_statement_02,studio,controlled,Dogs are sitting by the door.,ravdess_emotion=disgust; intensity=strong; repetition=01
03-01-07-02-02-02-13,C:/Project/AI-STRESS-DETECTOR/data/public/ravdess_16k/Audio_Speech_Actors_01-24_16k/Actor_13/03-01-07-02-02-02-13.wav,severe,3,actor_13,train,en,ravdess_statement_02,studio,controlled,Dogs are sitting by the door.,ravdess_emotion=disgust; intensity=strong; repetition=02
03-01-08-01-01-01-13,C:/Project/AI-STRESS-DETECTOR/data/public/ravdess_16k/Audio_Speech_Actors_01-24_16k/Actor_13/03-01-08-01-01-01-13.wav,moderate,1,actor_13,train,en,ravdess_statement_01,studio,controlled,Kids are talking by the door.,ravdess_emotion=surprised; intensity=normal; repetition=01
03-01-08-01-01-02-13,C:/Project/AI-STRESS-DETECTOR/data/public/ravdess_16k/Audio_Speech_Actors_01-24_16k/Actor_13/03-01-08-01-01-02-13.wav,moderate,1,actor_13,train,en,ravdess_statement_01,studio,controlled,Kids are talking by the door.,ravdess_emotion=surprised; intensity=normal; repetition=02
03-01-08-01-02-01-13,C:/Project/AI-STRESS-DETECTOR/data/public/ravdess_16k/Audio_Speech_Actors_01-24_16k/Actor_13/03-01-08-01-02-01-13.wav,moderate,1,actor_13,train,en,ravdess_statement_02,studio,controlled,Dogs are sitting by the door.,ravdess_emotion=surprised; intensity=normal; repetition=01
03-01-08-01-02-02-13,C:/Project/AI-STRESS-DETECTOR/data/public/ravdess_16k/Audio_Speech_Actors_01-24_16k/Actor_13/03-01-08-01-02-02-13.wav,moderate,1,actor_13,train,en,ravdess_statement_02,studio,controlled,Dogs are sitting by the door.,ravdess_emotion=surprised; intensity=normal; repetition=02
03-01-08-02-01-01-13,C:/Project/AI-STRESS-DETECTOR/data/public/ravdess_16k/Audio_Speech_Actors_01-24_16k/Actor_13/03-01-08-02-01-01-13.wav,high,2,actor_13,train,en,ravdess_statement_01,studio,controlled,Kids are talking by the door.,ravdess_emotion=surprised; intensity=strong; repetition=01
03-01-08-02-01-02-13,C:/Project/AI-STRESS-DETECTOR/data/public/ravdess_16k/Audio_Speech_Actors_01-24_16k/Actor_13/03-01-08-02-01-02-13.wav,high,2,actor_13,train,en,ravdess_statement_01,studio,controlled,Kids are talking by the door.,ravdess_emotion=surprised; intensity=strong; repetition=02
03-01-08-02-02-01-13,C:/Project/AI-STRESS-DETECTOR/data/public/ravdess_16k/Audio_Speech_Actors_01-24_16k/Actor_13/03-01-08-02-02-01-13.wav,high,2,actor_13,train,en,ravdess_statement_02,studio,controlled,Dogs are sitting by the door.,ravdess_emotion=surprised; intensity=strong; repetition=01
03-01-08-02-02-02-13,C:/Project/AI-STRESS-DETECTOR/data/public/ravdess_16k/Audio_Speech_Actors_01-24_16k/Actor_13/03-01-08-02-02-02-13.wav,high,2,actor_13,train,en,ravdess_statement_02,studio,controlled,Dogs are sitting by the door.,ravdess_emotion=surprised; intensity=strong; repetition=02
03-01-01-01-01-01-14,C:/Project/AI-STRESS-DETECTOR/data/public/ravdess_16k/Audio_Speech_Actors_01-24_16k/Actor_14/03-01-01-01-01-01-14.wav,low,0,actor_14,train,en,ravdess_statement_01,studio,controlled,Kids are talking by the door.,ravdess_emotion=neutral; intensity=normal; repetition=01
03-01-01-01-01-02-14,C:/Project/AI-STRESS-DETECTOR/data/public/ravdess_16k/Audio_Speech_Actors_01-24_16k/Actor_14/03-01-01-01-01-02-14.wav,low,0,actor_14,train,en,ravdess_statement_01,studio,controlled,Kids are talking by the door.,ravdess_emotion=neutral; intensity=normal; repetition=02
03-01-01-01-02-01-14,C:/Project/AI-STRESS-DETECTOR/data/public/ravdess_16k/Audio_Speech_Actors_01-24_16k/Actor_14/03-01-01-01-02-01-14.wav,low,0,actor_14,train,en,ravdess_statement_02,studio,controlled,Dogs are sitting by the door.,ravdess_emotion=neutral; intensity=normal; repetition=01
03-01-01-01-02-02-14,C:/Project/AI-STRESS-DETECTOR/data/public/ravdess_16k/Audio_Speech_Actors_01-24_16k/Actor_14/03-01-01-01-02-02-14.wav,low,0,actor_14,train,en,ravdess_statement_02,studio,controlled,Dogs are sitting by the door.,ravdess_emotion=neutral; intensity=normal; repetition=02
03-01-02-01-01-01-14,C:/Project/AI-STRESS-DETECTOR/data/public/ravdess_16k/Audio_Speech_Actors_01-24_16k/Actor_14/03-01-02-01-01-01-14.wav,low,0,actor_14,train,en,ravdess_statement_01,studio,controlled,Kids are talking by the door.,ravdess_emotion=calm; intensity=normal; repetition=01
03-01-02-01-01-02-14,C:/Project/AI-STRESS-DETECTOR/data/public/ravdess_16k/Audio_Speech_Actors_01-24_16k/Actor_14/03-01-02-01-01-02-14.wav,low,0,actor_14,train,en,ravdess_statement_01,studio,controlled,Kids are talking by the door.,ravdess_emotion=calm; intensity=normal; repetition=02
03-01-02-01-02-01-14,C:/Project/AI-STRESS-DETECTOR/data/public/ravdess_16k/Audio_Speech_Actors_01-24_16k/Actor_14/03-01-02-01-02-01-14.wav,low,0,actor_14,train,en,ravdess_statement_02,studio,controlled,Dogs are sitting by the door.,ravdess_emotion=calm; intensity=normal; repetition=01
03-01-02-01-02-02-14,C:/Project/AI-STRESS-DETECTOR/data/public/ravdess_16k/Audio_Speech_Actors_01-24_16k/Actor_14/03-01-02-01-02-02-14.wav,low,0,actor_14,train,en,ravdess_statement_02,studio,controlled,Dogs are sitting by the door.,ravdess_emotion=calm; intensity=normal; repetition=02
03-01-02-02-01-01-14,C:/Project/AI-STRESS-DETECTOR/data/public/ravdess_16k/Audio_Speech_Actors_01-24_16k/Actor_14/03-01-02-02-01-01-14.wav,moderate,1,actor_14,train,en,ravdess_statement_01,studio,controlled,Kids are talking by the door.,ravdess_emotion=calm; intensity=strong; repetition=01
03-01-02-02-01-02-14,C:/Project/AI-STRESS-DETECTOR/data/public/ravdess_16k/Audio_Speech_Actors_01-24_16k/Actor_14/03-01-02-02-01-02-14.wav,moderate,1,actor_14,train,en,ravdess_statement_01,studio,controlled,Kids are talking by the door.,ravdess_emotion=calm; intensity=strong; repetition=02
03-01-02-02-02-01-14,C:/Project/AI-STRESS-DETECTOR/data/public/ravdess_16k/Audio_Speech_Actors_01-24_16k/Actor_14/03-01-02-02-02-01-14.wav,moderate,1,actor_14,train,en,ravdess_statement_02,studio,controlled,Dogs are sitting by the door.,ravdess_emotion=calm; intensity=strong; repetition=01
03-01-02-02-02-02-14,C:/Project/AI-STRESS-DETECTOR/data/public/ravdess_16k/Audio_Speech_Actors_01-24_16k/Actor_14/03-01-02-02-02-02-14.wav,moderate,1,actor_14,train,en,ravdess_statement_02,studio,controlled,Dogs are sitting by the door.,ravdess_emotion=calm; intensity=strong; repetition=02
03-01-03-01-01-01-14,C:/Project/AI-STRESS-DETECTOR/data/public/ravdess_16k/Audio_Speech_Actors_01-24_16k/Actor_14/03-01-03-01-01-01-14.wav,moderate,1,actor_14,train,en,ravdess_statement_01,studio,controlled,Kids are talking by the door.,ravdess_emotion=happy; intensity=normal; repetition=01
03-01-03-01-01-02-14,C:/Project/AI-STRESS-DETECTOR/data/public/ravdess_16k/Audio_Speech_Actors_01-24_16k/Actor_14/03-01-03-01-01-02-14.wav,moderate,1,actor_14,train,en,ravdess_statement_01,studio,controlled,Kids are talking by the door.,ravdess_emotion=happy; intensity=normal; repetition=02
03-01-03-01-02-01-14,C:/Project/AI-STRESS-DETECTOR/data/public/ravdess_16k/Audio_Speech_Actors_01-24_16k/Actor_14/03-01-03-01-02-01-14.wav,moderate,1,actor_14,train,en,ravdess_statement_02,studio,controlled,Dogs are sitting by the door.,ravdess_emotion=happy; intensity=normal; repetition=01
03-01-03-01-02-02-14,C:/Project/AI-STRESS-DETECTOR/data/public/ravdess_16k/Audio_Speech_Actors_01-24_16k/Actor_14/03-01-03-01-02-02-14.wav,moderate,1,actor_14,train,en,ravdess_statement_02,studio,controlled,Dogs are sitting by the door.,ravdess_emotion=happy; intensity=normal; repetition=02
03-01-03-02-01-01-14,C:/Project/AI-STRESS-DETECTOR/data/public/ravdess_16k/Audio_Speech_Actors_01-24_16k/Actor_14/03-01-03-02-01-01-14.wav,moderate,1,actor_14,train,en,ravdess_statement_01,studio,controlled,Kids are talking by the door.,ravdess_emotion=happy; intensity=strong; repetition=01
03-01-03-02-01-02-14,C:/Project/AI-STRESS-DETECTOR/data/public/ravdess_16k/Audio_Speech_Actors_01-24_16k/Actor_14/03-01-03-02-01-02-14.wav,moderate,1,actor_14,train,en,ravdess_statement_01,studio,controlled,Kids are talking by the door.,ravdess_emotion=happy; intensity=strong; repetition=02
03-01-03-02-02-01-14,C:/Project/AI-STRESS-DETECTOR/data/public/ravdess_16k/Audio_Speech_Actors_01-24_16k/Actor_14/03-01-03-02-02-01-14.wav,moderate,1,actor_14,train,en,ravdess_statement_02,studio,controlled,Dogs are sitting by the door.,ravdess_emotion=happy; intensity=strong; repetition=01
03-01-03-02-02-02-14,C:/Project/AI-STRESS-DETECTOR/data/public/ravdess_16k/Audio_Speech_Actors_01-24_16k/Actor_14/03-01-03-02-02-02-14.wav,moderate,1,actor_14,train,en,ravdess_statement_02,studio,controlled,Dogs are sitting by the door.,ravdess_emotion=happy; intensity=strong; repetition=02
03-01-04-01-01-01-14,C:/Project/AI-STRESS-DETECTOR/data/public/ravdess_16k/Audio_Speech_Actors_01-24_16k/Actor_14/03-01-04-01-01-01-14.wav,moderate,1,actor_14,train,en,ravdess_statement_01,studio,controlled,Kids are talking by the door.,ravdess_emotion=sad; intensity=normal; repetition=01
03-01-04-01-01-02-14,C:/Project/AI-STRESS-DETECTOR/data/public/ravdess_16k/Audio_Speech_Actors_01-24_16k/Actor_14/03-01-04-01-01-02-14.wav,moderate,1,actor_14,train,en,ravdess_statement_01,studio,controlled,Kids are talking by the door.,ravdess_emotion=sad; intensity=normal; repetition=02
03-01-04-01-02-01-14,C:/Project/AI-STRESS-DETECTOR/data/public/ravdess_16k/Audio_Speech_Actors_01-24_16k/Actor_14/03-01-04-01-02-01-14.wav,moderate,1,actor_14,train,en,ravdess_statement_02,studio,controlled,Dogs are sitting by the door.,ravdess_emotion=sad; intensity=normal; repetition=01
03-01-04-01-02-02-14,C:/Project/AI-STRESS-DETECTOR/data/public/ravdess_16k/Audio_Speech_Actors_01-24_16k/Actor_14/03-01-04-01-02-02-14.wav,moderate,1,actor_14,train,en,ravdess_statement_02,studio,controlled,Dogs are sitting by the door.,ravdess_emotion=sad; intensity=normal; repetition=02
03-01-04-02-01-01-14,C:/Project/AI-STRESS-DETECTOR/data/public/ravdess_16k/Audio_Speech_Actors_01-24_16k/Actor_14/03-01-04-02-01-01-14.wav,high,2,actor_14,train,en,ravdess_statement_01,studio,controlled,Kids are talking by the door.,ravdess_emotion=sad; intensity=strong; repetition=01
03-01-04-02-01-02-14,C:/Project/AI-STRESS-DETECTOR/data/public/ravdess_16k/Audio_Speech_Actors_01-24_16k/Actor_14/03-01-04-02-01-02-14.wav,high,2,actor_14,train,en,ravdess_statement_01,studio,controlled,Kids are talking by the door.,ravdess_emotion=sad; intensity=strong; repetition=02
03-01-04-02-02-01-14,C:/Project/AI-STRESS-DETECTOR/data/public/ravdess_16k/Audio_Speech_Actors_01-24_16k/Actor_14/03-01-04-02-02-01-14.wav,high,2,actor_14,train,en,ravdess_statement_02,studio,controlled,Dogs are sitting by the door.,ravdess_emotion=sad; intensity=strong; repetition=01
03-01-04-02-02-02-14,C:/Project/AI-STRESS-DETECTOR/data/public/ravdess_16k/Audio_Speech_Actors_01-24_16k/Actor_14/03-01-04-02-02-02-14.wav,high,2,actor_14,train,en,ravdess_statement_02,studio,controlled,Dogs are sitting by the door.,ravdess_emotion=sad; intensity=strong; repetition=02
03-01-05-01-01-01-14,C:/Project/AI-STRESS-DETECTOR/data/public/ravdess_16k/Audio_Speech_Actors_01-24_16k/Actor_14/03-01-05-01-01-01-14.wav,high,2,actor_14,train,en,ravdess_statement_01,studio,controlled,Kids are talking by the door.,ravdess_emotion=angry; intensity=normal; repetition=01
03-01-05-01-01-02-14,C:/Project/AI-STRESS-DETECTOR/data/public/ravdess_16k/Audio_Speech_Actors_01-24_16k/Actor_14/03-01-05-01-01-02-14.wav,high,2,actor_14,train,en,ravdess_statement_01,studio,controlled,Kids are talking by the door.,ravdess_emotion=angry; intensity=normal; repetition=02
03-01-05-01-02-01-14,C:/Project/AI-STRESS-DETECTOR/data/public/ravdess_16k/Audio_Speech_Actors_01-24_16k/Actor_14/03-01-05-01-02-01-14.wav,high,2,actor_14,train,en,ravdess_statement_02,studio,controlled,Dogs are sitting by the door.,ravdess_emotion=angry; intensity=normal; repetition=01
03-01-05-01-02-02-14,C:/Project/AI-STRESS-DETECTOR/data/public/ravdess_16k/Audio_Speech_Actors_01-24_16k/Actor_14/03-01-05-01-02-02-14.wav,high,2,actor_14,train,en,ravdess_statement_02,studio,controlled,Dogs are sitting by the door.,ravdess_emotion=angry; intensity=normal; repetition=02
03-01-05-02-01-01-14,C:/Project/AI-STRESS-DETECTOR/data/public/ravdess_16k/Audio_Speech_Actors_01-24_16k/Actor_14/03-01-05-02-01-01-14.wav,severe,3,actor_14,train,en,ravdess_statement_01,studio,controlled,Kids are talking by the door.,ravdess_emotion=angry; intensity=strong; repetition=01
03-01-05-02-01-02-14,C:/Project/AI-STRESS-DETECTOR/data/public/ravdess_16k/Audio_Speech_Actors_01-24_16k/Actor_14/03-01-05-02-01-02-14.wav,severe,3,actor_14,train,en,ravdess_statement_01,studio,controlled,Kids are talking by the door.,ravdess_emotion=angry; intensity=strong; repetition=02
03-01-05-02-02-01-14,C:/Project/AI-STRESS-DETECTOR/data/public/ravdess_16k/Audio_Speech_Actors_01-24_16k/Actor_14/03-01-05-02-02-01-14.wav,severe,3,actor_14,train,en,ravdess_statement_02,studio,controlled,Dogs are sitting by the door.,ravdess_emotion=angry; intensity=strong; repetition=01
03-01-05-02-02-02-14,C:/Project/AI-STRESS-DETECTOR/data/public/ravdess_16k/Audio_Speech_Actors_01-24_16k/Actor_14/03-01-05-02-02-02-14.wav,severe,3,actor_14,train,en,ravdess_statement_02,studio,controlled,Dogs are sitting by the door.,ravdess_emotion=angry; intensity=strong; repetition=02
03-01-06-01-01-01-14,C:/Project/AI-STRESS-DETECTOR/data/public/ravdess_16k/Audio_Speech_Actors_01-24_16k/Actor_14/03-01-06-01-01-01-14.wav,high,2,actor_14,train,en,ravdess_statement_01,studio,controlled,Kids are talking by the door.,ravdess_emotion=fearful; intensity=normal; repetition=01
03-01-06-01-01-02-14,C:/Project/AI-STRESS-DETECTOR/data/public/ravdess_16k/Audio_Speech_Actors_01-24_16k/Actor_14/03-01-06-01-01-02-14.wav,high,2,actor_14,train,en,ravdess_statement_01,studio,controlled,Kids are talking by the door.,ravdess_emotion=fearful; intensity=normal; repetition=02
03-01-06-01-02-01-14,C:/Project/AI-STRESS-DETECTOR/data/public/ravdess_16k/Audio_Speech_Actors_01-24_16k/Actor_14/03-01-06-01-02-01-14.wav,high,2,actor_14,train,en,ravdess_statement_02,studio,controlled,Dogs are sitting by the door.,ravdess_emotion=fearful; intensity=normal; repetition=01
03-01-06-01-02-02-14,C:/Project/AI-STRESS-DETECTOR/data/public/ravdess_16k/Audio_Speech_Actors_01-24_16k/Actor_14/03-01-06-01-02-02-14.wav,high,2,actor_14,train,en,ravdess_statement_02,studio,controlled,Dogs are sitting by the door.,ravdess_emotion=fearful; intensity=normal; repetition=02
03-01-06-02-01-01-14,C:/Project/AI-STRESS-DETECTOR/data/public/ravdess_16k/Audio_Speech_Actors_01-24_16k/Actor_14/03-01-06-02-01-01-14.wav,severe,3,actor_14,train,en,ravdess_statement_01,studio,controlled,Kids are talking by the door.,ravdess_emotion=fearful; intensity=strong; repetition=01
03-01-06-02-01-02-14,C:/Project/AI-STRESS-DETECTOR/data/public/ravdess_16k/Audio_Speech_Actors_01-24_16k/Actor_14/03-01-06-02-01-02-14.wav,severe,3,actor_14,train,en,ravdess_statement_01,studio,controlled,Kids are talking by the door.,ravdess_emotion=fearful; intensity=strong; repetition=02
03-01-06-02-02-01-14,C:/Project/AI-STRESS-DETECTOR/data/public/ravdess_16k/Audio_Speech_Actors_01-24_16k/Actor_14/03-01-06-02-02-01-14.wav,severe,3,actor_14,train,en,ravdess_statement_02,studio,controlled,Dogs are sitting by the door.,ravdess_emotion=fearful; intensity=strong; repetition=01
03-01-06-02-02-02-14,C:/Project/AI-STRESS-DETECTOR/data/public/ravdess_16k/Audio_Speech_Actors_01-24_16k/Actor_14/03-01-06-02-02-02-14.wav,severe,3,actor_14,train,en,ravdess_statement_02,studio,controlled,Dogs are sitting by the door.,ravdess_emotion=fearful; intensity=strong; repetition=02
03-01-07-01-01-01-14,C:/Project/AI-STRESS-DETECTOR/data/public/ravdess_16k/Audio_Speech_Actors_01-24_16k/Actor_14/03-01-07-01-01-01-14.wav,high,2,actor_14,train,en,ravdess_statement_01,studio,controlled,Kids are talking by the door.,ravdess_emotion=disgust; intensity=normal; repetition=01
03-01-07-01-01-02-14,C:/Project/AI-STRESS-DETECTOR/data/public/ravdess_16k/Audio_Speech_Actors_01-24_16k/Actor_14/03-01-07-01-01-02-14.wav,high,2,actor_14,train,en,ravdess_statement_01,studio,controlled,Kids are talking by the door.,ravdess_emotion=disgust; intensity=normal; repetition=02
03-01-07-01-02-01-14,C:/Project/AI-STRESS-DETECTOR/data/public/ravdess_16k/Audio_Speech_Actors_01-24_16k/Actor_14/03-01-07-01-02-01-14.wav,high,2,actor_14,train,en,ravdess_statement_02,studio,controlled,Dogs are sitting by the door.,ravdess_emotion=disgust; intensity=normal; repetition=01
03-01-07-01-02-02-14,C:/Project/AI-STRESS-DETECTOR/data/public/ravdess_16k/Audio_Speech_Actors_01-24_16k/Actor_14/03-01-07-01-02-02-14.wav,high,2,actor_14,train,en,ravdess_statement_02,studio,controlled,Dogs are sitting by the door.,ravdess_emotion=disgust; intensity=normal; repetition=02
03-01-07-02-01-01-14,C:/Project/AI-STRESS-DETECTOR/data/public/ravdess_16k/Audio_Speech_Actors_01-24_16k/Actor_14/03-01-07-02-01-01-14.wav,severe,3,actor_14,train,en,ravdess_statement_01,studio,controlled,Kids are talking by the door.,ravdess_emotion=disgust; intensity=strong; repetition=01
03-01-07-02-01-02-14,C:/Project/AI-STRESS-DETECTOR/data/public/ravdess_16k/Audio_Speech_Actors_01-24_16k/Actor_14/03-01-07-02-01-02-14.wav,severe,3,actor_14,train,en,ravdess_statement_01,studio,controlled,Kids are talking by the door.,ravdess_emotion=disgust; intensity=strong; repetition=02
03-01-07-02-02-01-14,C:/Project/AI-STRESS-DETECTOR/data/public/ravdess_16k/Audio_Speech_Actors_01-24_16k/Actor_14/03-01-07-02-02-01-14.wav,severe,3,actor_14,train,en,ravdess_statement_02,studio,controlled,Dogs are sitting by the door.,ravdess_emotion=disgust; intensity=strong; repetition=01
03-01-07-02-02-02-14,C:/Project/AI-STRESS-DETECTOR/data/public/ravdess_16k/Audio_Speech_Actors_01-24_16k/Actor_14/03-01-07-02-02-02-14.wav,severe,3,actor_14,train,en,ravdess_statement_02,studio,controlled,Dogs are sitting by the door.,ravdess_emotion=disgust; intensity=strong; repetition=02
03-01-08-01-01-01-14,C:/Project/AI-STRESS-DETECTOR/data/public/ravdess_16k/Audio_Speech_Actors_01-24_16k/Actor_14/03-01-08-01-01-01-14.wav,moderate,1,actor_14,train,en,ravdess_statement_01,studio,controlled,Kids are talking by the door.,ravdess_emotion=surprised; intensity=normal; repetition=01
03-01-08-01-01-02-14,C:/Project/AI-STRESS-DETECTOR/data/public/ravdess_16k/Audio_Speech_Actors_01-24_16k/Actor_14/03-01-08-01-01-02-14.wav,moderate,1,actor_14,train,en,ravdess_statement_01,studio,controlled,Kids are talking by the door.,ravdess_emotion=surprised; intensity=normal; repetition=02
03-01-08-01-02-01-14,C:/Project/AI-STRESS-DETECTOR/data/public/ravdess_16k/Audio_Speech_Actors_01-24_16k/Actor_14/03-01-08-01-02-01-14.wav,moderate,1,actor_14,train,en,ravdess_statement_02,studio,controlled,Dogs are sitting by the door.,ravdess_emotion=surprised; intensity=normal; repetition=01
03-01-08-01-02-02-14,C:/Project/AI-STRESS-DETECTOR/data/public/ravdess_16k/Audio_Speech_Actors_01-24_16k/Actor_14/03-01-08-01-02-02-14.wav,moderate,1,actor_14,train,en,ravdess_statement_02,studio,controlled,Dogs are sitting by the door.,ravdess_emotion=surprised; intensity=normal; repetition=02
03-01-08-02-01-01-14,C:/Project/AI-STRESS-DETECTOR/data/public/ravdess_16k/Audio_Speech_Actors_01-24_16k/Actor_14/03-01-08-02-01-01-14.wav,high,2,actor_14,train,en,ravdess_statement_01,studio,controlled,Kids are talking by the door.,ravdess_emotion=surprised; intensity=strong; repetition=01
03-01-08-02-01-02-14,C:/Project/AI-STRESS-DETECTOR/data/public/ravdess_16k/Audio_Speech_Actors_01-24_16k/Actor_14/03-01-08-02-01-02-14.wav,high,2,actor_14,train,en,ravdess_statement_01,studio,controlled,Kids are talking by the door.,ravdess_emotion=surprised; intensity=strong; repetition=02
03-01-08-02-02-01-14,C:/Project/AI-STRESS-DETECTOR/data/public/ravdess_16k/Audio_Speech_Actors_01-24_16k/Actor_14/03-01-08-02-02-01-14.wav,high,2,actor_14,train,en,ravdess_statement_02,studio,controlled,Dogs are sitting by the door.,ravdess_emotion=surprised; intensity=strong; repetition=01
03-01-08-02-02-02-14,C:/Project/AI-STRESS-DETECTOR/data/public/ravdess_16k/Audio_Speech_Actors_01-24_16k/Actor_14/03-01-08-02-02-02-14.wav,high,2,actor_14,train,en,ravdess_statement_02,studio,controlled,Dogs are sitting by the door.,ravdess_emotion=surprised; intensity=strong; repetition=02
03-01-01-01-01-01-15,C:/Project/AI-STRESS-DETECTOR/data/public/ravdess_16k/Audio_Speech_Actors_01-24_16k/Actor_15/03-01-01-01-01-01-15.wav,low,0,actor_15,train,en,ravdess_statement_01,studio,controlled,Kids are talking by the door.,ravdess_emotion=neutral; intensity=normal; repetition=01
03-01-01-01-01-02-15,C:/Project/AI-STRESS-DETECTOR/data/public/ravdess_16k/Audio_Speech_Actors_01-24_16k/Actor_15/03-01-01-01-01-02-15.wav,low,0,actor_15,train,en,ravdess_statement_01,studio,controlled,Kids are talking by the door.,ravdess_emotion=neutral; intensity=normal; repetition=02
03-01-01-01-02-01-15,C:/Project/AI-STRESS-DETECTOR/data/public/ravdess_16k/Audio_Speech_Actors_01-24_16k/Actor_15/03-01-01-01-02-01-15.wav,low,0,actor_15,train,en,ravdess_statement_02,studio,controlled,Dogs are sitting by the door.,ravdess_emotion=neutral; intensity=normal; repetition=01
03-01-01-01-02-02-15,C:/Project/AI-STRESS-DETECTOR/data/public/ravdess_16k/Audio_Speech_Actors_01-24_16k/Actor_15/03-01-01-01-02-02-15.wav,low,0,actor_15,train,en,ravdess_statement_02,studio,controlled,Dogs are sitting by the door.,ravdess_emotion=neutral; intensity=normal; repetition=02
03-01-02-01-01-01-15,C:/Project/AI-STRESS-DETECTOR/data/public/ravdess_16k/Audio_Speech_Actors_01-24_16k/Actor_15/03-01-02-01-01-01-15.wav,low,0,actor_15,train,en,ravdess_statement_01,studio,controlled,Kids are talking by the door.,ravdess_emotion=calm; intensity=normal; repetition=01
03-01-02-01-01-02-15,C:/Project/AI-STRESS-DETECTOR/data/public/ravdess_16k/Audio_Speech_Actors_01-24_16k/Actor_15/03-01-02-01-01-02-15.wav,low,0,actor_15,train,en,ravdess_statement_01,studio,controlled,Kids are talking by the door.,ravdess_emotion=calm; intensity=normal; repetition=02
03-01-02-01-02-01-15,C:/Project/AI-STRESS-DETECTOR/data/public/ravdess_16k/Audio_Speech_Actors_01-24_16k/Actor_15/03-01-02-01-02-01-15.wav,low,0,actor_15,train,en,ravdess_statement_02,studio,controlled,Dogs are sitting by the door.,ravdess_emotion=calm; intensity=normal; repetition=01
03-01-02-01-02-02-15,C:/Project/AI-STRESS-DETECTOR/data/public/ravdess_16k/Audio_Speech_Actors_01-24_16k/Actor_15/03-01-02-01-02-02-15.wav,low,0,actor_15,train,en,ravdess_statement_02,studio,controlled,Dogs are sitting by the door.,ravdess_emotion=calm; intensity=normal; repetition=02
03-01-02-02-01-01-15,C:/Project/AI-STRESS-DETECTOR/data/public/ravdess_16k/Audio_Speech_Actors_01-24_16k/Actor_15/03-01-02-02-01-01-15.wav,moderate,1,actor_15,train,en,ravdess_statement_01,studio,controlled,Kids are talking by the door.,ravdess_emotion=calm; intensity=strong; repetition=01
03-01-02-02-01-02-15,C:/Project/AI-STRESS-DETECTOR/data/public/ravdess_16k/Audio_Speech_Actors_01-24_16k/Actor_15/03-01-02-02-01-02-15.wav,moderate,1,actor_15,train,en,ravdess_statement_01,studio,controlled,Kids are talking by the door.,ravdess_emotion=calm; intensity=strong; repetition=02
03-01-02-02-02-01-15,C:/Project/AI-STRESS-DETECTOR/data/public/ravdess_16k/Audio_Speech_Actors_01-24_16k/Actor_15/03-01-02-02-02-01-15.wav,moderate,1,actor_15,train,en,ravdess_statement_02,studio,controlled,Dogs are sitting by the door.,ravdess_emotion=calm; intensity=strong; repetition=01
03-01-02-02-02-02-15,C:/Project/AI-STRESS-DETECTOR/data/public/ravdess_16k/Audio_Speech_Actors_01-24_16k/Actor_15/03-01-02-02-02-02-15.wav,moderate,1,actor_15,train,en,ravdess_statement_02,studio,controlled,Dogs are sitting by the door.,ravdess_emotion=calm; intensity=strong; repetition=02
03-01-03-01-01-01-15,C:/Project/AI-STRESS-DETECTOR/data/public/ravdess_16k/Audio_Speech_Actors_01-24_16k/Actor_15/03-01-03-01-01-01-15.wav,moderate,1,actor_15,train,en,ravdess_statement_01,studio,controlled,Kids are talking by the door.,ravdess_emotion=happy; intensity=normal; repetition=01
03-01-03-01-01-02-15,C:/Project/AI-STRESS-DETECTOR/data/public/ravdess_16k/Audio_Speech_Actors_01-24_16k/Actor_15/03-01-03-01-01-02-15.wav,moderate,1,actor_15,train,en,ravdess_statement_01,studio,controlled,Kids are talking by the door.,ravdess_emotion=happy; intensity=normal; repetition=02
03-01-03-01-02-01-15,C:/Project/AI-STRESS-DETECTOR/data/public/ravdess_16k/Audio_Speech_Actors_01-24_16k/Actor_15/03-01-03-01-02-01-15.wav,moderate,1,actor_15,train,en,ravdess_statement_02,studio,controlled,Dogs are sitting by the door.,ravdess_emotion=happy; intensity=normal; repetition=01
03-01-03-01-02-02-15,C:/Project/AI-STRESS-DETECTOR/data/public/ravdess_16k/Audio_Speech_Actors_01-24_16k/Actor_15/03-01-03-01-02-02-15.wav,moderate,1,actor_15,train,en,ravdess_statement_02,studio,controlled,Dogs are sitting by the door.,ravdess_emotion=happy; intensity=normal; repetition=02
03-01-03-02-01-01-15,C:/Project/AI-STRESS-DETECTOR/data/public/ravdess_16k/Audio_Speech_Actors_01-24_16k/Actor_15/03-01-03-02-01-01-15.wav,moderate,1,actor_15,train,en,ravdess_statement_01,studio,controlled,Kids are talking by the door.,ravdess_emotion=happy; intensity=strong; repetition=01
03-01-03-02-01-02-15,C:/Project/AI-STRESS-DETECTOR/data/public/ravdess_16k/Audio_Speech_Actors_01-24_16k/Actor_15/03-01-03-02-01-02-15.wav,moderate,1,actor_15,train,en,ravdess_statement_01,studio,controlled,Kids are talking by the door.,ravdess_emotion=happy; intensity=strong; repetition=02
03-01-03-02-02-01-15,C:/Project/AI-STRESS-DETECTOR/data/public/ravdess_16k/Audio_Speech_Actors_01-24_16k/Actor_15/03-01-03-02-02-01-15.wav,moderate,1,actor_15,train,en,ravdess_statement_02,studio,controlled,Dogs are sitting by the door.,ravdess_emotion=happy; intensity=strong; repetition=01
03-01-03-02-02-02-15,C:/Project/AI-STRESS-DETECTOR/data/public/ravdess_16k/Audio_Speech_Actors_01-24_16k/Actor_15/03-01-03-02-02-02-15.wav,moderate,1,actor_15,train,en,ravdess_statement_02,studio,controlled,Dogs are sitting by the door.,ravdess_emotion=happy; intensity=strong; repetition=02
03-01-04-01-01-01-15,C:/Project/AI-STRESS-DETECTOR/data/public/ravdess_16k/Audio_Speech_Actors_01-24_16k/Actor_15/03-01-04-01-01-01-15.wav,moderate,1,actor_15,train,en,ravdess_statement_01,studio,controlled,Kids are talking by the door.,ravdess_emotion=sad; intensity=normal; repetition=01
03-01-04-01-01-02-15,C:/Project/AI-STRESS-DETECTOR/data/public/ravdess_16k/Audio_Speech_Actors_01-24_16k/Actor_15/03-01-04-01-01-02-15.wav,moderate,1,actor_15,train,en,ravdess_statement_01,studio,controlled,Kids are talking by the door.,ravdess_emotion=sad; intensity=normal; repetition=02
03-01-04-01-02-01-15,C:/Project/AI-STRESS-DETECTOR/data/public/ravdess_16k/Audio_Speech_Actors_01-24_16k/Actor_15/03-01-04-01-02-01-15.wav,moderate,1,actor_15,train,en,ravdess_statement_02,studio,controlled,Dogs are sitting by the door.,ravdess_emotion=sad; intensity=normal; repetition=01
03-01-04-01-02-02-15,C:/Project/AI-STRESS-DETECTOR/data/public/ravdess_16k/Audio_Speech_Actors_01-24_16k/Actor_15/03-01-04-01-02-02-15.wav,moderate,1,actor_15,train,en,ravdess_statement_02,studio,controlled,Dogs are sitting by the door.,ravdess_emotion=sad; intensity=normal; repetition=02
03-01-04-02-01-01-15,C:/Project/AI-STRESS-DETECTOR/data/public/ravdess_16k/Audio_Speech_Actors_01-24_16k/Actor_15/03-01-04-02-01-01-15.wav,high,2,actor_15,train,en,ravdess_statement_01,studio,controlled,Kids are talking by the door.,ravdess_emotion=sad; intensity=strong; repetition=01
03-01-04-02-01-02-15,C:/Project/AI-STRESS-DETECTOR/data/public/ravdess_16k/Audio_Speech_Actors_01-24_16k/Actor_15/03-01-04-02-01-02-15.wav,high,2,actor_15,train,en,ravdess_statement_01,studio,controlled,Kids are talking by the door.,ravdess_emotion=sad; intensity=strong; repetition=02
03-01-04-02-02-01-15,C:/Project/AI-STRESS-DETECTOR/data/public/ravdess_16k/Audio_Speech_Actors_01-24_16k/Actor_15/03-01-04-02-02-01-15.wav,high,2,actor_15,train,en,ravdess_statement_02,studio,controlled,Dogs are sitting by the door.,ravdess_emotion=sad; intensity=strong; repetition=01
03-01-04-02-02-02-15,C:/Project/AI-STRESS-DETECTOR/data/public/ravdess_16k/Audio_Speech_Actors_01-24_16k/Actor_15/03-01-04-02-02-02-15.wav,high,2,actor_15,train,en,ravdess_statement_02,studio,controlled,Dogs are sitting by the door.,ravdess_emotion=sad; intensity=strong; repetition=02
03-01-05-01-01-01-15,C:/Project/AI-STRESS-DETECTOR/data/public/ravdess_16k/Audio_Speech_Actors_01-24_16k/Actor_15/03-01-05-01-01-01-15.wav,high,2,actor_15,train,en,ravdess_statement_01,studio,controlled,Kids are talking by the door.,ravdess_emotion=angry; intensity=normal; repetition=01
03-01-05-01-01-02-15,C:/Project/AI-STRESS-DETECTOR/data/public/ravdess_16k/Audio_Speech_Actors_01-24_16k/Actor_15/03-01-05-01-01-02-15.wav,high,2,actor_15,train,en,ravdess_statement_01,studio,controlled,Kids are talking by the door.,ravdess_emotion=angry; intensity=normal; repetition=02
03-01-05-01-02-01-15,C:/Project/AI-STRESS-DETECTOR/data/public/ravdess_16k/Audio_Speech_Actors_01-24_16k/Actor_15/03-01-05-01-02-01-15.wav,high,2,actor_15,train,en,ravdess_statement_02,studio,controlled,Dogs are sitting by the door.,ravdess_emotion=angry; intensity=normal; repetition=01
03-01-05-01-02-02-15,C:/Project/AI-STRESS-DETECTOR/data/public/ravdess_16k/Audio_Speech_Actors_01-24_16k/Actor_15/03-01-05-01-02-02-15.wav,high,2,actor_15,train,en,ravdess_statement_02,studio,controlled,Dogs are sitting by the door.,ravdess_emotion=angry; intensity=normal; repetition=02
03-01-05-02-01-01-15,C:/Project/AI-STRESS-DETECTOR/data/public/ravdess_16k/Audio_Speech_Actors_01-24_16k/Actor_15/03-01-05-02-01-01-15.wav,severe,3,actor_15,train,en,ravdess_statement_01,studio,controlled,Kids are talking by the door.,ravdess_emotion=angry; intensity=strong; repetition=01
03-01-05-02-01-02-15,C:/Project/AI-STRESS-DETECTOR/data/public/ravdess_16k/Audio_Speech_Actors_01-24_16k/Actor_15/03-01-05-02-01-02-15.wav,severe,3,actor_15,train,en,ravdess_statement_01,studio,controlled,Kids are talking by the door.,ravdess_emotion=angry; intensity=strong; repetition=02
03-01-05-02-02-01-15,C:/Project/AI-STRESS-DETECTOR/data/public/ravdess_16k/Audio_Speech_Actors_01-24_16k/Actor_15/03-01-05-02-02-01-15.wav,severe,3,actor_15,train,en,ravdess_statement_02,studio,controlled,Dogs are sitting by the door.,ravdess_emotion=angry; intensity=strong; repetition=01
03-01-05-02-02-02-15,C:/Project/AI-STRESS-DETECTOR/data/public/ravdess_16k/Audio_Speech_Actors_01-24_16k/Actor_15/03-01-05-02-02-02-15.wav,severe,3,actor_15,train,en,ravdess_statement_02,studio,controlled,Dogs are sitting by the door.,ravdess_emotion=angry; intensity=strong; repetition=02
03-01-06-01-01-01-15,C:/Project/AI-STRESS-DETECTOR/data/public/ravdess_16k/Audio_Speech_Actors_01-24_16k/Actor_15/03-01-06-01-01-01-15.wav,high,2,actor_15,train,en,ravdess_statement_01,studio,controlled,Kids are talking by the door.,ravdess_emotion=fearful; intensity=normal; repetition=01
03-01-06-01-01-02-15,C:/Project/AI-STRESS-DETECTOR/data/public/ravdess_16k/Audio_Speech_Actors_01-24_16k/Actor_15/03-01-06-01-01-02-15.wav,high,2,actor_15,train,en,ravdess_statement_01,studio,controlled,Kids are talking by the door.,ravdess_emotion=fearful; intensity=normal; repetition=02
03-01-06-01-02-01-15,C:/Project/AI-STRESS-DETECTOR/data/public/ravdess_16k/Audio_Speech_Actors_01-24_16k/Actor_15/03-01-06-01-02-01-15.wav,high,2,actor_15,train,en,ravdess_statement_02,studio,controlled,Dogs are sitting by the door.,ravdess_emotion=fearful; intensity=normal; repetition=01
03-01-06-01-02-02-15,C:/Project/AI-STRESS-DETECTOR/data/public/ravdess_16k/Audio_Speech_Actors_01-24_16k/Actor_15/03-01-06-01-02-02-15.wav,high,2,actor_15,train,en,ravdess_statement_02,studio,controlled,Dogs are sitting by the door.,ravdess_emotion=fearful; intensity=normal; repetition=02
03-01-06-02-01-01-15,C:/Project/AI-STRESS-DETECTOR/data/public/ravdess_16k/Audio_Speech_Actors_01-24_16k/Actor_15/03-01-06-02-01-01-15.wav,severe,3,actor_15,train,en,ravdess_statement_01,studio,controlled,Kids are talking by the door.,ravdess_emotion=fearful; intensity=strong; repetition=01
03-01-06-02-01-02-15,C:/Project/AI-STRESS-DETECTOR/data/public/ravdess_16k/Audio_Speech_Actors_01-24_16k/Actor_15/03-01-06-02-01-02-15.wav,severe,3,actor_15,train,en,ravdess_statement_01,studio,controlled,Kids are talking by the door.,ravdess_emotion=fearful; intensity=strong; repetition=02
03-01-06-02-02-01-15,C:/Project/AI-STRESS-DETECTOR/data/public/ravdess_16k/Audio_Speech_Actors_01-24_16k/Actor_15/03-01-06-02-02-01-15.wav,severe,3,actor_15,train,en,ravdess_statement_02,studio,controlled,Dogs are sitting by the door.,ravdess_emotion=fearful; intensity=strong; repetition=01
03-01-06-02-02-02-15,C:/Project/AI-STRESS-DETECTOR/data/public/ravdess_16k/Audio_Speech_Actors_01-24_16k/Actor_15/03-01-06-02-02-02-15.wav,severe,3,actor_15,train,en,ravdess_statement_02,studio,controlled,Dogs are sitting by the door.,ravdess_emotion=fearful; intensity=strong; repetition=02
03-01-07-01-01-01-15,C:/Project/AI-STRESS-DETECTOR/data/public/ravdess_16k/Audio_Speech_Actors_01-24_16k/Actor_15/03-01-07-01-01-01-15.wav,high,2,actor_15,train,en,ravdess_statement_01,studio,controlled,Kids are talking by the door.,ravdess_emotion=disgust; intensity=normal; repetition=01
03-01-07-01-01-02-15,C:/Project/AI-STRESS-DETECTOR/data/public/ravdess_16k/Audio_Speech_Actors_01-24_16k/Actor_15/03-01-07-01-01-02-15.wav,high,2,actor_15,train,en,ravdess_statement_01,studio,controlled,Kids are talking by the door.,ravdess_emotion=disgust; intensity=normal; repetition=02
03-01-07-01-02-01-15,C:/Project/AI-STRESS-DETECTOR/data/public/ravdess_16k/Audio_Speech_Actors_01-24_16k/Actor_15/03-01-07-01-02-01-15.wav,high,2,actor_15,train,en,ravdess_statement_02,studio,controlled,Dogs are sitting by the door.,ravdess_emotion=disgust; intensity=normal; repetition=01
03-01-07-01-02-02-15,C:/Project/AI-STRESS-DETECTOR/data/public/ravdess_16k/Audio_Speech_Actors_01-24_16k/Actor_15/03-01-07-01-02-02-15.wav,high,2,actor_15,train,en,ravdess_statement_02,studio,controlled,Dogs are sitting by the door.,ravdess_emotion=disgust; intensity=normal; repetition=02
03-01-07-02-01-01-15,C:/Project/AI-STRESS-DETECTOR/data/public/ravdess_16k/Audio_Speech_Actors_01-24_16k/Actor_15/03-01-07-02-01-01-15.wav,severe,3,actor_15,train,en,ravdess_statement_01,studio,controlled,Kids are talking by the door.,ravdess_emotion=disgust; intensity=strong; repetition=01
03-01-07-02-01-02-15,C:/Project/AI-STRESS-DETECTOR/data/public/ravdess_16k/Audio_Speech_Actors_01-24_16k/Actor_15/03-01-07-02-01-02-15.wav,severe,3,actor_15,train,en,ravdess_statement_01,studio,controlled,Kids are talking by the door.,ravdess_emotion=disgust; intensity=strong; repetition=02
03-01-07-02-02-01-15,C:/Project/AI-STRESS-DETECTOR/data/public/ravdess_16k/Audio_Speech_Actors_01-24_16k/Actor_15/03-01-07-02-02-01-15.wav,severe,3,actor_15,train,en,ravdess_statement_02,studio,controlled,Dogs are sitting by the door.,ravdess_emotion=disgust; intensity=strong; repetition=01
03-01-07-02-02-02-15,C:/Project/AI-STRESS-DETECTOR/data/public/ravdess_16k/Audio_Speech_Actors_01-24_16k/Actor_15/03-01-07-02-02-02-15.wav,severe,3,actor_15,train,en,ravdess_statement_02,studio,controlled,Dogs are sitting by the door.,ravdess_emotion=disgust; intensity=strong; repetition=02
03-01-08-01-01-01-15,C:/Project/AI-STRESS-DETECTOR/data/public/ravdess_16k/Audio_Speech_Actors_01-24_16k/Actor_15/03-01-08-01-01-01-15.wav,moderate,1,actor_15,train,en,ravdess_statement_01,studio,controlled,Kids are talking by the door.,ravdess_emotion=surprised; intensity=normal; repetition=01
03-01-08-01-01-02-15,C:/Project/AI-STRESS-DETECTOR/data/public/ravdess_16k/Audio_Speech_Actors_01-24_16k/Actor_15/03-01-08-01-01-02-15.wav,moderate,1,actor_15,train,en,ravdess_statement_01,studio,controlled,Kids are talking by the door.,ravdess_emotion=surprised; intensity=normal; repetition=02
03-01-08-01-02-01-15,C:/Project/AI-STRESS-DETECTOR/data/public/ravdess_16k/Audio_Speech_Actors_01-24_16k/Actor_15/03-01-08-01-02-01-15.wav,moderate,1,actor_15,train,en,ravdess_statement_02,studio,controlled,Dogs are sitting by the door.,ravdess_emotion=surprised; intensity=normal; repetition=01
03-01-08-01-02-02-15,C:/Project/AI-STRESS-DETECTOR/data/public/ravdess_16k/Audio_Speech_Actors_01-24_16k/Actor_15/03-01-08-01-02-02-15.wav,moderate,1,actor_15,train,en,ravdess_statement_02,studio,controlled,Dogs are sitting by the door.,ravdess_emotion=surprised; intensity=normal; repetition=02
03-01-08-02-01-01-15,C:/Project/AI-STRESS-DETECTOR/data/public/ravdess_16k/Audio_Speech_Actors_01-24_16k/Actor_15/03-01-08-02-01-01-15.wav,high,2,actor_15,train,en,ravdess_statement_01,studio,controlled,Kids are talking by the door.,ravdess_emotion=surprised; intensity=strong; repetition=01
03-01-08-02-01-02-15,C:/Project/AI-STRESS-DETECTOR/data/public/ravdess_16k/Audio_Speech_Actors_01-24_16k/Actor_15/03-01-08-02-01-02-15.wav,high,2,actor_15,train,en,ravdess_statement_01,studio,controlled,Kids are talking by the door.,ravdess_emotion=surprised; intensity=strong; repetition=02
03-01-08-02-02-01-15,C:/Project/AI-STRESS-DETECTOR/data/public/ravdess_16k/Audio_Speech_Actors_01-24_16k/Actor_15/03-01-08-02-02-01-15.wav,high,2,actor_15,train,en,ravdess_statement_02,studio,controlled,Dogs are sitting by the door.,ravdess_emotion=surprised; intensity=strong; repetition=01
03-01-08-02-02-02-15,C:/Project/AI-STRESS-DETECTOR/data/public/ravdess_16k/Audio_Speech_Actors_01-24_16k/Actor_15/03-01-08-02-02-02-15.wav,high,2,actor_15,train,en,ravdess_statement_02,studio,controlled,Dogs are sitting by the door.,ravdess_emotion=surprised; intensity=strong; repetition=02
03-01-01-01-01-01-16,C:/Project/AI-STRESS-DETECTOR/data/public/ravdess_16k/Audio_Speech_Actors_01-24_16k/Actor_16/03-01-01-01-01-01-16.wav,low,0,actor_16,train,en,ravdess_statement_01,studio,controlled,Kids are talking by the door.,ravdess_emotion=neutral; intensity=normal; repetition=01
03-01-01-01-01-02-16,C:/Project/AI-STRESS-DETECTOR/data/public/ravdess_16k/Audio_Speech_Actors_01-24_16k/Actor_16/03-01-01-01-01-02-16.wav,low,0,actor_16,train,en,ravdess_statement_01,studio,controlled,Kids are talking by the door.,ravdess_emotion=neutral; intensity=normal; repetition=02
03-01-01-01-02-01-16,C:/Project/AI-STRESS-DETECTOR/data/public/ravdess_16k/Audio_Speech_Actors_01-24_16k/Actor_16/03-01-01-01-02-01-16.wav,low,0,actor_16,train,en,ravdess_statement_02,studio,controlled,Dogs are sitting by the door.,ravdess_emotion=neutral; intensity=normal; repetition=01
03-01-01-01-02-02-16,C:/Project/AI-STRESS-DETECTOR/data/public/ravdess_16k/Audio_Speech_Actors_01-24_16k/Actor_16/03-01-01-01-02-02-16.wav,low,0,actor_16,train,en,ravdess_statement_02,studio,controlled,Dogs are sitting by the door.,ravdess_emotion=neutral; intensity=normal; repetition=02
03-01-02-01-01-01-16,C:/Project/AI-STRESS-DETECTOR/data/public/ravdess_16k/Audio_Speech_Actors_01-24_16k/Actor_16/03-01-02-01-01-01-16.wav,low,0,actor_16,train,en,ravdess_statement_01,studio,controlled,Kids are talking by the door.,ravdess_emotion=calm; intensity=normal; repetition=01
03-01-02-01-01-02-16,C:/Project/AI-STRESS-DETECTOR/data/public/ravdess_16k/Audio_Speech_Actors_01-24_16k/Actor_16/03-01-02-01-01-02-16.wav,low,0,actor_16,train,en,ravdess_statement_01,studio,controlled,Kids are talking by the door.,ravdess_emotion=calm; intensity=normal; repetition=02
03-01-02-01-02-01-16,C:/Project/AI-STRESS-DETECTOR/data/public/ravdess_16k/Audio_Speech_Actors_01-24_16k/Actor_16/03-01-02-01-02-01-16.wav,low,0,actor_16,train,en,ravdess_statement_02,studio,controlled,Dogs are sitting by the door.,ravdess_emotion=calm; intensity=normal; repetition=01
03-01-02-01-02-02-16,C:/Project/AI-STRESS-DETECTOR/data/public/ravdess_16k/Audio_Speech_Actors_01-24_16k/Actor_16/03-01-02-01-02-02-16.wav,low,0,actor_16,train,en,ravdess_statement_02,studio,controlled,Dogs are sitting by the door.,ravdess_emotion=calm; intensity=normal; repetition=02
03-01-02-02-01-01-16,C:/Project/AI-STRESS-DETECTOR/data/public/ravdess_16k/Audio_Speech_Actors_01-24_16k/Actor_16/03-01-02-02-01-01-16.wav,moderate,1,actor_16,train,en,ravdess_statement_01,studio,controlled,Kids are talking by the door.,ravdess_emotion=calm; intensity=strong; repetition=01
03-01-02-02-01-02-16,C:/Project/AI-STRESS-DETECTOR/data/public/ravdess_16k/Audio_Speech_Actors_01-24_16k/Actor_16/03-01-02-02-01-02-16.wav,moderate,1,actor_16,train,en,ravdess_statement_01,studio,controlled,Kids are talking by the door.,ravdess_emotion=calm; intensity=strong; repetition=02
03-01-02-02-02-01-16,C:/Project/AI-STRESS-DETECTOR/data/public/ravdess_16k/Audio_Speech_Actors_01-24_16k/Actor_16/03-01-02-02-02-01-16.wav,moderate,1,actor_16,train,en,ravdess_statement_02,studio,controlled,Dogs are sitting by the door.,ravdess_emotion=calm; intensity=strong; repetition=01
03-01-02-02-02-02-16,C:/Project/AI-STRESS-DETECTOR/data/public/ravdess_16k/Audio_Speech_Actors_01-24_16k/Actor_16/03-01-02-02-02-02-16.wav,moderate,1,actor_16,train,en,ravdess_statement_02,studio,controlled,Dogs are sitting by the door.,ravdess_emotion=calm; intensity=strong; repetition=02
03-01-03-01-01-01-16,C:/Project/AI-STRESS-DETECTOR/data/public/ravdess_16k/Audio_Speech_Actors_01-24_16k/Actor_16/03-01-03-01-01-01-16.wav,moderate,1,actor_16,train,en,ravdess_statement_01,studio,controlled,Kids are talking by the door.,ravdess_emotion=happy; intensity=normal; repetition=01
03-01-03-01-01-02-16,C:/Project/AI-STRESS-DETECTOR/data/public/ravdess_16k/Audio_Speech_Actors_01-24_16k/Actor_16/03-01-03-01-01-02-16.wav,moderate,1,actor_16,train,en,ravdess_statement_01,studio,controlled,Kids are talking by the door.,ravdess_emotion=happy; intensity=normal; repetition=02
03-01-03-01-02-01-16,C:/Project/AI-STRESS-DETECTOR/data/public/ravdess_16k/Audio_Speech_Actors_01-24_16k/Actor_16/03-01-03-01-02-01-16.wav,moderate,1,actor_16,train,en,ravdess_statement_02,studio,controlled,Dogs are sitting by the door.,ravdess_emotion=happy; intensity=normal; repetition=01
03-01-03-01-02-02-16,C:/Project/AI-STRESS-DETECTOR/data/public/ravdess_16k/Audio_Speech_Actors_01-24_16k/Actor_16/03-01-03-01-02-02-16.wav,moderate,1,actor_16,train,en,ravdess_statement_02,studio,controlled,Dogs are sitting by the door.,ravdess_emotion=happy; intensity=normal; repetition=02
03-01-03-02-01-01-16,C:/Project/AI-STRESS-DETECTOR/data/public/ravdess_16k/Audio_Speech_Actors_01-24_16k/Actor_16/03-01-03-02-01-01-16.wav,moderate,1,actor_16,train,en,ravdess_statement_01,studio,controlled,Kids are talking by the door.,ravdess_emotion=happy; intensity=strong; repetition=01
03-01-03-02-01-02-16,C:/Project/AI-STRESS-DETECTOR/data/public/ravdess_16k/Audio_Speech_Actors_01-24_16k/Actor_16/03-01-03-02-01-02-16.wav,moderate,1,actor_16,train,en,ravdess_statement_01,studio,controlled,Kids are talking by the door.,ravdess_emotion=happy; intensity=strong; repetition=02
03-01-03-02-02-01-16,C:/Project/AI-STRESS-DETECTOR/data/public/ravdess_16k/Audio_Speech_Actors_01-24_16k/Actor_16/03-01-03-02-02-01-16.wav,moderate,1,actor_16,train,en,ravdess_statement_02,studio,controlled,Dogs are sitting by the door.,ravdess_emotion=happy; intensity=strong; repetition=01
03-01-03-02-02-02-16,C:/Project/AI-STRESS-DETECTOR/data/public/ravdess_16k/Audio_Speech_Actors_01-24_16k/Actor_16/03-01-03-02-02-02-16.wav,moderate,1,actor_16,train,en,ravdess_statement_02,studio,controlled,Dogs are sitting by the door.,ravdess_emotion=happy; intensity=strong; repetition=02
03-01-04-01-01-01-16,C:/Project/AI-STRESS-DETECTOR/data/public/ravdess_16k/Audio_Speech_Actors_01-24_16k/Actor_16/03-01-04-01-01-01-16.wav,moderate,1,actor_16,train,en,ravdess_statement_01,studio,controlled,Kids are talking by the door.,ravdess_emotion=sad; intensity=normal; repetition=01
03-01-04-01-01-02-16,C:/Project/AI-STRESS-DETECTOR/data/public/ravdess_16k/Audio_Speech_Actors_01-24_16k/Actor_16/03-01-04-01-01-02-16.wav,moderate,1,actor_16,train,en,ravdess_statement_01,studio,controlled,Kids are talking by the door.,ravdess_emotion=sad; intensity=normal; repetition=02
03-01-04-01-02-01-16,C:/Project/AI-STRESS-DETECTOR/data/public/ravdess_16k/Audio_Speech_Actors_01-24_16k/Actor_16/03-01-04-01-02-01-16.wav,moderate,1,actor_16,train,en,ravdess_statement_02,studio,controlled,Dogs are sitting by the door.,ravdess_emotion=sad; intensity=normal; repetition=01
03-01-04-01-02-02-16,C:/Project/AI-STRESS-DETECTOR/data/public/ravdess_16k/Audio_Speech_Actors_01-24_16k/Actor_16/03-01-04-01-02-02-16.wav,moderate,1,actor_16,train,en,ravdess_statement_02,studio,controlled,Dogs are sitting by the door.,ravdess_emotion=sad; intensity=normal; repetition=02
03-01-04-02-01-01-16,C:/Project/AI-STRESS-DETECTOR/data/public/ravdess_16k/Audio_Speech_Actors_01-24_16k/Actor_16/03-01-04-02-01-01-16.wav,high,2,actor_16,train,en,ravdess_statement_01,studio,controlled,Kids are talking by the door.,ravdess_emotion=sad; intensity=strong; repetition=01
03-01-04-02-01-02-16,C:/Project/AI-STRESS-DETECTOR/data/public/ravdess_16k/Audio_Speech_Actors_01-24_16k/Actor_16/03-01-04-02-01-02-16.wav,high,2,actor_16,train,en,ravdess_statement_01,studio,controlled,Kids are talking by the door.,ravdess_emotion=sad; intensity=strong; repetition=02
03-01-04-02-02-01-16,C:/Project/AI-STRESS-DETECTOR/data/public/ravdess_16k/Audio_Speech_Actors_01-24_16k/Actor_16/03-01-04-02-02-01-16.wav,high,2,actor_16,train,en,ravdess_statement_02,studio,controlled,Dogs are sitting by the door.,ravdess_emotion=sad; intensity=strong; repetition=01
03-01-04-02-02-02-16,C:/Project/AI-STRESS-DETECTOR/data/public/ravdess_16k/Audio_Speech_Actors_01-24_16k/Actor_16/03-01-04-02-02-02-16.wav,high,2,actor_16,train,en,ravdess_statement_02,studio,controlled,Dogs are sitting by the door.,ravdess_emotion=sad; intensity=strong; repetition=02
03-01-05-01-01-01-16,C:/Project/AI-STRESS-DETECTOR/data/public/ravdess_16k/Audio_Speech_Actors_01-24_16k/Actor_16/03-01-05-01-01-01-16.wav,high,2,actor_16,train,en,ravdess_statement_01,studio,controlled,Kids are talking by the door.,ravdess_emotion=angry; intensity=normal; repetition=01
03-01-05-01-01-02-16,C:/Project/AI-STRESS-DETECTOR/data/public/ravdess_16k/Audio_Speech_Actors_01-24_16k/Actor_16/03-01-05-01-01-02-16.wav,high,2,actor_16,train,en,ravdess_statement_01,studio,controlled,Kids are talking by the door.,ravdess_emotion=angry; intensity=normal; repetition=02
03-01-05-01-02-01-16,C:/Project/AI-STRESS-DETECTOR/data/public/ravdess_16k/Audio_Speech_Actors_01-24_16k/Actor_16/03-01-05-01-02-01-16.wav,high,2,actor_16,train,en,ravdess_statement_02,studio,controlled,Dogs are sitting by the door.,ravdess_emotion=angry; intensity=normal; repetition=01
03-01-05-01-02-02-16,C:/Project/AI-STRESS-DETECTOR/data/public/ravdess_16k/Audio_Speech_Actors_01-24_16k/Actor_16/03-01-05-01-02-02-16.wav,high,2,actor_16,train,en,ravdess_statement_02,studio,controlled,Dogs are sitting by the door.,ravdess_emotion=angry; intensity=normal; repetition=02
03-01-05-02-01-01-16,C:/Project/AI-STRESS-DETECTOR/data/public/ravdess_16k/Audio_Speech_Actors_01-24_16k/Actor_16/03-01-05-02-01-01-16.wav,severe,3,actor_16,train,en,ravdess_statement_01,studio,controlled,Kids are talking by the door.,ravdess_emotion=angry; intensity=strong; repetition=01
03-01-05-02-01-02-16,C:/Project/AI-STRESS-DETECTOR/data/public/ravdess_16k/Audio_Speech_Actors_01-24_16k/Actor_16/03-01-05-02-01-02-16.wav,severe,3,actor_16,train,en,ravdess_statement_01,studio,controlled,Kids are talking by the door.,ravdess_emotion=angry; intensity=strong; repetition=02
03-01-05-02-02-01-16,C:/Project/AI-STRESS-DETECTOR/data/public/ravdess_16k/Audio_Speech_Actors_01-24_16k/Actor_16/03-01-05-02-02-01-16.wav,severe,3,actor_16,train,en,ravdess_statement_02,studio,controlled,Dogs are sitting by the door.,ravdess_emotion=angry; intensity=strong; repetition=01
03-01-05-02-02-02-16,C:/Project/AI-STRESS-DETECTOR/data/public/ravdess_16k/Audio_Speech_Actors_01-24_16k/Actor_16/03-01-05-02-02-02-16.wav,severe,3,actor_16,train,en,ravdess_statement_02,studio,controlled,Dogs are sitting by the door.,ravdess_emotion=angry; intensity=strong; repetition=02
03-01-06-01-01-01-16,C:/Project/AI-STRESS-DETECTOR/data/public/ravdess_16k/Audio_Speech_Actors_01-24_16k/Actor_16/03-01-06-01-01-01-16.wav,high,2,actor_16,train,en,ravdess_statement_01,studio,controlled,Kids are talking by the door.,ravdess_emotion=fearful; intensity=normal; repetition=01
03-01-06-01-01-02-16,C:/Project/AI-STRESS-DETECTOR/data/public/ravdess_16k/Audio_Speech_Actors_01-24_16k/Actor_16/03-01-06-01-01-02-16.wav,high,2,actor_16,train,en,ravdess_statement_01,studio,controlled,Kids are talking by the door.,ravdess_emotion=fearful; intensity=normal; repetition=02
03-01-06-01-02-01-16,C:/Project/AI-STRESS-DETECTOR/data/public/ravdess_16k/Audio_Speech_Actors_01-24_16k/Actor_16/03-01-06-01-02-01-16.wav,high,2,actor_16,train,en,ravdess_statement_02,studio,controlled,Dogs are sitting by the door.,ravdess_emotion=fearful; intensity=normal; repetition=01
03-01-06-01-02-02-16,C:/Project/AI-STRESS-DETECTOR/data/public/ravdess_16k/Audio_Speech_Actors_01-24_16k/Actor_16/03-01-06-01-02-02-16.wav,high,2,actor_16,train,en,ravdess_statement_02,studio,controlled,Dogs are sitting by the door.,ravdess_emotion=fearful; intensity=normal; repetition=02
03-01-06-02-01-01-16,C:/Project/AI-STRESS-DETECTOR/data/public/ravdess_16k/Audio_Speech_Actors_01-24_16k/Actor_16/03-01-06-02-01-01-16.wav,severe,3,actor_16,train,en,ravdess_statement_01,studio,controlled,Kids are talking by the door.,ravdess_emotion=fearful; intensity=strong; repetition=01
03-01-06-02-01-02-16,C:/Project/AI-STRESS-DETECTOR/data/public/ravdess_16k/Audio_Speech_Actors_01-24_16k/Actor_16/03-01-06-02-01-02-16.wav,severe,3,actor_16,train,en,ravdess_statement_01,studio,controlled,Kids are talking by the door.,ravdess_emotion=fearful; intensity=strong; repetition=02
03-01-06-02-02-01-16,C:/Project/AI-STRESS-DETECTOR/data/public/ravdess_16k/Audio_Speech_Actors_01-24_16k/Actor_16/03-01-06-02-02-01-16.wav,severe,3,actor_16,train,en,ravdess_statement_02,studio,controlled,Dogs are sitting by the door.,ravdess_emotion=fearful; intensity=strong; repetition=01
03-01-06-02-02-02-16,C:/Project/AI-STRESS-DETECTOR/data/public/ravdess_16k/Audio_Speech_Actors_01-24_16k/Actor_16/03-01-06-02-02-02-16.wav,severe,3,actor_16,train,en,ravdess_statement_02,studio,controlled,Dogs are sitting by the door.,ravdess_emotion=fearful; intensity=strong; repetition=02
03-01-07-01-01-01-16,C:/Project/AI-STRESS-DETECTOR/data/public/ravdess_16k/Audio_Speech_Actors_01-24_16k/Actor_16/03-01-07-01-01-01-16.wav,high,2,actor_16,train,en,ravdess_statement_01,studio,controlled,Kids are talking by the door.,ravdess_emotion=disgust; intensity=normal; repetition=01
03-01-07-01-01-02-16,C:/Project/AI-STRESS-DETECTOR/data/public/ravdess_16k/Audio_Speech_Actors_01-24_16k/Actor_16/03-01-07-01-01-02-16.wav,high,2,actor_16,train,en,ravdess_statement_01,studio,controlled,Kids are talking by the door.,ravdess_emotion=disgust; intensity=normal; repetition=02
03-01-07-01-02-01-16,C:/Project/AI-STRESS-DETECTOR/data/public/ravdess_16k/Audio_Speech_Actors_01-24_16k/Actor_16/03-01-07-01-02-01-16.wav,high,2,actor_16,train,en,ravdess_statement_02,studio,controlled,Dogs are sitting by the door.,ravdess_emotion=disgust; intensity=normal; repetition=01
03-01-07-01-02-02-16,C:/Project/AI-STRESS-DETECTOR/data/public/ravdess_16k/Audio_Speech_Actors_01-24_16k/Actor_16/03-01-07-01-02-02-16.wav,high,2,actor_16,train,en,ravdess_statement_02,studio,controlled,Dogs are sitting by the door.,ravdess_emotion=disgust; intensity=normal; repetition=02
03-01-07-02-01-01-16,C:/Project/AI-STRESS-DETECTOR/data/public/ravdess_16k/Audio_Speech_Actors_01-24_16k/Actor_16/03-01-07-02-01-01-16.wav,severe,3,actor_16,train,en,ravdess_statement_01,studio,controlled,Kids are talking by the door.,ravdess_emotion=disgust; intensity=strong; repetition=01
03-01-07-02-01-02-16,C:/Project/AI-STRESS-DETECTOR/data/public/ravdess_16k/Audio_Speech_Actors_01-24_16k/Actor_16/03-01-07-02-01-02-16.wav,severe,3,actor_16,train,en,ravdess_statement_01,studio,controlled,Kids are talking by the door.,ravdess_emotion=disgust; intensity=strong; repetition=02
03-01-07-02-02-01-16,C:/Project/AI-STRESS-DETECTOR/data/public/ravdess_16k/Audio_Speech_Actors_01-24_16k/Actor_16/03-01-07-02-02-01-16.wav,severe,3,actor_16,train,en,ravdess_statement_02,studio,controlled,Dogs are sitting by the door.,ravdess_emotion=disgust; intensity=strong; repetition=01
03-01-07-02-02-02-16,C:/Project/AI-STRESS-DETECTOR/data/public/ravdess_16k/Audio_Speech_Actors_01-24_16k/Actor_16/03-01-07-02-02-02-16.wav,severe,3,actor_16,train,en,ravdess_statement_02,studio,controlled,Dogs are sitting by the door.,ravdess_emotion=disgust; intensity=strong; repetition=02
03-01-08-01-01-01-16,C:/Project/AI-STRESS-DETECTOR/data/public/ravdess_16k/Audio_Speech_Actors_01-24_16k/Actor_16/03-01-08-01-01-01-16.wav,moderate,1,actor_16,train,en,ravdess_statement_01,studio,controlled,Kids are talking by the door.,ravdess_emotion=surprised; intensity=normal; repetition=01
03-01-08-01-01-02-16,C:/Project/AI-STRESS-DETECTOR/data/public/ravdess_16k/Audio_Speech_Actors_01-24_16k/Actor_16/03-01-08-01-01-02-16.wav,moderate,1,actor_16,train,en,ravdess_statement_01,studio,controlled,Kids are talking by the door.,ravdess_emotion=surprised; intensity=normal; repetition=02
03-01-08-01-02-01-16,C:/Project/AI-STRESS-DETECTOR/data/public/ravdess_16k/Audio_Speech_Actors_01-24_16k/Actor_16/03-01-08-01-02-01-16.wav,moderate,1,actor_16,train,en,ravdess_statement_02,studio,controlled,Dogs are sitting by the door.,ravdess_emotion=surprised; intensity=normal; repetition=01
03-01-08-01-02-02-16,C:/Project/AI-STRESS-DETECTOR/data/public/ravdess_16k/Audio_Speech_Actors_01-24_16k/Actor_16/03-01-08-01-02-02-16.wav,moderate,1,actor_16,train,en,ravdess_statement_02,studio,controlled,Dogs are sitting by the door.,ravdess_emotion=surprised; intensity=normal; repetition=02
03-01-08-02-01-01-16,C:/Project/AI-STRESS-DETECTOR/data/public/ravdess_16k/Audio_Speech_Actors_01-24_16k/Actor_16/03-01-08-02-01-01-16.wav,high,2,actor_16,train,en,ravdess_statement_01,studio,controlled,Kids are talking by the door.,ravdess_emotion=surprised; intensity=strong; repetition=01
03-01-08-02-01-02-16,C:/Project/AI-STRESS-DETECTOR/data/public/ravdess_16k/Audio_Speech_Actors_01-24_16k/Actor_16/03-01-08-02-01-02-16.wav,high,2,actor_16,train,en,ravdess_statement_01,studio,controlled,Kids are talking by the door.,ravdess_emotion=surprised; intensity=strong; repetition=02
03-01-08-02-02-01-16,C:/Project/AI-STRESS-DETECTOR/data/public/ravdess_16k/Audio_Speech_Actors_01-24_16k/Actor_16/03-01-08-02-02-01-16.wav,high,2,actor_16,train,en,ravdess_statement_02,studio,controlled,Dogs are sitting by the door.,ravdess_emotion=surprised; intensity=strong; repetition=01
03-01-08-02-02-02-16,C:/Project/AI-STRESS-DETECTOR/data/public/ravdess_16k/Audio_Speech_Actors_01-24_16k/Actor_16/03-01-08-02-02-02-16.wav,high,2,actor_16,train,en,ravdess_statement_02,studio,controlled,Dogs are sitting by the door.,ravdess_emotion=surprised; intensity=strong; repetition=02
03-01-01-01-01-01-17,C:/Project/AI-STRESS-DETECTOR/data/public/ravdess_16k/Audio_Speech_Actors_01-24_16k/Actor_17/03-01-01-01-01-01-17.wav,low,0,actor_17,train,en,ravdess_statement_01,studio,controlled,Kids are talking by the door.,ravdess_emotion=neutral; intensity=normal; repetition=01
03-01-01-01-01-02-17,C:/Project/AI-STRESS-DETECTOR/data/public/ravdess_16k/Audio_Speech_Actors_01-24_16k/Actor_17/03-01-01-01-01-02-17.wav,low,0,actor_17,train,en,ravdess_statement_01,studio,controlled,Kids are talking by the door.,ravdess_emotion=neutral; intensity=normal; repetition=02
03-01-01-01-02-01-17,C:/Project/AI-STRESS-DETECTOR/data/public/ravdess_16k/Audio_Speech_Actors_01-24_16k/Actor_17/03-01-01-01-02-01-17.wav,low,0,actor_17,train,en,ravdess_statement_02,studio,controlled,Dogs are sitting by the door.,ravdess_emotion=neutral; intensity=normal; repetition=01
03-01-01-01-02-02-17,C:/Project/AI-STRESS-DETECTOR/data/public/ravdess_16k/Audio_Speech_Actors_01-24_16k/Actor_17/03-01-01-01-02-02-17.wav,low,0,actor_17,train,en,ravdess_statement_02,studio,controlled,Dogs are sitting by the door.,ravdess_emotion=neutral; intensity=normal; repetition=02
03-01-02-01-01-01-17,C:/Project/AI-STRESS-DETECTOR/data/public/ravdess_16k/Audio_Speech_Actors_01-24_16k/Actor_17/03-01-02-01-01-01-17.wav,low,0,actor_17,train,en,ravdess_statement_01,studio,controlled,Kids are talking by the door.,ravdess_emotion=calm; intensity=normal; repetition=01
03-01-02-01-01-02-17,C:/Project/AI-STRESS-DETECTOR/data/public/ravdess_16k/Audio_Speech_Actors_01-24_16k/Actor_17/03-01-02-01-01-02-17.wav,low,0,actor_17,train,en,ravdess_statement_01,studio,controlled,Kids are talking by the door.,ravdess_emotion=calm; intensity=normal; repetition=02
03-01-02-01-02-01-17,C:/Project/AI-STRESS-DETECTOR/data/public/ravdess_16k/Audio_Speech_Actors_01-24_16k/Actor_17/03-01-02-01-02-01-17.wav,low,0,actor_17,train,en,ravdess_statement_02,studio,controlled,Dogs are sitting by the door.,ravdess_emotion=calm; intensity=normal; repetition=01
03-01-02-01-02-02-17,C:/Project/AI-STRESS-DETECTOR/data/public/ravdess_16k/Audio_Speech_Actors_01-24_16k/Actor_17/03-01-02-01-02-02-17.wav,low,0,actor_17,train,en,ravdess_statement_02,studio,controlled,Dogs are sitting by the door.,ravdess_emotion=calm; intensity=normal; repetition=02
03-01-02-02-01-01-17,C:/Project/AI-STRESS-DETECTOR/data/public/ravdess_16k/Audio_Speech_Actors_01-24_16k/Actor_17/03-01-02-02-01-01-17.wav,moderate,1,actor_17,train,en,ravdess_statement_01,studio,controlled,Kids are talking by the door.,ravdess_emotion=calm; intensity=strong; repetition=01
03-01-02-02-01-02-17,C:/Project/AI-STRESS-DETECTOR/data/public/ravdess_16k/Audio_Speech_Actors_01-24_16k/Actor_17/03-01-02-02-01-02-17.wav,moderate,1,actor_17,train,en,ravdess_statement_01,studio,controlled,Kids are talking by the door.,ravdess_emotion=calm; intensity=strong; repetition=02
03-01-02-02-02-01-17,C:/Project/AI-STRESS-DETECTOR/data/public/ravdess_16k/Audio_Speech_Actors_01-24_16k/Actor_17/03-01-02-02-02-01-17.wav,moderate,1,actor_17,train,en,ravdess_statement_02,studio,controlled,Dogs are sitting by the door.,ravdess_emotion=calm; intensity=strong; repetition=01
03-01-02-02-02-02-17,C:/Project/AI-STRESS-DETECTOR/data/public/ravdess_16k/Audio_Speech_Actors_01-24_16k/Actor_17/03-01-02-02-02-02-17.wav,moderate,1,actor_17,train,en,ravdess_statement_02,studio,controlled,Dogs are sitting by the door.,ravdess_emotion=calm; intensity=strong; repetition=02
03-01-03-01-01-01-17,C:/Project/AI-STRESS-DETECTOR/data/public/ravdess_16k/Audio_Speech_Actors_01-24_16k/Actor_17/03-01-03-01-01-01-17.wav,moderate,1,actor_17,train,en,ravdess_statement_01,studio,controlled,Kids are talking by the door.,ravdess_emotion=happy; intensity=normal; repetition=01
03-01-03-01-01-02-17,C:/Project/AI-STRESS-DETECTOR/data/public/ravdess_16k/Audio_Speech_Actors_01-24_16k/Actor_17/03-01-03-01-01-02-17.wav,moderate,1,actor_17,train,en,ravdess_statement_01,studio,controlled,Kids are talking by the door.,ravdess_emotion=happy; intensity=normal; repetition=02
03-01-03-01-02-01-17,C:/Project/AI-STRESS-DETECTOR/data/public/ravdess_16k/Audio_Speech_Actors_01-24_16k/Actor_17/03-01-03-01-02-01-17.wav,moderate,1,actor_17,train,en,ravdess_statement_02,studio,controlled,Dogs are sitting by the door.,ravdess_emotion=happy; intensity=normal; repetition=01
03-01-03-01-02-02-17,C:/Project/AI-STRESS-DETECTOR/data/public/ravdess_16k/Audio_Speech_Actors_01-24_16k/Actor_17/03-01-03-01-02-02-17.wav,moderate,1,actor_17,train,en,ravdess_statement_02,studio,controlled,Dogs are sitting by the door.,ravdess_emotion=happy; intensity=normal; repetition=02
03-01-03-02-01-01-17,C:/Project/AI-STRESS-DETECTOR/data/public/ravdess_16k/Audio_Speech_Actors_01-24_16k/Actor_17/03-01-03-02-01-01-17.wav,moderate,1,actor_17,train,en,ravdess_statement_01,studio,controlled,Kids are talking by the door.,ravdess_emotion=happy; intensity=strong; repetition=01
03-01-03-02-01-02-17,C:/Project/AI-STRESS-DETECTOR/data/public/ravdess_16k/Audio_Speech_Actors_01-24_16k/Actor_17/03-01-03-02-01-02-17.wav,moderate,1,actor_17,train,en,ravdess_statement_01,studio,controlled,Kids are talking by the door.,ravdess_emotion=happy; intensity=strong; repetition=02
03-01-03-02-02-01-17,C:/Project/AI-STRESS-DETECTOR/data/public/ravdess_16k/Audio_Speech_Actors_01-24_16k/Actor_17/03-01-03-02-02-01-17.wav,moderate,1,actor_17,train,en,ravdess_statement_02,studio,controlled,Dogs are sitting by the door.,ravdess_emotion=happy; intensity=strong; repetition=01
03-01-03-02-02-02-17,C:/Project/AI-STRESS-DETECTOR/data/public/ravdess_16k/Audio_Speech_Actors_01-24_16k/Actor_17/03-01-03-02-02-02-17.wav,moderate,1,actor_17,train,en,ravdess_statement_02,studio,controlled,Dogs are sitting by the door.,ravdess_emotion=happy; intensity=strong; repetition=02
03-01-04-01-01-01-17,C:/Project/AI-STRESS-DETECTOR/data/public/ravdess_16k/Audio_Speech_Actors_01-24_16k/Actor_17/03-01-04-01-01-01-17.wav,moderate,1,actor_17,train,en,ravdess_statement_01,studio,controlled,Kids are talking by the door.,ravdess_emotion=sad; intensity=normal; repetition=01
03-01-04-01-01-02-17,C:/Project/AI-STRESS-DETECTOR/data/public/ravdess_16k/Audio_Speech_Actors_01-24_16k/Actor_17/03-01-04-01-01-02-17.wav,moderate,1,actor_17,train,en,ravdess_statement_01,studio,controlled,Kids are talking by the door.,ravdess_emotion=sad; intensity=normal; repetition=02
03-01-04-01-02-01-17,C:/Project/AI-STRESS-DETECTOR/data/public/ravdess_16k/Audio_Speech_Actors_01-24_16k/Actor_17/03-01-04-01-02-01-17.wav,moderate,1,actor_17,train,en,ravdess_statement_02,studio,controlled,Dogs are sitting by the door.,ravdess_emotion=sad; intensity=normal; repetition=01
03-01-04-01-02-02-17,C:/Project/AI-STRESS-DETECTOR/data/public/ravdess_16k/Audio_Speech_Actors_01-24_16k/Actor_17/03-01-04-01-02-02-17.wav,moderate,1,actor_17,train,en,ravdess_statement_02,studio,controlled,Dogs are sitting by the door.,ravdess_emotion=sad; intensity=normal; repetition=02
03-01-04-02-01-01-17,C:/Project/AI-STRESS-DETECTOR/data/public/ravdess_16k/Audio_Speech_Actors_01-24_16k/Actor_17/03-01-04-02-01-01-17.wav,high,2,actor_17,train,en,ravdess_statement_01,studio,controlled,Kids are talking by the door.,ravdess_emotion=sad; intensity=strong; repetition=01
03-01-04-02-01-02-17,C:/Project/AI-STRESS-DETECTOR/data/public/ravdess_16k/Audio_Speech_Actors_01-24_16k/Actor_17/03-01-04-02-01-02-17.wav,high,2,actor_17,train,en,ravdess_statement_01,studio,controlled,Kids are talking by the door.,ravdess_emotion=sad; intensity=strong; repetition=02
03-01-04-02-02-01-17,C:/Project/AI-STRESS-DETECTOR/data/public/ravdess_16k/Audio_Speech_Actors_01-24_16k/Actor_17/03-01-04-02-02-01-17.wav,high,2,actor_17,train,en,ravdess_statement_02,studio,controlled,Dogs are sitting by the door.,ravdess_emotion=sad; intensity=strong; repetition=01
03-01-04-02-02-02-17,C:/Project/AI-STRESS-DETECTOR/data/public/ravdess_16k/Audio_Speech_Actors_01-24_16k/Actor_17/03-01-04-02-02-02-17.wav,high,2,actor_17,train,en,ravdess_statement_02,studio,controlled,Dogs are sitting by the door.,ravdess_emotion=sad; intensity=strong; repetition=02
03-01-05-01-01-01-17,C:/Project/AI-STRESS-DETECTOR/data/public/ravdess_16k/Audio_Speech_Actors_01-24_16k/Actor_17/03-01-05-01-01-01-17.wav,high,2,actor_17,train,en,ravdess_statement_01,studio,controlled,Kids are talking by the door.,ravdess_emotion=angry; intensity=normal; repetition=01
03-01-05-01-01-02-17,C:/Project/AI-STRESS-DETECTOR/data/public/ravdess_16k/Audio_Speech_Actors_01-24_16k/Actor_17/03-01-05-01-01-02-17.wav,high,2,actor_17,train,en,ravdess_statement_01,studio,controlled,Kids are talking by the door.,ravdess_emotion=angry; intensity=normal; repetition=02
03-01-05-01-02-01-17,C:/Project/AI-STRESS-DETECTOR/data/public/ravdess_16k/Audio_Speech_Actors_01-24_16k/Actor_17/03-01-05-01-02-01-17.wav,high,2,actor_17,train,en,ravdess_statement_02,studio,controlled,Dogs are sitting by the door.,ravdess_emotion=angry; intensity=normal; repetition=01
03-01-05-01-02-02-17,C:/Project/AI-STRESS-DETECTOR/data/public/ravdess_16k/Audio_Speech_Actors_01-24_16k/Actor_17/03-01-05-01-02-02-17.wav,high,2,actor_17,train,en,ravdess_statement_02,studio,controlled,Dogs are sitting by the door.,ravdess_emotion=angry; intensity=normal; repetition=02
03-01-05-02-01-01-17,C:/Project/AI-STRESS-DETECTOR/data/public/ravdess_16k/Audio_Speech_Actors_01-24_16k/Actor_17/03-01-05-02-01-01-17.wav,severe,3,actor_17,train,en,ravdess_statement_01,studio,controlled,Kids are talking by the door.,ravdess_emotion=angry; intensity=strong; repetition=01
03-01-05-02-01-02-17,C:/Project/AI-STRESS-DETECTOR/data/public/ravdess_16k/Audio_Speech_Actors_01-24_16k/Actor_17/03-01-05-02-01-02-17.wav,severe,3,actor_17,train,en,ravdess_statement_01,studio,controlled,Kids are talking by the door.,ravdess_emotion=angry; intensity=strong; repetition=02
03-01-05-02-02-01-17,C:/Project/AI-STRESS-DETECTOR/data/public/ravdess_16k/Audio_Speech_Actors_01-24_16k/Actor_17/03-01-05-02-02-01-17.wav,severe,3,actor_17,train,en,ravdess_statement_02,studio,controlled,Dogs are sitting by the door.,ravdess_emotion=angry; intensity=strong; repetition=01
03-01-05-02-02-02-17,C:/Project/AI-STRESS-DETECTOR/data/public/ravdess_16k/Audio_Speech_Actors_01-24_16k/Actor_17/03-01-05-02-02-02-17.wav,severe,3,actor_17,train,en,ravdess_statement_02,studio,controlled,Dogs are sitting by the door.,ravdess_emotion=angry; intensity=strong; repetition=02
03-01-06-01-01-01-17,C:/Project/AI-STRESS-DETECTOR/data/public/ravdess_16k/Audio_Speech_Actors_01-24_16k/Actor_17/03-01-06-01-01-01-17.wav,high,2,actor_17,train,en,ravdess_statement_01,studio,controlled,Kids are talking by the door.,ravdess_emotion=fearful; intensity=normal; repetition=01
03-01-06-01-01-02-17,C:/Project/AI-STRESS-DETECTOR/data/public/ravdess_16k/Audio_Speech_Actors_01-24_16k/Actor_17/03-01-06-01-01-02-17.wav,high,2,actor_17,train,en,ravdess_statement_01,studio,controlled,Kids are talking by the door.,ravdess_emotion=fearful; intensity=normal; repetition=02
03-01-06-01-02-01-17,C:/Project/AI-STRESS-DETECTOR/data/public/ravdess_16k/Audio_Speech_Actors_01-24_16k/Actor_17/03-01-06-01-02-01-17.wav,high,2,actor_17,train,en,ravdess_statement_02,studio,controlled,Dogs are sitting by the door.,ravdess_emotion=fearful; intensity=normal; repetition=01
03-01-06-01-02-02-17,C:/Project/AI-STRESS-DETECTOR/data/public/ravdess_16k/Audio_Speech_Actors_01-24_16k/Actor_17/03-01-06-01-02-02-17.wav,high,2,actor_17,train,en,ravdess_statement_02,studio,controlled,Dogs are sitting by the door.,ravdess_emotion=fearful; intensity=normal; repetition=02
03-01-06-02-01-01-17,C:/Project/AI-STRESS-DETECTOR/data/public/ravdess_16k/Audio_Speech_Actors_01-24_16k/Actor_17/03-01-06-02-01-01-17.wav,severe,3,actor_17,train,en,ravdess_statement_01,studio,controlled,Kids are talking by the door.,ravdess_emotion=fearful; intensity=strong; repetition=01
03-01-06-02-01-02-17,C:/Project/AI-STRESS-DETECTOR/data/public/ravdess_16k/Audio_Speech_Actors_01-24_16k/Actor_17/03-01-06-02-01-02-17.wav,severe,3,actor_17,train,en,ravdess_statement_01,studio,controlled,Kids are talking by the door.,ravdess_emotion=fearful; intensity=strong; repetition=02
03-01-06-02-02-01-17,C:/Project/AI-STRESS-DETECTOR/data/public/ravdess_16k/Audio_Speech_Actors_01-24_16k/Actor_17/03-01-06-02-02-01-17.wav,severe,3,actor_17,train,en,ravdess_statement_02,studio,controlled,Dogs are sitting by the door.,ravdess_emotion=fearful; intensity=strong; repetition=01
03-01-06-02-02-02-17,C:/Project/AI-STRESS-DETECTOR/data/public/ravdess_16k/Audio_Speech_Actors_01-24_16k/Actor_17/03-01-06-02-02-02-17.wav,severe,3,actor_17,train,en,ravdess_statement_02,studio,controlled,Dogs are sitting by the door.,ravdess_emotion=fearful; intensity=strong; repetition=02
03-01-07-01-01-01-17,C:/Project/AI-STRESS-DETECTOR/data/public/ravdess_16k/Audio_Speech_Actors_01-24_16k/Actor_17/03-01-07-01-01-01-17.wav,high,2,actor_17,train,en,ravdess_statement_01,studio,controlled,Kids are talking by the door.,ravdess_emotion=disgust; intensity=normal; repetition=01
03-01-07-01-01-02-17,C:/Project/AI-STRESS-DETECTOR/data/public/ravdess_16k/Audio_Speech_Actors_01-24_16k/Actor_17/03-01-07-01-01-02-17.wav,high,2,actor_17,train,en,ravdess_statement_01,studio,controlled,Kids are talking by the door.,ravdess_emotion=disgust; intensity=normal; repetition=02
03-01-07-01-02-01-17,C:/Project/AI-STRESS-DETECTOR/data/public/ravdess_16k/Audio_Speech_Actors_01-24_16k/Actor_17/03-01-07-01-02-01-17.wav,high,2,actor_17,train,en,ravdess_statement_02,studio,controlled,Dogs are sitting by the door.,ravdess_emotion=disgust; intensity=normal; repetition=01
03-01-07-01-02-02-17,C:/Project/AI-STRESS-DETECTOR/data/public/ravdess_16k/Audio_Speech_Actors_01-24_16k/Actor_17/03-01-07-01-02-02-17.wav,high,2,actor_17,train,en,ravdess_statement_02,studio,controlled,Dogs are sitting by the door.,ravdess_emotion=disgust; intensity=normal; repetition=02
03-01-07-02-01-01-17,C:/Project/AI-STRESS-DETECTOR/data/public/ravdess_16k/Audio_Speech_Actors_01-24_16k/Actor_17/03-01-07-02-01-01-17.wav,severe,3,actor_17,train,en,ravdess_statement_01,studio,controlled,Kids are talking by the door.,ravdess_emotion=disgust; intensity=strong; repetition=01
03-01-07-02-01-02-17,C:/Project/AI-STRESS-DETECTOR/data/public/ravdess_16k/Audio_Speech_Actors_01-24_16k/Actor_17/03-01-07-02-01-02-17.wav,severe,3,actor_17,train,en,ravdess_statement_01,studio,controlled,Kids are talking by the door.,ravdess_emotion=disgust; intensity=strong; repetition=02
03-01-07-02-02-01-17,C:/Project/AI-STRESS-DETECTOR/data/public/ravdess_16k/Audio_Speech_Actors_01-24_16k/Actor_17/03-01-07-02-02-01-17.wav,severe,3,actor_17,train,en,ravdess_statement_02,studio,controlled,Dogs are sitting by the door.,ravdess_emotion=disgust; intensity=strong; repetition=01
03-01-07-02-02-02-17,C:/Project/AI-STRESS-DETECTOR/data/public/ravdess_16k/Audio_Speech_Actors_01-24_16k/Actor_17/03-01-07-02-02-02-17.wav,severe,3,actor_17,train,en,ravdess_statement_02,studio,controlled,Dogs are sitting by the door.,ravdess_emotion=disgust; intensity=strong; repetition=02
03-01-08-01-01-01-17,C:/Project/AI-STRESS-DETECTOR/data/public/ravdess_16k/Audio_Speech_Actors_01-24_16k/Actor_17/03-01-08-01-01-01-17.wav,moderate,1,actor_17,train,en,ravdess_statement_01,studio,controlled,Kids are talking by the door.,ravdess_emotion=surprised; intensity=normal; repetition=01
03-01-08-01-01-02-17,C:/Project/AI-STRESS-DETECTOR/data/public/ravdess_16k/Audio_Speech_Actors_01-24_16k/Actor_17/03-01-08-01-01-02-17.wav,moderate,1,actor_17,train,en,ravdess_statement_01,studio,controlled,Kids are talking by the door.,ravdess_emotion=surprised; intensity=normal; repetition=02
03-01-08-01-02-01-17,C:/Project/AI-STRESS-DETECTOR/data/public/ravdess_16k/Audio_Speech_Actors_01-24_16k/Actor_17/03-01-08-01-02-01-17.wav,moderate,1,actor_17,train,en,ravdess_statement_02,studio,controlled,Dogs are sitting by the door.,ravdess_emotion=surprised; intensity=normal; repetition=01
03-01-08-01-02-02-17,C:/Project/AI-STRESS-DETECTOR/data/public/ravdess_16k/Audio_Speech_Actors_01-24_16k/Actor_17/03-01-08-01-02-02-17.wav,moderate,1,actor_17,train,en,ravdess_statement_02,studio,controlled,Dogs are sitting by the door.,ravdess_emotion=surprised; intensity=normal; repetition=02
03-01-08-02-01-01-17,C:/Project/AI-STRESS-DETECTOR/data/public/ravdess_16k/Audio_Speech_Actors_01-24_16k/Actor_17/03-01-08-02-01-01-17.wav,high,2,actor_17,train,en,ravdess_statement_01,studio,controlled,Kids are talking by the door.,ravdess_emotion=surprised; intensity=strong; repetition=01
03-01-08-02-01-02-17,C:/Project/AI-STRESS-DETECTOR/data/public/ravdess_16k/Audio_Speech_Actors_01-24_16k/Actor_17/03-01-08-02-01-02-17.wav,high,2,actor_17,train,en,ravdess_statement_01,studio,controlled,Kids are talking by the door.,ravdess_emotion=surprised; intensity=strong; repetition=02
03-01-08-02-02-01-17,C:/Project/AI-STRESS-DETECTOR/data/public/ravdess_16k/Audio_Speech_Actors_01-24_16k/Actor_17/03-01-08-02-02-01-17.wav,high,2,actor_17,train,en,ravdess_statement_02,studio,controlled,Dogs are sitting by the door.,ravdess_emotion=surprised; intensity=strong; repetition=01
03-01-08-02-02-02-17,C:/Project/AI-STRESS-DETECTOR/data/public/ravdess_16k/Audio_Speech_Actors_01-24_16k/Actor_17/03-01-08-02-02-02-17.wav,high,2,actor_17,train,en,ravdess_statement_02,studio,controlled,Dogs are sitting by the door.,ravdess_emotion=surprised; intensity=strong; repetition=02
03-01-01-01-01-01-18,C:/Project/AI-STRESS-DETECTOR/data/public/ravdess_16k/Audio_Speech_Actors_01-24_16k/Actor_18/03-01-01-01-01-01-18.wav,low,0,actor_18,train,en,ravdess_statement_01,studio,controlled,Kids are talking by the door.,ravdess_emotion=neutral; intensity=normal; repetition=01
03-01-01-01-01-02-18,C:/Project/AI-STRESS-DETECTOR/data/public/ravdess_16k/Audio_Speech_Actors_01-24_16k/Actor_18/03-01-01-01-01-02-18.wav,low,0,actor_18,train,en,ravdess_statement_01,studio,controlled,Kids are talking by the door.,ravdess_emotion=neutral; intensity=normal; repetition=02
03-01-01-01-02-01-18,C:/Project/AI-STRESS-DETECTOR/data/public/ravdess_16k/Audio_Speech_Actors_01-24_16k/Actor_18/03-01-01-01-02-01-18.wav,low,0,actor_18,train,en,ravdess_statement_02,studio,controlled,Dogs are sitting by the door.,ravdess_emotion=neutral; intensity=normal; repetition=01
03-01-01-01-02-02-18,C:/Project/AI-STRESS-DETECTOR/data/public/ravdess_16k/Audio_Speech_Actors_01-24_16k/Actor_18/03-01-01-01-02-02-18.wav,low,0,actor_18,train,en,ravdess_statement_02,studio,controlled,Dogs are sitting by the door.,ravdess_emotion=neutral; intensity=normal; repetition=02
03-01-02-01-01-01-18,C:/Project/AI-STRESS-DETECTOR/data/public/ravdess_16k/Audio_Speech_Actors_01-24_16k/Actor_18/03-01-02-01-01-01-18.wav,low,0,actor_18,train,en,ravdess_statement_01,studio,controlled,Kids are talking by the door.,ravdess_emotion=calm; intensity=normal; repetition=01
03-01-02-01-01-02-18,C:/Project/AI-STRESS-DETECTOR/data/public/ravdess_16k/Audio_Speech_Actors_01-24_16k/Actor_18/03-01-02-01-01-02-18.wav,low,0,actor_18,train,en,ravdess_statement_01,studio,controlled,Kids are talking by the door.,ravdess_emotion=calm; intensity=normal; repetition=02
03-01-02-01-02-01-18,C:/Project/AI-STRESS-DETECTOR/data/public/ravdess_16k/Audio_Speech_Actors_01-24_16k/Actor_18/03-01-02-01-02-01-18.wav,low,0,actor_18,train,en,ravdess_statement_02,studio,controlled,Dogs are sitting by the door.,ravdess_emotion=calm; intensity=normal; repetition=01
03-01-02-01-02-02-18,C:/Project/AI-STRESS-DETECTOR/data/public/ravdess_16k/Audio_Speech_Actors_01-24_16k/Actor_18/03-01-02-01-02-02-18.wav,low,0,actor_18,train,en,ravdess_statement_02,studio,controlled,Dogs are sitting by the door.,ravdess_emotion=calm; intensity=normal; repetition=02
03-01-02-02-01-01-18,C:/Project/AI-STRESS-DETECTOR/data/public/ravdess_16k/Audio_Speech_Actors_01-24_16k/Actor_18/03-01-02-02-01-01-18.wav,moderate,1,actor_18,train,en,ravdess_statement_01,studio,controlled,Kids are talking by the door.,ravdess_emotion=calm; intensity=strong; repetition=01
03-01-02-02-01-02-18,C:/Project/AI-STRESS-DETECTOR/data/public/ravdess_16k/Audio_Speech_Actors_01-24_16k/Actor_18/03-01-02-02-01-02-18.wav,moderate,1,actor_18,train,en,ravdess_statement_01,studio,controlled,Kids are talking by the door.,ravdess_emotion=calm; intensity=strong; repetition=02
03-01-02-02-02-01-18,C:/Project/AI-STRESS-DETECTOR/data/public/ravdess_16k/Audio_Speech_Actors_01-24_16k/Actor_18/03-01-02-02-02-01-18.wav,moderate,1,actor_18,train,en,ravdess_statement_02,studio,controlled,Dogs are sitting by the door.,ravdess_emotion=calm; intensity=strong; repetition=01
03-01-02-02-02-02-18,C:/Project/AI-STRESS-DETECTOR/data/public/ravdess_16k/Audio_Speech_Actors_01-24_16k/Actor_18/03-01-02-02-02-02-18.wav,moderate,1,actor_18,train,en,ravdess_statement_02,studio,controlled,Dogs are sitting by the door.,ravdess_emotion=calm; intensity=strong; repetition=02
03-01-03-01-01-01-18,C:/Project/AI-STRESS-DETECTOR/data/public/ravdess_16k/Audio_Speech_Actors_01-24_16k/Actor_18/03-01-03-01-01-01-18.wav,moderate,1,actor_18,train,en,ravdess_statement_01,studio,controlled,Kids are talking by the door.,ravdess_emotion=happy; intensity=normal; repetition=01
03-01-03-01-01-02-18,C:/Project/AI-STRESS-DETECTOR/data/public/ravdess_16k/Audio_Speech_Actors_01-24_16k/Actor_18/03-01-03-01-01-02-18.wav,moderate,1,actor_18,train,en,ravdess_statement_01,studio,controlled,Kids are talking by the door.,ravdess_emotion=happy; intensity=normal; repetition=02
03-01-03-01-02-01-18,C:/Project/AI-STRESS-DETECTOR/data/public/ravdess_16k/Audio_Speech_Actors_01-24_16k/Actor_18/03-01-03-01-02-01-18.wav,moderate,1,actor_18,train,en,ravdess_statement_02,studio,controlled,Dogs are sitting by the door.,ravdess_emotion=happy; intensity=normal; repetition=01
03-01-03-01-02-02-18,C:/Project/AI-STRESS-DETECTOR/data/public/ravdess_16k/Audio_Speech_Actors_01-24_16k/Actor_18/03-01-03-01-02-02-18.wav,moderate,1,actor_18,train,en,ravdess_statement_02,studio,controlled,Dogs are sitting by the door.,ravdess_emotion=happy; intensity=normal; repetition=02
03-01-03-02-01-01-18,C:/Project/AI-STRESS-DETECTOR/data/public/ravdess_16k/Audio_Speech_Actors_01-24_16k/Actor_18/03-01-03-02-01-01-18.wav,moderate,1,actor_18,train,en,ravdess_statement_01,studio,controlled,Kids are talking by the door.,ravdess_emotion=happy; intensity=strong; repetition=01
03-01-03-02-01-02-18,C:/Project/AI-STRESS-DETECTOR/data/public/ravdess_16k/Audio_Speech_Actors_01-24_16k/Actor_18/03-01-03-02-01-02-18.wav,moderate,1,actor_18,train,en,ravdess_statement_01,studio,controlled,Kids are talking by the door.,ravdess_emotion=happy; intensity=strong; repetition=02
03-01-03-02-02-01-18,C:/Project/AI-STRESS-DETECTOR/data/public/ravdess_16k/Audio_Speech_Actors_01-24_16k/Actor_18/03-01-03-02-02-01-18.wav,moderate,1,actor_18,train,en,ravdess_statement_02,studio,controlled,Dogs are sitting by the door.,ravdess_emotion=happy; intensity=strong; repetition=01
03-01-03-02-02-02-18,C:/Project/AI-STRESS-DETECTOR/data/public/ravdess_16k/Audio_Speech_Actors_01-24_16k/Actor_18/03-01-03-02-02-02-18.wav,moderate,1,actor_18,train,en,ravdess_statement_02,studio,controlled,Dogs are sitting by the door.,ravdess_emotion=happy; intensity=strong; repetition=02
03-01-04-01-01-01-18,C:/Project/AI-STRESS-DETECTOR/data/public/ravdess_16k/Audio_Speech_Actors_01-24_16k/Actor_18/03-01-04-01-01-01-18.wav,moderate,1,actor_18,train,en,ravdess_statement_01,studio,controlled,Kids are talking by the door.,ravdess_emotion=sad; intensity=normal; repetition=01
03-01-04-01-01-02-18,C:/Project/AI-STRESS-DETECTOR/data/public/ravdess_16k/Audio_Speech_Actors_01-24_16k/Actor_18/03-01-04-01-01-02-18.wav,moderate,1,actor_18,train,en,ravdess_statement_01,studio,controlled,Kids are talking by the door.,ravdess_emotion=sad; intensity=normal; repetition=02
03-01-04-01-02-01-18,C:/Project/AI-STRESS-DETECTOR/data/public/ravdess_16k/Audio_Speech_Actors_01-24_16k/Actor_18/03-01-04-01-02-01-18.wav,moderate,1,actor_18,train,en,ravdess_statement_02,studio,controlled,Dogs are sitting by the door.,ravdess_emotion=sad; intensity=normal; repetition=01
03-01-04-01-02-02-18,C:/Project/AI-STRESS-DETECTOR/data/public/ravdess_16k/Audio_Speech_Actors_01-24_16k/Actor_18/03-01-04-01-02-02-18.wav,moderate,1,actor_18,train,en,ravdess_statement_02,studio,controlled,Dogs are sitting by the door.,ravdess_emotion=sad; intensity=normal; repetition=02
03-01-04-02-01-01-18,C:/Project/AI-STRESS-DETECTOR/data/public/ravdess_16k/Audio_Speech_Actors_01-24_16k/Actor_18/03-01-04-02-01-01-18.wav,high,2,actor_18,train,en,ravdess_statement_01,studio,controlled,Kids are talking by the door.,ravdess_emotion=sad; intensity=strong; repetition=01
03-01-04-02-01-02-18,C:/Project/AI-STRESS-DETECTOR/data/public/ravdess_16k/Audio_Speech_Actors_01-24_16k/Actor_18/03-01-04-02-01-02-18.wav,high,2,actor_18,train,en,ravdess_statement_01,studio,controlled,Kids are talking by the door.,ravdess_emotion=sad; intensity=strong; repetition=02
03-01-04-02-02-01-18,C:/Project/AI-STRESS-DETECTOR/data/public/ravdess_16k/Audio_Speech_Actors_01-24_16k/Actor_18/03-01-04-02-02-01-18.wav,high,2,actor_18,train,en,ravdess_statement_02,studio,controlled,Dogs are sitting by the door.,ravdess_emotion=sad; intensity=strong; repetition=01
03-01-04-02-02-02-18,C:/Project/AI-STRESS-DETECTOR/data/public/ravdess_16k/Audio_Speech_Actors_01-24_16k/Actor_18/03-01-04-02-02-02-18.wav,high,2,actor_18,train,en,ravdess_statement_02,studio,controlled,Dogs are sitting by the door.,ravdess_emotion=sad; intensity=strong; repetition=02
03-01-05-01-01-01-18,C:/Project/AI-STRESS-DETECTOR/data/public/ravdess_16k/Audio_Speech_Actors_01-24_16k/Actor_18/03-01-05-01-01-01-18.wav,high,2,actor_18,train,en,ravdess_statement_01,studio,controlled,Kids are talking by the door.,ravdess_emotion=angry; intensity=normal; repetition=01
03-01-05-01-01-02-18,C:/Project/AI-STRESS-DETECTOR/data/public/ravdess_16k/Audio_Speech_Actors_01-24_16k/Actor_18/03-01-05-01-01-02-18.wav,high,2,actor_18,train,en,ravdess_statement_01,studio,controlled,Kids are talking by the door.,ravdess_emotion=angry; intensity=normal; repetition=02
03-01-05-01-02-01-18,C:/Project/AI-STRESS-DETECTOR/data/public/ravdess_16k/Audio_Speech_Actors_01-24_16k/Actor_18/03-01-05-01-02-01-18.wav,high,2,actor_18,train,en,ravdess_statement_02,studio,controlled,Dogs are sitting by the door.,ravdess_emotion=angry; intensity=normal; repetition=01
03-01-05-01-02-02-18,C:/Project/AI-STRESS-DETECTOR/data/public/ravdess_16k/Audio_Speech_Actors_01-24_16k/Actor_18/03-01-05-01-02-02-18.wav,high,2,actor_18,train,en,ravdess_statement_02,studio,controlled,Dogs are sitting by the door.,ravdess_emotion=angry; intensity=normal; repetition=02
03-01-05-02-01-01-18,C:/Project/AI-STRESS-DETECTOR/data/public/ravdess_16k/Audio_Speech_Actors_01-24_16k/Actor_18/03-01-05-02-01-01-18.wav,severe,3,actor_18,train,en,ravdess_statement_01,studio,controlled,Kids are talking by the door.,ravdess_emotion=angry; intensity=strong; repetition=01
03-01-05-02-01-02-18,C:/Project/AI-STRESS-DETECTOR/data/public/ravdess_16k/Audio_Speech_Actors_01-24_16k/Actor_18/03-01-05-02-01-02-18.wav,severe,3,actor_18,train,en,ravdess_statement_01,studio,controlled,Kids are talking by the door.,ravdess_emotion=angry; intensity=strong; repetition=02
03-01-05-02-02-01-18,C:/Project/AI-STRESS-DETECTOR/data/public/ravdess_16k/Audio_Speech_Actors_01-24_16k/Actor_18/03-01-05-02-02-01-18.wav,severe,3,actor_18,train,en,ravdess_statement_02,studio,controlled,Dogs are sitting by the door.,ravdess_emotion=angry; intensity=strong; repetition=01
03-01-05-02-02-02-18,C:/Project/AI-STRESS-DETECTOR/data/public/ravdess_16k/Audio_Speech_Actors_01-24_16k/Actor_18/03-01-05-02-02-02-18.wav,severe,3,actor_18,train,en,ravdess_statement_02,studio,controlled,Dogs are sitting by the door.,ravdess_emotion=angry; intensity=strong; repetition=02
03-01-06-01-01-01-18,C:/Project/AI-STRESS-DETECTOR/data/public/ravdess_16k/Audio_Speech_Actors_01-24_16k/Actor_18/03-01-06-01-01-01-18.wav,high,2,actor_18,train,en,ravdess_statement_01,studio,controlled,Kids are talking by the door.,ravdess_emotion=fearful; intensity=normal; repetition=01
03-01-06-01-01-02-18,C:/Project/AI-STRESS-DETECTOR/data/public/ravdess_16k/Audio_Speech_Actors_01-24_16k/Actor_18/03-01-06-01-01-02-18.wav,high,2,actor_18,train,en,ravdess_statement_01,studio,controlled,Kids are talking by the door.,ravdess_emotion=fearful; intensity=normal; repetition=02
03-01-06-01-02-01-18,C:/Project/AI-STRESS-DETECTOR/data/public/ravdess_16k/Audio_Speech_Actors_01-24_16k/Actor_18/03-01-06-01-02-01-18.wav,high,2,actor_18,train,en,ravdess_statement_02,studio,controlled,Dogs are sitting by the door.,ravdess_emotion=fearful; intensity=normal; repetition=01
03-01-06-01-02-02-18,C:/Project/AI-STRESS-DETECTOR/data/public/ravdess_16k/Audio_Speech_Actors_01-24_16k/Actor_18/03-01-06-01-02-02-18.wav,high,2,actor_18,train,en,ravdess_statement_02,studio,controlled,Dogs are sitting by the door.,ravdess_emotion=fearful; intensity=normal; repetition=02
03-01-06-02-01-01-18,C:/Project/AI-STRESS-DETECTOR/data/public/ravdess_16k/Audio_Speech_Actors_01-24_16k/Actor_18/03-01-06-02-01-01-18.wav,severe,3,actor_18,train,en,ravdess_statement_01,studio,controlled,Kids are talking by the door.,ravdess_emotion=fearful; intensity=strong; repetition=01
03-01-06-02-01-02-18,C:/Project/AI-STRESS-DETECTOR/data/public/ravdess_16k/Audio_Speech_Actors_01-24_16k/Actor_18/03-01-06-02-01-02-18.wav,severe,3,actor_18,train,en,ravdess_statement_01,studio,controlled,Kids are talking by the door.,ravdess_emotion=fearful; intensity=strong; repetition=02
03-01-06-02-02-01-18,C:/Project/AI-STRESS-DETECTOR/data/public/ravdess_16k/Audio_Speech_Actors_01-24_16k/Actor_18/03-01-06-02-02-01-18.wav,severe,3,actor_18,train,en,ravdess_statement_02,studio,controlled,Dogs are sitting by the door.,ravdess_emotion=fearful; intensity=strong; repetition=01
03-01-06-02-02-02-18,C:/Project/AI-STRESS-DETECTOR/data/public/ravdess_16k/Audio_Speech_Actors_01-24_16k/Actor_18/03-01-06-02-02-02-18.wav,severe,3,actor_18,train,en,ravdess_statement_02,studio,controlled,Dogs are sitting by the door.,ravdess_emotion=fearful; intensity=strong; repetition=02
03-01-07-01-01-01-18,C:/Project/AI-STRESS-DETECTOR/data/public/ravdess_16k/Audio_Speech_Actors_01-24_16k/Actor_18/03-01-07-01-01-01-18.wav,high,2,actor_18,train,en,ravdess_statement_01,studio,controlled,Kids are talking by the door.,ravdess_emotion=disgust; intensity=normal; repetition=01
03-01-07-01-01-02-18,C:/Project/AI-STRESS-DETECTOR/data/public/ravdess_16k/Audio_Speech_Actors_01-24_16k/Actor_18/03-01-07-01-01-02-18.wav,high,2,actor_18,train,en,ravdess_statement_01,studio,controlled,Kids are talking by the door.,ravdess_emotion=disgust; intensity=normal; repetition=02
03-01-07-01-02-01-18,C:/Project/AI-STRESS-DETECTOR/data/public/ravdess_16k/Audio_Speech_Actors_01-24_16k/Actor_18/03-01-07-01-02-01-18.wav,high,2,actor_18,train,en,ravdess_statement_02,studio,controlled,Dogs are sitting by the door.,ravdess_emotion=disgust; intensity=normal; repetition=01
03-01-07-01-02-02-18,C:/Project/AI-STRESS-DETECTOR/data/public/ravdess_16k/Audio_Speech_Actors_01-24_16k/Actor_18/03-01-07-01-02-02-18.wav,high,2,actor_18,train,en,ravdess_statement_02,studio,controlled,Dogs are sitting by the door.,ravdess_emotion=disgust; intensity=normal; repetition=02
03-01-07-02-01-01-18,C:/Project/AI-STRESS-DETECTOR/data/public/ravdess_16k/Audio_Speech_Actors_01-24_16k/Actor_18/03-01-07-02-01-01-18.wav,severe,3,actor_18,train,en,ravdess_statement_01,studio,controlled,Kids are talking by the door.,ravdess_emotion=disgust; intensity=strong; repetition=01
03-01-07-02-01-02-18,C:/Project/AI-STRESS-DETECTOR/data/public/ravdess_16k/Audio_Speech_Actors_01-24_16k/Actor_18/03-01-07-02-01-02-18.wav,severe,3,actor_18,train,en,ravdess_statement_01,studio,controlled,Kids are talking by the door.,ravdess_emotion=disgust; intensity=strong; repetition=02
03-01-07-02-02-01-18,C:/Project/AI-STRESS-DETECTOR/data/public/ravdess_16k/Audio_Speech_Actors_01-24_16k/Actor_18/03-01-07-02-02-01-18.wav,severe,3,actor_18,train,en,ravdess_statement_02,studio,controlled,Dogs are sitting by the door.,ravdess_emotion=disgust; intensity=strong; repetition=01
03-01-07-02-02-02-18,C:/Project/AI-STRESS-DETECTOR/data/public/ravdess_16k/Audio_Speech_Actors_01-24_16k/Actor_18/03-01-07-02-02-02-18.wav,severe,3,actor_18,train,en,ravdess_statement_02,studio,controlled,Dogs are sitting by the door.,ravdess_emotion=disgust; intensity=strong; repetition=02
03-01-08-01-01-01-18,C:/Project/AI-STRESS-DETECTOR/data/public/ravdess_16k/Audio_Speech_Actors_01-24_16k/Actor_18/03-01-08-01-01-01-18.wav,moderate,1,actor_18,train,en,ravdess_statement_01,studio,controlled,Kids are talking by the door.,ravdess_emotion=surprised; intensity=normal; repetition=01
03-01-08-01-01-02-18,C:/Project/AI-STRESS-DETECTOR/data/public/ravdess_16k/Audio_Speech_Actors_01-24_16k/Actor_18/03-01-08-01-01-02-18.wav,moderate,1,actor_18,train,en,ravdess_statement_01,studio,controlled,Kids are talking by the door.,ravdess_emotion=surprised; intensity=normal; repetition=02
03-01-08-01-02-01-18,C:/Project/AI-STRESS-DETECTOR/data/public/ravdess_16k/Audio_Speech_Actors_01-24_16k/Actor_18/03-01-08-01-02-01-18.wav,moderate,1,actor_18,train,en,ravdess_statement_02,studio,controlled,Dogs are sitting by the door.,ravdess_emotion=surprised; intensity=normal; repetition=01
03-01-08-01-02-02-18,C:/Project/AI-STRESS-DETECTOR/data/public/ravdess_16k/Audio_Speech_Actors_01-24_16k/Actor_18/03-01-08-01-02-02-18.wav,moderate,1,actor_18,train,en,ravdess_statement_02,studio,controlled,Dogs are sitting by the door.,ravdess_emotion=surprised; intensity=normal; repetition=02
03-01-08-02-01-01-18,C:/Project/AI-STRESS-DETECTOR/data/public/ravdess_16k/Audio_Speech_Actors_01-24_16k/Actor_18/03-01-08-02-01-01-18.wav,high,2,actor_18,train,en,ravdess_statement_01,studio,controlled,Kids are talking by the door.,ravdess_emotion=surprised; intensity=strong; repetition=01
03-01-08-02-01-02-18,C:/Project/AI-STRESS-DETECTOR/data/public/ravdess_16k/Audio_Speech_Actors_01-24_16k/Actor_18/03-01-08-02-01-02-18.wav,high,2,actor_18,train,en,ravdess_statement_01,studio,controlled,Kids are talking by the door.,ravdess_emotion=surprised; intensity=strong; repetition=02
03-01-08-02-02-01-18,C:/Project/AI-STRESS-DETECTOR/data/public/ravdess_16k/Audio_Speech_Actors_01-24_16k/Actor_18/03-01-08-02-02-01-18.wav,high,2,actor_18,train,en,ravdess_statement_02,studio,controlled,Dogs are sitting by the door.,ravdess_emotion=surprised; intensity=strong; repetition=01
03-01-08-02-02-02-18,C:/Project/AI-STRESS-DETECTOR/data/public/ravdess_16k/Audio_Speech_Actors_01-24_16k/Actor_18/03-01-08-02-02-02-18.wav,high,2,actor_18,train,en,ravdess_statement_02,studio,controlled,Dogs are sitting by the door.,ravdess_emotion=surprised; intensity=strong; repetition=02
03-01-01-01-01-01-19,C:/Project/AI-STRESS-DETECTOR/data/public/ravdess_16k/Audio_Speech_Actors_01-24_16k/Actor_19/03-01-01-01-01-01-19.wav,low,0,actor_19,train,en,ravdess_statement_01,studio,controlled,Kids are talking by the door.,ravdess_emotion=neutral; intensity=normal; repetition=01
03-01-01-01-01-02-19,C:/Project/AI-STRESS-DETECTOR/data/public/ravdess_16k/Audio_Speech_Actors_01-24_16k/Actor_19/03-01-01-01-01-02-19.wav,low,0,actor_19,train,en,ravdess_statement_01,studio,controlled,Kids are talking by the door.,ravdess_emotion=neutral; intensity=normal; repetition=02
03-01-01-01-02-01-19,C:/Project/AI-STRESS-DETECTOR/data/public/ravdess_16k/Audio_Speech_Actors_01-24_16k/Actor_19/03-01-01-01-02-01-19.wav,low,0,actor_19,train,en,ravdess_statement_02,studio,controlled,Dogs are sitting by the door.,ravdess_emotion=neutral; intensity=normal; repetition=01
03-01-01-01-02-02-19,C:/Project/AI-STRESS-DETECTOR/data/public/ravdess_16k/Audio_Speech_Actors_01-24_16k/Actor_19/03-01-01-01-02-02-19.wav,low,0,actor_19,train,en,ravdess_statement_02,studio,controlled,Dogs are sitting by the door.,ravdess_emotion=neutral; intensity=normal; repetition=02
03-01-02-01-01-01-19,C:/Project/AI-STRESS-DETECTOR/data/public/ravdess_16k/Audio_Speech_Actors_01-24_16k/Actor_19/03-01-02-01-01-01-19.wav,low,0,actor_19,train,en,ravdess_statement_01,studio,controlled,Kids are talking by the door.,ravdess_emotion=calm; intensity=normal; repetition=01
03-01-02-01-01-02-19,C:/Project/AI-STRESS-DETECTOR/data/public/ravdess_16k/Audio_Speech_Actors_01-24_16k/Actor_19/03-01-02-01-01-02-19.wav,low,0,actor_19,train,en,ravdess_statement_01,studio,controlled,Kids are talking by the door.,ravdess_emotion=calm; intensity=normal; repetition=02
03-01-02-01-02-01-19,C:/Project/AI-STRESS-DETECTOR/data/public/ravdess_16k/Audio_Speech_Actors_01-24_16k/Actor_19/03-01-02-01-02-01-19.wav,low,0,actor_19,train,en,ravdess_statement_02,studio,controlled,Dogs are sitting by the door.,ravdess_emotion=calm; intensity=normal; repetition=01
03-01-02-01-02-02-19,C:/Project/AI-STRESS-DETECTOR/data/public/ravdess_16k/Audio_Speech_Actors_01-24_16k/Actor_19/03-01-02-01-02-02-19.wav,low,0,actor_19,train,en,ravdess_statement_02,studio,controlled,Dogs are sitting by the door.,ravdess_emotion=calm; intensity=normal; repetition=02
03-01-02-02-01-01-19,C:/Project/AI-STRESS-DETECTOR/data/public/ravdess_16k/Audio_Speech_Actors_01-24_16k/Actor_19/03-01-02-02-01-01-19.wav,moderate,1,actor_19,train,en,ravdess_statement_01,studio,controlled,Kids are talking by the door.,ravdess_emotion=calm; intensity=strong; repetition=01
03-01-02-02-01-02-19,C:/Project/AI-STRESS-DETECTOR/data/public/ravdess_16k/Audio_Speech_Actors_01-24_16k/Actor_19/03-01-02-02-01-02-19.wav,moderate,1,actor_19,train,en,ravdess_statement_01,studio,controlled,Kids are talking by the door.,ravdess_emotion=calm; intensity=strong; repetition=02
03-01-02-02-02-01-19,C:/Project/AI-STRESS-DETECTOR/data/public/ravdess_16k/Audio_Speech_Actors_01-24_16k/Actor_19/03-01-02-02-02-01-19.wav,moderate,1,actor_19,train,en,ravdess_statement_02,studio,controlled,Dogs are sitting by the door.,ravdess_emotion=calm; intensity=strong; repetition=01
03-01-02-02-02-02-19,C:/Project/AI-STRESS-DETECTOR/data/public/ravdess_16k/Audio_Speech_Actors_01-24_16k/Actor_19/03-01-02-02-02-02-19.wav,moderate,1,actor_19,train,en,ravdess_statement_02,studio,controlled,Dogs are sitting by the door.,ravdess_emotion=calm; intensity=strong; repetition=02
03-01-03-01-01-01-19,C:/Project/AI-STRESS-DETECTOR/data/public/ravdess_16k/Audio_Speech_Actors_01-24_16k/Actor_19/03-01-03-01-01-01-19.wav,moderate,1,actor_19,train,en,ravdess_statement_01,studio,controlled,Kids are talking by the door.,ravdess_emotion=happy; intensity=normal; repetition=01
03-01-03-01-01-02-19,C:/Project/AI-STRESS-DETECTOR/data/public/ravdess_16k/Audio_Speech_Actors_01-24_16k/Actor_19/03-01-03-01-01-02-19.wav,moderate,1,actor_19,train,en,ravdess_statement_01,studio,controlled,Kids are talking by the door.,ravdess_emotion=happy; intensity=normal; repetition=02
03-01-03-01-02-01-19,C:/Project/AI-STRESS-DETECTOR/data/public/ravdess_16k/Audio_Speech_Actors_01-24_16k/Actor_19/03-01-03-01-02-01-19.wav,moderate,1,actor_19,train,en,ravdess_statement_02,studio,controlled,Dogs are sitting by the door.,ravdess_emotion=happy; intensity=normal; repetition=01
03-01-03-01-02-02-19,C:/Project/AI-STRESS-DETECTOR/data/public/ravdess_16k/Audio_Speech_Actors_01-24_16k/Actor_19/03-01-03-01-02-02-19.wav,moderate,1,actor_19,train,en,ravdess_statement_02,studio,controlled,Dogs are sitting by the door.,ravdess_emotion=happy; intensity=normal; repetition=02
03-01-03-02-01-01-19,C:/Project/AI-STRESS-DETECTOR/data/public/ravdess_16k/Audio_Speech_Actors_01-24_16k/Actor_19/03-01-03-02-01-01-19.wav,moderate,1,actor_19,train,en,ravdess_statement_01,studio,controlled,Kids are talking by the door.,ravdess_emotion=happy; intensity=strong; repetition=01
03-01-03-02-01-02-19,C:/Project/AI-STRESS-DETECTOR/data/public/ravdess_16k/Audio_Speech_Actors_01-24_16k/Actor_19/03-01-03-02-01-02-19.wav,moderate,1,actor_19,train,en,ravdess_statement_01,studio,controlled,Kids are talking by the door.,ravdess_emotion=happy; intensity=strong; repetition=02
03-01-03-02-02-01-19,C:/Project/AI-STRESS-DETECTOR/data/public/ravdess_16k/Audio_Speech_Actors_01-24_16k/Actor_19/03-01-03-02-02-01-19.wav,moderate,1,actor_19,train,en,ravdess_statement_02,studio,controlled,Dogs are sitting by the door.,ravdess_emotion=happy; intensity=strong; repetition=01
03-01-03-02-02-02-19,C:/Project/AI-STRESS-DETECTOR/data/public/ravdess_16k/Audio_Speech_Actors_01-24_16k/Actor_19/03-01-03-02-02-02-19.wav,moderate,1,actor_19,train,en,ravdess_statement_02,studio,controlled,Dogs are sitting by the door.,ravdess_emotion=happy; intensity=strong; repetition=02
03-01-04-01-01-01-19,C:/Project/AI-STRESS-DETECTOR/data/public/ravdess_16k/Audio_Speech_Actors_01-24_16k/Actor_19/03-01-04-01-01-01-19.wav,moderate,1,actor_19,train,en,ravdess_statement_01,studio,controlled,Kids are talking by the door.,ravdess_emotion=sad; intensity=normal; repetition=01
03-01-04-01-01-02-19,C:/Project/AI-STRESS-DETECTOR/data/public/ravdess_16k/Audio_Speech_Actors_01-24_16k/Actor_19/03-01-04-01-01-02-19.wav,moderate,1,actor_19,train,en,ravdess_statement_01,studio,controlled,Kids are talking by the door.,ravdess_emotion=sad; intensity=normal; repetition=02
03-01-04-01-02-01-19,C:/Project/AI-STRESS-DETECTOR/data/public/ravdess_16k/Audio_Speech_Actors_01-24_16k/Actor_19/03-01-04-01-02-01-19.wav,moderate,1,actor_19,train,en,ravdess_statement_02,studio,controlled,Dogs are sitting by the door.,ravdess_emotion=sad; intensity=normal; repetition=01
03-01-04-01-02-02-19,C:/Project/AI-STRESS-DETECTOR/data/public/ravdess_16k/Audio_Speech_Actors_01-24_16k/Actor_19/03-01-04-01-02-02-19.wav,moderate,1,actor_19,train,en,ravdess_statement_02,studio,controlled,Dogs are sitting by the door.,ravdess_emotion=sad; intensity=normal; repetition=02
03-01-04-02-01-01-19,C:/Project/AI-STRESS-DETECTOR/data/public/ravdess_16k/Audio_Speech_Actors_01-24_16k/Actor_19/03-01-04-02-01-01-19.wav,high,2,actor_19,train,en,ravdess_statement_01,studio,controlled,Kids are talking by the door.,ravdess_emotion=sad; intensity=strong; repetition=01
03-01-04-02-01-02-19,C:/Project/AI-STRESS-DETECTOR/data/public/ravdess_16k/Audio_Speech_Actors_01-24_16k/Actor_19/03-01-04-02-01-02-19.wav,high,2,actor_19,train,en,ravdess_statement_01,studio,controlled,Kids are talking by the door.,ravdess_emotion=sad; intensity=strong; repetition=02
03-01-04-02-02-01-19,C:/Project/AI-STRESS-DETECTOR/data/public/ravdess_16k/Audio_Speech_Actors_01-24_16k/Actor_19/03-01-04-02-02-01-19.wav,high,2,actor_19,train,en,ravdess_statement_02,studio,controlled,Dogs are sitting by the door.,ravdess_emotion=sad; intensity=strong; repetition=01
03-01-04-02-02-02-19,C:/Project/AI-STRESS-DETECTOR/data/public/ravdess_16k/Audio_Speech_Actors_01-24_16k/Actor_19/03-01-04-02-02-02-19.wav,high,2,actor_19,train,en,ravdess_statement_02,studio,controlled,Dogs are sitting by the door.,ravdess_emotion=sad; intensity=strong; repetition=02
03-01-05-01-01-01-19,C:/Project/AI-STRESS-DETECTOR/data/public/ravdess_16k/Audio_Speech_Actors_01-24_16k/Actor_19/03-01-05-01-01-01-19.wav,high,2,actor_19,train,en,ravdess_statement_01,studio,controlled,Kids are talking by the door.,ravdess_emotion=angry; intensity=normal; repetition=01
03-01-05-01-01-02-19,C:/Project/AI-STRESS-DETECTOR/data/public/ravdess_16k/Audio_Speech_Actors_01-24_16k/Actor_19/03-01-05-01-01-02-19.wav,high,2,actor_19,train,en,ravdess_statement_01,studio,controlled,Kids are talking by the door.,ravdess_emotion=angry; intensity=normal; repetition=02
03-01-05-01-02-01-19,C:/Project/AI-STRESS-DETECTOR/data/public/ravdess_16k/Audio_Speech_Actors_01-24_16k/Actor_19/03-01-05-01-02-01-19.wav,high,2,actor_19,train,en,ravdess_statement_02,studio,controlled,Dogs are sitting by the door.,ravdess_emotion=angry; intensity=normal; repetition=01
03-01-05-01-02-02-19,C:/Project/AI-STRESS-DETECTOR/data/public/ravdess_16k/Audio_Speech_Actors_01-24_16k/Actor_19/03-01-05-01-02-02-19.wav,high,2,actor_19,train,en,ravdess_statement_02,studio,controlled,Dogs are sitting by the door.,ravdess_emotion=angry; intensity=normal; repetition=02
03-01-05-02-01-01-19,C:/Project/AI-STRESS-DETECTOR/data/public/ravdess_16k/Audio_Speech_Actors_01-24_16k/Actor_19/03-01-05-02-01-01-19.wav,severe,3,actor_19,train,en,ravdess_statement_01,studio,controlled,Kids are talking by the door.,ravdess_emotion=angry; intensity=strong; repetition=01
03-01-05-02-01-02-19,C:/Project/AI-STRESS-DETECTOR/data/public/ravdess_16k/Audio_Speech_Actors_01-24_16k/Actor_19/03-01-05-02-01-02-19.wav,severe,3,actor_19,train,en,ravdess_statement_01,studio,controlled,Kids are talking by the door.,ravdess_emotion=angry; intensity=strong; repetition=02
03-01-05-02-02-01-19,C:/Project/AI-STRESS-DETECTOR/data/public/ravdess_16k/Audio_Speech_Actors_01-24_16k/Actor_19/03-01-05-02-02-01-19.wav,severe,3,actor_19,train,en,ravdess_statement_02,studio,controlled,Dogs are sitting by the door.,ravdess_emotion=angry; intensity=strong; repetition=01
03-01-05-02-02-02-19,C:/Project/AI-STRESS-DETECTOR/data/public/ravdess_16k/Audio_Speech_Actors_01-24_16k/Actor_19/03-01-05-02-02-02-19.wav,severe,3,actor_19,train,en,ravdess_statement_02,studio,controlled,Dogs are sitting by the door.,ravdess_emotion=angry; intensity=strong; repetition=02
03-01-06-01-01-01-19,C:/Project/AI-STRESS-DETECTOR/data/public/ravdess_16k/Audio_Speech_Actors_01-24_16k/Actor_19/03-01-06-01-01-01-19.wav,high,2,actor_19,train,en,ravdess_statement_01,studio,controlled,Kids are talking by the door.,ravdess_emotion=fearful; intensity=normal; repetition=01
03-01-06-01-01-02-19,C:/Project/AI-STRESS-DETECTOR/data/public/ravdess_16k/Audio_Speech_Actors_01-24_16k/Actor_19/03-01-06-01-01-02-19.wav,high,2,actor_19,train,en,ravdess_statement_01,studio,controlled,Kids are talking by the door.,ravdess_emotion=fearful; intensity=normal; repetition=02
03-01-06-01-02-01-19,C:/Project/AI-STRESS-DETECTOR/data/public/ravdess_16k/Audio_Speech_Actors_01-24_16k/Actor_19/03-01-06-01-02-01-19.wav,high,2,actor_19,train,en,ravdess_statement_02,studio,controlled,Dogs are sitting by the door.,ravdess_emotion=fearful; intensity=normal; repetition=01
03-01-06-01-02-02-19,C:/Project/AI-STRESS-DETECTOR/data/public/ravdess_16k/Audio_Speech_Actors_01-24_16k/Actor_19/03-01-06-01-02-02-19.wav,high,2,actor_19,train,en,ravdess_statement_02,studio,controlled,Dogs are sitting by the door.,ravdess_emotion=fearful; intensity=normal; repetition=02
03-01-06-02-01-01-19,C:/Project/AI-STRESS-DETECTOR/data/public/ravdess_16k/Audio_Speech_Actors_01-24_16k/Actor_19/03-01-06-02-01-01-19.wav,severe,3,actor_19,train,en,ravdess_statement_01,studio,controlled,Kids are talking by the door.,ravdess_emotion=fearful; intensity=strong; repetition=01
03-01-06-02-01-02-19,C:/Project/AI-STRESS-DETECTOR/data/public/ravdess_16k/Audio_Speech_Actors_01-24_16k/Actor_19/03-01-06-02-01-02-19.wav,severe,3,actor_19,train,en,ravdess_statement_01,studio,controlled,Kids are talking by the door.,ravdess_emotion=fearful; intensity=strong; repetition=02
03-01-06-02-02-01-19,C:/Project/AI-STRESS-DETECTOR/data/public/ravdess_16k/Audio_Speech_Actors_01-24_16k/Actor_19/03-01-06-02-02-01-19.wav,severe,3,actor_19,train,en,ravdess_statement_02,studio,controlled,Dogs are sitting by the door.,ravdess_emotion=fearful; intensity=strong; repetition=01
03-01-06-02-02-02-19,C:/Project/AI-STRESS-DETECTOR/data/public/ravdess_16k/Audio_Speech_Actors_01-24_16k/Actor_19/03-01-06-02-02-02-19.wav,severe,3,actor_19,train,en,ravdess_statement_02,studio,controlled,Dogs are sitting by the door.,ravdess_emotion=fearful; intensity=strong; repetition=02
03-01-07-01-01-01-19,C:/Project/AI-STRESS-DETECTOR/data/public/ravdess_16k/Audio_Speech_Actors_01-24_16k/Actor_19/03-01-07-01-01-01-19.wav,high,2,actor_19,train,en,ravdess_statement_01,studio,controlled,Kids are talking by the door.,ravdess_emotion=disgust; intensity=normal; repetition=01
03-01-07-01-01-02-19,C:/Project/AI-STRESS-DETECTOR/data/public/ravdess_16k/Audio_Speech_Actors_01-24_16k/Actor_19/03-01-07-01-01-02-19.wav,high,2,actor_19,train,en,ravdess_statement_01,studio,controlled,Kids are talking by the door.,ravdess_emotion=disgust; intensity=normal; repetition=02
03-01-07-01-02-01-19,C:/Project/AI-STRESS-DETECTOR/data/public/ravdess_16k/Audio_Speech_Actors_01-24_16k/Actor_19/03-01-07-01-02-01-19.wav,high,2,actor_19,train,en,ravdess_statement_02,studio,controlled,Dogs are sitting by the door.,ravdess_emotion=disgust; intensity=normal; repetition=01
03-01-07-01-02-02-19,C:/Project/AI-STRESS-DETECTOR/data/public/ravdess_16k/Audio_Speech_Actors_01-24_16k/Actor_19/03-01-07-01-02-02-19.wav,high,2,actor_19,train,en,ravdess_statement_02,studio,controlled,Dogs are sitting by the door.,ravdess_emotion=disgust; intensity=normal; repetition=02
03-01-07-02-01-01-19,C:/Project/AI-STRESS-DETECTOR/data/public/ravdess_16k/Audio_Speech_Actors_01-24_16k/Actor_19/03-01-07-02-01-01-19.wav,severe,3,actor_19,train,en,ravdess_statement_01,studio,controlled,Kids are talking by the door.,ravdess_emotion=disgust; intensity=strong; repetition=01
03-01-07-02-01-02-19,C:/Project/AI-STRESS-DETECTOR/data/public/ravdess_16k/Audio_Speech_Actors_01-24_16k/Actor_19/03-01-07-02-01-02-19.wav,severe,3,actor_19,train,en,ravdess_statement_01,studio,controlled,Kids are talking by the door.,ravdess_emotion=disgust; intensity=strong; repetition=02
03-01-07-02-02-01-19,C:/Project/AI-STRESS-DETECTOR/data/public/ravdess_16k/Audio_Speech_Actors_01-24_16k/Actor_19/03-01-07-02-02-01-19.wav,severe,3,actor_19,train,en,ravdess_statement_02,studio,controlled,Dogs are sitting by the door.,ravdess_emotion=disgust; intensity=strong; repetition=01
03-01-07-02-02-02-19,C:/Project/AI-STRESS-DETECTOR/data/public/ravdess_16k/Audio_Speech_Actors_01-24_16k/Actor_19/03-01-07-02-02-02-19.wav,severe,3,actor_19,train,en,ravdess_statement_02,studio,controlled,Dogs are sitting by the door.,ravdess_emotion=disgust; intensity=strong; repetition=02
03-01-08-01-01-01-19,C:/Project/AI-STRESS-DETECTOR/data/public/ravdess_16k/Audio_Speech_Actors_01-24_16k/Actor_19/03-01-08-01-01-01-19.wav,moderate,1,actor_19,train,en,ravdess_statement_01,studio,controlled,Kids are talking by the door.,ravdess_emotion=surprised; intensity=normal; repetition=01
03-01-08-01-01-02-19,C:/Project/AI-STRESS-DETECTOR/data/public/ravdess_16k/Audio_Speech_Actors_01-24_16k/Actor_19/03-01-08-01-01-02-19.wav,moderate,1,actor_19,train,en,ravdess_statement_01,studio,controlled,Kids are talking by the door.,ravdess_emotion=surprised; intensity=normal; repetition=02
03-01-08-01-02-01-19,C:/Project/AI-STRESS-DETECTOR/data/public/ravdess_16k/Audio_Speech_Actors_01-24_16k/Actor_19/03-01-08-01-02-01-19.wav,moderate,1,actor_19,train,en,ravdess_statement_02,studio,controlled,Dogs are sitting by the door.,ravdess_emotion=surprised; intensity=normal; repetition=01
03-01-08-01-02-02-19,C:/Project/AI-STRESS-DETECTOR/data/public/ravdess_16k/Audio_Speech_Actors_01-24_16k/Actor_19/03-01-08-01-02-02-19.wav,moderate,1,actor_19,train,en,ravdess_statement_02,studio,controlled,Dogs are sitting by the door.,ravdess_emotion=surprised; intensity=normal; repetition=02
03-01-08-02-01-01-19,C:/Project/AI-STRESS-DETECTOR/data/public/ravdess_16k/Audio_Speech_Actors_01-24_16k/Actor_19/03-01-08-02-01-01-19.wav,high,2,actor_19,train,en,ravdess_statement_01,studio,controlled,Kids are talking by the door.,ravdess_emotion=surprised; intensity=strong; repetition=01
03-01-08-02-01-02-19,C:/Project/AI-STRESS-DETECTOR/data/public/ravdess_16k/Audio_Speech_Actors_01-24_16k/Actor_19/03-01-08-02-01-02-19.wav,high,2,actor_19,train,en,ravdess_statement_01,studio,controlled,Kids are talking by the door.,ravdess_emotion=surprised; intensity=strong; repetition=02
03-01-08-02-02-01-19,C:/Project/AI-STRESS-DETECTOR/data/public/ravdess_16k/Audio_Speech_Actors_01-24_16k/Actor_19/03-01-08-02-02-01-19.wav,high,2,actor_19,train,en,ravdess_statement_02,studio,controlled,Dogs are sitting by the door.,ravdess_emotion=surprised; intensity=strong; repetition=01
03-01-08-02-02-02-19,C:/Project/AI-STRESS-DETECTOR/data/public/ravdess_16k/Audio_Speech_Actors_01-24_16k/Actor_19/03-01-08-02-02-02-19.wav,high,2,actor_19,train,en,ravdess_statement_02,studio,controlled,Dogs are sitting by the door.,ravdess_emotion=surprised; intensity=strong; repetition=02
03-01-01-01-01-01-20,C:/Project/AI-STRESS-DETECTOR/data/public/ravdess_16k/Audio_Speech_Actors_01-24_16k/Actor_20/03-01-01-01-01-01-20.wav,low,0,actor_20,train,en,ravdess_statement_01,studio,controlled,Kids are talking by the door.,ravdess_emotion=neutral; intensity=normal; repetition=01
03-01-01-01-01-02-20,C:/Project/AI-STRESS-DETECTOR/data/public/ravdess_16k/Audio_Speech_Actors_01-24_16k/Actor_20/03-01-01-01-01-02-20.wav,low,0,actor_20,train,en,ravdess_statement_01,studio,controlled,Kids are talking by the door.,ravdess_emotion=neutral; intensity=normal; repetition=02
03-01-01-01-02-01-20,C:/Project/AI-STRESS-DETECTOR/data/public/ravdess_16k/Audio_Speech_Actors_01-24_16k/Actor_20/03-01-01-01-02-01-20.wav,low,0,actor_20,train,en,ravdess_statement_02,studio,controlled,Dogs are sitting by the door.,ravdess_emotion=neutral; intensity=normal; repetition=01
03-01-01-01-02-02-20,C:/Project/AI-STRESS-DETECTOR/data/public/ravdess_16k/Audio_Speech_Actors_01-24_16k/Actor_20/03-01-01-01-02-02-20.wav,low,0,actor_20,train,en,ravdess_statement_02,studio,controlled,Dogs are sitting by the door.,ravdess_emotion=neutral; intensity=normal; repetition=02
03-01-02-01-01-01-20,C:/Project/AI-STRESS-DETECTOR/data/public/ravdess_16k/Audio_Speech_Actors_01-24_16k/Actor_20/03-01-02-01-01-01-20.wav,low,0,actor_20,train,en,ravdess_statement_01,studio,controlled,Kids are talking by the door.,ravdess_emotion=calm; intensity=normal; repetition=01
03-01-02-01-01-02-20,C:/Project/AI-STRESS-DETECTOR/data/public/ravdess_16k/Audio_Speech_Actors_01-24_16k/Actor_20/03-01-02-01-01-02-20.wav,low,0,actor_20,train,en,ravdess_statement_01,studio,controlled,Kids are talking by the door.,ravdess_emotion=calm; intensity=normal; repetition=02
03-01-02-01-02-01-20,C:/Project/AI-STRESS-DETECTOR/data/public/ravdess_16k/Audio_Speech_Actors_01-24_16k/Actor_20/03-01-02-01-02-01-20.wav,low,0,actor_20,train,en,ravdess_statement_02,studio,controlled,Dogs are sitting by the door.,ravdess_emotion=calm; intensity=normal; repetition=01
03-01-02-01-02-02-20,C:/Project/AI-STRESS-DETECTOR/data/public/ravdess_16k/Audio_Speech_Actors_01-24_16k/Actor_20/03-01-02-01-02-02-20.wav,low,0,actor_20,train,en,ravdess_statement_02,studio,controlled,Dogs are sitting by the door.,ravdess_emotion=calm; intensity=normal; repetition=02
03-01-02-02-01-01-20,C:/Project/AI-STRESS-DETECTOR/data/public/ravdess_16k/Audio_Speech_Actors_01-24_16k/Actor_20/03-01-02-02-01-01-20.wav,moderate,1,actor_20,train,en,ravdess_statement_01,studio,controlled,Kids are talking by the door.,ravdess_emotion=calm; intensity=strong; repetition=01
03-01-02-02-01-02-20,C:/Project/AI-STRESS-DETECTOR/data/public/ravdess_16k/Audio_Speech_Actors_01-24_16k/Actor_20/03-01-02-02-01-02-20.wav,moderate,1,actor_20,train,en,ravdess_statement_01,studio,controlled,Kids are talking by the door.,ravdess_emotion=calm; intensity=strong; repetition=02
03-01-02-02-02-01-20,C:/Project/AI-STRESS-DETECTOR/data/public/ravdess_16k/Audio_Speech_Actors_01-24_16k/Actor_20/03-01-02-02-02-01-20.wav,moderate,1,actor_20,train,en,ravdess_statement_02,studio,controlled,Dogs are sitting by the door.,ravdess_emotion=calm; intensity=strong; repetition=01
03-01-02-02-02-02-20,C:/Project/AI-STRESS-DETECTOR/data/public/ravdess_16k/Audio_Speech_Actors_01-24_16k/Actor_20/03-01-02-02-02-02-20.wav,moderate,1,actor_20,train,en,ravdess_statement_02,studio,controlled,Dogs are sitting by the door.,ravdess_emotion=calm; intensity=strong; repetition=02
03-01-03-01-01-01-20,C:/Project/AI-STRESS-DETECTOR/data/public/ravdess_16k/Audio_Speech_Actors_01-24_16k/Actor_20/03-01-03-01-01-01-20.wav,moderate,1,actor_20,train,en,ravdess_statement_01,studio,controlled,Kids are talking by the door.,ravdess_emotion=happy; intensity=normal; repetition=01
03-01-03-01-01-02-20,C:/Project/AI-STRESS-DETECTOR/data/public/ravdess_16k/Audio_Speech_Actors_01-24_16k/Actor_20/03-01-03-01-01-02-20.wav,moderate,1,actor_20,train,en,ravdess_statement_01,studio,controlled,Kids are talking by the door.,ravdess_emotion=happy; intensity=normal; repetition=02
03-01-03-01-02-01-20,C:/Project/AI-STRESS-DETECTOR/data/public/ravdess_16k/Audio_Speech_Actors_01-24_16k/Actor_20/03-01-03-01-02-01-20.wav,moderate,1,actor_20,train,en,ravdess_statement_02,studio,controlled,Dogs are sitting by the door.,ravdess_emotion=happy; intensity=normal; repetition=01
03-01-03-01-02-02-20,C:/Project/AI-STRESS-DETECTOR/data/public/ravdess_16k/Audio_Speech_Actors_01-24_16k/Actor_20/03-01-03-01-02-02-20.wav,moderate,1,actor_20,train,en,ravdess_statement_02,studio,controlled,Dogs are sitting by the door.,ravdess_emotion=happy; intensity=normal; repetition=02
03-01-03-02-01-01-20,C:/Project/AI-STRESS-DETECTOR/data/public/ravdess_16k/Audio_Speech_Actors_01-24_16k/Actor_20/03-01-03-02-01-01-20.wav,moderate,1,actor_20,train,en,ravdess_statement_01,studio,controlled,Kids are talking by the door.,ravdess_emotion=happy; intensity=strong; repetition=01
03-01-03-02-01-02-20,C:/Project/AI-STRESS-DETECTOR/data/public/ravdess_16k/Audio_Speech_Actors_01-24_16k/Actor_20/03-01-03-02-01-02-20.wav,moderate,1,actor_20,train,en,ravdess_statement_01,studio,controlled,Kids are talking by the door.,ravdess_emotion=happy; intensity=strong; repetition=02
03-01-03-02-02-01-20,C:/Project/AI-STRESS-DETECTOR/data/public/ravdess_16k/Audio_Speech_Actors_01-24_16k/Actor_20/03-01-03-02-02-01-20.wav,moderate,1,actor_20,train,en,ravdess_statement_02,studio,controlled,Dogs are sitting by the door.,ravdess_emotion=happy; intensity=strong; repetition=01
03-01-03-02-02-02-20,C:/Project/AI-STRESS-DETECTOR/data/public/ravdess_16k/Audio_Speech_Actors_01-24_16k/Actor_20/03-01-03-02-02-02-20.wav,moderate,1,actor_20,train,en,ravdess_statement_02,studio,controlled,Dogs are sitting by the door.,ravdess_emotion=happy; intensity=strong; repetition=02
03-01-04-01-01-01-20,C:/Project/AI-STRESS-DETECTOR/data/public/ravdess_16k/Audio_Speech_Actors_01-24_16k/Actor_20/03-01-04-01-01-01-20.wav,moderate,1,actor_20,train,en,ravdess_statement_01,studio,controlled,Kids are talking by the door.,ravdess_emotion=sad; intensity=normal; repetition=01
03-01-04-01-01-02-20,C:/Project/AI-STRESS-DETECTOR/data/public/ravdess_16k/Audio_Speech_Actors_01-24_16k/Actor_20/03-01-04-01-01-02-20.wav,moderate,1,actor_20,train,en,ravdess_statement_01,studio,controlled,Kids are talking by the door.,ravdess_emotion=sad; intensity=normal; repetition=02
03-01-04-01-02-01-20,C:/Project/AI-STRESS-DETECTOR/data/public/ravdess_16k/Audio_Speech_Actors_01-24_16k/Actor_20/03-01-04-01-02-01-20.wav,moderate,1,actor_20,train,en,ravdess_statement_02,studio,controlled,Dogs are sitting by the door.,ravdess_emotion=sad; intensity=normal; repetition=01
03-01-04-01-02-02-20,C:/Project/AI-STRESS-DETECTOR/data/public/ravdess_16k/Audio_Speech_Actors_01-24_16k/Actor_20/03-01-04-01-02-02-20.wav,moderate,1,actor_20,train,en,ravdess_statement_02,studio,controlled,Dogs are sitting by the door.,ravdess_emotion=sad; intensity=normal; repetition=02
03-01-04-02-01-01-20,C:/Project/AI-STRESS-DETECTOR/data/public/ravdess_16k/Audio_Speech_Actors_01-24_16k/Actor_20/03-01-04-02-01-01-20.wav,high,2,actor_20,train,en,ravdess_statement_01,studio,controlled,Kids are talking by the door.,ravdess_emotion=sad; intensity=strong; repetition=01
03-01-04-02-01-02-20,C:/Project/AI-STRESS-DETECTOR/data/public/ravdess_16k/Audio_Speech_Actors_01-24_16k/Actor_20/03-01-04-02-01-02-20.wav,high,2,actor_20,train,en,ravdess_statement_01,studio,controlled,Kids are talking by the door.,ravdess_emotion=sad; intensity=strong; repetition=02
03-01-04-02-02-01-20,C:/Project/AI-STRESS-DETECTOR/data/public/ravdess_16k/Audio_Speech_Actors_01-24_16k/Actor_20/03-01-04-02-02-01-20.wav,high,2,actor_20,train,en,ravdess_statement_02,studio,controlled,Dogs are sitting by the door.,ravdess_emotion=sad; intensity=strong; repetition=01
03-01-04-02-02-02-20,C:/Project/AI-STRESS-DETECTOR/data/public/ravdess_16k/Audio_Speech_Actors_01-24_16k/Actor_20/03-01-04-02-02-02-20.wav,high,2,actor_20,train,en,ravdess_statement_02,studio,controlled,Dogs are sitting by the door.,ravdess_emotion=sad; intensity=strong; repetition=02
03-01-05-01-01-01-20,C:/Project/AI-STRESS-DETECTOR/data/public/ravdess_16k/Audio_Speech_Actors_01-24_16k/Actor_20/03-01-05-01-01-01-20.wav,high,2,actor_20,train,en,ravdess_statement_01,studio,controlled,Kids are talking by the door.,ravdess_emotion=angry; intensity=normal; repetition=01
03-01-05-01-01-02-20,C:/Project/AI-STRESS-DETECTOR/data/public/ravdess_16k/Audio_Speech_Actors_01-24_16k/Actor_20/03-01-05-01-01-02-20.wav,high,2,actor_20,train,en,ravdess_statement_01,studio,controlled,Kids are talking by the door.,ravdess_emotion=angry; intensity=normal; repetition=02
03-01-05-01-02-01-20,C:/Project/AI-STRESS-DETECTOR/data/public/ravdess_16k/Audio_Speech_Actors_01-24_16k/Actor_20/03-01-05-01-02-01-20.wav,high,2,actor_20,train,en,ravdess_statement_02,studio,controlled,Dogs are sitting by the door.,ravdess_emotion=angry; intensity=normal; repetition=01
03-01-05-01-02-02-20,C:/Project/AI-STRESS-DETECTOR/data/public/ravdess_16k/Audio_Speech_Actors_01-24_16k/Actor_20/03-01-05-01-02-02-20.wav,high,2,actor_20,train,en,ravdess_statement_02,studio,controlled,Dogs are sitting by the door.,ravdess_emotion=angry; intensity=normal; repetition=02
03-01-05-02-01-01-20,C:/Project/AI-STRESS-DETECTOR/data/public/ravdess_16k/Audio_Speech_Actors_01-24_16k/Actor_20/03-01-05-02-01-01-20.wav,severe,3,actor_20,train,en,ravdess_statement_01,studio,controlled,Kids are talking by the door.,ravdess_emotion=angry; intensity=strong; repetition=01
03-01-05-02-01-02-20,C:/Project/AI-STRESS-DETECTOR/data/public/ravdess_16k/Audio_Speech_Actors_01-24_16k/Actor_20/03-01-05-02-01-02-20.wav,severe,3,actor_20,train,en,ravdess_statement_01,studio,controlled,Kids are talking by the door.,ravdess_emotion=angry; intensity=strong; repetition=02
03-01-05-02-02-01-20,C:/Project/AI-STRESS-DETECTOR/data/public/ravdess_16k/Audio_Speech_Actors_01-24_16k/Actor_20/03-01-05-02-02-01-20.wav,severe,3,actor_20,train,en,ravdess_statement_02,studio,controlled,Dogs are sitting by the door.,ravdess_emotion=angry; intensity=strong; repetition=01
03-01-05-02-02-02-20,C:/Project/AI-STRESS-DETECTOR/data/public/ravdess_16k/Audio_Speech_Actors_01-24_16k/Actor_20/03-01-05-02-02-02-20.wav,severe,3,actor_20,train,en,ravdess_statement_02,studio,controlled,Dogs are sitting by the door.,ravdess_emotion=angry; intensity=strong; repetition=02
03-01-06-01-01-01-20,C:/Project/AI-STRESS-DETECTOR/data/public/ravdess_16k/Audio_Speech_Actors_01-24_16k/Actor_20/03-01-06-01-01-01-20.wav,high,2,actor_20,train,en,ravdess_statement_01,studio,controlled,Kids are talking by the door.,ravdess_emotion=fearful; intensity=normal; repetition=01
03-01-06-01-01-02-20,C:/Project/AI-STRESS-DETECTOR/data/public/ravdess_16k/Audio_Speech_Actors_01-24_16k/Actor_20/03-01-06-01-01-02-20.wav,high,2,actor_20,train,en,ravdess_statement_01,studio,controlled,Kids are talking by the door.,ravdess_emotion=fearful; intensity=normal; repetition=02
03-01-06-01-02-01-20,C:/Project/AI-STRESS-DETECTOR/data/public/ravdess_16k/Audio_Speech_Actors_01-24_16k/Actor_20/03-01-06-01-02-01-20.wav,high,2,actor_20,train,en,ravdess_statement_02,studio,controlled,Dogs are sitting by the door.,ravdess_emotion=fearful; intensity=normal; repetition=01
03-01-06-01-02-02-20,C:/Project/AI-STRESS-DETECTOR/data/public/ravdess_16k/Audio_Speech_Actors_01-24_16k/Actor_20/03-01-06-01-02-02-20.wav,high,2,actor_20,train,en,ravdess_statement_02,studio,controlled,Dogs are sitting by the door.,ravdess_emotion=fearful; intensity=normal; repetition=02
03-01-06-02-01-01-20,C:/Project/AI-STRESS-DETECTOR/data/public/ravdess_16k/Audio_Speech_Actors_01-24_16k/Actor_20/03-01-06-02-01-01-20.wav,severe,3,actor_20,train,en,ravdess_statement_01,studio,controlled,Kids are talking by the door.,ravdess_emotion=fearful; intensity=strong; repetition=01
03-01-06-02-01-02-20,C:/Project/AI-STRESS-DETECTOR/data/public/ravdess_16k/Audio_Speech_Actors_01-24_16k/Actor_20/03-01-06-02-01-02-20.wav,severe,3,actor_20,train,en,ravdess_statement_01,studio,controlled,Kids are talking by the door.,ravdess_emotion=fearful; intensity=strong; repetition=02
03-01-06-02-02-01-20,C:/Project/AI-STRESS-DETECTOR/data/public/ravdess_16k/Audio_Speech_Actors_01-24_16k/Actor_20/03-01-06-02-02-01-20.wav,severe,3,actor_20,train,en,ravdess_statement_02,studio,controlled,Dogs are sitting by the door.,ravdess_emotion=fearful; intensity=strong; repetition=01
03-01-06-02-02-02-20,C:/Project/AI-STRESS-DETECTOR/data/public/ravdess_16k/Audio_Speech_Actors_01-24_16k/Actor_20/03-01-06-02-02-02-20.wav,severe,3,actor_20,train,en,ravdess_statement_02,studio,controlled,Dogs are sitting by the door.,ravdess_emotion=fearful; intensity=strong; repetition=02
03-01-07-01-01-01-20,C:/Project/AI-STRESS-DETECTOR/data/public/ravdess_16k/Audio_Speech_Actors_01-24_16k/Actor_20/03-01-07-01-01-01-20.wav,high,2,actor_20,train,en,ravdess_statement_01,studio,controlled,Kids are talking by the door.,ravdess_emotion=disgust; intensity=normal; repetition=01
03-01-07-01-01-02-20,C:/Project/AI-STRESS-DETECTOR/data/public/ravdess_16k/Audio_Speech_Actors_01-24_16k/Actor_20/03-01-07-01-01-02-20.wav,high,2,actor_20,train,en,ravdess_statement_01,studio,controlled,Kids are talking by the door.,ravdess_emotion=disgust; intensity=normal; repetition=02
03-01-07-01-02-01-20,C:/Project/AI-STRESS-DETECTOR/data/public/ravdess_16k/Audio_Speech_Actors_01-24_16k/Actor_20/03-01-07-01-02-01-20.wav,high,2,actor_20,train,en,ravdess_statement_02,studio,controlled,Dogs are sitting by the door.,ravdess_emotion=disgust; intensity=normal; repetition=01
03-01-07-01-02-02-20,C:/Project/AI-STRESS-DETECTOR/data/public/ravdess_16k/Audio_Speech_Actors_01-24_16k/Actor_20/03-01-07-01-02-02-20.wav,high,2,actor_20,train,en,ravdess_statement_02,studio,controlled,Dogs are sitting by the door.,ravdess_emotion=disgust; intensity=normal; repetition=02
03-01-07-02-01-01-20,C:/Project/AI-STRESS-DETECTOR/data/public/ravdess_16k/Audio_Speech_Actors_01-24_16k/Actor_20/03-01-07-02-01-01-20.wav,severe,3,actor_20,train,en,ravdess_statement_01,studio,controlled,Kids are talking by the door.,ravdess_emotion=disgust; intensity=strong; repetition=01
03-01-07-02-01-02-20,C:/Project/AI-STRESS-DETECTOR/data/public/ravdess_16k/Audio_Speech_Actors_01-24_16k/Actor_20/03-01-07-02-01-02-20.wav,severe,3,actor_20,train,en,ravdess_statement_01,studio,controlled,Kids are talking by the door.,ravdess_emotion=disgust; intensity=strong; repetition=02
03-01-07-02-02-01-20,C:/Project/AI-STRESS-DETECTOR/data/public/ravdess_16k/Audio_Speech_Actors_01-24_16k/Actor_20/03-01-07-02-02-01-20.wav,severe,3,actor_20,train,en,ravdess_statement_02,studio,controlled,Dogs are sitting by the door.,ravdess_emotion=disgust; intensity=strong; repetition=01
03-01-07-02-02-02-20,C:/Project/AI-STRESS-DETECTOR/data/public/ravdess_16k/Audio_Speech_Actors_01-24_16k/Actor_20/03-01-07-02-02-02-20.wav,severe,3,actor_20,train,en,ravdess_statement_02,studio,controlled,Dogs are sitting by the door.,ravdess_emotion=disgust; intensity=strong; repetition=02
03-01-08-01-01-01-20,C:/Project/AI-STRESS-DETECTOR/data/public/ravdess_16k/Audio_Speech_Actors_01-24_16k/Actor_20/03-01-08-01-01-01-20.wav,moderate,1,actor_20,train,en,ravdess_statement_01,studio,controlled,Kids are talking by the door.,ravdess_emotion=surprised; intensity=normal; repetition=01
03-01-08-01-01-02-20,C:/Project/AI-STRESS-DETECTOR/data/public/ravdess_16k/Audio_Speech_Actors_01-24_16k/Actor_20/03-01-08-01-01-02-20.wav,moderate,1,actor_20,train,en,ravdess_statement_01,studio,controlled,Kids are talking by the door.,ravdess_emotion=surprised; intensity=normal; repetition=02
03-01-08-01-02-01-20,C:/Project/AI-STRESS-DETECTOR/data/public/ravdess_16k/Audio_Speech_Actors_01-24_16k/Actor_20/03-01-08-01-02-01-20.wav,moderate,1,actor_20,train,en,ravdess_statement_02,studio,controlled,Dogs are sitting by the door.,ravdess_emotion=surprised; intensity=normal; repetition=01
03-01-08-01-02-02-20,C:/Project/AI-STRESS-DETECTOR/data/public/ravdess_16k/Audio_Speech_Actors_01-24_16k/Actor_20/03-01-08-01-02-02-20.wav,moderate,1,actor_20,train,en,ravdess_statement_02,studio,controlled,Dogs are sitting by the door.,ravdess_emotion=surprised; intensity=normal; repetition=02
03-01-08-02-01-01-20,C:/Project/AI-STRESS-DETECTOR/data/public/ravdess_16k/Audio_Speech_Actors_01-24_16k/Actor_20/03-01-08-02-01-01-20.wav,high,2,actor_20,train,en,ravdess_statement_01,studio,controlled,Kids are talking by the door.,ravdess_emotion=surprised; intensity=strong; repetition=01
03-01-08-02-01-02-20,C:/Project/AI-STRESS-DETECTOR/data/public/ravdess_16k/Audio_Speech_Actors_01-24_16k/Actor_20/03-01-08-02-01-02-20.wav,high,2,actor_20,train,en,ravdess_statement_01,studio,controlled,Kids are talking by the door.,ravdess_emotion=surprised; intensity=strong; repetition=02
03-01-08-02-02-01-20,C:/Project/AI-STRESS-DETECTOR/data/public/ravdess_16k/Audio_Speech_Actors_01-24_16k/Actor_20/03-01-08-02-02-01-20.wav,high,2,actor_20,train,en,ravdess_statement_02,studio,controlled,Dogs are sitting by the door.,ravdess_emotion=surprised; intensity=strong; repetition=01
03-01-08-02-02-02-20,C:/Project/AI-STRESS-DETECTOR/data/public/ravdess_16k/Audio_Speech_Actors_01-24_16k/Actor_20/03-01-08-02-02-02-20.wav,high,2,actor_20,train,en,ravdess_statement_02,studio,controlled,Dogs are sitting by the door.,ravdess_emotion=surprised; intensity=strong; repetition=02
03-01-01-01-01-01-21,C:/Project/AI-STRESS-DETECTOR/data/public/ravdess_16k/Audio_Speech_Actors_01-24_16k/Actor_21/03-01-01-01-01-01-21.wav,low,0,actor_21,test,en,ravdess_statement_01,studio,controlled,Kids are talking by the door.,ravdess_emotion=neutral; intensity=normal; repetition=01
03-01-01-01-01-02-21,C:/Project/AI-STRESS-DETECTOR/data/public/ravdess_16k/Audio_Speech_Actors_01-24_16k/Actor_21/03-01-01-01-01-02-21.wav,low,0,actor_21,test,en,ravdess_statement_01,studio,controlled,Kids are talking by the door.,ravdess_emotion=neutral; intensity=normal; repetition=02
03-01-01-01-02-01-21,C:/Project/AI-STRESS-DETECTOR/data/public/ravdess_16k/Audio_Speech_Actors_01-24_16k/Actor_21/03-01-01-01-02-01-21.wav,low,0,actor_21,test,en,ravdess_statement_02,studio,controlled,Dogs are sitting by the door.,ravdess_emotion=neutral; intensity=normal; repetition=01
03-01-01-01-02-02-21,C:/Project/AI-STRESS-DETECTOR/data/public/ravdess_16k/Audio_Speech_Actors_01-24_16k/Actor_21/03-01-01-01-02-02-21.wav,low,0,actor_21,test,en,ravdess_statement_02,studio,controlled,Dogs are sitting by the door.,ravdess_emotion=neutral; intensity=normal; repetition=02
03-01-02-01-01-01-21,C:/Project/AI-STRESS-DETECTOR/data/public/ravdess_16k/Audio_Speech_Actors_01-24_16k/Actor_21/03-01-02-01-01-01-21.wav,low,0,actor_21,test,en,ravdess_statement_01,studio,controlled,Kids are talking by the door.,ravdess_emotion=calm; intensity=normal; repetition=01
03-01-02-01-01-02-21,C:/Project/AI-STRESS-DETECTOR/data/public/ravdess_16k/Audio_Speech_Actors_01-24_16k/Actor_21/03-01-02-01-01-02-21.wav,low,0,actor_21,test,en,ravdess_statement_01,studio,controlled,Kids are talking by the door.,ravdess_emotion=calm; intensity=normal; repetition=02
03-01-02-01-02-01-21,C:/Project/AI-STRESS-DETECTOR/data/public/ravdess_16k/Audio_Speech_Actors_01-24_16k/Actor_21/03-01-02-01-02-01-21.wav,low,0,actor_21,test,en,ravdess_statement_02,studio,controlled,Dogs are sitting by the door.,ravdess_emotion=calm; intensity=normal; repetition=01
03-01-02-01-02-02-21,C:/Project/AI-STRESS-DETECTOR/data/public/ravdess_16k/Audio_Speech_Actors_01-24_16k/Actor_21/03-01-02-01-02-02-21.wav,low,0,actor_21,test,en,ravdess_statement_02,studio,controlled,Dogs are sitting by the door.,ravdess_emotion=calm; intensity=normal; repetition=02
03-01-02-02-01-01-21,C:/Project/AI-STRESS-DETECTOR/data/public/ravdess_16k/Audio_Speech_Actors_01-24_16k/Actor_21/03-01-02-02-01-01-21.wav,moderate,1,actor_21,test,en,ravdess_statement_01,studio,controlled,Kids are talking by the door.,ravdess_emotion=calm; intensity=strong; repetition=01
03-01-02-02-01-02-21,C:/Project/AI-STRESS-DETECTOR/data/public/ravdess_16k/Audio_Speech_Actors_01-24_16k/Actor_21/03-01-02-02-01-02-21.wav,moderate,1,actor_21,test,en,ravdess_statement_01,studio,controlled,Kids are talking by the door.,ravdess_emotion=calm; intensity=strong; repetition=02
03-01-02-02-02-01-21,C:/Project/AI-STRESS-DETECTOR/data/public/ravdess_16k/Audio_Speech_Actors_01-24_16k/Actor_21/03-01-02-02-02-01-21.wav,moderate,1,actor_21,test,en,ravdess_statement_02,studio,controlled,Dogs are sitting by the door.,ravdess_emotion=calm; intensity=strong; repetition=01
03-01-02-02-02-02-21,C:/Project/AI-STRESS-DETECTOR/data/public/ravdess_16k/Audio_Speech_Actors_01-24_16k/Actor_21/03-01-02-02-02-02-21.wav,moderate,1,actor_21,test,en,ravdess_statement_02,studio,controlled,Dogs are sitting by the door.,ravdess_emotion=calm; intensity=strong; repetition=02
03-01-03-01-01-01-21,C:/Project/AI-STRESS-DETECTOR/data/public/ravdess_16k/Audio_Speech_Actors_01-24_16k/Actor_21/03-01-03-01-01-01-21.wav,moderate,1,actor_21,test,en,ravdess_statement_01,studio,controlled,Kids are talking by the door.,ravdess_emotion=happy; intensity=normal; repetition=01
03-01-03-01-01-02-21,C:/Project/AI-STRESS-DETECTOR/data/public/ravdess_16k/Audio_Speech_Actors_01-24_16k/Actor_21/03-01-03-01-01-02-21.wav,moderate,1,actor_21,test,en,ravdess_statement_01,studio,controlled,Kids are talking by the door.,ravdess_emotion=happy; intensity=normal; repetition=02
03-01-03-01-02-01-21,C:/Project/AI-STRESS-DETECTOR/data/public/ravdess_16k/Audio_Speech_Actors_01-24_16k/Actor_21/03-01-03-01-02-01-21.wav,moderate,1,actor_21,test,en,ravdess_statement_02,studio,controlled,Dogs are sitting by the door.,ravdess_emotion=happy; intensity=normal; repetition=01
03-01-03-01-02-02-21,C:/Project/AI-STRESS-DETECTOR/data/public/ravdess_16k/Audio_Speech_Actors_01-24_16k/Actor_21/03-01-03-01-02-02-21.wav,moderate,1,actor_21,test,en,ravdess_statement_02,studio,controlled,Dogs are sitting by the door.,ravdess_emotion=happy; intensity=normal; repetition=02
03-01-03-02-01-01-21,C:/Project/AI-STRESS-DETECTOR/data/public/ravdess_16k/Audio_Speech_Actors_01-24_16k/Actor_21/03-01-03-02-01-01-21.wav,moderate,1,actor_21,test,en,ravdess_statement_01,studio,controlled,Kids are talking by the door.,ravdess_emotion=happy; intensity=strong; repetition=01
03-01-03-02-01-02-21,C:/Project/AI-STRESS-DETECTOR/data/public/ravdess_16k/Audio_Speech_Actors_01-24_16k/Actor_21/03-01-03-02-01-02-21.wav,moderate,1,actor_21,test,en,ravdess_statement_01,studio,controlled,Kids are talking by the door.,ravdess_emotion=happy; intensity=strong; repetition=02
03-01-03-02-02-01-21,C:/Project/AI-STRESS-DETECTOR/data/public/ravdess_16k/Audio_Speech_Actors_01-24_16k/Actor_21/03-01-03-02-02-01-21.wav,moderate,1,actor_21,test,en,ravdess_statement_02,studio,controlled,Dogs are sitting by the door.,ravdess_emotion=happy; intensity=strong; repetition=01
03-01-03-02-02-02-21,C:/Project/AI-STRESS-DETECTOR/data/public/ravdess_16k/Audio_Speech_Actors_01-24_16k/Actor_21/03-01-03-02-02-02-21.wav,moderate,1,actor_21,test,en,ravdess_statement_02,studio,controlled,Dogs are sitting by the door.,ravdess_emotion=happy; intensity=strong; repetition=02
03-01-04-01-01-01-21,C:/Project/AI-STRESS-DETECTOR/data/public/ravdess_16k/Audio_Speech_Actors_01-24_16k/Actor_21/03-01-04-01-01-01-21.wav,moderate,1,actor_21,test,en,ravdess_statement_01,studio,controlled,Kids are talking by the door.,ravdess_emotion=sad; intensity=normal; repetition=01
03-01-04-01-01-02-21,C:/Project/AI-STRESS-DETECTOR/data/public/ravdess_16k/Audio_Speech_Actors_01-24_16k/Actor_21/03-01-04-01-01-02-21.wav,moderate,1,actor_21,test,en,ravdess_statement_01,studio,controlled,Kids are talking by the door.,ravdess_emotion=sad; intensity=normal; repetition=02
03-01-04-01-02-01-21,C:/Project/AI-STRESS-DETECTOR/data/public/ravdess_16k/Audio_Speech_Actors_01-24_16k/Actor_21/03-01-04-01-02-01-21.wav,moderate,1,actor_21,test,en,ravdess_statement_02,studio,controlled,Dogs are sitting by the door.,ravdess_emotion=sad; intensity=normal; repetition=01
03-01-04-01-02-02-21,C:/Project/AI-STRESS-DETECTOR/data/public/ravdess_16k/Audio_Speech_Actors_01-24_16k/Actor_21/03-01-04-01-02-02-21.wav,moderate,1,actor_21,test,en,ravdess_statement_02,studio,controlled,Dogs are sitting by the door.,ravdess_emotion=sad; intensity=normal; repetition=02
03-01-04-02-01-01-21,C:/Project/AI-STRESS-DETECTOR/data/public/ravdess_16k/Audio_Speech_Actors_01-24_16k/Actor_21/03-01-04-02-01-01-21.wav,high,2,actor_21,test,en,ravdess_statement_01,studio,controlled,Kids are talking by the door.,ravdess_emotion=sad; intensity=strong; repetition=01
03-01-04-02-01-02-21,C:/Project/AI-STRESS-DETECTOR/data/public/ravdess_16k/Audio_Speech_Actors_01-24_16k/Actor_21/03-01-04-02-01-02-21.wav,high,2,actor_21,test,en,ravdess_statement_01,studio,controlled,Kids are talking by the door.,ravdess_emotion=sad; intensity=strong; repetition=02
03-01-04-02-02-01-21,C:/Project/AI-STRESS-DETECTOR/data/public/ravdess_16k/Audio_Speech_Actors_01-24_16k/Actor_21/03-01-04-02-02-01-21.wav,high,2,actor_21,test,en,ravdess_statement_02,studio,controlled,Dogs are sitting by the door.,ravdess_emotion=sad; intensity=strong; repetition=01
03-01-04-02-02-02-21,C:/Project/AI-STRESS-DETECTOR/data/public/ravdess_16k/Audio_Speech_Actors_01-24_16k/Actor_21/03-01-04-02-02-02-21.wav,high,2,actor_21,test,en,ravdess_statement_02,studio,controlled,Dogs are sitting by the door.,ravdess_emotion=sad; intensity=strong; repetition=02
03-01-05-01-01-01-21,C:/Project/AI-STRESS-DETECTOR/data/public/ravdess_16k/Audio_Speech_Actors_01-24_16k/Actor_21/03-01-05-01-01-01-21.wav,high,2,actor_21,test,en,ravdess_statement_01,studio,controlled,Kids are talking by the door.,ravdess_emotion=angry; intensity=normal; repetition=01
03-01-05-01-01-02-21,C:/Project/AI-STRESS-DETECTOR/data/public/ravdess_16k/Audio_Speech_Actors_01-24_16k/Actor_21/03-01-05-01-01-02-21.wav,high,2,actor_21,test,en,ravdess_statement_01,studio,controlled,Kids are talking by the door.,ravdess_emotion=angry; intensity=normal; repetition=02
03-01-05-01-02-01-21,C:/Project/AI-STRESS-DETECTOR/data/public/ravdess_16k/Audio_Speech_Actors_01-24_16k/Actor_21/03-01-05-01-02-01-21.wav,high,2,actor_21,test,en,ravdess_statement_02,studio,controlled,Dogs are sitting by the door.,ravdess_emotion=angry; intensity=normal; repetition=01
03-01-05-01-02-02-21,C:/Project/AI-STRESS-DETECTOR/data/public/ravdess_16k/Audio_Speech_Actors_01-24_16k/Actor_21/03-01-05-01-02-02-21.wav,high,2,actor_21,test,en,ravdess_statement_02,studio,controlled,Dogs are sitting by the door.,ravdess_emotion=angry; intensity=normal; repetition=02
03-01-05-02-01-01-21,C:/Project/AI-STRESS-DETECTOR/data/public/ravdess_16k/Audio_Speech_Actors_01-24_16k/Actor_21/03-01-05-02-01-01-21.wav,severe,3,actor_21,test,en,ravdess_statement_01,studio,controlled,Kids are talking by the door.,ravdess_emotion=angry; intensity=strong; repetition=01
03-01-05-02-01-02-21,C:/Project/AI-STRESS-DETECTOR/data/public/ravdess_16k/Audio_Speech_Actors_01-24_16k/Actor_21/03-01-05-02-01-02-21.wav,severe,3,actor_21,test,en,ravdess_statement_01,studio,controlled,Kids are talking by the door.,ravdess_emotion=angry; intensity=strong; repetition=02
03-01-05-02-02-01-21,C:/Project/AI-STRESS-DETECTOR/data/public/ravdess_16k/Audio_Speech_Actors_01-24_16k/Actor_21/03-01-05-02-02-01-21.wav,severe,3,actor_21,test,en,ravdess_statement_02,studio,controlled,Dogs are sitting by the door.,ravdess_emotion=angry; intensity=strong; repetition=01
03-01-05-02-02-02-21,C:/Project/AI-STRESS-DETECTOR/data/public/ravdess_16k/Audio_Speech_Actors_01-24_16k/Actor_21/03-01-05-02-02-02-21.wav,severe,3,actor_21,test,en,ravdess_statement_02,studio,controlled,Dogs are sitting by the door.,ravdess_emotion=angry; intensity=strong; repetition=02
03-01-06-01-01-01-21,C:/Project/AI-STRESS-DETECTOR/data/public/ravdess_16k/Audio_Speech_Actors_01-24_16k/Actor_21/03-01-06-01-01-01-21.wav,high,2,actor_21,test,en,ravdess_statement_01,studio,controlled,Kids are talking by the door.,ravdess_emotion=fearful; intensity=normal; repetition=01
03-01-06-01-01-02-21,C:/Project/AI-STRESS-DETECTOR/data/public/ravdess_16k/Audio_Speech_Actors_01-24_16k/Actor_21/03-01-06-01-01-02-21.wav,high,2,actor_21,test,en,ravdess_statement_01,studio,controlled,Kids are talking by the door.,ravdess_emotion=fearful; intensity=normal; repetition=02
03-01-06-01-02-01-21,C:/Project/AI-STRESS-DETECTOR/data/public/ravdess_16k/Audio_Speech_Actors_01-24_16k/Actor_21/03-01-06-01-02-01-21.wav,high,2,actor_21,test,en,ravdess_statement_02,studio,controlled,Dogs are sitting by the door.,ravdess_emotion=fearful; intensity=normal; repetition=01
03-01-06-01-02-02-21,C:/Project/AI-STRESS-DETECTOR/data/public/ravdess_16k/Audio_Speech_Actors_01-24_16k/Actor_21/03-01-06-01-02-02-21.wav,high,2,actor_21,test,en,ravdess_statement_02,studio,controlled,Dogs are sitting by the door.,ravdess_emotion=fearful; intensity=normal; repetition=02
03-01-06-02-01-01-21,C:/Project/AI-STRESS-DETECTOR/data/public/ravdess_16k/Audio_Speech_Actors_01-24_16k/Actor_21/03-01-06-02-01-01-21.wav,severe,3,actor_21,test,en,ravdess_statement_01,studio,controlled,Kids are talking by the door.,ravdess_emotion=fearful; intensity=strong; repetition=01
03-01-06-02-01-02-21,C:/Project/AI-STRESS-DETECTOR/data/public/ravdess_16k/Audio_Speech_Actors_01-24_16k/Actor_21/03-01-06-02-01-02-21.wav,severe,3,actor_21,test,en,ravdess_statement_01,studio,controlled,Kids are talking by the door.,ravdess_emotion=fearful; intensity=strong; repetition=02
03-01-06-02-02-01-21,C:/Project/AI-STRESS-DETECTOR/data/public/ravdess_16k/Audio_Speech_Actors_01-24_16k/Actor_21/03-01-06-02-02-01-21.wav,severe,3,actor_21,test,en,ravdess_statement_02,studio,controlled,Dogs are sitting by the door.,ravdess_emotion=fearful; intensity=strong; repetition=01
03-01-06-02-02-02-21,C:/Project/AI-STRESS-DETECTOR/data/public/ravdess_16k/Audio_Speech_Actors_01-24_16k/Actor_21/03-01-06-02-02-02-21.wav,severe,3,actor_21,test,en,ravdess_statement_02,studio,controlled,Dogs are sitting by the door.,ravdess_emotion=fearful; intensity=strong; repetition=02
03-01-07-01-01-01-21,C:/Project/AI-STRESS-DETECTOR/data/public/ravdess_16k/Audio_Speech_Actors_01-24_16k/Actor_21/03-01-07-01-01-01-21.wav,high,2,actor_21,test,en,ravdess_statement_01,studio,controlled,Kids are talking by the door.,ravdess_emotion=disgust; intensity=normal; repetition=01
03-01-07-01-01-02-21,C:/Project/AI-STRESS-DETECTOR/data/public/ravdess_16k/Audio_Speech_Actors_01-24_16k/Actor_21/03-01-07-01-01-02-21.wav,high,2,actor_21,test,en,ravdess_statement_01,studio,controlled,Kids are talking by the door.,ravdess_emotion=disgust; intensity=normal; repetition=02
03-01-07-01-02-01-21,C:/Project/AI-STRESS-DETECTOR/data/public/ravdess_16k/Audio_Speech_Actors_01-24_16k/Actor_21/03-01-07-01-02-01-21.wav,high,2,actor_21,test,en,ravdess_statement_02,studio,controlled,Dogs are sitting by the door.,ravdess_emotion=disgust; intensity=normal; repetition=01
03-01-07-01-02-02-21,C:/Project/AI-STRESS-DETECTOR/data/public/ravdess_16k/Audio_Speech_Actors_01-24_16k/Actor_21/03-01-07-01-02-02-21.wav,high,2,actor_21,test,en,ravdess_statement_02,studio,controlled,Dogs are sitting by the door.,ravdess_emotion=disgust; intensity=normal; repetition=02
03-01-07-02-01-01-21,C:/Project/AI-STRESS-DETECTOR/data/public/ravdess_16k/Audio_Speech_Actors_01-24_16k/Actor_21/03-01-07-02-01-01-21.wav,severe,3,actor_21,test,en,ravdess_statement_01,studio,controlled,Kids are talking by the door.,ravdess_emotion=disgust; intensity=strong; repetition=01
03-01-07-02-01-02-21,C:/Project/AI-STRESS-DETECTOR/data/public/ravdess_16k/Audio_Speech_Actors_01-24_16k/Actor_21/03-01-07-02-01-02-21.wav,severe,3,actor_21,test,en,ravdess_statement_01,studio,controlled,Kids are talking by the door.,ravdess_emotion=disgust; intensity=strong; repetition=02
03-01-07-02-02-01-21,C:/Project/AI-STRESS-DETECTOR/data/public/ravdess_16k/Audio_Speech_Actors_01-24_16k/Actor_21/03-01-07-02-02-01-21.wav,severe,3,actor_21,test,en,ravdess_statement_02,studio,controlled,Dogs are sitting by the door.,ravdess_emotion=disgust; intensity=strong; repetition=01
03-01-07-02-02-02-21,C:/Project/AI-STRESS-DETECTOR/data/public/ravdess_16k/Audio_Speech_Actors_01-24_16k/Actor_21/03-01-07-02-02-02-21.wav,severe,3,actor_21,test,en,ravdess_statement_02,studio,controlled,Dogs are sitting by the door.,ravdess_emotion=disgust; intensity=strong; repetition=02
03-01-08-01-01-01-21,C:/Project/AI-STRESS-DETECTOR/data/public/ravdess_16k/Audio_Speech_Actors_01-24_16k/Actor_21/03-01-08-01-01-01-21.wav,moderate,1,actor_21,test,en,ravdess_statement_01,studio,controlled,Kids are talking by the door.,ravdess_emotion=surprised; intensity=normal; repetition=01
03-01-08-01-01-02-21,C:/Project/AI-STRESS-DETECTOR/data/public/ravdess_16k/Audio_Speech_Actors_01-24_16k/Actor_21/03-01-08-01-01-02-21.wav,moderate,1,actor_21,test,en,ravdess_statement_01,studio,controlled,Kids are talking by the door.,ravdess_emotion=surprised; intensity=normal; repetition=02
03-01-08-01-02-01-21,C:/Project/AI-STRESS-DETECTOR/data/public/ravdess_16k/Audio_Speech_Actors_01-24_16k/Actor_21/03-01-08-01-02-01-21.wav,moderate,1,actor_21,test,en,ravdess_statement_02,studio,controlled,Dogs are sitting by the door.,ravdess_emotion=surprised; intensity=normal; repetition=01
03-01-08-01-02-02-21,C:/Project/AI-STRESS-DETECTOR/data/public/ravdess_16k/Audio_Speech_Actors_01-24_16k/Actor_21/03-01-08-01-02-02-21.wav,moderate,1,actor_21,test,en,ravdess_statement_02,studio,controlled,Dogs are sitting by the door.,ravdess_emotion=surprised; intensity=normal; repetition=02
03-01-08-02-01-01-21,C:/Project/AI-STRESS-DETECTOR/data/public/ravdess_16k/Audio_Speech_Actors_01-24_16k/Actor_21/03-01-08-02-01-01-21.wav,high,2,actor_21,test,en,ravdess_statement_01,studio,controlled,Kids are talking by the door.,ravdess_emotion=surprised; intensity=strong; repetition=01
03-01-08-02-01-02-21,C:/Project/AI-STRESS-DETECTOR/data/public/ravdess_16k/Audio_Speech_Actors_01-24_16k/Actor_21/03-01-08-02-01-02-21.wav,high,2,actor_21,test,en,ravdess_statement_01,studio,controlled,Kids are talking by the door.,ravdess_emotion=surprised; intensity=strong; repetition=02
03-01-08-02-02-01-21,C:/Project/AI-STRESS-DETECTOR/data/public/ravdess_16k/Audio_Speech_Actors_01-24_16k/Actor_21/03-01-08-02-02-01-21.wav,high,2,actor_21,test,en,ravdess_statement_02,studio,controlled,Dogs are sitting by the door.,ravdess_emotion=surprised; intensity=strong; repetition=01
03-01-08-02-02-02-21,C:/Project/AI-STRESS-DETECTOR/data/public/ravdess_16k/Audio_Speech_Actors_01-24_16k/Actor_21/03-01-08-02-02-02-21.wav,high,2,actor_21,test,en,ravdess_statement_02,studio,controlled,Dogs are sitting by the door.,ravdess_emotion=surprised; intensity=strong; repetition=02
03-01-01-01-01-01-22,C:/Project/AI-STRESS-DETECTOR/data/public/ravdess_16k/Audio_Speech_Actors_01-24_16k/Actor_22/03-01-01-01-01-01-22.wav,low,0,actor_22,test,en,ravdess_statement_01,studio,controlled,Kids are talking by the door.,ravdess_emotion=neutral; intensity=normal; repetition=01
03-01-01-01-01-02-22,C:/Project/AI-STRESS-DETECTOR/data/public/ravdess_16k/Audio_Speech_Actors_01-24_16k/Actor_22/03-01-01-01-01-02-22.wav,low,0,actor_22,test,en,ravdess_statement_01,studio,controlled,Kids are talking by the door.,ravdess_emotion=neutral; intensity=normal; repetition=02
03-01-01-01-02-01-22,C:/Project/AI-STRESS-DETECTOR/data/public/ravdess_16k/Audio_Speech_Actors_01-24_16k/Actor_22/03-01-01-01-02-01-22.wav,low,0,actor_22,test,en,ravdess_statement_02,studio,controlled,Dogs are sitting by the door.,ravdess_emotion=neutral; intensity=normal; repetition=01
03-01-01-01-02-02-22,C:/Project/AI-STRESS-DETECTOR/data/public/ravdess_16k/Audio_Speech_Actors_01-24_16k/Actor_22/03-01-01-01-02-02-22.wav,low,0,actor_22,test,en,ravdess_statement_02,studio,controlled,Dogs are sitting by the door.,ravdess_emotion=neutral; intensity=normal; repetition=02
03-01-02-01-01-01-22,C:/Project/AI-STRESS-DETECTOR/data/public/ravdess_16k/Audio_Speech_Actors_01-24_16k/Actor_22/03-01-02-01-01-01-22.wav,low,0,actor_22,test,en,ravdess_statement_01,studio,controlled,Kids are talking by the door.,ravdess_emotion=calm; intensity=normal; repetition=01
03-01-02-01-01-02-22,C:/Project/AI-STRESS-DETECTOR/data/public/ravdess_16k/Audio_Speech_Actors_01-24_16k/Actor_22/03-01-02-01-01-02-22.wav,low,0,actor_22,test,en,ravdess_statement_01,studio,controlled,Kids are talking by the door.,ravdess_emotion=calm; intensity=normal; repetition=02
03-01-02-01-02-01-22,C:/Project/AI-STRESS-DETECTOR/data/public/ravdess_16k/Audio_Speech_Actors_01-24_16k/Actor_22/03-01-02-01-02-01-22.wav,low,0,actor_22,test,en,ravdess_statement_02,studio,controlled,Dogs are sitting by the door.,ravdess_emotion=calm; intensity=normal; repetition=01
03-01-02-01-02-02-22,C:/Project/AI-STRESS-DETECTOR/data/public/ravdess_16k/Audio_Speech_Actors_01-24_16k/Actor_22/03-01-02-01-02-02-22.wav,low,0,actor_22,test,en,ravdess_statement_02,studio,controlled,Dogs are sitting by the door.,ravdess_emotion=calm; intensity=normal; repetition=02
03-01-02-02-01-01-22,C:/Project/AI-STRESS-DETECTOR/data/public/ravdess_16k/Audio_Speech_Actors_01-24_16k/Actor_22/03-01-02-02-01-01-22.wav,moderate,1,actor_22,test,en,ravdess_statement_01,studio,controlled,Kids are talking by the door.,ravdess_emotion=calm; intensity=strong; repetition=01
03-01-02-02-01-02-22,C:/Project/AI-STRESS-DETECTOR/data/public/ravdess_16k/Audio_Speech_Actors_01-24_16k/Actor_22/03-01-02-02-01-02-22.wav,moderate,1,actor_22,test,en,ravdess_statement_01,studio,controlled,Kids are talking by the door.,ravdess_emotion=calm; intensity=strong; repetition=02
03-01-02-02-02-01-22,C:/Project/AI-STRESS-DETECTOR/data/public/ravdess_16k/Audio_Speech_Actors_01-24_16k/Actor_22/03-01-02-02-02-01-22.wav,moderate,1,actor_22,test,en,ravdess_statement_02,studio,controlled,Dogs are sitting by the door.,ravdess_emotion=calm; intensity=strong; repetition=01
03-01-02-02-02-02-22,C:/Project/AI-STRESS-DETECTOR/data/public/ravdess_16k/Audio_Speech_Actors_01-24_16k/Actor_22/03-01-02-02-02-02-22.wav,moderate,1,actor_22,test,en,ravdess_statement_02,studio,controlled,Dogs are sitting by the door.,ravdess_emotion=calm; intensity=strong; repetition=02
03-01-03-01-01-01-22,C:/Project/AI-STRESS-DETECTOR/data/public/ravdess_16k/Audio_Speech_Actors_01-24_16k/Actor_22/03-01-03-01-01-01-22.wav,moderate,1,actor_22,test,en,ravdess_statement_01,studio,controlled,Kids are talking by the door.,ravdess_emotion=happy; intensity=normal; repetition=01
03-01-03-01-01-02-22,C:/Project/AI-STRESS-DETECTOR/data/public/ravdess_16k/Audio_Speech_Actors_01-24_16k/Actor_22/03-01-03-01-01-02-22.wav,moderate,1,actor_22,test,en,ravdess_statement_01,studio,controlled,Kids are talking by the door.,ravdess_emotion=happy; intensity=normal; repetition=02
03-01-03-01-02-01-22,C:/Project/AI-STRESS-DETECTOR/data/public/ravdess_16k/Audio_Speech_Actors_01-24_16k/Actor_22/03-01-03-01-02-01-22.wav,moderate,1,actor_22,test,en,ravdess_statement_02,studio,controlled,Dogs are sitting by the door.,ravdess_emotion=happy; intensity=normal; repetition=01
03-01-03-01-02-02-22,C:/Project/AI-STRESS-DETECTOR/data/public/ravdess_16k/Audio_Speech_Actors_01-24_16k/Actor_22/03-01-03-01-02-02-22.wav,moderate,1,actor_22,test,en,ravdess_statement_02,studio,controlled,Dogs are sitting by the door.,ravdess_emotion=happy; intensity=normal; repetition=02
03-01-03-02-01-01-22,C:/Project/AI-STRESS-DETECTOR/data/public/ravdess_16k/Audio_Speech_Actors_01-24_16k/Actor_22/03-01-03-02-01-01-22.wav,moderate,1,actor_22,test,en,ravdess_statement_01,studio,controlled,Kids are talking by the door.,ravdess_emotion=happy; intensity=strong; repetition=01
03-01-03-02-01-02-22,C:/Project/AI-STRESS-DETECTOR/data/public/ravdess_16k/Audio_Speech_Actors_01-24_16k/Actor_22/03-01-03-02-01-02-22.wav,moderate,1,actor_22,test,en,ravdess_statement_01,studio,controlled,Kids are talking by the door.,ravdess_emotion=happy; intensity=strong; repetition=02
03-01-03-02-02-01-22,C:/Project/AI-STRESS-DETECTOR/data/public/ravdess_16k/Audio_Speech_Actors_01-24_16k/Actor_22/03-01-03-02-02-01-22.wav,moderate,1,actor_22,test,en,ravdess_statement_02,studio,controlled,Dogs are sitting by the door.,ravdess_emotion=happy; intensity=strong; repetition=01
03-01-03-02-02-02-22,C:/Project/AI-STRESS-DETECTOR/data/public/ravdess_16k/Audio_Speech_Actors_01-24_16k/Actor_22/03-01-03-02-02-02-22.wav,moderate,1,actor_22,test,en,ravdess_statement_02,studio,controlled,Dogs are sitting by the door.,ravdess_emotion=happy; intensity=strong; repetition=02
03-01-04-01-01-01-22,C:/Project/AI-STRESS-DETECTOR/data/public/ravdess_16k/Audio_Speech_Actors_01-24_16k/Actor_22/03-01-04-01-01-01-22.wav,moderate,1,actor_22,test,en,ravdess_statement_01,studio,controlled,Kids are talking by the door.,ravdess_emotion=sad; intensity=normal; repetition=01
03-01-04-01-01-02-22,C:/Project/AI-STRESS-DETECTOR/data/public/ravdess_16k/Audio_Speech_Actors_01-24_16k/Actor_22/03-01-04-01-01-02-22.wav,moderate,1,actor_22,test,en,ravdess_statement_01,studio,controlled,Kids are talking by the door.,ravdess_emotion=sad; intensity=normal; repetition=02
03-01-04-01-02-01-22,C:/Project/AI-STRESS-DETECTOR/data/public/ravdess_16k/Audio_Speech_Actors_01-24_16k/Actor_22/03-01-04-01-02-01-22.wav,moderate,1,actor_22,test,en,ravdess_statement_02,studio,controlled,Dogs are sitting by the door.,ravdess_emotion=sad; intensity=normal; repetition=01
03-01-04-01-02-02-22,C:/Project/AI-STRESS-DETECTOR/data/public/ravdess_16k/Audio_Speech_Actors_01-24_16k/Actor_22/03-01-04-01-02-02-22.wav,moderate,1,actor_22,test,en,ravdess_statement_02,studio,controlled,Dogs are sitting by the door.,ravdess_emotion=sad; intensity=normal; repetition=02
03-01-04-02-01-01-22,C:/Project/AI-STRESS-DETECTOR/data/public/ravdess_16k/Audio_Speech_Actors_01-24_16k/Actor_22/03-01-04-02-01-01-22.wav,high,2,actor_22,test,en,ravdess_statement_01,studio,controlled,Kids are talking by the door.,ravdess_emotion=sad; intensity=strong; repetition=01
03-01-04-02-01-02-22,C:/Project/AI-STRESS-DETECTOR/data/public/ravdess_16k/Audio_Speech_Actors_01-24_16k/Actor_22/03-01-04-02-01-02-22.wav,high,2,actor_22,test,en,ravdess_statement_01,studio,controlled,Kids are talking by the door.,ravdess_emotion=sad; intensity=strong; repetition=02
03-01-04-02-02-01-22,C:/Project/AI-STRESS-DETECTOR/data/public/ravdess_16k/Audio_Speech_Actors_01-24_16k/Actor_22/03-01-04-02-02-01-22.wav,high,2,actor_22,test,en,ravdess_statement_02,studio,controlled,Dogs are sitting by the door.,ravdess_emotion=sad; intensity=strong; repetition=01
03-01-04-02-02-02-22,C:/Project/AI-STRESS-DETECTOR/data/public/ravdess_16k/Audio_Speech_Actors_01-24_16k/Actor_22/03-01-04-02-02-02-22.wav,high,2,actor_22,test,en,ravdess_statement_02,studio,controlled,Dogs are sitting by the door.,ravdess_emotion=sad; intensity=strong; repetition=02
03-01-05-01-01-01-22,C:/Project/AI-STRESS-DETECTOR/data/public/ravdess_16k/Audio_Speech_Actors_01-24_16k/Actor_22/03-01-05-01-01-01-22.wav,high,2,actor_22,test,en,ravdess_statement_01,studio,controlled,Kids are talking by the door.,ravdess_emotion=angry; intensity=normal; repetition=01
03-01-05-01-01-02-22,C:/Project/AI-STRESS-DETECTOR/data/public/ravdess_16k/Audio_Speech_Actors_01-24_16k/Actor_22/03-01-05-01-01-02-22.wav,high,2,actor_22,test,en,ravdess_statement_01,studio,controlled,Kids are talking by the door.,ravdess_emotion=angry; intensity=normal; repetition=02
03-01-05-01-02-01-22,C:/Project/AI-STRESS-DETECTOR/data/public/ravdess_16k/Audio_Speech_Actors_01-24_16k/Actor_22/03-01-05-01-02-01-22.wav,high,2,actor_22,test,en,ravdess_statement_02,studio,controlled,Dogs are sitting by the door.,ravdess_emotion=angry; intensity=normal; repetition=01
03-01-05-01-02-02-22,C:/Project/AI-STRESS-DETECTOR/data/public/ravdess_16k/Audio_Speech_Actors_01-24_16k/Actor_22/03-01-05-01-02-02-22.wav,high,2,actor_22,test,en,ravdess_statement_02,studio,controlled,Dogs are sitting by the door.,ravdess_emotion=angry; intensity=normal; repetition=02
03-01-05-02-01-01-22,C:/Project/AI-STRESS-DETECTOR/data/public/ravdess_16k/Audio_Speech_Actors_01-24_16k/Actor_22/03-01-05-02-01-01-22.wav,severe,3,actor_22,test,en,ravdess_statement_01,studio,controlled,Kids are talking by the door.,ravdess_emotion=angry; intensity=strong; repetition=01
03-01-05-02-01-02-22,C:/Project/AI-STRESS-DETECTOR/data/public/ravdess_16k/Audio_Speech_Actors_01-24_16k/Actor_22/03-01-05-02-01-02-22.wav,severe,3,actor_22,test,en,ravdess_statement_01,studio,controlled,Kids are talking by the door.,ravdess_emotion=angry; intensity=strong; repetition=02
03-01-05-02-02-01-22,C:/Project/AI-STRESS-DETECTOR/data/public/ravdess_16k/Audio_Speech_Actors_01-24_16k/Actor_22/03-01-05-02-02-01-22.wav,severe,3,actor_22,test,en,ravdess_statement_02,studio,controlled,Dogs are sitting by the door.,ravdess_emotion=angry; intensity=strong; repetition=01
03-01-05-02-02-02-22,C:/Project/AI-STRESS-DETECTOR/data/public/ravdess_16k/Audio_Speech_Actors_01-24_16k/Actor_22/03-01-05-02-02-02-22.wav,severe,3,actor_22,test,en,ravdess_statement_02,studio,controlled,Dogs are sitting by the door.,ravdess_emotion=angry; intensity=strong; repetition=02
03-01-06-01-01-01-22,C:/Project/AI-STRESS-DETECTOR/data/public/ravdess_16k/Audio_Speech_Actors_01-24_16k/Actor_22/03-01-06-01-01-01-22.wav,high,2,actor_22,test,en,ravdess_statement_01,studio,controlled,Kids are talking by the door.,ravdess_emotion=fearful; intensity=normal; repetition=01
03-01-06-01-01-02-22,C:/Project/AI-STRESS-DETECTOR/data/public/ravdess_16k/Audio_Speech_Actors_01-24_16k/Actor_22/03-01-06-01-01-02-22.wav,high,2,actor_22,test,en,ravdess_statement_01,studio,controlled,Kids are talking by the door.,ravdess_emotion=fearful; intensity=normal; repetition=02
03-01-06-01-02-01-22,C:/Project/AI-STRESS-DETECTOR/data/public/ravdess_16k/Audio_Speech_Actors_01-24_16k/Actor_22/03-01-06-01-02-01-22.wav,high,2,actor_22,test,en,ravdess_statement_02,studio,controlled,Dogs are sitting by the door.,ravdess_emotion=fearful; intensity=normal; repetition=01
03-01-06-01-02-02-22,C:/Project/AI-STRESS-DETECTOR/data/public/ravdess_16k/Audio_Speech_Actors_01-24_16k/Actor_22/03-01-06-01-02-02-22.wav,high,2,actor_22,test,en,ravdess_statement_02,studio,controlled,Dogs are sitting by the door.,ravdess_emotion=fearful; intensity=normal; repetition=02
03-01-06-02-01-01-22,C:/Project/AI-STRESS-DETECTOR/data/public/ravdess_16k/Audio_Speech_Actors_01-24_16k/Actor_22/03-01-06-02-01-01-22.wav,severe,3,actor_22,test,en,ravdess_statement_01,studio,controlled,Kids are talking by the door.,ravdess_emotion=fearful; intensity=strong; repetition=01
03-01-06-02-01-02-22,C:/Project/AI-STRESS-DETECTOR/data/public/ravdess_16k/Audio_Speech_Actors_01-24_16k/Actor_22/03-01-06-02-01-02-22.wav,severe,3,actor_22,test,en,ravdess_statement_01,studio,controlled,Kids are talking by the door.,ravdess_emotion=fearful; intensity=strong; repetition=02
03-01-06-02-02-01-22,C:/Project/AI-STRESS-DETECTOR/data/public/ravdess_16k/Audio_Speech_Actors_01-24_16k/Actor_22/03-01-06-02-02-01-22.wav,severe,3,actor_22,test,en,ravdess_statement_02,studio,controlled,Dogs are sitting by the door.,ravdess_emotion=fearful; intensity=strong; repetition=01
03-01-06-02-02-02-22,C:/Project/AI-STRESS-DETECTOR/data/public/ravdess_16k/Audio_Speech_Actors_01-24_16k/Actor_22/03-01-06-02-02-02-22.wav,severe,3,actor_22,test,en,ravdess_statement_02,studio,controlled,Dogs are sitting by the door.,ravdess_emotion=fearful; intensity=strong; repetition=02
03-01-07-01-01-01-22,C:/Project/AI-STRESS-DETECTOR/data/public/ravdess_16k/Audio_Speech_Actors_01-24_16k/Actor_22/03-01-07-01-01-01-22.wav,high,2,actor_22,test,en,ravdess_statement_01,studio,controlled,Kids are talking by the door.,ravdess_emotion=disgust; intensity=normal; repetition=01
03-01-07-01-01-02-22,C:/Project/AI-STRESS-DETECTOR/data/public/ravdess_16k/Audio_Speech_Actors_01-24_16k/Actor_22/03-01-07-01-01-02-22.wav,high,2,actor_22,test,en,ravdess_statement_01,studio,controlled,Kids are talking by the door.,ravdess_emotion=disgust; intensity=normal; repetition=02
03-01-07-01-02-01-22,C:/Project/AI-STRESS-DETECTOR/data/public/ravdess_16k/Audio_Speech_Actors_01-24_16k/Actor_22/03-01-07-01-02-01-22.wav,high,2,actor_22,test,en,ravdess_statement_02,studio,controlled,Dogs are sitting by the door.,ravdess_emotion=disgust; intensity=normal; repetition=01
03-01-07-01-02-02-22,C:/Project/AI-STRESS-DETECTOR/data/public/ravdess_16k/Audio_Speech_Actors_01-24_16k/Actor_22/03-01-07-01-02-02-22.wav,high,2,actor_22,test,en,ravdess_statement_02,studio,controlled,Dogs are sitting by the door.,ravdess_emotion=disgust; intensity=normal; repetition=02
03-01-07-02-01-01-22,C:/Project/AI-STRESS-DETECTOR/data/public/ravdess_16k/Audio_Speech_Actors_01-24_16k/Actor_22/03-01-07-02-01-01-22.wav,severe,3,actor_22,test,en,ravdess_statement_01,studio,controlled,Kids are talking by the door.,ravdess_emotion=disgust; intensity=strong; repetition=01
03-01-07-02-01-02-22,C:/Project/AI-STRESS-DETECTOR/data/public/ravdess_16k/Audio_Speech_Actors_01-24_16k/Actor_22/03-01-07-02-01-02-22.wav,severe,3,actor_22,test,en,ravdess_statement_01,studio,controlled,Kids are talking by the door.,ravdess_emotion=disgust; intensity=strong; repetition=02
03-01-07-02-02-01-22,C:/Project/AI-STRESS-DETECTOR/data/public/ravdess_16k/Audio_Speech_Actors_01-24_16k/Actor_22/03-01-07-02-02-01-22.wav,severe,3,actor_22,test,en,ravdess_statement_02,studio,controlled,Dogs are sitting by the door.,ravdess_emotion=disgust; intensity=strong; repetition=01
03-01-07-02-02-02-22,C:/Project/AI-STRESS-DETECTOR/data/public/ravdess_16k/Audio_Speech_Actors_01-24_16k/Actor_22/03-01-07-02-02-02-22.wav,severe,3,actor_22,test,en,ravdess_statement_02,studio,controlled,Dogs are sitting by the door.,ravdess_emotion=disgust; intensity=strong; repetition=02
03-01-08-01-01-01-22,C:/Project/AI-STRESS-DETECTOR/data/public/ravdess_16k/Audio_Speech_Actors_01-24_16k/Actor_22/03-01-08-01-01-01-22.wav,moderate,1,actor_22,test,en,ravdess_statement_01,studio,controlled,Kids are talking by the door.,ravdess_emotion=surprised; intensity=normal; repetition=01
03-01-08-01-01-02-22,C:/Project/AI-STRESS-DETECTOR/data/public/ravdess_16k/Audio_Speech_Actors_01-24_16k/Actor_22/03-01-08-01-01-02-22.wav,moderate,1,actor_22,test,en,ravdess_statement_01,studio,controlled,Kids are talking by the door.,ravdess_emotion=surprised; intensity=normal; repetition=02
03-01-08-01-02-01-22,C:/Project/AI-STRESS-DETECTOR/data/public/ravdess_16k/Audio_Speech_Actors_01-24_16k/Actor_22/03-01-08-01-02-01-22.wav,moderate,1,actor_22,test,en,ravdess_statement_02,studio,controlled,Dogs are sitting by the door.,ravdess_emotion=surprised; intensity=normal; repetition=01
03-01-08-01-02-02-22,C:/Project/AI-STRESS-DETECTOR/data/public/ravdess_16k/Audio_Speech_Actors_01-24_16k/Actor_22/03-01-08-01-02-02-22.wav,moderate,1,actor_22,test,en,ravdess_statement_02,studio,controlled,Dogs are sitting by the door.,ravdess_emotion=surprised; intensity=normal; repetition=02
03-01-08-02-01-01-22,C:/Project/AI-STRESS-DETECTOR/data/public/ravdess_16k/Audio_Speech_Actors_01-24_16k/Actor_22/03-01-08-02-01-01-22.wav,high,2,actor_22,test,en,ravdess_statement_01,studio,controlled,Kids are talking by the door.,ravdess_emotion=surprised; intensity=strong; repetition=01
03-01-08-02-01-02-22,C:/Project/AI-STRESS-DETECTOR/data/public/ravdess_16k/Audio_Speech_Actors_01-24_16k/Actor_22/03-01-08-02-01-02-22.wav,high,2,actor_22,test,en,ravdess_statement_01,studio,controlled,Kids are talking by the door.,ravdess_emotion=surprised; intensity=strong; repetition=02
03-01-08-02-02-01-22,C:/Project/AI-STRESS-DETECTOR/data/public/ravdess_16k/Audio_Speech_Actors_01-24_16k/Actor_22/03-01-08-02-02-01-22.wav,high,2,actor_22,test,en,ravdess_statement_02,studio,controlled,Dogs are sitting by the door.,ravdess_emotion=surprised; intensity=strong; repetition=01
03-01-08-02-02-02-22,C:/Project/AI-STRESS-DETECTOR/data/public/ravdess_16k/Audio_Speech_Actors_01-24_16k/Actor_22/03-01-08-02-02-02-22.wav,high,2,actor_22,test,en,ravdess_statement_02,studio,controlled,Dogs are sitting by the door.,ravdess_emotion=surprised; intensity=strong; repetition=02
03-01-01-01-01-01-23,C:/Project/AI-STRESS-DETECTOR/data/public/ravdess_16k/Audio_Speech_Actors_01-24_16k/Actor_23/03-01-01-01-01-01-23.wav,low,0,actor_23,test,en,ravdess_statement_01,studio,controlled,Kids are talking by the door.,ravdess_emotion=neutral; intensity=normal; repetition=01
03-01-01-01-01-02-23,C:/Project/AI-STRESS-DETECTOR/data/public/ravdess_16k/Audio_Speech_Actors_01-24_16k/Actor_23/03-01-01-01-01-02-23.wav,low,0,actor_23,test,en,ravdess_statement_01,studio,controlled,Kids are talking by the door.,ravdess_emotion=neutral; intensity=normal; repetition=02
03-01-01-01-02-01-23,C:/Project/AI-STRESS-DETECTOR/data/public/ravdess_16k/Audio_Speech_Actors_01-24_16k/Actor_23/03-01-01-01-02-01-23.wav,low,0,actor_23,test,en,ravdess_statement_02,studio,controlled,Dogs are sitting by the door.,ravdess_emotion=neutral; intensity=normal; repetition=01
03-01-01-01-02-02-23,C:/Project/AI-STRESS-DETECTOR/data/public/ravdess_16k/Audio_Speech_Actors_01-24_16k/Actor_23/03-01-01-01-02-02-23.wav,low,0,actor_23,test,en,ravdess_statement_02,studio,controlled,Dogs are sitting by the door.,ravdess_emotion=neutral; intensity=normal; repetition=02
03-01-02-01-01-01-23,C:/Project/AI-STRESS-DETECTOR/data/public/ravdess_16k/Audio_Speech_Actors_01-24_16k/Actor_23/03-01-02-01-01-01-23.wav,low,0,actor_23,test,en,ravdess_statement_01,studio,controlled,Kids are talking by the door.,ravdess_emotion=calm; intensity=normal; repetition=01
03-01-02-01-01-02-23,C:/Project/AI-STRESS-DETECTOR/data/public/ravdess_16k/Audio_Speech_Actors_01-24_16k/Actor_23/03-01-02-01-01-02-23.wav,low,0,actor_23,test,en,ravdess_statement_01,studio,controlled,Kids are talking by the door.,ravdess_emotion=calm; intensity=normal; repetition=02
03-01-02-01-02-01-23,C:/Project/AI-STRESS-DETECTOR/data/public/ravdess_16k/Audio_Speech_Actors_01-24_16k/Actor_23/03-01-02-01-02-01-23.wav,low,0,actor_23,test,en,ravdess_statement_02,studio,controlled,Dogs are sitting by the door.,ravdess_emotion=calm; intensity=normal; repetition=01
03-01-02-01-02-02-23,C:/Project/AI-STRESS-DETECTOR/data/public/ravdess_16k/Audio_Speech_Actors_01-24_16k/Actor_23/03-01-02-01-02-02-23.wav,low,0,actor_23,test,en,ravdess_statement_02,studio,controlled,Dogs are sitting by the door.,ravdess_emotion=calm; intensity=normal; repetition=02
03-01-02-02-01-01-23,C:/Project/AI-STRESS-DETECTOR/data/public/ravdess_16k/Audio_Speech_Actors_01-24_16k/Actor_23/03-01-02-02-01-01-23.wav,moderate,1,actor_23,test,en,ravdess_statement_01,studio,controlled,Kids are talking by the door.,ravdess_emotion=calm; intensity=strong; repetition=01
03-01-02-02-01-02-23,C:/Project/AI-STRESS-DETECTOR/data/public/ravdess_16k/Audio_Speech_Actors_01-24_16k/Actor_23/03-01-02-02-01-02-23.wav,moderate,1,actor_23,test,en,ravdess_statement_01,studio,controlled,Kids are talking by the door.,ravdess_emotion=calm; intensity=strong; repetition=02
03-01-02-02-02-01-23,C:/Project/AI-STRESS-DETECTOR/data/public/ravdess_16k/Audio_Speech_Actors_01-24_16k/Actor_23/03-01-02-02-02-01-23.wav,moderate,1,actor_23,test,en,ravdess_statement_02,studio,controlled,Dogs are sitting by the door.,ravdess_emotion=calm; intensity=strong; repetition=01
03-01-02-02-02-02-23,C:/Project/AI-STRESS-DETECTOR/data/public/ravdess_16k/Audio_Speech_Actors_01-24_16k/Actor_23/03-01-02-02-02-02-23.wav,moderate,1,actor_23,test,en,ravdess_statement_02,studio,controlled,Dogs are sitting by the door.,ravdess_emotion=calm; intensity=strong; repetition=02
03-01-03-01-01-01-23,C:/Project/AI-STRESS-DETECTOR/data/public/ravdess_16k/Audio_Speech_Actors_01-24_16k/Actor_23/03-01-03-01-01-01-23.wav,moderate,1,actor_23,test,en,ravdess_statement_01,studio,controlled,Kids are talking by the door.,ravdess_emotion=happy; intensity=normal; repetition=01
03-01-03-01-01-02-23,C:/Project/AI-STRESS-DETECTOR/data/public/ravdess_16k/Audio_Speech_Actors_01-24_16k/Actor_23/03-01-03-01-01-02-23.wav,moderate,1,actor_23,test,en,ravdess_statement_01,studio,controlled,Kids are talking by the door.,ravdess_emotion=happy; intensity=normal; repetition=02
03-01-03-01-02-01-23,C:/Project/AI-STRESS-DETECTOR/data/public/ravdess_16k/Audio_Speech_Actors_01-24_16k/Actor_23/03-01-03-01-02-01-23.wav,moderate,1,actor_23,test,en,ravdess_statement_02,studio,controlled,Dogs are sitting by the door.,ravdess_emotion=happy; intensity=normal; repetition=01
03-01-03-01-02-02-23,C:/Project/AI-STRESS-DETECTOR/data/public/ravdess_16k/Audio_Speech_Actors_01-24_16k/Actor_23/03-01-03-01-02-02-23.wav,moderate,1,actor_23,test,en,ravdess_statement_02,studio,controlled,Dogs are sitting by the door.,ravdess_emotion=happy; intensity=normal; repetition=02
03-01-03-02-01-01-23,C:/Project/AI-STRESS-DETECTOR/data/public/ravdess_16k/Audio_Speech_Actors_01-24_16k/Actor_23/03-01-03-02-01-01-23.wav,moderate,1,actor_23,test,en,ravdess_statement_01,studio,controlled,Kids are talking by the door.,ravdess_emotion=happy; intensity=strong; repetition=01
03-01-03-02-01-02-23,C:/Project/AI-STRESS-DETECTOR/data/public/ravdess_16k/Audio_Speech_Actors_01-24_16k/Actor_23/03-01-03-02-01-02-23.wav,moderate,1,actor_23,test,en,ravdess_statement_01,studio,controlled,Kids are talking by the door.,ravdess_emotion=happy; intensity=strong; repetition=02
03-01-03-02-02-01-23,C:/Project/AI-STRESS-DETECTOR/data/public/ravdess_16k/Audio_Speech_Actors_01-24_16k/Actor_23/03-01-03-02-02-01-23.wav,moderate,1,actor_23,test,en,ravdess_statement_02,studio,controlled,Dogs are sitting by the door.,ravdess_emotion=happy; intensity=strong; repetition=01
03-01-03-02-02-02-23,C:/Project/AI-STRESS-DETECTOR/data/public/ravdess_16k/Audio_Speech_Actors_01-24_16k/Actor_23/03-01-03-02-02-02-23.wav,moderate,1,actor_23,test,en,ravdess_statement_02,studio,controlled,Dogs are sitting by the door.,ravdess_emotion=happy; intensity=strong; repetition=02
03-01-04-01-01-01-23,C:/Project/AI-STRESS-DETECTOR/data/public/ravdess_16k/Audio_Speech_Actors_01-24_16k/Actor_23/03-01-04-01-01-01-23.wav,moderate,1,actor_23,test,en,ravdess_statement_01,studio,controlled,Kids are talking by the door.,ravdess_emotion=sad; intensity=normal; repetition=01
03-01-04-01-01-02-23,C:/Project/AI-STRESS-DETECTOR/data/public/ravdess_16k/Audio_Speech_Actors_01-24_16k/Actor_23/03-01-04-01-01-02-23.wav,moderate,1,actor_23,test,en,ravdess_statement_01,studio,controlled,Kids are talking by the door.,ravdess_emotion=sad; intensity=normal; repetition=02
03-01-04-01-02-01-23,C:/Project/AI-STRESS-DETECTOR/data/public/ravdess_16k/Audio_Speech_Actors_01-24_16k/Actor_23/03-01-04-01-02-01-23.wav,moderate,1,actor_23,test,en,ravdess_statement_02,studio,controlled,Dogs are sitting by the door.,ravdess_emotion=sad; intensity=normal; repetition=01
03-01-04-01-02-02-23,C:/Project/AI-STRESS-DETECTOR/data/public/ravdess_16k/Audio_Speech_Actors_01-24_16k/Actor_23/03-01-04-01-02-02-23.wav,moderate,1,actor_23,test,en,ravdess_statement_02,studio,controlled,Dogs are sitting by the door.,ravdess_emotion=sad; intensity=normal; repetition=02
03-01-04-02-01-01-23,C:/Project/AI-STRESS-DETECTOR/data/public/ravdess_16k/Audio_Speech_Actors_01-24_16k/Actor_23/03-01-04-02-01-01-23.wav,high,2,actor_23,test,en,ravdess_statement_01,studio,controlled,Kids are talking by the door.,ravdess_emotion=sad; intensity=strong; repetition=01
03-01-04-02-01-02-23,C:/Project/AI-STRESS-DETECTOR/data/public/ravdess_16k/Audio_Speech_Actors_01-24_16k/Actor_23/03-01-04-02-01-02-23.wav,high,2,actor_23,test,en,ravdess_statement_01,studio,controlled,Kids are talking by the door.,ravdess_emotion=sad; intensity=strong; repetition=02
03-01-04-02-02-01-23,C:/Project/AI-STRESS-DETECTOR/data/public/ravdess_16k/Audio_Speech_Actors_01-24_16k/Actor_23/03-01-04-02-02-01-23.wav,high,2,actor_23,test,en,ravdess_statement_02,studio,controlled,Dogs are sitting by the door.,ravdess_emotion=sad; intensity=strong; repetition=01
03-01-04-02-02-02-23,C:/Project/AI-STRESS-DETECTOR/data/public/ravdess_16k/Audio_Speech_Actors_01-24_16k/Actor_23/03-01-04-02-02-02-23.wav,high,2,actor_23,test,en,ravdess_statement_02,studio,controlled,Dogs are sitting by the door.,ravdess_emotion=sad; intensity=strong; repetition=02
03-01-05-01-01-01-23,C:/Project/AI-STRESS-DETECTOR/data/public/ravdess_16k/Audio_Speech_Actors_01-24_16k/Actor_23/03-01-05-01-01-01-23.wav,high,2,actor_23,test,en,ravdess_statement_01,studio,controlled,Kids are talking by the door.,ravdess_emotion=angry; intensity=normal; repetition=01
03-01-05-01-01-02-23,C:/Project/AI-STRESS-DETECTOR/data/public/ravdess_16k/Audio_Speech_Actors_01-24_16k/Actor_23/03-01-05-01-01-02-23.wav,high,2,actor_23,test,en,ravdess_statement_01,studio,controlled,Kids are talking by the door.,ravdess_emotion=angry; intensity=normal; repetition=02
03-01-05-01-02-01-23,C:/Project/AI-STRESS-DETECTOR/data/public/ravdess_16k/Audio_Speech_Actors_01-24_16k/Actor_23/03-01-05-01-02-01-23.wav,high,2,actor_23,test,en,ravdess_statement_02,studio,controlled,Dogs are sitting by the door.,ravdess_emotion=angry; intensity=normal; repetition=01
03-01-05-01-02-02-23,C:/Project/AI-STRESS-DETECTOR/data/public/ravdess_16k/Audio_Speech_Actors_01-24_16k/Actor_23/03-01-05-01-02-02-23.wav,high,2,actor_23,test,en,ravdess_statement_02,studio,controlled,Dogs are sitting by the door.,ravdess_emotion=angry; intensity=normal; repetition=02
03-01-05-02-01-01-23,C:/Project/AI-STRESS-DETECTOR/data/public/ravdess_16k/Audio_Speech_Actors_01-24_16k/Actor_23/03-01-05-02-01-01-23.wav,severe,3,actor_23,test,en,ravdess_statement_01,studio,controlled,Kids are talking by the door.,ravdess_emotion=angry; intensity=strong; repetition=01
03-01-05-02-01-02-23,C:/Project/AI-STRESS-DETECTOR/data/public/ravdess_16k/Audio_Speech_Actors_01-24_16k/Actor_23/03-01-05-02-01-02-23.wav,severe,3,actor_23,test,en,ravdess_statement_01,studio,controlled,Kids are talking by the door.,ravdess_emotion=angry; intensity=strong; repetition=02
03-01-05-02-02-01-23,C:/Project/AI-STRESS-DETECTOR/data/public/ravdess_16k/Audio_Speech_Actors_01-24_16k/Actor_23/03-01-05-02-02-01-23.wav,severe,3,actor_23,test,en,ravdess_statement_02,studio,controlled,Dogs are sitting by the door.,ravdess_emotion=angry; intensity=strong; repetition=01
03-01-05-02-02-02-23,C:/Project/AI-STRESS-DETECTOR/data/public/ravdess_16k/Audio_Speech_Actors_01-24_16k/Actor_23/03-01-05-02-02-02-23.wav,severe,3,actor_23,test,en,ravdess_statement_02,studio,controlled,Dogs are sitting by the door.,ravdess_emotion=angry; intensity=strong; repetition=02
03-01-06-01-01-01-23,C:/Project/AI-STRESS-DETECTOR/data/public/ravdess_16k/Audio_Speech_Actors_01-24_16k/Actor_23/03-01-06-01-01-01-23.wav,high,2,actor_23,test,en,ravdess_statement_01,studio,controlled,Kids are talking by the door.,ravdess_emotion=fearful; intensity=normal; repetition=01
03-01-06-01-01-02-23,C:/Project/AI-STRESS-DETECTOR/data/public/ravdess_16k/Audio_Speech_Actors_01-24_16k/Actor_23/03-01-06-01-01-02-23.wav,high,2,actor_23,test,en,ravdess_statement_01,studio,controlled,Kids are talking by the door.,ravdess_emotion=fearful; intensity=normal; repetition=02
03-01-06-01-02-01-23,C:/Project/AI-STRESS-DETECTOR/data/public/ravdess_16k/Audio_Speech_Actors_01-24_16k/Actor_23/03-01-06-01-02-01-23.wav,high,2,actor_23,test,en,ravdess_statement_02,studio,controlled,Dogs are sitting by the door.,ravdess_emotion=fearful; intensity=normal; repetition=01
03-01-06-01-02-02-23,C:/Project/AI-STRESS-DETECTOR/data/public/ravdess_16k/Audio_Speech_Actors_01-24_16k/Actor_23/03-01-06-01-02-02-23.wav,high,2,actor_23,test,en,ravdess_statement_02,studio,controlled,Dogs are sitting by the door.,ravdess_emotion=fearful; intensity=normal; repetition=02
03-01-06-02-01-01-23,C:/Project/AI-STRESS-DETECTOR/data/public/ravdess_16k/Audio_Speech_Actors_01-24_16k/Actor_23/03-01-06-02-01-01-23.wav,severe,3,actor_23,test,en,ravdess_statement_01,studio,controlled,Kids are talking by the door.,ravdess_emotion=fearful; intensity=strong; repetition=01
03-01-06-02-01-02-23,C:/Project/AI-STRESS-DETECTOR/data/public/ravdess_16k/Audio_Speech_Actors_01-24_16k/Actor_23/03-01-06-02-01-02-23.wav,severe,3,actor_23,test,en,ravdess_statement_01,studio,controlled,Kids are talking by the door.,ravdess_emotion=fearful; intensity=strong; repetition=02
03-01-06-02-02-01-23,C:/Project/AI-STRESS-DETECTOR/data/public/ravdess_16k/Audio_Speech_Actors_01-24_16k/Actor_23/03-01-06-02-02-01-23.wav,severe,3,actor_23,test,en,ravdess_statement_02,studio,controlled,Dogs are sitting by the door.,ravdess_emotion=fearful; intensity=strong; repetition=01
03-01-06-02-02-02-23,C:/Project/AI-STRESS-DETECTOR/data/public/ravdess_16k/Audio_Speech_Actors_01-24_16k/Actor_23/03-01-06-02-02-02-23.wav,severe,3,actor_23,test,en,ravdess_statement_02,studio,controlled,Dogs are sitting by the door.,ravdess_emotion=fearful; intensity=strong; repetition=02
03-01-07-01-01-01-23,C:/Project/AI-STRESS-DETECTOR/data/public/ravdess_16k/Audio_Speech_Actors_01-24_16k/Actor_23/03-01-07-01-01-01-23.wav,high,2,actor_23,test,en,ravdess_statement_01,studio,controlled,Kids are talking by the door.,ravdess_emotion=disgust; intensity=normal; repetition=01
03-01-07-01-01-02-23,C:/Project/AI-STRESS-DETECTOR/data/public/ravdess_16k/Audio_Speech_Actors_01-24_16k/Actor_23/03-01-07-01-01-02-23.wav,high,2,actor_23,test,en,ravdess_statement_01,studio,controlled,Kids are talking by the door.,ravdess_emotion=disgust; intensity=normal; repetition=02
03-01-07-01-02-01-23,C:/Project/AI-STRESS-DETECTOR/data/public/ravdess_16k/Audio_Speech_Actors_01-24_16k/Actor_23/03-01-07-01-02-01-23.wav,high,2,actor_23,test,en,ravdess_statement_02,studio,controlled,Dogs are sitting by the door.,ravdess_emotion=disgust; intensity=normal; repetition=01
03-01-07-01-02-02-23,C:/Project/AI-STRESS-DETECTOR/data/public/ravdess_16k/Audio_Speech_Actors_01-24_16k/Actor_23/03-01-07-01-02-02-23.wav,high,2,actor_23,test,en,ravdess_statement_02,studio,controlled,Dogs are sitting by the door.,ravdess_emotion=disgust; intensity=normal; repetition=02
03-01-07-02-01-01-23,C:/Project/AI-STRESS-DETECTOR/data/public/ravdess_16k/Audio_Speech_Actors_01-24_16k/Actor_23/03-01-07-02-01-01-23.wav,severe,3,actor_23,test,en,ravdess_statement_01,studio,controlled,Kids are talking by the door.,ravdess_emotion=disgust; intensity=strong; repetition=01
03-01-07-02-01-02-23,C:/Project/AI-STRESS-DETECTOR/data/public/ravdess_16k/Audio_Speech_Actors_01-24_16k/Actor_23/03-01-07-02-01-02-23.wav,severe,3,actor_23,test,en,ravdess_statement_01,studio,controlled,Kids are talking by the door.,ravdess_emotion=disgust; intensity=strong; repetition=02
03-01-07-02-02-01-23,C:/Project/AI-STRESS-DETECTOR/data/public/ravdess_16k/Audio_Speech_Actors_01-24_16k/Actor_23/03-01-07-02-02-01-23.wav,severe,3,actor_23,test,en,ravdess_statement_02,studio,controlled,Dogs are sitting by the door.,ravdess_emotion=disgust; intensity=strong; repetition=01
03-01-07-02-02-02-23,C:/Project/AI-STRESS-DETECTOR/data/public/ravdess_16k/Audio_Speech_Actors_01-24_16k/Actor_23/03-01-07-02-02-02-23.wav,severe,3,actor_23,test,en,ravdess_statement_02,studio,controlled,Dogs are sitting by the door.,ravdess_emotion=disgust; intensity=strong; repetition=02
03-01-08-01-01-01-23,C:/Project/AI-STRESS-DETECTOR/data/public/ravdess_16k/Audio_Speech_Actors_01-24_16k/Actor_23/03-01-08-01-01-01-23.wav,moderate,1,actor_23,test,en,ravdess_statement_01,studio,controlled,Kids are talking by the door.,ravdess_emotion=surprised; intensity=normal; repetition=01
03-01-08-01-01-02-23,C:/Project/AI-STRESS-DETECTOR/data/public/ravdess_16k/Audio_Speech_Actors_01-24_16k/Actor_23/03-01-08-01-01-02-23.wav,moderate,1,actor_23,test,en,ravdess_statement_01,studio,controlled,Kids are talking by the door.,ravdess_emotion=surprised; intensity=normal; repetition=02
03-01-08-01-02-01-23,C:/Project/AI-STRESS-DETECTOR/data/public/ravdess_16k/Audio_Speech_Actors_01-24_16k/Actor_23/03-01-08-01-02-01-23.wav,moderate,1,actor_23,test,en,ravdess_statement_02,studio,controlled,Dogs are sitting by the door.,ravdess_emotion=surprised; intensity=normal; repetition=01
03-01-08-01-02-02-23,C:/Project/AI-STRESS-DETECTOR/data/public/ravdess_16k/Audio_Speech_Actors_01-24_16k/Actor_23/03-01-08-01-02-02-23.wav,moderate,1,actor_23,test,en,ravdess_statement_02,studio,controlled,Dogs are sitting by the door.,ravdess_emotion=surprised; intensity=normal; repetition=02
03-01-08-02-01-01-23,C:/Project/AI-STRESS-DETECTOR/data/public/ravdess_16k/Audio_Speech_Actors_01-24_16k/Actor_23/03-01-08-02-01-01-23.wav,high,2,actor_23,test,en,ravdess_statement_01,studio,controlled,Kids are talking by the door.,ravdess_emotion=surprised; intensity=strong; repetition=01
03-01-08-02-01-02-23,C:/Project/AI-STRESS-DETECTOR/data/public/ravdess_16k/Audio_Speech_Actors_01-24_16k/Actor_23/03-01-08-02-01-02-23.wav,high,2,actor_23,test,en,ravdess_statement_01,studio,controlled,Kids are talking by the door.,ravdess_emotion=surprised; intensity=strong; repetition=02
03-01-08-02-02-01-23,C:/Project/AI-STRESS-DETECTOR/data/public/ravdess_16k/Audio_Speech_Actors_01-24_16k/Actor_23/03-01-08-02-02-01-23.wav,high,2,actor_23,test,en,ravdess_statement_02,studio,controlled,Dogs are sitting by the door.,ravdess_emotion=surprised; intensity=strong; repetition=01
03-01-08-02-02-02-23,C:/Project/AI-STRESS-DETECTOR/data/public/ravdess_16k/Audio_Speech_Actors_01-24_16k/Actor_23/03-01-08-02-02-02-23.wav,high,2,actor_23,test,en,ravdess_statement_02,studio,controlled,Dogs are sitting by the door.,ravdess_emotion=surprised; intensity=strong; repetition=02
03-01-01-01-01-01-24,C:/Project/AI-STRESS-DETECTOR/data/public/ravdess_16k/Audio_Speech_Actors_01-24_16k/Actor_24/03-01-01-01-01-01-24.wav,low,0,actor_24,test,en,ravdess_statement_01,studio,controlled,Kids are talking by the door.,ravdess_emotion=neutral; intensity=normal; repetition=01
03-01-01-01-01-02-24,C:/Project/AI-STRESS-DETECTOR/data/public/ravdess_16k/Audio_Speech_Actors_01-24_16k/Actor_24/03-01-01-01-01-02-24.wav,low,0,actor_24,test,en,ravdess_statement_01,studio,controlled,Kids are talking by the door.,ravdess_emotion=neutral; intensity=normal; repetition=02
03-01-01-01-02-01-24,C:/Project/AI-STRESS-DETECTOR/data/public/ravdess_16k/Audio_Speech_Actors_01-24_16k/Actor_24/03-01-01-01-02-01-24.wav,low,0,actor_24,test,en,ravdess_statement_02,studio,controlled,Dogs are sitting by the door.,ravdess_emotion=neutral; intensity=normal; repetition=01
03-01-01-01-02-02-24,C:/Project/AI-STRESS-DETECTOR/data/public/ravdess_16k/Audio_Speech_Actors_01-24_16k/Actor_24/03-01-01-01-02-02-24.wav,low,0,actor_24,test,en,ravdess_statement_02,studio,controlled,Dogs are sitting by the door.,ravdess_emotion=neutral; intensity=normal; repetition=02
03-01-02-01-01-01-24,C:/Project/AI-STRESS-DETECTOR/data/public/ravdess_16k/Audio_Speech_Actors_01-24_16k/Actor_24/03-01-02-01-01-01-24.wav,low,0,actor_24,test,en,ravdess_statement_01,studio,controlled,Kids are talking by the door.,ravdess_emotion=calm; intensity=normal; repetition=01
03-01-02-01-01-02-24,C:/Project/AI-STRESS-DETECTOR/data/public/ravdess_16k/Audio_Speech_Actors_01-24_16k/Actor_24/03-01-02-01-01-02-24.wav,low,0,actor_24,test,en,ravdess_statement_01,studio,controlled,Kids are talking by the door.,ravdess_emotion=calm; intensity=normal; repetition=02
03-01-02-01-02-01-24,C:/Project/AI-STRESS-DETECTOR/data/public/ravdess_16k/Audio_Speech_Actors_01-24_16k/Actor_24/03-01-02-01-02-01-24.wav,low,0,actor_24,test,en,ravdess_statement_02,studio,controlled,Dogs are sitting by the door.,ravdess_emotion=calm; intensity=normal; repetition=01
03-01-02-01-02-02-24,C:/Project/AI-STRESS-DETECTOR/data/public/ravdess_16k/Audio_Speech_Actors_01-24_16k/Actor_24/03-01-02-01-02-02-24.wav,low,0,actor_24,test,en,ravdess_statement_02,studio,controlled,Dogs are sitting by the door.,ravdess_emotion=calm; intensity=normal; repetition=02
03-01-02-02-01-01-24,C:/Project/AI-STRESS-DETECTOR/data/public/ravdess_16k/Audio_Speech_Actors_01-24_16k/Actor_24/03-01-02-02-01-01-24.wav,moderate,1,actor_24,test,en,ravdess_statement_01,studio,controlled,Kids are talking by the door.,ravdess_emotion=calm; intensity=strong; repetition=01
03-01-02-02-01-02-24,C:/Project/AI-STRESS-DETECTOR/data/public/ravdess_16k/Audio_Speech_Actors_01-24_16k/Actor_24/03-01-02-02-01-02-24.wav,moderate,1,actor_24,test,en,ravdess_statement_01,studio,controlled,Kids are talking by the door.,ravdess_emotion=calm; intensity=strong; repetition=02
03-01-02-02-02-01-24,C:/Project/AI-STRESS-DETECTOR/data/public/ravdess_16k/Audio_Speech_Actors_01-24_16k/Actor_24/03-01-02-02-02-01-24.wav,moderate,1,actor_24,test,en,ravdess_statement_02,studio,controlled,Dogs are sitting by the door.,ravdess_emotion=calm; intensity=strong; repetition=01
03-01-02-02-02-02-24,C:/Project/AI-STRESS-DETECTOR/data/public/ravdess_16k/Audio_Speech_Actors_01-24_16k/Actor_24/03-01-02-02-02-02-24.wav,moderate,1,actor_24,test,en,ravdess_statement_02,studio,controlled,Dogs are sitting by the door.,ravdess_emotion=calm; intensity=strong; repetition=02
03-01-03-01-01-01-24,C:/Project/AI-STRESS-DETECTOR/data/public/ravdess_16k/Audio_Speech_Actors_01-24_16k/Actor_24/03-01-03-01-01-01-24.wav,moderate,1,actor_24,test,en,ravdess_statement_01,studio,controlled,Kids are talking by the door.,ravdess_emotion=happy; intensity=normal; repetition=01
03-01-03-01-01-02-24,C:/Project/AI-STRESS-DETECTOR/data/public/ravdess_16k/Audio_Speech_Actors_01-24_16k/Actor_24/03-01-03-01-01-02-24.wav,moderate,1,actor_24,test,en,ravdess_statement_01,studio,controlled,Kids are talking by the door.,ravdess_emotion=happy; intensity=normal; repetition=02
03-01-03-01-02-01-24,C:/Project/AI-STRESS-DETECTOR/data/public/ravdess_16k/Audio_Speech_Actors_01-24_16k/Actor_24/03-01-03-01-02-01-24.wav,moderate,1,actor_24,test,en,ravdess_statement_02,studio,controlled,Dogs are sitting by the door.,ravdess_emotion=happy; intensity=normal; repetition=01
03-01-03-01-02-02-24,C:/Project/AI-STRESS-DETECTOR/data/public/ravdess_16k/Audio_Speech_Actors_01-24_16k/Actor_24/03-01-03-01-02-02-24.wav,moderate,1,actor_24,test,en,ravdess_statement_02,studio,controlled,Dogs are sitting by the door.,ravdess_emotion=happy; intensity=normal; repetition=02
03-01-03-02-01-01-24,C:/Project/AI-STRESS-DETECTOR/data/public/ravdess_16k/Audio_Speech_Actors_01-24_16k/Actor_24/03-01-03-02-01-01-24.wav,moderate,1,actor_24,test,en,ravdess_statement_01,studio,controlled,Kids are talking by the door.,ravdess_emotion=happy; intensity=strong; repetition=01
03-01-03-02-01-02-24,C:/Project/AI-STRESS-DETECTOR/data/public/ravdess_16k/Audio_Speech_Actors_01-24_16k/Actor_24/03-01-03-02-01-02-24.wav,moderate,1,actor_24,test,en,ravdess_statement_01,studio,controlled,Kids are talking by the door.,ravdess_emotion=happy; intensity=strong; repetition=02
03-01-03-02-02-01-24,C:/Project/AI-STRESS-DETECTOR/data/public/ravdess_16k/Audio_Speech_Actors_01-24_16k/Actor_24/03-01-03-02-02-01-24.wav,moderate,1,actor_24,test,en,ravdess_statement_02,studio,controlled,Dogs are sitting by the door.,ravdess_emotion=happy; intensity=strong; repetition=01
03-01-03-02-02-02-24,C:/Project/AI-STRESS-DETECTOR/data/public/ravdess_16k/Audio_Speech_Actors_01-24_16k/Actor_24/03-01-03-02-02-02-24.wav,moderate,1,actor_24,test,en,ravdess_statement_02,studio,controlled,Dogs are sitting by the door.,ravdess_emotion=happy; intensity=strong; repetition=02
03-01-04-01-01-01-24,C:/Project/AI-STRESS-DETECTOR/data/public/ravdess_16k/Audio_Speech_Actors_01-24_16k/Actor_24/03-01-04-01-01-01-24.wav,moderate,1,actor_24,test,en,ravdess_statement_01,studio,controlled,Kids are talking by the door.,ravdess_emotion=sad; intensity=normal; repetition=01
03-01-04-01-01-02-24,C:/Project/AI-STRESS-DETECTOR/data/public/ravdess_16k/Audio_Speech_Actors_01-24_16k/Actor_24/03-01-04-01-01-02-24.wav,moderate,1,actor_24,test,en,ravdess_statement_01,studio,controlled,Kids are talking by the door.,ravdess_emotion=sad; intensity=normal; repetition=02
03-01-04-01-02-01-24,C:/Project/AI-STRESS-DETECTOR/data/public/ravdess_16k/Audio_Speech_Actors_01-24_16k/Actor_24/03-01-04-01-02-01-24.wav,moderate,1,actor_24,test,en,ravdess_statement_02,studio,controlled,Dogs are sitting by the door.,ravdess_emotion=sad; intensity=normal; repetition=01
03-01-04-01-02-02-24,C:/Project/AI-STRESS-DETECTOR/data/public/ravdess_16k/Audio_Speech_Actors_01-24_16k/Actor_24/03-01-04-01-02-02-24.wav,moderate,1,actor_24,test,en,ravdess_statement_02,studio,controlled,Dogs are sitting by the door.,ravdess_emotion=sad; intensity=normal; repetition=02
03-01-04-02-01-01-24,C:/Project/AI-STRESS-DETECTOR/data/public/ravdess_16k/Audio_Speech_Actors_01-24_16k/Actor_24/03-01-04-02-01-01-24.wav,high,2,actor_24,test,en,ravdess_statement_01,studio,controlled,Kids are talking by the door.,ravdess_emotion=sad; intensity=strong; repetition=01
03-01-04-02-01-02-24,C:/Project/AI-STRESS-DETECTOR/data/public/ravdess_16k/Audio_Speech_Actors_01-24_16k/Actor_24/03-01-04-02-01-02-24.wav,high,2,actor_24,test,en,ravdess_statement_01,studio,controlled,Kids are talking by the door.,ravdess_emotion=sad; intensity=strong; repetition=02
03-01-04-02-02-01-24,C:/Project/AI-STRESS-DETECTOR/data/public/ravdess_16k/Audio_Speech_Actors_01-24_16k/Actor_24/03-01-04-02-02-01-24.wav,high,2,actor_24,test,en,ravdess_statement_02,studio,controlled,Dogs are sitting by the door.,ravdess_emotion=sad; intensity=strong; repetition=01
03-01-04-02-02-02-24,C:/Project/AI-STRESS-DETECTOR/data/public/ravdess_16k/Audio_Speech_Actors_01-24_16k/Actor_24/03-01-04-02-02-02-24.wav,high,2,actor_24,test,en,ravdess_statement_02,studio,controlled,Dogs are sitting by the door.,ravdess_emotion=sad; intensity=strong; repetition=02
03-01-05-01-01-01-24,C:/Project/AI-STRESS-DETECTOR/data/public/ravdess_16k/Audio_Speech_Actors_01-24_16k/Actor_24/03-01-05-01-01-01-24.wav,high,2,actor_24,test,en,ravdess_statement_01,studio,controlled,Kids are talking by the door.,ravdess_emotion=angry; intensity=normal; repetition=01
03-01-05-01-01-02-24,C:/Project/AI-STRESS-DETECTOR/data/public/ravdess_16k/Audio_Speech_Actors_01-24_16k/Actor_24/03-01-05-01-01-02-24.wav,high,2,actor_24,test,en,ravdess_statement_01,studio,controlled,Kids are talking by the door.,ravdess_emotion=angry; intensity=normal; repetition=02
03-01-05-01-02-01-24,C:/Project/AI-STRESS-DETECTOR/data/public/ravdess_16k/Audio_Speech_Actors_01-24_16k/Actor_24/03-01-05-01-02-01-24.wav,high,2,actor_24,test,en,ravdess_statement_02,studio,controlled,Dogs are sitting by the door.,ravdess_emotion=angry; intensity=normal; repetition=01
03-01-05-01-02-02-24,C:/Project/AI-STRESS-DETECTOR/data/public/ravdess_16k/Audio_Speech_Actors_01-24_16k/Actor_24/03-01-05-01-02-02-24.wav,high,2,actor_24,test,en,ravdess_statement_02,studio,controlled,Dogs are sitting by the door.,ravdess_emotion=angry; intensity=normal; repetition=02
03-01-05-02-01-01-24,C:/Project/AI-STRESS-DETECTOR/data/public/ravdess_16k/Audio_Speech_Actors_01-24_16k/Actor_24/03-01-05-02-01-01-24.wav,severe,3,actor_24,test,en,ravdess_statement_01,studio,controlled,Kids are talking by the door.,ravdess_emotion=angry; intensity=strong; repetition=01
03-01-05-02-01-02-24,C:/Project/AI-STRESS-DETECTOR/data/public/ravdess_16k/Audio_Speech_Actors_01-24_16k/Actor_24/03-01-05-02-01-02-24.wav,severe,3,actor_24,test,en,ravdess_statement_01,studio,controlled,Kids are talking by the door.,ravdess_emotion=angry; intensity=strong; repetition=02
03-01-05-02-02-01-24,C:/Project/AI-STRESS-DETECTOR/data/public/ravdess_16k/Audio_Speech_Actors_01-24_16k/Actor_24/03-01-05-02-02-01-24.wav,severe,3,actor_24,test,en,ravdess_statement_02,studio,controlled,Dogs are sitting by the door.,ravdess_emotion=angry; intensity=strong; repetition=01
03-01-05-02-02-02-24,C:/Project/AI-STRESS-DETECTOR/data/public/ravdess_16k/Audio_Speech_Actors_01-24_16k/Actor_24/03-01-05-02-02-02-24.wav,severe,3,actor_24,test,en,ravdess_statement_02,studio,controlled,Dogs are sitting by the door.,ravdess_emotion=angry; intensity=strong; repetition=02
03-01-06-01-01-01-24,C:/Project/AI-STRESS-DETECTOR/data/public/ravdess_16k/Audio_Speech_Actors_01-24_16k/Actor_24/03-01-06-01-01-01-24.wav,high,2,actor_24,test,en,ravdess_statement_01,studio,controlled,Kids are talking by the door.,ravdess_emotion=fearful; intensity=normal; repetition=01
03-01-06-01-01-02-24,C:/Project/AI-STRESS-DETECTOR/data/public/ravdess_16k/Audio_Speech_Actors_01-24_16k/Actor_24/03-01-06-01-01-02-24.wav,high,2,actor_24,test,en,ravdess_statement_01,studio,controlled,Kids are talking by the door.,ravdess_emotion=fearful; intensity=normal; repetition=02
03-01-06-01-02-01-24,C:/Project/AI-STRESS-DETECTOR/data/public/ravdess_16k/Audio_Speech_Actors_01-24_16k/Actor_24/03-01-06-01-02-01-24.wav,high,2,actor_24,test,en,ravdess_statement_02,studio,controlled,Dogs are sitting by the door.,ravdess_emotion=fearful; intensity=normal; repetition=01
03-01-06-01-02-02-24,C:/Project/AI-STRESS-DETECTOR/data/public/ravdess_16k/Audio_Speech_Actors_01-24_16k/Actor_24/03-01-06-01-02-02-24.wav,high,2,actor_24,test,en,ravdess_statement_02,studio,controlled,Dogs are sitting by the door.,ravdess_emotion=fearful; intensity=normal; repetition=02
03-01-06-02-01-01-24,C:/Project/AI-STRESS-DETECTOR/data/public/ravdess_16k/Audio_Speech_Actors_01-24_16k/Actor_24/03-01-06-02-01-01-24.wav,severe,3,actor_24,test,en,ravdess_statement_01,studio,controlled,Kids are talking by the door.,ravdess_emotion=fearful; intensity=strong; repetition=01
03-01-06-02-01-02-24,C:/Project/AI-STRESS-DETECTOR/data/public/ravdess_16k/Audio_Speech_Actors_01-24_16k/Actor_24/03-01-06-02-01-02-24.wav,severe,3,actor_24,test,en,ravdess_statement_01,studio,controlled,Kids are talking by the door.,ravdess_emotion=fearful; intensity=strong; repetition=02
03-01-06-02-02-01-24,C:/Project/AI-STRESS-DETECTOR/data/public/ravdess_16k/Audio_Speech_Actors_01-24_16k/Actor_24/03-01-06-02-02-01-24.wav,severe,3,actor_24,test,en,ravdess_statement_02,studio,controlled,Dogs are sitting by the door.,ravdess_emotion=fearful; intensity=strong; repetition=01
03-01-06-02-02-02-24,C:/Project/AI-STRESS-DETECTOR/data/public/ravdess_16k/Audio_Speech_Actors_01-24_16k/Actor_24/03-01-06-02-02-02-24.wav,severe,3,actor_24,test,en,ravdess_statement_02,studio,controlled,Dogs are sitting by the door.,ravdess_emotion=fearful; intensity=strong; repetition=02
03-01-07-01-01-01-24,C:/Project/AI-STRESS-DETECTOR/data/public/ravdess_16k/Audio_Speech_Actors_01-24_16k/Actor_24/03-01-07-01-01-01-24.wav,high,2,actor_24,test,en,ravdess_statement_01,studio,controlled,Kids are talking by the door.,ravdess_emotion=disgust; intensity=normal; repetition=01
03-01-07-01-01-02-24,C:/Project/AI-STRESS-DETECTOR/data/public/ravdess_16k/Audio_Speech_Actors_01-24_16k/Actor_24/03-01-07-01-01-02-24.wav,high,2,actor_24,test,en,ravdess_statement_01,studio,controlled,Kids are talking by the door.,ravdess_emotion=disgust; intensity=normal; repetition=02
03-01-07-01-02-01-24,C:/Project/AI-STRESS-DETECTOR/data/public/ravdess_16k/Audio_Speech_Actors_01-24_16k/Actor_24/03-01-07-01-02-01-24.wav,high,2,actor_24,test,en,ravdess_statement_02,studio,controlled,Dogs are sitting by the door.,ravdess_emotion=disgust; intensity=normal; repetition=01
03-01-07-01-02-02-24,C:/Project/AI-STRESS-DETECTOR/data/public/ravdess_16k/Audio_Speech_Actors_01-24_16k/Actor_24/03-01-07-01-02-02-24.wav,high,2,actor_24,test,en,ravdess_statement_02,studio,controlled,Dogs are sitting by the door.,ravdess_emotion=disgust; intensity=normal; repetition=02
03-01-07-02-01-01-24,C:/Project/AI-STRESS-DETECTOR/data/public/ravdess_16k/Audio_Speech_Actors_01-24_16k/Actor_24/03-01-07-02-01-01-24.wav,severe,3,actor_24,test,en,ravdess_statement_01,studio,controlled,Kids are talking by the door.,ravdess_emotion=disgust; intensity=strong; repetition=01
03-01-07-02-01-02-24,C:/Project/AI-STRESS-DETECTOR/data/public/ravdess_16k/Audio_Speech_Actors_01-24_16k/Actor_24/03-01-07-02-01-02-24.wav,severe,3,actor_24,test,en,ravdess_statement_01,studio,controlled,Kids are talking by the door.,ravdess_emotion=disgust; intensity=strong; repetition=02
03-01-07-02-02-01-24,C:/Project/AI-STRESS-DETECTOR/data/public/ravdess_16k/Audio_Speech_Actors_01-24_16k/Actor_24/03-01-07-02-02-01-24.wav,severe,3,actor_24,test,en,ravdess_statement_02,studio,controlled,Dogs are sitting by the door.,ravdess_emotion=disgust; intensity=strong; repetition=01
03-01-07-02-02-02-24,C:/Project/AI-STRESS-DETECTOR/data/public/ravdess_16k/Audio_Speech_Actors_01-24_16k/Actor_24/03-01-07-02-02-02-24.wav,severe,3,actor_24,test,en,ravdess_statement_02,studio,controlled,Dogs are sitting by the door.,ravdess_emotion=disgust; intensity=strong; repetition=02
03-01-08-01-01-01-24,C:/Project/AI-STRESS-DETECTOR/data/public/ravdess_16k/Audio_Speech_Actors_01-24_16k/Actor_24/03-01-08-01-01-01-24.wav,moderate,1,actor_24,test,en,ravdess_statement_01,studio,controlled,Kids are talking by the door.,ravdess_emotion=surprised; intensity=normal; repetition=01
03-01-08-01-01-02-24,C:/Project/AI-STRESS-DETECTOR/data/public/ravdess_16k/Audio_Speech_Actors_01-24_16k/Actor_24/03-01-08-01-01-02-24.wav,moderate,1,actor_24,test,en,ravdess_statement_01,studio,controlled,Kids are talking by the door.,ravdess_emotion=surprised; intensity=normal; repetition=02
03-01-08-01-02-01-24,C:/Project/AI-STRESS-DETECTOR/data/public/ravdess_16k/Audio_Speech_Actors_01-24_16k/Actor_24/03-01-08-01-02-01-24.wav,moderate,1,actor_24,test,en,ravdess_statement_02,studio,controlled,Dogs are sitting by the door.,ravdess_emotion=surprised; intensity=normal; repetition=01
03-01-08-01-02-02-24,C:/Project/AI-STRESS-DETECTOR/data/public/ravdess_16k/Audio_Speech_Actors_01-24_16k/Actor_24/03-01-08-01-02-02-24.wav,moderate,1,actor_24,test,en,ravdess_statement_02,studio,controlled,Dogs are sitting by the door.,ravdess_emotion=surprised; intensity=normal; repetition=02
03-01-08-02-01-01-24,C:/Project/AI-STRESS-DETECTOR/data/public/ravdess_16k/Audio_Speech_Actors_01-24_16k/Actor_24/03-01-08-02-01-01-24.wav,high,2,actor_24,test,en,ravdess_statement_01,studio,controlled,Kids are talking by the door.,ravdess_emotion=surprised; intensity=strong; repetition=01
03-01-08-02-01-02-24,C:/Project/AI-STRESS-DETECTOR/data/public/ravdess_16k/Audio_Speech_Actors_01-24_16k/Actor_24/03-01-08-02-01-02-24.wav,high,2,actor_24,test,en,ravdess_statement_01,studio,controlled,Kids are talking by the door.,ravdess_emotion=surprised; intensity=strong; repetition=02
03-01-08-02-02-01-24,C:/Project/AI-STRESS-DETECTOR/data/public/ravdess_16k/Audio_Speech_Actors_01-24_16k/Actor_24/03-01-08-02-02-01-24.wav,high,2,actor_24,test,en,ravdess_statement_02,studio,controlled,Dogs are sitting by the door.,ravdess_emotion=surprised; intensity=strong; repetition=01
03-01-08-02-02-02-24,C:/Project/AI-STRESS-DETECTOR/data/public/ravdess_16k/Audio_Speech_Actors_01-24_16k/Actor_24/03-01-08-02-02-02-24.wav,high,2,actor_24,test,en,ravdess_statement_02,studio,controlled,Dogs are sitting by the door.,ravdess_emotion=surprised; intensity=strong; repetition=02
